{
    "confidence_score": 0.5099946856498718,
    "ptm": 0.3289477229118347,
    "iptm": 0.0,
    "ligand_iptm": 0.0,
    "protein_iptm": 0.0,
    "complex_plddt": 0.5552563667297363,
    "complex_iplddt": 0.5552563667297363,
    "complex_pde": 3.064957618713379,
    "complex_ipde": 0.0,
    "chains_ptm": {
        "0": 0.3289477229118347
    },
    "pair_chains_iptm": {
        "0": {
            "0": 0.3289477229118347
        }
    }
}