{
    "confidence_score": 0.5179519057273865,
    "ptm": 0.3442258834838867,
    "iptm": 0.0,
    "ligand_iptm": 0.0,
    "protein_iptm": 0.0,
    "complex_plddt": 0.5613833665847778,
    "complex_iplddt": 0.5613833665847778,
    "complex_pde": 2.970263719558716,
    "complex_ipde": 0.0,
    "chains_ptm": {
        "0": 0.3442258834838867
    },
    "pair_chains_iptm": {
        "0": {
            "0": 0.3442258834838867
        }
    }
}