{
    "confidence_score": 0.49410301446914673,
    "ptm": 0.3336586654186249,
    "iptm": 0.0,
    "ligand_iptm": 0.0,
    "protein_iptm": 0.0,
    "complex_plddt": 0.5342140793800354,
    "complex_iplddt": 0.5342140793800354,
    "complex_pde": 3.0611507892608643,
    "complex_ipde": 0.0,
    "chains_ptm": {
        "0": 0.3336586654186249
    },
    "pair_chains_iptm": {
        "0": {
            "0": 0.3336586654186249
        }
    }
}