{
    "confidence_score": 0.4979535639286041,
    "ptm": 0.3501695692539215,
    "iptm": 0.0,
    "ligand_iptm": 0.0,
    "protein_iptm": 0.0,
    "complex_plddt": 0.5348995327949524,
    "complex_iplddt": 0.5348995327949524,
    "complex_pde": 3.1416730880737305,
    "complex_ipde": 0.0,
    "chains_ptm": {
        "0": 0.3501695692539215
    },
    "pair_chains_iptm": {
        "0": {
            "0": 0.3501695692539215
        }
    }
}