{
    "confidence_score": 0.5051624178886414,
    "ptm": 0.3553481996059418,
    "iptm": 0.0,
    "ligand_iptm": 0.0,
    "protein_iptm": 0.0,
    "complex_plddt": 0.5426160097122192,
    "complex_iplddt": 0.5426160097122192,
    "complex_pde": 2.75105619430542,
    "complex_ipde": 0.0,
    "chains_ptm": {
        "0": 0.3553481996059418
    },
    "pair_chains_iptm": {
        "0": {
            "0": 0.3553481996059418
        }
    }
}