{
    "confidence_score": 0.5268787741661072,
    "ptm": 0.3102250397205353,
    "iptm": 0.0,
    "ligand_iptm": 0.0,
    "protein_iptm": 0.0,
    "complex_plddt": 0.5810422301292419,
    "complex_iplddt": 0.5810422301292419,
    "complex_pde": 3.01452898979187,
    "complex_ipde": 0.0,
    "chains_ptm": {
        "0": 0.3102250397205353
    },
    "pair_chains_iptm": {
        "0": {
            "0": 0.3102250397205353
        }
    }
}