{
    "confidence_score": 0.6876260638237,
    "ptm": 0.6071739792823792,
    "iptm": 0.0,
    "ligand_iptm": 0.0,
    "protein_iptm": 0.0,
    "complex_plddt": 0.7077390551567078,
    "complex_iplddt": 0.7077390551567078,
    "complex_pde": 1.8939682245254517,
    "complex_ipde": 0.0,
    "chains_ptm": {
        "0": 0.6071739792823792
    },
    "pair_chains_iptm": {
        "0": {
            "0": 0.6071739792823792
        }
    }
}