{
    "confidence_score": 0.5826594233512878,
    "ptm": 0.5294085741043091,
    "iptm": 0.0,
    "ligand_iptm": 0.0,
    "protein_iptm": 0.0,
    "complex_plddt": 0.5959721803665161,
    "complex_iplddt": 0.5959721803665161,
    "complex_pde": 2.5578055381774902,
    "complex_ipde": 0.0,
    "chains_ptm": {
        "0": 0.5294085741043091
    },
    "pair_chains_iptm": {
        "0": {
            "0": 0.5294085741043091
        }
    }
}