{
    "confidence_score": 0.7041198015213013,
    "ptm": 0.6707333922386169,
    "iptm": 0.0,
    "ligand_iptm": 0.0,
    "protein_iptm": 0.0,
    "complex_plddt": 0.7124663591384888,
    "complex_iplddt": 0.7124663591384888,
    "complex_pde": 1.5305027961730957,
    "complex_ipde": 0.0,
    "chains_ptm": {
        "0": 0.6707333922386169
    },
    "pair_chains_iptm": {
        "0": {
            "0": 0.6707333922386169
        }
    }
}