{
    "confidence_score": 0.6480092406272888,
    "ptm": 0.5538405179977417,
    "iptm": 0.0,
    "ligand_iptm": 0.0,
    "protein_iptm": 0.0,
    "complex_plddt": 0.6715514063835144,
    "complex_iplddt": 0.6715514063835144,
    "complex_pde": 2.2292428016662598,
    "complex_ipde": 0.0,
    "chains_ptm": {
        "0": 0.5538405179977417
    },
    "pair_chains_iptm": {
        "0": {
            "0": 0.5538405179977417
        }
    }
}