{
    "confidence_score": 0.6564616560935974,
    "ptm": 0.5856748223304749,
    "iptm": 0.0,
    "ligand_iptm": 0.0,
    "protein_iptm": 0.0,
    "complex_plddt": 0.6741583347320557,
    "complex_iplddt": 0.6741583347320557,
    "complex_pde": 2.0989162921905518,
    "complex_ipde": 0.0,
    "chains_ptm": {
        "0": 0.5856748223304749
    },
    "pair_chains_iptm": {
        "0": {
            "0": 0.5856748223304749
        }
    }
}