{
    "confidence_score": 0.5230526328086853,
    "ptm": 0.3252892792224884,
    "iptm": 0.0,
    "ligand_iptm": 0.0,
    "protein_iptm": 0.0,
    "complex_plddt": 0.5724934339523315,
    "complex_iplddt": 0.5724934339523315,
    "complex_pde": 3.1655678749084473,
    "complex_ipde": 0.0,
    "chains_ptm": {
        "0": 0.3252892792224884
    },
    "pair_chains_iptm": {
        "0": {
            "0": 0.3252892792224884
        }
    }
}