{
    "confidence_score": 0.5242859721183777,
    "ptm": 0.32622861862182617,
    "iptm": 0.0,
    "ligand_iptm": 0.0,
    "protein_iptm": 0.0,
    "complex_plddt": 0.5738003253936768,
    "complex_iplddt": 0.5738003253936768,
    "complex_pde": 2.965219020843506,
    "complex_ipde": 0.0,
    "chains_ptm": {
        "0": 0.32622861862182617
    },
    "pair_chains_iptm": {
        "0": {
            "0": 0.32622861862182617
        }
    }
}