{
    "confidence_score": 0.5026119351387024,
    "ptm": 0.32618415355682373,
    "iptm": 0.0,
    "ligand_iptm": 0.0,
    "protein_iptm": 0.0,
    "complex_plddt": 0.5467188954353333,
    "complex_iplddt": 0.5467188954353333,
    "complex_pde": 3.150810956954956,
    "complex_ipde": 0.0,
    "chains_ptm": {
        "0": 0.32618415355682373
    },
    "pair_chains_iptm": {
        "0": {
            "0": 0.32618415355682373
        }
    }
}