{
    "confidence_score": 0.7175748944282532,
    "ptm": 0.605059802532196,
    "iptm": 0.17545242607593536,
    "ligand_iptm": 0.0,
    "protein_iptm": 0.17545242607593536,
    "complex_plddt": 0.8531054854393005,
    "complex_iplddt": 0.8222672939300537,
    "complex_pde": 0.8553081154823303,
    "complex_ipde": 12.289141654968262,
    "chains_ptm": {
        "0": 0.9118418097496033,
        "1": 0.930722713470459
    },
    "pair_chains_iptm": {
        "0": {
            "0": 0.9118418097496033,
            "1": 0.17545242607593536
        },
        "1": {
            "0": 0.1643313318490982,
            "1": 0.930722713470459
        }
    }
}