{
    "confidence_score": 0.7261031866073608,
    "ptm": 0.627506673336029,
    "iptm": 0.23432861268520355,
    "ligand_iptm": 0.0,
    "protein_iptm": 0.23432861268520355,
    "complex_plddt": 0.8490468263626099,
    "complex_iplddt": 0.831704318523407,
    "complex_pde": 0.8271198868751526,
    "complex_ipde": 11.045177459716797,
    "chains_ptm": {
        "0": 0.9077710509300232,
        "1": 0.9255329370498657
    },
    "pair_chains_iptm": {
        "0": {
            "0": 0.9077710509300232,
            "1": 0.23432861268520355
        },
        "1": {
            "0": 0.20379653573036194,
            "1": 0.9255329370498657
        }
    }
}