{
    "confidence_score": 0.7354729771614075,
    "ptm": 0.6550503969192505,
    "iptm": 0.2982034683227539,
    "ligand_iptm": 0.0,
    "protein_iptm": 0.2982034683227539,
    "complex_plddt": 0.8447903394699097,
    "complex_iplddt": 0.8143508434295654,
    "complex_pde": 0.8040626645088196,
    "complex_ipde": 9.963542938232422,
    "chains_ptm": {
        "0": 0.9030551910400391,
        "1": 0.9250723719596863
    },
    "pair_chains_iptm": {
        "0": {
            "0": 0.9030551910400391,
            "1": 0.2982034683227539
        },
        "1": {
            "0": 0.2862113416194916,
            "1": 0.9250723719596863
        }
    }
}