{
    "confidence_score": 0.7384547591209412,
    "ptm": 0.6221523880958557,
    "iptm": 0.26458632946014404,
    "ligand_iptm": 0.0,
    "protein_iptm": 0.26458632946014404,
    "complex_plddt": 0.8569217920303345,
    "complex_iplddt": 0.7939830422401428,
    "complex_pde": 0.8462074398994446,
    "complex_ipde": 10.801386833190918,
    "chains_ptm": {
        "0": 0.9168242812156677,
        "1": 0.9113467335700989
    },
    "pair_chains_iptm": {
        "0": {
            "0": 0.9168242812156677,
            "1": 0.26458632946014404
        },
        "1": {
            "0": 0.2342890202999115,
            "1": 0.9113467335700989
        }
    }
}