{
    "confidence_score": 0.7662835121154785,
    "ptm": 0.699743926525116,
    "iptm": 0.44553226232528687,
    "ligand_iptm": 0.0,
    "protein_iptm": 0.44553226232528687,
    "complex_plddt": 0.8464713096618652,
    "complex_iplddt": 0.8181912899017334,
    "complex_pde": 0.7738110423088074,
    "complex_ipde": 8.945679664611816,
    "chains_ptm": {
        "0": 0.9166944622993469,
        "1": 0.9177396893501282
    },
    "pair_chains_iptm": {
        "0": {
            "0": 0.9166944622993469,
            "1": 0.4105982482433319
        },
        "1": {
            "0": 0.44553226232528687,
            "1": 0.9177396893501282
        }
    }
}