{
    "confidence_score": 0.4846028983592987,
    "ptm": 0.33559438586235046,
    "iptm": 0.0,
    "ligand_iptm": 0.0,
    "protein_iptm": 0.0,
    "complex_plddt": 0.5218549966812134,
    "complex_iplddt": 0.5218549966812134,
    "complex_pde": 3.127321720123291,
    "complex_ipde": 0.0,
    "chains_ptm": {
        "0": 0.33559438586235046
    },
    "pair_chains_iptm": {
        "0": {
            "0": 0.33559438586235046
        }
    }
}