{
    "confidence_score": 0.5125505328178406,
    "ptm": 0.39850014448165894,
    "iptm": 0.0,
    "ligand_iptm": 0.0,
    "protein_iptm": 0.0,
    "complex_plddt": 0.541063129901886,
    "complex_iplddt": 0.541063129901886,
    "complex_pde": 2.817873001098633,
    "complex_ipde": 0.0,
    "chains_ptm": {
        "0": 0.39850014448165894
    },
    "pair_chains_iptm": {
        "0": {
            "0": 0.39850014448165894
        }
    }
}