{
    "confidence_score": 0.47792378067970276,
    "ptm": 0.3400357961654663,
    "iptm": 0.0,
    "ligand_iptm": 0.0,
    "protein_iptm": 0.0,
    "complex_plddt": 0.5123957395553589,
    "complex_iplddt": 0.5123957395553589,
    "complex_pde": 3.0977487564086914,
    "complex_ipde": 0.0,
    "chains_ptm": {
        "0": 0.3400357961654663
    },
    "pair_chains_iptm": {
        "0": {
            "0": 0.3400357961654663
        }
    }
}