{
    "confidence_score": 0.4823169708251953,
    "ptm": 0.32568034529685974,
    "iptm": 0.0,
    "ligand_iptm": 0.0,
    "protein_iptm": 0.0,
    "complex_plddt": 0.521476149559021,
    "complex_iplddt": 0.521476149559021,
    "complex_pde": 3.1294379234313965,
    "complex_ipde": 0.0,
    "chains_ptm": {
        "0": 0.32568034529685974
    },
    "pair_chains_iptm": {
        "0": {
            "0": 0.32568034529685974
        }
    }
}