variant,label,selection,time_ns,contacts
PANEL_WT_MATCHED,?,AIM_all,0.0,171.0
PANEL_WT_MATCHED,?,AIM_all,0.1,181.0
PANEL_WT_MATCHED,?,AIM_all,0.2,161.0
PANEL_WT_MATCHED,?,AIM_all,0.3,145.0
PANEL_WT_MATCHED,?,AIM_all,0.4,143.0
PANEL_WT_MATCHED,?,AIM_all,0.5,150.0
PANEL_WT_MATCHED,?,AIM_all,0.6,157.0
PANEL_WT_MATCHED,?,AIM_all,0.7,144.0
PANEL_WT_MATCHED,?,AIM_all,0.8,139.0
PANEL_WT_MATCHED,?,AIM_all,0.9,146.0
PANEL_WT_MATCHED,?,AIM_all,1.0,154.0
PANEL_WT_MATCHED,?,AIM_all,1.1,161.0
PANEL_WT_MATCHED,?,AIM_all,1.2,151.0
PANEL_WT_MATCHED,?,AIM_all,1.3,161.0
PANEL_WT_MATCHED,?,AIM_all,1.4,159.0
PANEL_WT_MATCHED,?,AIM_all,1.5,161.0
PANEL_WT_MATCHED,?,AIM_all,1.6,160.0
PANEL_WT_MATCHED,?,AIM_all,1.7,163.0
PANEL_WT_MATCHED,?,AIM_all,1.8,147.0
PANEL_WT_MATCHED,?,AIM_all,1.9,168.0
PANEL_WT_MATCHED,?,AIM_all,2.0,201.0
PANEL_WT_MATCHED,?,AIM_all,2.1,196.0
PANEL_WT_MATCHED,?,AIM_all,2.2,188.0
PANEL_WT_MATCHED,?,AIM_all,2.3,177.0
PANEL_WT_MATCHED,?,AIM_all,2.4,163.0
PANEL_WT_MATCHED,?,AIM_all,2.5,165.0
PANEL_WT_MATCHED,?,AIM_all,2.6,173.0
PANEL_WT_MATCHED,?,AIM_all,2.7,176.0
PANEL_WT_MATCHED,?,AIM_all,2.8,177.0
PANEL_WT_MATCHED,?,AIM_all,2.9,179.0
PANEL_WT_MATCHED,?,AIM_all,3.0,173.0
PANEL_WT_MATCHED,?,AIM_all,3.1,176.0
PANEL_WT_MATCHED,?,AIM_all,3.2,163.0
PANEL_WT_MATCHED,?,AIM_all,3.3,170.0
PANEL_WT_MATCHED,?,AIM_all,3.4,161.0
PANEL_WT_MATCHED,?,AIM_all,3.5,176.0
PANEL_WT_MATCHED,?,AIM_all,3.6,196.0
PANEL_WT_MATCHED,?,AIM_all,3.7,190.0
PANEL_WT_MATCHED,?,AIM_all,3.8,189.0
PANEL_WT_MATCHED,?,AIM_all,3.9,195.0
PANEL_WT_MATCHED,?,AIM_all,4.0,189.0
PANEL_WT_MATCHED,?,AIM_all,4.1,171.0
PANEL_WT_MATCHED,?,AIM_all,4.2,173.0
PANEL_WT_MATCHED,?,AIM_all,4.3,196.0
PANEL_WT_MATCHED,?,AIM_all,4.4,190.0
PANEL_WT_MATCHED,?,AIM_all,4.5,172.0
PANEL_WT_MATCHED,?,AIM_all,4.6,184.0
PANEL_WT_MATCHED,?,AIM_all,4.7,181.0
PANEL_WT_MATCHED,?,AIM_all,4.8,185.0
PANEL_WT_MATCHED,?,AIM_all,4.9,178.0
PANEL_WT_MATCHED,?,AIM_all,5.0,195.0
PANEL_WT_MATCHED,?,AIM_all,5.1,191.0
PANEL_WT_MATCHED,?,AIM_all,5.2,189.0
PANEL_WT_MATCHED,?,AIM_all,5.3,172.0
PANEL_WT_MATCHED,?,AIM_all,5.4,160.0
PANEL_WT_MATCHED,?,AIM_all,5.5,168.0
PANEL_WT_MATCHED,?,AIM_all,5.6,179.0
PANEL_WT_MATCHED,?,AIM_all,5.7,182.0
PANEL_WT_MATCHED,?,AIM_all,5.8,172.0
PANEL_WT_MATCHED,?,AIM_all,5.9,165.0
PANEL_WT_MATCHED,?,AIM_all,6.0,183.0
PANEL_WT_MATCHED,?,AIM_all,6.1,169.0
PANEL_WT_MATCHED,?,AIM_all,6.2,171.0
PANEL_WT_MATCHED,?,AIM_all,6.3,167.0
PANEL_WT_MATCHED,?,AIM_all,6.4,165.0
PANEL_WT_MATCHED,?,AIM_all,6.5,173.0
PANEL_WT_MATCHED,?,AIM_all,6.6,175.0
PANEL_WT_MATCHED,?,AIM_all,6.7,177.0
PANEL_WT_MATCHED,?,AIM_all,6.8,176.0
PANEL_WT_MATCHED,?,AIM_all,6.9,178.0
PANEL_WT_MATCHED,?,AIM_all,7.0,177.0
PANEL_WT_MATCHED,?,AIM_all,7.1,159.0
PANEL_WT_MATCHED,?,AIM_all,7.2,174.0
PANEL_WT_MATCHED,?,AIM_all,7.3,159.0
PANEL_WT_MATCHED,?,AIM_all,7.400001,175.0
PANEL_WT_MATCHED,?,AIM_all,7.5,155.0
PANEL_WT_MATCHED,?,AIM_all,7.6,163.0
PANEL_WT_MATCHED,?,AIM_all,7.7,162.0
PANEL_WT_MATCHED,?,AIM_all,7.8,166.0
PANEL_WT_MATCHED,?,AIM_all,7.900001,159.0
PANEL_WT_MATCHED,?,AIM_all,8.0,147.0
PANEL_WT_MATCHED,?,AIM_all,8.1,168.0
PANEL_WT_MATCHED,?,AIM_all,8.200001,157.0
PANEL_WT_MATCHED,?,AIM_all,8.3,135.0
PANEL_WT_MATCHED,?,AIM_all,8.400001,124.0
PANEL_WT_MATCHED,?,AIM_all,8.5,122.0
PANEL_WT_MATCHED,?,AIM_all,8.6,151.0
PANEL_WT_MATCHED,?,AIM_all,8.700001,134.0
PANEL_WT_MATCHED,?,AIM_all,8.8,145.0
PANEL_WT_MATCHED,?,AIM_all,8.900001,161.0
PANEL_WT_MATCHED,?,AIM_all,9.0,163.0
PANEL_WT_MATCHED,?,AIM_all,9.1,153.0
PANEL_WT_MATCHED,?,AIM_all,9.200001,150.0
PANEL_WT_MATCHED,?,AIM_all,9.3,141.0
PANEL_WT_MATCHED,?,AIM_all,9.400001,158.0
PANEL_WT_MATCHED,?,AIM_all,9.5,153.0
PANEL_WT_MATCHED,?,AIM_all,9.6,144.0
PANEL_WT_MATCHED,?,AIM_all,9.700001,150.0
PANEL_WT_MATCHED,?,AIM_all,9.8,131.0
PANEL_WT_MATCHED,?,AIM_all,9.900001,132.0
PANEL_WT_MATCHED,?,AIM_all,10.0,126.0
PANEL_WT_MATCHED,?,AIM_all,10.1,116.0
PANEL_WT_MATCHED,?,AIM_all,10.2,128.0
PANEL_WT_MATCHED,?,AIM_all,10.3,127.0
PANEL_WT_MATCHED,?,AIM_all,10.4,104.0
PANEL_WT_MATCHED,?,AIM_all,10.5,128.0
PANEL_WT_MATCHED,?,AIM_all,10.6,130.0
PANEL_WT_MATCHED,?,AIM_all,10.7,116.0
PANEL_WT_MATCHED,?,AIM_all,10.8,123.0
PANEL_WT_MATCHED,?,AIM_all,10.9,130.0
PANEL_WT_MATCHED,?,AIM_all,11.0,117.0
PANEL_WT_MATCHED,?,AIM_all,11.1,151.0
PANEL_WT_MATCHED,?,AIM_all,11.2,139.0
PANEL_WT_MATCHED,?,AIM_all,11.3,120.0
PANEL_WT_MATCHED,?,AIM_all,11.4,127.0
PANEL_WT_MATCHED,?,AIM_all,11.5,122.0
PANEL_WT_MATCHED,?,AIM_all,11.6,121.0
PANEL_WT_MATCHED,?,AIM_all,11.7,134.0
PANEL_WT_MATCHED,?,AIM_all,11.8,129.0
PANEL_WT_MATCHED,?,AIM_all,11.9,122.0
PANEL_WT_MATCHED,?,AIM_all,12.0,113.0
PANEL_WT_MATCHED,?,AIM_all,12.1,145.0
PANEL_WT_MATCHED,?,AIM_all,12.2,123.0
PANEL_WT_MATCHED,?,AIM_all,12.3,121.0
PANEL_WT_MATCHED,?,AIM_all,12.4,133.0
PANEL_WT_MATCHED,?,AIM_all,12.5,138.0
PANEL_WT_MATCHED,?,AIM_all,12.6,114.0
PANEL_WT_MATCHED,?,AIM_all,12.7,133.0
PANEL_WT_MATCHED,?,AIM_all,12.8,120.0
PANEL_WT_MATCHED,?,AIM_all,12.9,128.0
PANEL_WT_MATCHED,?,AIM_all,13.0,126.0
PANEL_WT_MATCHED,?,AIM_all,13.1,123.0
PANEL_WT_MATCHED,?,AIM_all,13.2,136.0
PANEL_WT_MATCHED,?,AIM_all,13.3,122.0
PANEL_WT_MATCHED,?,AIM_all,13.4,143.0
PANEL_WT_MATCHED,?,AIM_all,13.5,132.0
PANEL_WT_MATCHED,?,AIM_all,13.6,106.0
PANEL_WT_MATCHED,?,AIM_all,13.7,120.0
PANEL_WT_MATCHED,?,AIM_all,13.8,123.0
PANEL_WT_MATCHED,?,AIM_all,13.9,123.0
PANEL_WT_MATCHED,?,AIM_all,14.0,134.0
PANEL_WT_MATCHED,?,AIM_all,14.1,134.0
PANEL_WT_MATCHED,?,AIM_all,14.2,144.0
PANEL_WT_MATCHED,?,AIM_all,14.3,109.0
PANEL_WT_MATCHED,?,AIM_all,14.4,138.0
PANEL_WT_MATCHED,?,AIM_all,14.5,120.0
PANEL_WT_MATCHED,?,AIM_all,14.6,112.0
PANEL_WT_MATCHED,?,AIM_all,14.7,110.0
PANEL_WT_MATCHED,?,AIM_all,14.8,109.0
PANEL_WT_MATCHED,?,AIM_all,14.9,115.0
PANEL_WT_MATCHED,?,AIM_all,15.0,129.0
PANEL_WT_MATCHED,?,AIM_all,15.1,118.0
PANEL_WT_MATCHED,?,AIM_all,15.2,157.0
PANEL_WT_MATCHED,?,AIM_all,15.3,128.0
PANEL_WT_MATCHED,?,AIM_all,15.4,115.0
PANEL_WT_MATCHED,?,AIM_all,15.5,123.0
PANEL_WT_MATCHED,?,AIM_all,15.6,119.0
PANEL_WT_MATCHED,?,AIM_all,15.7,124.0
PANEL_WT_MATCHED,?,AIM_all,15.8,125.0
PANEL_WT_MATCHED,?,AIM_all,15.9,118.0
PANEL_WT_MATCHED,?,AIM_all,16.0,130.0
PANEL_WT_MATCHED,?,AIM_all,16.1,139.0
PANEL_WT_MATCHED,?,AIM_all,16.2,115.0
PANEL_WT_MATCHED,?,AIM_all,16.3,106.0
PANEL_WT_MATCHED,?,AIM_all,16.4,138.0
PANEL_WT_MATCHED,?,AIM_all,16.5,123.0
PANEL_WT_MATCHED,?,AIM_all,16.6,124.0
PANEL_WT_MATCHED,?,AIM_all,16.7,109.0
PANEL_WT_MATCHED,?,AIM_all,16.8,119.0
PANEL_WT_MATCHED,?,AIM_all,16.9,106.0
PANEL_WT_MATCHED,?,AIM_all,17.0,115.0
PANEL_WT_MATCHED,?,AIM_all,17.1,116.0
PANEL_WT_MATCHED,?,AIM_all,17.2,126.0
PANEL_WT_MATCHED,?,AIM_all,17.3,92.0
PANEL_WT_MATCHED,?,AIM_all,17.4,123.0
PANEL_WT_MATCHED,?,AIM_all,17.5,99.0
PANEL_WT_MATCHED,?,AIM_all,17.6,127.0
PANEL_WT_MATCHED,?,AIM_all,17.7,110.0
PANEL_WT_MATCHED,?,AIM_all,17.8,124.0
PANEL_WT_MATCHED,?,AIM_all,17.9,110.0
PANEL_WT_MATCHED,?,AIM_all,18.0,110.0
PANEL_WT_MATCHED,?,AIM_all,18.1,126.0
PANEL_WT_MATCHED,?,AIM_all,18.2,125.0
PANEL_WT_MATCHED,?,AIM_all,18.3,121.0
PANEL_WT_MATCHED,?,AIM_all,18.4,100.0
PANEL_WT_MATCHED,?,AIM_all,18.5,131.0
PANEL_WT_MATCHED,?,AIM_all,18.6,118.0
PANEL_WT_MATCHED,?,AIM_all,18.7,117.0
PANEL_WT_MATCHED,?,AIM_all,18.8,110.0
PANEL_WT_MATCHED,?,AIM_all,18.9,117.0
PANEL_WT_MATCHED,?,AIM_all,19.0,115.0
PANEL_WT_MATCHED,?,AIM_all,19.1,112.0
PANEL_WT_MATCHED,?,AIM_all,19.2,130.0
PANEL_WT_MATCHED,?,AIM_all,19.3,137.0
PANEL_WT_MATCHED,?,AIM_all,19.4,126.0
PANEL_WT_MATCHED,?,AIM_all,19.5,119.0
PANEL_WT_MATCHED,?,AIM_all,19.6,136.0
PANEL_WT_MATCHED,?,AIM_all,19.7,133.0
PANEL_WT_MATCHED,?,AIM_all,19.8,126.0
PANEL_WT_MATCHED,?,AIM_all,19.9,129.0
PANEL_WT_MATCHED,?,AIM_all,20.0,136.0
PANEL_WT_MATCHED,?,AIM_all,20.1,144.0
PANEL_WT_MATCHED,?,AIM_all,20.2,140.0
PANEL_WT_MATCHED,?,AIM_all,20.3,116.0
PANEL_WT_MATCHED,?,AIM_all,20.4,109.0
PANEL_WT_MATCHED,?,AIM_all,20.5,129.0
PANEL_WT_MATCHED,?,AIM_all,20.6,111.0
PANEL_WT_MATCHED,?,AIM_all,20.7,116.0
PANEL_WT_MATCHED,?,AIM_all,20.8,116.0
PANEL_WT_MATCHED,?,AIM_all,20.9,132.0
PANEL_WT_MATCHED,?,AIM_all,21.0,122.0
PANEL_WT_MATCHED,?,AIM_all,21.1,120.0
PANEL_WT_MATCHED,?,AIM_all,21.2,111.0
PANEL_WT_MATCHED,?,AIM_all,21.3,124.0
PANEL_WT_MATCHED,?,AIM_all,21.4,111.0
PANEL_WT_MATCHED,?,AIM_all,21.5,119.0
PANEL_WT_MATCHED,?,AIM_all,21.6,109.0
PANEL_WT_MATCHED,?,AIM_all,21.7,113.0
PANEL_WT_MATCHED,?,AIM_all,21.8,112.0
PANEL_WT_MATCHED,?,AIM_all,21.9,108.0
PANEL_WT_MATCHED,?,AIM_all,22.0,116.0
PANEL_WT_MATCHED,?,AIM_all,22.1,119.0
PANEL_WT_MATCHED,?,AIM_all,22.2,111.0
PANEL_WT_MATCHED,?,AIM_all,22.3,129.0
PANEL_WT_MATCHED,?,AIM_all,22.4,128.0
PANEL_WT_MATCHED,?,AIM_all,22.5,110.0
PANEL_WT_MATCHED,?,AIM_all,22.6,123.0
PANEL_WT_MATCHED,?,AIM_all,22.7,104.0
PANEL_WT_MATCHED,?,AIM_all,22.8,112.0
PANEL_WT_MATCHED,?,AIM_all,22.9,120.0
PANEL_WT_MATCHED,?,AIM_all,23.0,101.0
PANEL_WT_MATCHED,?,AIM_all,23.1,100.0
PANEL_WT_MATCHED,?,AIM_all,23.2,100.0
PANEL_WT_MATCHED,?,AIM_all,23.3,98.0
PANEL_WT_MATCHED,?,AIM_all,23.4,99.0
PANEL_WT_MATCHED,?,AIM_all,23.5,95.0
PANEL_WT_MATCHED,?,AIM_all,23.6,106.0
PANEL_WT_MATCHED,?,AIM_all,23.7,100.0
PANEL_WT_MATCHED,?,AIM_all,23.8,99.0
PANEL_WT_MATCHED,?,AIM_all,23.9,103.0
PANEL_WT_MATCHED,?,AIM_all,24.0,109.0
PANEL_WT_MATCHED,?,AIM_all,24.1,114.0
PANEL_WT_MATCHED,?,AIM_all,24.2,125.0
PANEL_WT_MATCHED,?,AIM_all,24.3,106.0
PANEL_WT_MATCHED,?,AIM_all,24.4,132.0
PANEL_WT_MATCHED,?,AIM_all,24.5,124.0
PANEL_WT_MATCHED,?,AIM_all,24.6,115.0
PANEL_WT_MATCHED,?,AIM_all,24.7,128.0
PANEL_WT_MATCHED,?,AIM_all,24.8,116.0
PANEL_WT_MATCHED,?,AIM_all,24.9,118.0
PANEL_WT_MATCHED,?,AIM_all,25.0,119.0
PANEL_WT_MATCHED,?,AIM_all,25.1,132.0
PANEL_WT_MATCHED,?,AIM_all,25.2,121.0
PANEL_WT_MATCHED,?,AIM_all,25.3,126.0
PANEL_WT_MATCHED,?,AIM_all,25.4,123.0
PANEL_WT_MATCHED,?,AIM_all,25.5,119.0
PANEL_WT_MATCHED,?,AIM_all,25.6,111.0
PANEL_WT_MATCHED,?,AIM_all,25.7,115.0
PANEL_WT_MATCHED,?,AIM_all,25.8,119.0
PANEL_WT_MATCHED,?,AIM_all,25.9,101.0
PANEL_WT_MATCHED,?,AIM_all,26.0,115.0
PANEL_WT_MATCHED,?,AIM_all,26.1,144.0
PANEL_WT_MATCHED,?,AIM_all,26.2,125.0
PANEL_WT_MATCHED,?,AIM_all,26.3,135.0
PANEL_WT_MATCHED,?,AIM_all,26.4,122.0
PANEL_WT_MATCHED,?,AIM_all,26.5,130.0
PANEL_WT_MATCHED,?,AIM_all,26.6,128.0
PANEL_WT_MATCHED,?,AIM_all,26.7,117.0
PANEL_WT_MATCHED,?,AIM_all,26.8,130.0
PANEL_WT_MATCHED,?,AIM_all,26.9,130.0
PANEL_WT_MATCHED,?,AIM_all,27.0,107.0
PANEL_WT_MATCHED,?,AIM_all,27.1,119.0
PANEL_WT_MATCHED,?,AIM_all,27.2,113.0
PANEL_WT_MATCHED,?,AIM_all,27.3,125.0
PANEL_WT_MATCHED,?,AIM_all,27.4,120.0
PANEL_WT_MATCHED,?,AIM_all,27.5,111.0
PANEL_WT_MATCHED,?,AIM_all,27.6,126.0
PANEL_WT_MATCHED,?,AIM_all,27.7,116.0
PANEL_WT_MATCHED,?,AIM_all,27.8,105.0
PANEL_WT_MATCHED,?,AIM_all,27.9,104.0
PANEL_WT_MATCHED,?,AIM_all,28.0,122.0
PANEL_WT_MATCHED,?,AIM_all,28.1,120.0
PANEL_WT_MATCHED,?,AIM_all,28.2,126.0
PANEL_WT_MATCHED,?,AIM_all,28.3,127.0
PANEL_WT_MATCHED,?,AIM_all,28.4,119.0
PANEL_WT_MATCHED,?,AIM_all,28.5,121.0
PANEL_WT_MATCHED,?,AIM_all,28.6,108.0
PANEL_WT_MATCHED,?,AIM_all,28.7,123.0
PANEL_WT_MATCHED,?,AIM_all,28.8,127.0
PANEL_WT_MATCHED,?,AIM_all,28.9,107.0
PANEL_WT_MATCHED,?,AIM_all,29.0,114.0
PANEL_WT_MATCHED,?,AIM_all,29.1,119.0
PANEL_WT_MATCHED,?,AIM_all,29.2,106.0
PANEL_WT_MATCHED,?,AIM_all,29.3,109.0
PANEL_WT_MATCHED,?,AIM_all,29.4,106.0
PANEL_WT_MATCHED,?,AIM_all,29.5,116.0
PANEL_WT_MATCHED,?,AIM_all,29.6,107.0
PANEL_WT_MATCHED,?,AIM_all,29.7,110.0
PANEL_WT_MATCHED,?,AIM_all,29.8,108.0
PANEL_WT_MATCHED,?,AIM_all,29.9,125.0
PANEL_WT_MATCHED,?,AIM_all,30.0,128.0
PANEL_WT_MATCHED,?,AIM_all,30.1,118.0
PANEL_WT_MATCHED,?,AIM_all,30.2,122.0
PANEL_WT_MATCHED,?,AIM_all,30.3,101.0
PANEL_WT_MATCHED,?,AIM_all,30.4,119.0
PANEL_WT_MATCHED,?,AIM_all,30.5,117.0
PANEL_WT_MATCHED,?,AIM_all,30.6,112.0
PANEL_WT_MATCHED,?,AIM_all,30.7,114.0
PANEL_WT_MATCHED,?,AIM_all,30.8,111.0
PANEL_WT_MATCHED,?,AIM_all,30.9,108.0
PANEL_WT_MATCHED,?,AIM_all,31.0,114.0
PANEL_WT_MATCHED,?,AIM_all,31.1,116.0
PANEL_WT_MATCHED,?,AIM_all,31.2,123.0
PANEL_WT_MATCHED,?,AIM_all,31.3,121.0
PANEL_WT_MATCHED,?,AIM_all,31.4,115.0
PANEL_WT_MATCHED,?,AIM_all,31.5,109.0
PANEL_WT_MATCHED,?,AIM_all,31.6,106.0
PANEL_WT_MATCHED,?,AIM_all,31.7,99.0
PANEL_WT_MATCHED,?,AIM_all,31.8,121.0
PANEL_WT_MATCHED,?,AIM_all,31.9,119.0
PANEL_WT_MATCHED,?,AIM_all,32.0,119.0
PANEL_WT_MATCHED,?,AIM_all,32.1,127.0
PANEL_WT_MATCHED,?,AIM_all,32.2,131.0
PANEL_WT_MATCHED,?,AIM_all,32.3,124.0
PANEL_WT_MATCHED,?,AIM_all,32.4,119.0
PANEL_WT_MATCHED,?,AIM_all,32.5,124.0
PANEL_WT_MATCHED,?,AIM_all,32.6,126.0
PANEL_WT_MATCHED,?,AIM_all,32.7,86.0
PANEL_WT_MATCHED,?,AIM_all,32.8,117.0
PANEL_WT_MATCHED,?,AIM_all,32.9,130.0
PANEL_WT_MATCHED,?,AIM_all,33.0,121.0
PANEL_WT_MATCHED,?,AIM_all,33.1,142.0
PANEL_WT_MATCHED,?,AIM_all,33.2,123.0
PANEL_WT_MATCHED,?,AIM_all,33.3,126.0
PANEL_WT_MATCHED,?,AIM_all,33.4,118.0
PANEL_WT_MATCHED,?,AIM_all,33.5,127.0
PANEL_WT_MATCHED,?,AIM_all,33.6,108.0
PANEL_WT_MATCHED,?,AIM_all,33.7,99.0
PANEL_WT_MATCHED,?,AIM_all,33.8,107.0
PANEL_WT_MATCHED,?,AIM_all,33.9,100.0
PANEL_WT_MATCHED,?,AIM_all,34.0,111.0
PANEL_WT_MATCHED,?,AIM_all,34.1,115.0
PANEL_WT_MATCHED,?,AIM_all,34.2,117.0
PANEL_WT_MATCHED,?,AIM_all,34.3,106.0
PANEL_WT_MATCHED,?,AIM_all,34.4,108.0
PANEL_WT_MATCHED,?,AIM_all,34.5,111.0
PANEL_WT_MATCHED,?,AIM_all,34.6,113.0
PANEL_WT_MATCHED,?,AIM_all,34.7,109.0
PANEL_WT_MATCHED,?,AIM_all,34.8,119.0
PANEL_WT_MATCHED,?,AIM_all,34.9,130.0
PANEL_WT_MATCHED,?,AIM_all,35.0,125.0
PANEL_WT_MATCHED,?,AIM_all,35.1,116.0
PANEL_WT_MATCHED,?,AIM_all,35.2,119.0
PANEL_WT_MATCHED,?,AIM_all,35.3,128.0
PANEL_WT_MATCHED,?,AIM_all,35.4,124.0
PANEL_WT_MATCHED,?,AIM_all,35.5,137.0
PANEL_WT_MATCHED,?,AIM_all,35.6,120.0
PANEL_WT_MATCHED,?,AIM_all,35.7,138.0
PANEL_WT_MATCHED,?,AIM_all,35.8,127.0
PANEL_WT_MATCHED,?,AIM_all,35.9,108.0
PANEL_WT_MATCHED,?,AIM_all,36.0,126.0
PANEL_WT_MATCHED,?,AIM_all,36.1,126.0
PANEL_WT_MATCHED,?,AIM_all,36.2,121.0
PANEL_WT_MATCHED,?,AIM_all,36.3,126.0
PANEL_WT_MATCHED,?,AIM_all,36.4,127.0
PANEL_WT_MATCHED,?,AIM_all,36.5,127.0
PANEL_WT_MATCHED,?,AIM_all,36.6,106.0
PANEL_WT_MATCHED,?,AIM_all,36.7,129.0
PANEL_WT_MATCHED,?,AIM_all,36.8,130.0
PANEL_WT_MATCHED,?,AIM_all,36.9,138.0
PANEL_WT_MATCHED,?,AIM_all,37.0,130.0
PANEL_WT_MATCHED,?,AIM_all,37.1,128.0
PANEL_WT_MATCHED,?,AIM_all,37.2,119.0
PANEL_WT_MATCHED,?,AIM_all,37.3,124.0
PANEL_WT_MATCHED,?,AIM_all,37.4,125.0
PANEL_WT_MATCHED,?,AIM_all,37.5,115.0
PANEL_WT_MATCHED,?,AIM_all,37.6,134.0
PANEL_WT_MATCHED,?,AIM_all,37.7,127.0
PANEL_WT_MATCHED,?,AIM_all,37.8,121.0
PANEL_WT_MATCHED,?,AIM_all,37.9,122.0
PANEL_WT_MATCHED,?,AIM_all,38.0,127.0
PANEL_WT_MATCHED,?,AIM_all,38.1,124.0
PANEL_WT_MATCHED,?,AIM_all,38.2,129.0
PANEL_WT_MATCHED,?,AIM_all,38.3,127.0
PANEL_WT_MATCHED,?,AIM_all,38.4,119.0
PANEL_WT_MATCHED,?,AIM_all,38.5,125.0
PANEL_WT_MATCHED,?,AIM_all,38.6,123.0
PANEL_WT_MATCHED,?,AIM_all,38.7,124.0
PANEL_WT_MATCHED,?,AIM_all,38.8,127.0
PANEL_WT_MATCHED,?,AIM_all,38.9,112.0
PANEL_WT_MATCHED,?,AIM_all,39.0,133.0
PANEL_WT_MATCHED,?,AIM_all,39.1,127.0
PANEL_WT_MATCHED,?,AIM_all,39.2,137.0
PANEL_WT_MATCHED,?,AIM_all,39.3,120.0
PANEL_WT_MATCHED,?,AIM_all,39.4,124.0
PANEL_WT_MATCHED,?,AIM_all,39.5,135.0
PANEL_WT_MATCHED,?,AIM_all,39.6,131.0
PANEL_WT_MATCHED,?,AIM_all,39.7,140.0
PANEL_WT_MATCHED,?,AIM_all,39.8,120.0
PANEL_WT_MATCHED,?,AIM_all,39.9,132.0
PANEL_WT_MATCHED,?,AIM_all,40.0,113.0
PANEL_WT_MATCHED,?,AIM_all,40.1,130.0
PANEL_WT_MATCHED,?,AIM_all,40.2,124.0
PANEL_WT_MATCHED,?,AIM_all,40.3,134.0
PANEL_WT_MATCHED,?,AIM_all,40.4,116.0
PANEL_WT_MATCHED,?,AIM_all,40.5,121.0
PANEL_WT_MATCHED,?,AIM_all,40.6,126.0
PANEL_WT_MATCHED,?,AIM_all,40.7,128.0
PANEL_WT_MATCHED,?,AIM_all,40.8,120.0
PANEL_WT_MATCHED,?,AIM_all,40.9,128.0
PANEL_WT_MATCHED,?,AIM_all,41.0,129.0
PANEL_WT_MATCHED,?,AIM_all,41.1,126.0
PANEL_WT_MATCHED,?,AIM_all,41.2,131.0
PANEL_WT_MATCHED,?,AIM_all,41.3,133.0
PANEL_WT_MATCHED,?,AIM_all,41.4,129.0
PANEL_WT_MATCHED,?,AIM_all,41.5,122.0
PANEL_WT_MATCHED,?,AIM_all,41.6,125.0
PANEL_WT_MATCHED,?,AIM_all,41.7,124.0
PANEL_WT_MATCHED,?,AIM_all,41.8,145.0
PANEL_WT_MATCHED,?,AIM_all,41.9,132.0
PANEL_WT_MATCHED,?,AIM_all,42.0,134.0
PANEL_WT_MATCHED,?,AIM_all,42.1,122.0
PANEL_WT_MATCHED,?,AIM_all,42.2,123.0
PANEL_WT_MATCHED,?,AIM_all,42.3,110.0
PANEL_WT_MATCHED,?,AIM_all,42.4,129.0
PANEL_WT_MATCHED,?,AIM_all,42.5,117.0
PANEL_WT_MATCHED,?,AIM_all,42.6,103.0
PANEL_WT_MATCHED,?,AIM_all,42.7,123.0
PANEL_WT_MATCHED,?,AIM_all,42.8,103.0
PANEL_WT_MATCHED,?,AIM_all,42.9,120.0
PANEL_WT_MATCHED,?,AIM_all,43.0,118.0
PANEL_WT_MATCHED,?,AIM_all,43.1,101.0
PANEL_WT_MATCHED,?,AIM_all,43.2,119.0
PANEL_WT_MATCHED,?,AIM_all,43.3,104.0
PANEL_WT_MATCHED,?,AIM_all,43.4,113.0
PANEL_WT_MATCHED,?,AIM_all,43.5,119.0
PANEL_WT_MATCHED,?,AIM_all,43.6,120.0
PANEL_WT_MATCHED,?,AIM_all,43.7,112.0
PANEL_WT_MATCHED,?,AIM_all,43.8,98.0
PANEL_WT_MATCHED,?,AIM_all,43.9,90.0
PANEL_WT_MATCHED,?,AIM_all,44.0,102.0
PANEL_WT_MATCHED,?,AIM_all,44.1,117.0
PANEL_WT_MATCHED,?,AIM_all,44.2,109.0
PANEL_WT_MATCHED,?,AIM_all,44.3,93.0
PANEL_WT_MATCHED,?,AIM_all,44.4,112.0
PANEL_WT_MATCHED,?,AIM_all,44.5,113.0
PANEL_WT_MATCHED,?,AIM_all,44.6,111.0
PANEL_WT_MATCHED,?,AIM_all,44.7,126.0
PANEL_WT_MATCHED,?,AIM_all,44.8,119.0
PANEL_WT_MATCHED,?,AIM_all,44.9,127.0
PANEL_WT_MATCHED,?,AIM_all,45.0,117.0
PANEL_WT_MATCHED,?,AIM_all,45.1,120.0
PANEL_WT_MATCHED,?,AIM_all,45.2,102.0
PANEL_WT_MATCHED,?,AIM_all,45.3,126.0
PANEL_WT_MATCHED,?,AIM_all,45.4,113.0
PANEL_WT_MATCHED,?,AIM_all,45.5,115.0
PANEL_WT_MATCHED,?,AIM_all,45.6,118.0
PANEL_WT_MATCHED,?,AIM_all,45.7,125.0
PANEL_WT_MATCHED,?,AIM_all,45.8,122.0
PANEL_WT_MATCHED,?,AIM_all,45.9,128.0
PANEL_WT_MATCHED,?,AIM_all,46.0,122.0
PANEL_WT_MATCHED,?,AIM_all,46.1,124.0
PANEL_WT_MATCHED,?,AIM_all,46.2,136.0
PANEL_WT_MATCHED,?,AIM_all,46.3,124.0
PANEL_WT_MATCHED,?,AIM_all,46.4,123.0
PANEL_WT_MATCHED,?,AIM_all,46.5,102.0
PANEL_WT_MATCHED,?,AIM_all,46.6,85.0
PANEL_WT_MATCHED,?,AIM_all,46.7,107.0
PANEL_WT_MATCHED,?,AIM_all,46.8,113.0
PANEL_WT_MATCHED,?,AIM_all,46.9,106.0
PANEL_WT_MATCHED,?,AIM_all,47.0,107.0
PANEL_WT_MATCHED,?,AIM_all,47.1,107.0
PANEL_WT_MATCHED,?,AIM_all,47.2,113.0
PANEL_WT_MATCHED,?,AIM_all,47.3,114.0
PANEL_WT_MATCHED,?,AIM_all,47.4,106.0
PANEL_WT_MATCHED,?,AIM_all,47.5,114.0
PANEL_WT_MATCHED,?,AIM_all,47.6,106.0
PANEL_WT_MATCHED,?,AIM_all,47.7,106.0
PANEL_WT_MATCHED,?,AIM_all,47.8,104.0
PANEL_WT_MATCHED,?,AIM_all,47.9,109.0
PANEL_WT_MATCHED,?,AIM_all,48.0,107.0
PANEL_WT_MATCHED,?,AIM_all,48.1,95.0
PANEL_WT_MATCHED,?,AIM_all,48.2,103.0
PANEL_WT_MATCHED,?,AIM_all,48.3,98.0
PANEL_WT_MATCHED,?,AIM_all,48.4,91.0
PANEL_WT_MATCHED,?,AIM_all,48.5,103.0
PANEL_WT_MATCHED,?,AIM_all,48.6,101.0
PANEL_WT_MATCHED,?,AIM_all,48.7,94.0
PANEL_WT_MATCHED,?,AIM_all,48.8,93.0
PANEL_WT_MATCHED,?,AIM_all,48.9,108.0
PANEL_WT_MATCHED,?,AIM_all,49.0,96.0
PANEL_WT_MATCHED,?,AIM_all,49.1,101.0
PANEL_WT_MATCHED,?,AIM_all,49.2,90.0
PANEL_WT_MATCHED,?,AIM_all,49.3,95.0
PANEL_WT_MATCHED,?,AIM_all,49.4,98.0
PANEL_WT_MATCHED,?,AIM_all,49.5,89.0
PANEL_WT_MATCHED,?,AIM_all,49.6,105.0
PANEL_WT_MATCHED,?,AIM_all,49.7,106.0
PANEL_WT_MATCHED,?,AIM_all,49.8,87.0
PANEL_WT_MATCHED,?,AIM_all,49.9,77.0
PANEL_WT_MATCHED,?,AIM_all,50.0,94.0
PANEL_WT_MATCHED,?,N_AIM,0.0,109.0
PANEL_WT_MATCHED,?,N_AIM,0.1,116.0
PANEL_WT_MATCHED,?,N_AIM,0.2,108.0
PANEL_WT_MATCHED,?,N_AIM,0.3,87.0
PANEL_WT_MATCHED,?,N_AIM,0.4,95.0
PANEL_WT_MATCHED,?,N_AIM,0.5,96.0
PANEL_WT_MATCHED,?,N_AIM,0.6,96.0
PANEL_WT_MATCHED,?,N_AIM,0.7,89.0
PANEL_WT_MATCHED,?,N_AIM,0.8,93.0
PANEL_WT_MATCHED,?,N_AIM,0.9,98.0
PANEL_WT_MATCHED,?,N_AIM,1.0,89.0
PANEL_WT_MATCHED,?,N_AIM,1.1,96.0
PANEL_WT_MATCHED,?,N_AIM,1.2,98.0
PANEL_WT_MATCHED,?,N_AIM,1.3,96.0
PANEL_WT_MATCHED,?,N_AIM,1.4,101.0
PANEL_WT_MATCHED,?,N_AIM,1.5,108.0
PANEL_WT_MATCHED,?,N_AIM,1.6,99.0
PANEL_WT_MATCHED,?,N_AIM,1.7,98.0
PANEL_WT_MATCHED,?,N_AIM,1.8,93.0
PANEL_WT_MATCHED,?,N_AIM,1.9,110.0
PANEL_WT_MATCHED,?,N_AIM,2.0,142.0
PANEL_WT_MATCHED,?,N_AIM,2.1,133.0
PANEL_WT_MATCHED,?,N_AIM,2.2,125.0
PANEL_WT_MATCHED,?,N_AIM,2.3,115.0
PANEL_WT_MATCHED,?,N_AIM,2.4,104.0
PANEL_WT_MATCHED,?,N_AIM,2.5,101.0
PANEL_WT_MATCHED,?,N_AIM,2.6,111.0
PANEL_WT_MATCHED,?,N_AIM,2.7,116.0
PANEL_WT_MATCHED,?,N_AIM,2.8,116.0
PANEL_WT_MATCHED,?,N_AIM,2.9,123.0
PANEL_WT_MATCHED,?,N_AIM,3.0,110.0
PANEL_WT_MATCHED,?,N_AIM,3.1,112.0
PANEL_WT_MATCHED,?,N_AIM,3.2,97.0
PANEL_WT_MATCHED,?,N_AIM,3.3,108.0
PANEL_WT_MATCHED,?,N_AIM,3.4,108.0
PANEL_WT_MATCHED,?,N_AIM,3.5,114.0
PANEL_WT_MATCHED,?,N_AIM,3.6,129.0
PANEL_WT_MATCHED,?,N_AIM,3.7,124.0
PANEL_WT_MATCHED,?,N_AIM,3.8,129.0
PANEL_WT_MATCHED,?,N_AIM,3.9,127.0
PANEL_WT_MATCHED,?,N_AIM,4.0,135.0
PANEL_WT_MATCHED,?,N_AIM,4.1,111.0
PANEL_WT_MATCHED,?,N_AIM,4.2,118.0
PANEL_WT_MATCHED,?,N_AIM,4.3,132.0
PANEL_WT_MATCHED,?,N_AIM,4.4,131.0
PANEL_WT_MATCHED,?,N_AIM,4.5,115.0
PANEL_WT_MATCHED,?,N_AIM,4.6,122.0
PANEL_WT_MATCHED,?,N_AIM,4.7,125.0
PANEL_WT_MATCHED,?,N_AIM,4.8,121.0
PANEL_WT_MATCHED,?,N_AIM,4.9,113.0
PANEL_WT_MATCHED,?,N_AIM,5.0,130.0
PANEL_WT_MATCHED,?,N_AIM,5.1,126.0
PANEL_WT_MATCHED,?,N_AIM,5.2,129.0
PANEL_WT_MATCHED,?,N_AIM,5.3,112.0
PANEL_WT_MATCHED,?,N_AIM,5.4,107.0
PANEL_WT_MATCHED,?,N_AIM,5.5,111.0
PANEL_WT_MATCHED,?,N_AIM,5.6,122.0
PANEL_WT_MATCHED,?,N_AIM,5.7,128.0
PANEL_WT_MATCHED,?,N_AIM,5.8,118.0
PANEL_WT_MATCHED,?,N_AIM,5.9,117.0
PANEL_WT_MATCHED,?,N_AIM,6.0,118.0
PANEL_WT_MATCHED,?,N_AIM,6.1,118.0
PANEL_WT_MATCHED,?,N_AIM,6.2,117.0
PANEL_WT_MATCHED,?,N_AIM,6.3,115.0
PANEL_WT_MATCHED,?,N_AIM,6.4,109.0
PANEL_WT_MATCHED,?,N_AIM,6.5,119.0
PANEL_WT_MATCHED,?,N_AIM,6.6,127.0
PANEL_WT_MATCHED,?,N_AIM,6.7,117.0
PANEL_WT_MATCHED,?,N_AIM,6.8,115.0
PANEL_WT_MATCHED,?,N_AIM,6.9,118.0
PANEL_WT_MATCHED,?,N_AIM,7.0,121.0
PANEL_WT_MATCHED,?,N_AIM,7.1,105.0
PANEL_WT_MATCHED,?,N_AIM,7.2,120.0
PANEL_WT_MATCHED,?,N_AIM,7.3,112.0
PANEL_WT_MATCHED,?,N_AIM,7.400001,123.0
PANEL_WT_MATCHED,?,N_AIM,7.5,112.0
PANEL_WT_MATCHED,?,N_AIM,7.6,111.0
PANEL_WT_MATCHED,?,N_AIM,7.7,113.0
PANEL_WT_MATCHED,?,N_AIM,7.8,120.0
PANEL_WT_MATCHED,?,N_AIM,7.900001,107.0
PANEL_WT_MATCHED,?,N_AIM,8.0,90.0
PANEL_WT_MATCHED,?,N_AIM,8.1,107.0
PANEL_WT_MATCHED,?,N_AIM,8.200001,95.0
PANEL_WT_MATCHED,?,N_AIM,8.3,74.0
PANEL_WT_MATCHED,?,N_AIM,8.400001,71.0
PANEL_WT_MATCHED,?,N_AIM,8.5,69.0
PANEL_WT_MATCHED,?,N_AIM,8.6,91.0
PANEL_WT_MATCHED,?,N_AIM,8.700001,78.0
PANEL_WT_MATCHED,?,N_AIM,8.8,86.0
PANEL_WT_MATCHED,?,N_AIM,8.900001,99.0
PANEL_WT_MATCHED,?,N_AIM,9.0,107.0
PANEL_WT_MATCHED,?,N_AIM,9.1,99.0
PANEL_WT_MATCHED,?,N_AIM,9.200001,98.0
PANEL_WT_MATCHED,?,N_AIM,9.3,92.0
PANEL_WT_MATCHED,?,N_AIM,9.400001,102.0
PANEL_WT_MATCHED,?,N_AIM,9.5,90.0
PANEL_WT_MATCHED,?,N_AIM,9.6,86.0
PANEL_WT_MATCHED,?,N_AIM,9.700001,82.0
PANEL_WT_MATCHED,?,N_AIM,9.8,68.0
PANEL_WT_MATCHED,?,N_AIM,9.900001,67.0
PANEL_WT_MATCHED,?,N_AIM,10.0,74.0
PANEL_WT_MATCHED,?,N_AIM,10.1,66.0
PANEL_WT_MATCHED,?,N_AIM,10.2,69.0
PANEL_WT_MATCHED,?,N_AIM,10.3,71.0
PANEL_WT_MATCHED,?,N_AIM,10.4,60.0
PANEL_WT_MATCHED,?,N_AIM,10.5,72.0
PANEL_WT_MATCHED,?,N_AIM,10.6,69.0
PANEL_WT_MATCHED,?,N_AIM,10.7,65.0
PANEL_WT_MATCHED,?,N_AIM,10.8,68.0
PANEL_WT_MATCHED,?,N_AIM,10.9,69.0
PANEL_WT_MATCHED,?,N_AIM,11.0,69.0
PANEL_WT_MATCHED,?,N_AIM,11.1,95.0
PANEL_WT_MATCHED,?,N_AIM,11.2,85.0
PANEL_WT_MATCHED,?,N_AIM,11.3,61.0
PANEL_WT_MATCHED,?,N_AIM,11.4,72.0
PANEL_WT_MATCHED,?,N_AIM,11.5,68.0
PANEL_WT_MATCHED,?,N_AIM,11.6,65.0
PANEL_WT_MATCHED,?,N_AIM,11.7,69.0
PANEL_WT_MATCHED,?,N_AIM,11.8,76.0
PANEL_WT_MATCHED,?,N_AIM,11.9,69.0
PANEL_WT_MATCHED,?,N_AIM,12.0,65.0
PANEL_WT_MATCHED,?,N_AIM,12.1,79.0
PANEL_WT_MATCHED,?,N_AIM,12.2,63.0
PANEL_WT_MATCHED,?,N_AIM,12.3,67.0
PANEL_WT_MATCHED,?,N_AIM,12.4,70.0
PANEL_WT_MATCHED,?,N_AIM,12.5,77.0
PANEL_WT_MATCHED,?,N_AIM,12.6,65.0
PANEL_WT_MATCHED,?,N_AIM,12.7,68.0
PANEL_WT_MATCHED,?,N_AIM,12.8,64.0
PANEL_WT_MATCHED,?,N_AIM,12.9,68.0
PANEL_WT_MATCHED,?,N_AIM,13.0,71.0
PANEL_WT_MATCHED,?,N_AIM,13.1,71.0
PANEL_WT_MATCHED,?,N_AIM,13.2,73.0
PANEL_WT_MATCHED,?,N_AIM,13.3,73.0
PANEL_WT_MATCHED,?,N_AIM,13.4,80.0
PANEL_WT_MATCHED,?,N_AIM,13.5,70.0
PANEL_WT_MATCHED,?,N_AIM,13.6,52.0
PANEL_WT_MATCHED,?,N_AIM,13.7,61.0
PANEL_WT_MATCHED,?,N_AIM,13.8,66.0
PANEL_WT_MATCHED,?,N_AIM,13.9,67.0
PANEL_WT_MATCHED,?,N_AIM,14.0,88.0
PANEL_WT_MATCHED,?,N_AIM,14.1,79.0
PANEL_WT_MATCHED,?,N_AIM,14.2,81.0
PANEL_WT_MATCHED,?,N_AIM,14.3,51.0
PANEL_WT_MATCHED,?,N_AIM,14.4,78.0
PANEL_WT_MATCHED,?,N_AIM,14.5,69.0
PANEL_WT_MATCHED,?,N_AIM,14.6,52.0
PANEL_WT_MATCHED,?,N_AIM,14.7,52.0
PANEL_WT_MATCHED,?,N_AIM,14.8,61.0
PANEL_WT_MATCHED,?,N_AIM,14.9,59.0
PANEL_WT_MATCHED,?,N_AIM,15.0,69.0
PANEL_WT_MATCHED,?,N_AIM,15.1,64.0
PANEL_WT_MATCHED,?,N_AIM,15.2,94.0
PANEL_WT_MATCHED,?,N_AIM,15.3,73.0
PANEL_WT_MATCHED,?,N_AIM,15.4,63.0
PANEL_WT_MATCHED,?,N_AIM,15.5,65.0
PANEL_WT_MATCHED,?,N_AIM,15.6,64.0
PANEL_WT_MATCHED,?,N_AIM,15.7,72.0
PANEL_WT_MATCHED,?,N_AIM,15.8,72.0
PANEL_WT_MATCHED,?,N_AIM,15.9,62.0
PANEL_WT_MATCHED,?,N_AIM,16.0,69.0
PANEL_WT_MATCHED,?,N_AIM,16.1,78.0
PANEL_WT_MATCHED,?,N_AIM,16.2,64.0
PANEL_WT_MATCHED,?,N_AIM,16.3,61.0
PANEL_WT_MATCHED,?,N_AIM,16.4,75.0
PANEL_WT_MATCHED,?,N_AIM,16.5,67.0
PANEL_WT_MATCHED,?,N_AIM,16.6,66.0
PANEL_WT_MATCHED,?,N_AIM,16.7,56.0
PANEL_WT_MATCHED,?,N_AIM,16.8,65.0
PANEL_WT_MATCHED,?,N_AIM,16.9,56.0
PANEL_WT_MATCHED,?,N_AIM,17.0,50.0
PANEL_WT_MATCHED,?,N_AIM,17.1,52.0
PANEL_WT_MATCHED,?,N_AIM,17.2,68.0
PANEL_WT_MATCHED,?,N_AIM,17.3,36.0
PANEL_WT_MATCHED,?,N_AIM,17.4,56.0
PANEL_WT_MATCHED,?,N_AIM,17.5,49.0
PANEL_WT_MATCHED,?,N_AIM,17.6,65.0
PANEL_WT_MATCHED,?,N_AIM,17.7,56.0
PANEL_WT_MATCHED,?,N_AIM,17.8,57.0
PANEL_WT_MATCHED,?,N_AIM,17.9,48.0
PANEL_WT_MATCHED,?,N_AIM,18.0,49.0
PANEL_WT_MATCHED,?,N_AIM,18.1,58.0
PANEL_WT_MATCHED,?,N_AIM,18.2,59.0
PANEL_WT_MATCHED,?,N_AIM,18.3,66.0
PANEL_WT_MATCHED,?,N_AIM,18.4,53.0
PANEL_WT_MATCHED,?,N_AIM,18.5,64.0
PANEL_WT_MATCHED,?,N_AIM,18.6,61.0
PANEL_WT_MATCHED,?,N_AIM,18.7,57.0
PANEL_WT_MATCHED,?,N_AIM,18.8,53.0
PANEL_WT_MATCHED,?,N_AIM,18.9,59.0
PANEL_WT_MATCHED,?,N_AIM,19.0,54.0
PANEL_WT_MATCHED,?,N_AIM,19.1,48.0
PANEL_WT_MATCHED,?,N_AIM,19.2,78.0
PANEL_WT_MATCHED,?,N_AIM,19.3,78.0
PANEL_WT_MATCHED,?,N_AIM,19.4,67.0
PANEL_WT_MATCHED,?,N_AIM,19.5,66.0
PANEL_WT_MATCHED,?,N_AIM,19.6,83.0
PANEL_WT_MATCHED,?,N_AIM,19.7,80.0
PANEL_WT_MATCHED,?,N_AIM,19.8,69.0
PANEL_WT_MATCHED,?,N_AIM,19.9,69.0
PANEL_WT_MATCHED,?,N_AIM,20.0,71.0
PANEL_WT_MATCHED,?,N_AIM,20.1,83.0
PANEL_WT_MATCHED,?,N_AIM,20.2,84.0
PANEL_WT_MATCHED,?,N_AIM,20.3,64.0
PANEL_WT_MATCHED,?,N_AIM,20.4,61.0
PANEL_WT_MATCHED,?,N_AIM,20.5,70.0
PANEL_WT_MATCHED,?,N_AIM,20.6,64.0
PANEL_WT_MATCHED,?,N_AIM,20.7,55.0
PANEL_WT_MATCHED,?,N_AIM,20.8,61.0
PANEL_WT_MATCHED,?,N_AIM,20.9,66.0
PANEL_WT_MATCHED,?,N_AIM,21.0,57.0
PANEL_WT_MATCHED,?,N_AIM,21.1,63.0
PANEL_WT_MATCHED,?,N_AIM,21.2,48.0
PANEL_WT_MATCHED,?,N_AIM,21.3,61.0
PANEL_WT_MATCHED,?,N_AIM,21.4,57.0
PANEL_WT_MATCHED,?,N_AIM,21.5,60.0
PANEL_WT_MATCHED,?,N_AIM,21.6,53.0
PANEL_WT_MATCHED,?,N_AIM,21.7,53.0
PANEL_WT_MATCHED,?,N_AIM,21.8,49.0
PANEL_WT_MATCHED,?,N_AIM,21.9,51.0
PANEL_WT_MATCHED,?,N_AIM,22.0,56.0
PANEL_WT_MATCHED,?,N_AIM,22.1,61.0
PANEL_WT_MATCHED,?,N_AIM,22.2,59.0
PANEL_WT_MATCHED,?,N_AIM,22.3,73.0
PANEL_WT_MATCHED,?,N_AIM,22.4,81.0
PANEL_WT_MATCHED,?,N_AIM,22.5,68.0
PANEL_WT_MATCHED,?,N_AIM,22.6,78.0
PANEL_WT_MATCHED,?,N_AIM,22.7,63.0
PANEL_WT_MATCHED,?,N_AIM,22.8,70.0
PANEL_WT_MATCHED,?,N_AIM,22.9,78.0
PANEL_WT_MATCHED,?,N_AIM,23.0,56.0
PANEL_WT_MATCHED,?,N_AIM,23.1,55.0
PANEL_WT_MATCHED,?,N_AIM,23.2,50.0
PANEL_WT_MATCHED,?,N_AIM,23.3,53.0
PANEL_WT_MATCHED,?,N_AIM,23.4,52.0
PANEL_WT_MATCHED,?,N_AIM,23.5,56.0
PANEL_WT_MATCHED,?,N_AIM,23.6,63.0
PANEL_WT_MATCHED,?,N_AIM,23.7,56.0
PANEL_WT_MATCHED,?,N_AIM,23.8,51.0
PANEL_WT_MATCHED,?,N_AIM,23.9,54.0
PANEL_WT_MATCHED,?,N_AIM,24.0,61.0
PANEL_WT_MATCHED,?,N_AIM,24.1,55.0
PANEL_WT_MATCHED,?,N_AIM,24.2,76.0
PANEL_WT_MATCHED,?,N_AIM,24.3,64.0
PANEL_WT_MATCHED,?,N_AIM,24.4,75.0
PANEL_WT_MATCHED,?,N_AIM,24.5,68.0
PANEL_WT_MATCHED,?,N_AIM,24.6,64.0
PANEL_WT_MATCHED,?,N_AIM,24.7,70.0
PANEL_WT_MATCHED,?,N_AIM,24.8,65.0
PANEL_WT_MATCHED,?,N_AIM,24.9,62.0
PANEL_WT_MATCHED,?,N_AIM,25.0,66.0
PANEL_WT_MATCHED,?,N_AIM,25.1,70.0
PANEL_WT_MATCHED,?,N_AIM,25.2,63.0
PANEL_WT_MATCHED,?,N_AIM,25.3,72.0
PANEL_WT_MATCHED,?,N_AIM,25.4,60.0
PANEL_WT_MATCHED,?,N_AIM,25.5,63.0
PANEL_WT_MATCHED,?,N_AIM,25.6,53.0
PANEL_WT_MATCHED,?,N_AIM,25.7,54.0
PANEL_WT_MATCHED,?,N_AIM,25.8,63.0
PANEL_WT_MATCHED,?,N_AIM,25.9,51.0
PANEL_WT_MATCHED,?,N_AIM,26.0,60.0
PANEL_WT_MATCHED,?,N_AIM,26.1,82.0
PANEL_WT_MATCHED,?,N_AIM,26.2,71.0
PANEL_WT_MATCHED,?,N_AIM,26.3,75.0
PANEL_WT_MATCHED,?,N_AIM,26.4,63.0
PANEL_WT_MATCHED,?,N_AIM,26.5,68.0
PANEL_WT_MATCHED,?,N_AIM,26.6,70.0
PANEL_WT_MATCHED,?,N_AIM,26.7,66.0
PANEL_WT_MATCHED,?,N_AIM,26.8,79.0
PANEL_WT_MATCHED,?,N_AIM,26.9,75.0
PANEL_WT_MATCHED,?,N_AIM,27.0,65.0
PANEL_WT_MATCHED,?,N_AIM,27.1,71.0
PANEL_WT_MATCHED,?,N_AIM,27.2,58.0
PANEL_WT_MATCHED,?,N_AIM,27.3,68.0
PANEL_WT_MATCHED,?,N_AIM,27.4,59.0
PANEL_WT_MATCHED,?,N_AIM,27.5,57.0
PANEL_WT_MATCHED,?,N_AIM,27.6,61.0
PANEL_WT_MATCHED,?,N_AIM,27.7,54.0
PANEL_WT_MATCHED,?,N_AIM,27.8,53.0
PANEL_WT_MATCHED,?,N_AIM,27.9,53.0
PANEL_WT_MATCHED,?,N_AIM,28.0,66.0
PANEL_WT_MATCHED,?,N_AIM,28.1,55.0
PANEL_WT_MATCHED,?,N_AIM,28.2,69.0
PANEL_WT_MATCHED,?,N_AIM,28.3,69.0
PANEL_WT_MATCHED,?,N_AIM,28.4,61.0
PANEL_WT_MATCHED,?,N_AIM,28.5,63.0
PANEL_WT_MATCHED,?,N_AIM,28.6,62.0
PANEL_WT_MATCHED,?,N_AIM,28.7,61.0
PANEL_WT_MATCHED,?,N_AIM,28.8,70.0
PANEL_WT_MATCHED,?,N_AIM,28.9,62.0
PANEL_WT_MATCHED,?,N_AIM,29.0,62.0
PANEL_WT_MATCHED,?,N_AIM,29.1,59.0
PANEL_WT_MATCHED,?,N_AIM,29.2,57.0
PANEL_WT_MATCHED,?,N_AIM,29.3,59.0
PANEL_WT_MATCHED,?,N_AIM,29.4,53.0
PANEL_WT_MATCHED,?,N_AIM,29.5,60.0
PANEL_WT_MATCHED,?,N_AIM,29.6,58.0
PANEL_WT_MATCHED,?,N_AIM,29.7,60.0
PANEL_WT_MATCHED,?,N_AIM,29.8,59.0
PANEL_WT_MATCHED,?,N_AIM,29.9,68.0
PANEL_WT_MATCHED,?,N_AIM,30.0,75.0
PANEL_WT_MATCHED,?,N_AIM,30.1,62.0
PANEL_WT_MATCHED,?,N_AIM,30.2,60.0
PANEL_WT_MATCHED,?,N_AIM,30.3,53.0
PANEL_WT_MATCHED,?,N_AIM,30.4,57.0
PANEL_WT_MATCHED,?,N_AIM,30.5,60.0
PANEL_WT_MATCHED,?,N_AIM,30.6,57.0
PANEL_WT_MATCHED,?,N_AIM,30.7,56.0
PANEL_WT_MATCHED,?,N_AIM,30.8,52.0
PANEL_WT_MATCHED,?,N_AIM,30.9,51.0
PANEL_WT_MATCHED,?,N_AIM,31.0,55.0
PANEL_WT_MATCHED,?,N_AIM,31.1,60.0
PANEL_WT_MATCHED,?,N_AIM,31.2,67.0
PANEL_WT_MATCHED,?,N_AIM,31.3,58.0
PANEL_WT_MATCHED,?,N_AIM,31.4,58.0
PANEL_WT_MATCHED,?,N_AIM,31.5,54.0
PANEL_WT_MATCHED,?,N_AIM,31.6,54.0
PANEL_WT_MATCHED,?,N_AIM,31.7,44.0
PANEL_WT_MATCHED,?,N_AIM,31.8,61.0
PANEL_WT_MATCHED,?,N_AIM,31.9,62.0
PANEL_WT_MATCHED,?,N_AIM,32.0,65.0
PANEL_WT_MATCHED,?,N_AIM,32.1,72.0
PANEL_WT_MATCHED,?,N_AIM,32.2,77.0
PANEL_WT_MATCHED,?,N_AIM,32.3,72.0
PANEL_WT_MATCHED,?,N_AIM,32.4,66.0
PANEL_WT_MATCHED,?,N_AIM,32.5,70.0
PANEL_WT_MATCHED,?,N_AIM,32.6,70.0
PANEL_WT_MATCHED,?,N_AIM,32.7,46.0
PANEL_WT_MATCHED,?,N_AIM,32.8,60.0
PANEL_WT_MATCHED,?,N_AIM,32.9,73.0
PANEL_WT_MATCHED,?,N_AIM,33.0,65.0
PANEL_WT_MATCHED,?,N_AIM,33.1,82.0
PANEL_WT_MATCHED,?,N_AIM,33.2,68.0
PANEL_WT_MATCHED,?,N_AIM,33.3,66.0
PANEL_WT_MATCHED,?,N_AIM,33.4,66.0
PANEL_WT_MATCHED,?,N_AIM,33.5,70.0
PANEL_WT_MATCHED,?,N_AIM,33.6,56.0
PANEL_WT_MATCHED,?,N_AIM,33.7,63.0
PANEL_WT_MATCHED,?,N_AIM,33.8,60.0
PANEL_WT_MATCHED,?,N_AIM,33.9,54.0
PANEL_WT_MATCHED,?,N_AIM,34.0,57.0
PANEL_WT_MATCHED,?,N_AIM,34.1,60.0
PANEL_WT_MATCHED,?,N_AIM,34.2,61.0
PANEL_WT_MATCHED,?,N_AIM,34.3,49.0
PANEL_WT_MATCHED,?,N_AIM,34.4,58.0
PANEL_WT_MATCHED,?,N_AIM,34.5,64.0
PANEL_WT_MATCHED,?,N_AIM,34.6,67.0
PANEL_WT_MATCHED,?,N_AIM,34.7,62.0
PANEL_WT_MATCHED,?,N_AIM,34.8,73.0
PANEL_WT_MATCHED,?,N_AIM,34.9,68.0
PANEL_WT_MATCHED,?,N_AIM,35.0,63.0
PANEL_WT_MATCHED,?,N_AIM,35.1,68.0
PANEL_WT_MATCHED,?,N_AIM,35.2,59.0
PANEL_WT_MATCHED,?,N_AIM,35.3,78.0
PANEL_WT_MATCHED,?,N_AIM,35.4,66.0
PANEL_WT_MATCHED,?,N_AIM,35.5,66.0
PANEL_WT_MATCHED,?,N_AIM,35.6,71.0
PANEL_WT_MATCHED,?,N_AIM,35.7,73.0
PANEL_WT_MATCHED,?,N_AIM,35.8,75.0
PANEL_WT_MATCHED,?,N_AIM,35.9,62.0
PANEL_WT_MATCHED,?,N_AIM,36.0,67.0
PANEL_WT_MATCHED,?,N_AIM,36.1,74.0
PANEL_WT_MATCHED,?,N_AIM,36.2,70.0
PANEL_WT_MATCHED,?,N_AIM,36.3,71.0
PANEL_WT_MATCHED,?,N_AIM,36.4,70.0
PANEL_WT_MATCHED,?,N_AIM,36.5,72.0
PANEL_WT_MATCHED,?,N_AIM,36.6,59.0
PANEL_WT_MATCHED,?,N_AIM,36.7,79.0
PANEL_WT_MATCHED,?,N_AIM,36.8,74.0
PANEL_WT_MATCHED,?,N_AIM,36.9,78.0
PANEL_WT_MATCHED,?,N_AIM,37.0,78.0
PANEL_WT_MATCHED,?,N_AIM,37.1,73.0
PANEL_WT_MATCHED,?,N_AIM,37.2,63.0
PANEL_WT_MATCHED,?,N_AIM,37.3,66.0
PANEL_WT_MATCHED,?,N_AIM,37.4,62.0
PANEL_WT_MATCHED,?,N_AIM,37.5,66.0
PANEL_WT_MATCHED,?,N_AIM,37.6,76.0
PANEL_WT_MATCHED,?,N_AIM,37.7,71.0
PANEL_WT_MATCHED,?,N_AIM,37.8,70.0
PANEL_WT_MATCHED,?,N_AIM,37.9,60.0
PANEL_WT_MATCHED,?,N_AIM,38.0,72.0
PANEL_WT_MATCHED,?,N_AIM,38.1,67.0
PANEL_WT_MATCHED,?,N_AIM,38.2,72.0
PANEL_WT_MATCHED,?,N_AIM,38.3,69.0
PANEL_WT_MATCHED,?,N_AIM,38.4,69.0
PANEL_WT_MATCHED,?,N_AIM,38.5,69.0
PANEL_WT_MATCHED,?,N_AIM,38.6,67.0
PANEL_WT_MATCHED,?,N_AIM,38.7,67.0
PANEL_WT_MATCHED,?,N_AIM,38.8,79.0
PANEL_WT_MATCHED,?,N_AIM,38.9,71.0
PANEL_WT_MATCHED,?,N_AIM,39.0,78.0
PANEL_WT_MATCHED,?,N_AIM,39.1,71.0
PANEL_WT_MATCHED,?,N_AIM,39.2,82.0
PANEL_WT_MATCHED,?,N_AIM,39.3,70.0
PANEL_WT_MATCHED,?,N_AIM,39.4,68.0
PANEL_WT_MATCHED,?,N_AIM,39.5,73.0
PANEL_WT_MATCHED,?,N_AIM,39.6,74.0
PANEL_WT_MATCHED,?,N_AIM,39.7,78.0
PANEL_WT_MATCHED,?,N_AIM,39.8,65.0
PANEL_WT_MATCHED,?,N_AIM,39.9,71.0
PANEL_WT_MATCHED,?,N_AIM,40.0,60.0
PANEL_WT_MATCHED,?,N_AIM,40.1,71.0
PANEL_WT_MATCHED,?,N_AIM,40.2,68.0
PANEL_WT_MATCHED,?,N_AIM,40.3,80.0
PANEL_WT_MATCHED,?,N_AIM,40.4,71.0
PANEL_WT_MATCHED,?,N_AIM,40.5,70.0
PANEL_WT_MATCHED,?,N_AIM,40.6,62.0
PANEL_WT_MATCHED,?,N_AIM,40.7,72.0
PANEL_WT_MATCHED,?,N_AIM,40.8,65.0
PANEL_WT_MATCHED,?,N_AIM,40.9,69.0
PANEL_WT_MATCHED,?,N_AIM,41.0,75.0
PANEL_WT_MATCHED,?,N_AIM,41.1,77.0
PANEL_WT_MATCHED,?,N_AIM,41.2,68.0
PANEL_WT_MATCHED,?,N_AIM,41.3,70.0
PANEL_WT_MATCHED,?,N_AIM,41.4,70.0
PANEL_WT_MATCHED,?,N_AIM,41.5,65.0
PANEL_WT_MATCHED,?,N_AIM,41.6,69.0
PANEL_WT_MATCHED,?,N_AIM,41.7,71.0
PANEL_WT_MATCHED,?,N_AIM,41.8,84.0
PANEL_WT_MATCHED,?,N_AIM,41.9,76.0
PANEL_WT_MATCHED,?,N_AIM,42.0,78.0
PANEL_WT_MATCHED,?,N_AIM,42.1,74.0
PANEL_WT_MATCHED,?,N_AIM,42.2,69.0
PANEL_WT_MATCHED,?,N_AIM,42.3,58.0
PANEL_WT_MATCHED,?,N_AIM,42.4,73.0
PANEL_WT_MATCHED,?,N_AIM,42.5,67.0
PANEL_WT_MATCHED,?,N_AIM,42.6,54.0
PANEL_WT_MATCHED,?,N_AIM,42.7,71.0
PANEL_WT_MATCHED,?,N_AIM,42.8,61.0
PANEL_WT_MATCHED,?,N_AIM,42.9,68.0
PANEL_WT_MATCHED,?,N_AIM,43.0,73.0
PANEL_WT_MATCHED,?,N_AIM,43.1,56.0
PANEL_WT_MATCHED,?,N_AIM,43.2,69.0
PANEL_WT_MATCHED,?,N_AIM,43.3,58.0
PANEL_WT_MATCHED,?,N_AIM,43.4,62.0
PANEL_WT_MATCHED,?,N_AIM,43.5,70.0
PANEL_WT_MATCHED,?,N_AIM,43.6,70.0
PANEL_WT_MATCHED,?,N_AIM,43.7,72.0
PANEL_WT_MATCHED,?,N_AIM,43.8,49.0
PANEL_WT_MATCHED,?,N_AIM,43.9,51.0
PANEL_WT_MATCHED,?,N_AIM,44.0,55.0
PANEL_WT_MATCHED,?,N_AIM,44.1,65.0
PANEL_WT_MATCHED,?,N_AIM,44.2,59.0
PANEL_WT_MATCHED,?,N_AIM,44.3,53.0
PANEL_WT_MATCHED,?,N_AIM,44.4,59.0
PANEL_WT_MATCHED,?,N_AIM,44.5,63.0
PANEL_WT_MATCHED,?,N_AIM,44.6,63.0
PANEL_WT_MATCHED,?,N_AIM,44.7,65.0
PANEL_WT_MATCHED,?,N_AIM,44.8,61.0
PANEL_WT_MATCHED,?,N_AIM,44.9,70.0
PANEL_WT_MATCHED,?,N_AIM,45.0,56.0
PANEL_WT_MATCHED,?,N_AIM,45.1,56.0
PANEL_WT_MATCHED,?,N_AIM,45.2,56.0
PANEL_WT_MATCHED,?,N_AIM,45.3,58.0
PANEL_WT_MATCHED,?,N_AIM,45.4,44.0
PANEL_WT_MATCHED,?,N_AIM,45.5,45.0
PANEL_WT_MATCHED,?,N_AIM,45.6,61.0
PANEL_WT_MATCHED,?,N_AIM,45.7,63.0
PANEL_WT_MATCHED,?,N_AIM,45.8,62.0
PANEL_WT_MATCHED,?,N_AIM,45.9,62.0
PANEL_WT_MATCHED,?,N_AIM,46.0,60.0
PANEL_WT_MATCHED,?,N_AIM,46.1,69.0
PANEL_WT_MATCHED,?,N_AIM,46.2,80.0
PANEL_WT_MATCHED,?,N_AIM,46.3,67.0
PANEL_WT_MATCHED,?,N_AIM,46.4,64.0
PANEL_WT_MATCHED,?,N_AIM,46.5,43.0
PANEL_WT_MATCHED,?,N_AIM,46.6,41.0
PANEL_WT_MATCHED,?,N_AIM,46.7,59.0
PANEL_WT_MATCHED,?,N_AIM,46.8,53.0
PANEL_WT_MATCHED,?,N_AIM,46.9,53.0
PANEL_WT_MATCHED,?,N_AIM,47.0,56.0
PANEL_WT_MATCHED,?,N_AIM,47.1,50.0
PANEL_WT_MATCHED,?,N_AIM,47.2,48.0
PANEL_WT_MATCHED,?,N_AIM,47.3,60.0
PANEL_WT_MATCHED,?,N_AIM,47.4,51.0
PANEL_WT_MATCHED,?,N_AIM,47.5,60.0
PANEL_WT_MATCHED,?,N_AIM,47.6,50.0
PANEL_WT_MATCHED,?,N_AIM,47.7,49.0
PANEL_WT_MATCHED,?,N_AIM,47.8,49.0
PANEL_WT_MATCHED,?,N_AIM,47.9,55.0
PANEL_WT_MATCHED,?,N_AIM,48.0,44.0
PANEL_WT_MATCHED,?,N_AIM,48.1,39.0
PANEL_WT_MATCHED,?,N_AIM,48.2,54.0
PANEL_WT_MATCHED,?,N_AIM,48.3,51.0
PANEL_WT_MATCHED,?,N_AIM,48.4,45.0
PANEL_WT_MATCHED,?,N_AIM,48.5,56.0
PANEL_WT_MATCHED,?,N_AIM,48.6,49.0
PANEL_WT_MATCHED,?,N_AIM,48.7,47.0
PANEL_WT_MATCHED,?,N_AIM,48.8,44.0
PANEL_WT_MATCHED,?,N_AIM,48.9,56.0
PANEL_WT_MATCHED,?,N_AIM,49.0,46.0
PANEL_WT_MATCHED,?,N_AIM,49.1,42.0
PANEL_WT_MATCHED,?,N_AIM,49.2,45.0
PANEL_WT_MATCHED,?,N_AIM,49.3,42.0
PANEL_WT_MATCHED,?,N_AIM,49.4,51.0
PANEL_WT_MATCHED,?,N_AIM,49.5,48.0
PANEL_WT_MATCHED,?,N_AIM,49.6,54.0
PANEL_WT_MATCHED,?,N_AIM,49.7,54.0
PANEL_WT_MATCHED,?,N_AIM,49.8,50.0
PANEL_WT_MATCHED,?,N_AIM,49.9,44.0
PANEL_WT_MATCHED,?,N_AIM,50.0,47.0
PANEL_WT_MATCHED,?,C_AIM,0.0,62.0
PANEL_WT_MATCHED,?,C_AIM,0.1,65.0
PANEL_WT_MATCHED,?,C_AIM,0.2,53.0
PANEL_WT_MATCHED,?,C_AIM,0.3,58.0
PANEL_WT_MATCHED,?,C_AIM,0.4,48.0
PANEL_WT_MATCHED,?,C_AIM,0.5,54.0
PANEL_WT_MATCHED,?,C_AIM,0.6,61.0
PANEL_WT_MATCHED,?,C_AIM,0.7,55.0
PANEL_WT_MATCHED,?,C_AIM,0.8,46.0
PANEL_WT_MATCHED,?,C_AIM,0.9,48.0
PANEL_WT_MATCHED,?,C_AIM,1.0,65.0
PANEL_WT_MATCHED,?,C_AIM,1.1,65.0
PANEL_WT_MATCHED,?,C_AIM,1.2,55.0
PANEL_WT_MATCHED,?,C_AIM,1.3,67.0
PANEL_WT_MATCHED,?,C_AIM,1.4,58.0
PANEL_WT_MATCHED,?,C_AIM,1.5,53.0
PANEL_WT_MATCHED,?,C_AIM,1.6,61.0
PANEL_WT_MATCHED,?,C_AIM,1.7,68.0
PANEL_WT_MATCHED,?,C_AIM,1.8,54.0
PANEL_WT_MATCHED,?,C_AIM,1.9,59.0
PANEL_WT_MATCHED,?,C_AIM,2.0,63.0
PANEL_WT_MATCHED,?,C_AIM,2.1,64.0
PANEL_WT_MATCHED,?,C_AIM,2.2,65.0
PANEL_WT_MATCHED,?,C_AIM,2.3,62.0
PANEL_WT_MATCHED,?,C_AIM,2.4,61.0
PANEL_WT_MATCHED,?,C_AIM,2.5,66.0
PANEL_WT_MATCHED,?,C_AIM,2.6,65.0
PANEL_WT_MATCHED,?,C_AIM,2.7,66.0
PANEL_WT_MATCHED,?,C_AIM,2.8,68.0
PANEL_WT_MATCHED,?,C_AIM,2.9,62.0
PANEL_WT_MATCHED,?,C_AIM,3.0,64.0
PANEL_WT_MATCHED,?,C_AIM,3.1,67.0
PANEL_WT_MATCHED,?,C_AIM,3.2,67.0
PANEL_WT_MATCHED,?,C_AIM,3.3,65.0
PANEL_WT_MATCHED,?,C_AIM,3.4,59.0
PANEL_WT_MATCHED,?,C_AIM,3.5,64.0
PANEL_WT_MATCHED,?,C_AIM,3.6,76.0
PANEL_WT_MATCHED,?,C_AIM,3.7,71.0
PANEL_WT_MATCHED,?,C_AIM,3.8,71.0
PANEL_WT_MATCHED,?,C_AIM,3.9,70.0
PANEL_WT_MATCHED,?,C_AIM,4.0,54.0
PANEL_WT_MATCHED,?,C_AIM,4.1,62.0
PANEL_WT_MATCHED,?,C_AIM,4.2,67.0
PANEL_WT_MATCHED,?,C_AIM,4.3,73.0
PANEL_WT_MATCHED,?,C_AIM,4.4,67.0
PANEL_WT_MATCHED,?,C_AIM,4.5,57.0
PANEL_WT_MATCHED,?,C_AIM,4.6,62.0
PANEL_WT_MATCHED,?,C_AIM,4.7,60.0
PANEL_WT_MATCHED,?,C_AIM,4.8,64.0
PANEL_WT_MATCHED,?,C_AIM,4.9,75.0
PANEL_WT_MATCHED,?,C_AIM,5.0,77.0
PANEL_WT_MATCHED,?,C_AIM,5.1,65.0
PANEL_WT_MATCHED,?,C_AIM,5.2,60.0
PANEL_WT_MATCHED,?,C_AIM,5.3,60.0
PANEL_WT_MATCHED,?,C_AIM,5.4,53.0
PANEL_WT_MATCHED,?,C_AIM,5.5,57.0
PANEL_WT_MATCHED,?,C_AIM,5.6,57.0
PANEL_WT_MATCHED,?,C_AIM,5.7,56.0
PANEL_WT_MATCHED,?,C_AIM,5.8,54.0
PANEL_WT_MATCHED,?,C_AIM,5.9,48.0
PANEL_WT_MATCHED,?,C_AIM,6.0,65.0
PANEL_WT_MATCHED,?,C_AIM,6.1,51.0
PANEL_WT_MATCHED,?,C_AIM,6.2,54.0
PANEL_WT_MATCHED,?,C_AIM,6.3,52.0
PANEL_WT_MATCHED,?,C_AIM,6.4,56.0
PANEL_WT_MATCHED,?,C_AIM,6.5,54.0
PANEL_WT_MATCHED,?,C_AIM,6.6,48.0
PANEL_WT_MATCHED,?,C_AIM,6.7,60.0
PANEL_WT_MATCHED,?,C_AIM,6.8,61.0
PANEL_WT_MATCHED,?,C_AIM,6.9,60.0
PANEL_WT_MATCHED,?,C_AIM,7.0,56.0
PANEL_WT_MATCHED,?,C_AIM,7.1,54.0
PANEL_WT_MATCHED,?,C_AIM,7.2,54.0
PANEL_WT_MATCHED,?,C_AIM,7.3,47.0
PANEL_WT_MATCHED,?,C_AIM,7.400001,52.0
PANEL_WT_MATCHED,?,C_AIM,7.5,43.0
PANEL_WT_MATCHED,?,C_AIM,7.6,52.0
PANEL_WT_MATCHED,?,C_AIM,7.7,49.0
PANEL_WT_MATCHED,?,C_AIM,7.8,46.0
PANEL_WT_MATCHED,?,C_AIM,7.900001,52.0
PANEL_WT_MATCHED,?,C_AIM,8.0,57.0
PANEL_WT_MATCHED,?,C_AIM,8.1,61.0
PANEL_WT_MATCHED,?,C_AIM,8.200001,62.0
PANEL_WT_MATCHED,?,C_AIM,8.3,61.0
PANEL_WT_MATCHED,?,C_AIM,8.400001,53.0
PANEL_WT_MATCHED,?,C_AIM,8.5,53.0
PANEL_WT_MATCHED,?,C_AIM,8.6,60.0
PANEL_WT_MATCHED,?,C_AIM,8.700001,56.0
PANEL_WT_MATCHED,?,C_AIM,8.8,59.0
PANEL_WT_MATCHED,?,C_AIM,8.900001,62.0
PANEL_WT_MATCHED,?,C_AIM,9.0,56.0
PANEL_WT_MATCHED,?,C_AIM,9.1,54.0
PANEL_WT_MATCHED,?,C_AIM,9.200001,52.0
PANEL_WT_MATCHED,?,C_AIM,9.3,49.0
PANEL_WT_MATCHED,?,C_AIM,9.400001,56.0
PANEL_WT_MATCHED,?,C_AIM,9.5,63.0
PANEL_WT_MATCHED,?,C_AIM,9.6,58.0
PANEL_WT_MATCHED,?,C_AIM,9.700001,68.0
PANEL_WT_MATCHED,?,C_AIM,9.8,63.0
PANEL_WT_MATCHED,?,C_AIM,9.900001,66.0
PANEL_WT_MATCHED,?,C_AIM,10.0,52.0
PANEL_WT_MATCHED,?,C_AIM,10.1,50.0
PANEL_WT_MATCHED,?,C_AIM,10.2,59.0
PANEL_WT_MATCHED,?,C_AIM,10.3,56.0
PANEL_WT_MATCHED,?,C_AIM,10.4,44.0
PANEL_WT_MATCHED,?,C_AIM,10.5,56.0
PANEL_WT_MATCHED,?,C_AIM,10.6,61.0
PANEL_WT_MATCHED,?,C_AIM,10.7,51.0
PANEL_WT_MATCHED,?,C_AIM,10.8,55.0
PANEL_WT_MATCHED,?,C_AIM,10.9,61.0
PANEL_WT_MATCHED,?,C_AIM,11.0,48.0
PANEL_WT_MATCHED,?,C_AIM,11.1,56.0
PANEL_WT_MATCHED,?,C_AIM,11.2,54.0
PANEL_WT_MATCHED,?,C_AIM,11.3,59.0
PANEL_WT_MATCHED,?,C_AIM,11.4,55.0
PANEL_WT_MATCHED,?,C_AIM,11.5,54.0
PANEL_WT_MATCHED,?,C_AIM,11.6,56.0
PANEL_WT_MATCHED,?,C_AIM,11.7,65.0
PANEL_WT_MATCHED,?,C_AIM,11.8,53.0
PANEL_WT_MATCHED,?,C_AIM,11.9,53.0
PANEL_WT_MATCHED,?,C_AIM,12.0,48.0
PANEL_WT_MATCHED,?,C_AIM,12.1,66.0
PANEL_WT_MATCHED,?,C_AIM,12.2,60.0
PANEL_WT_MATCHED,?,C_AIM,12.3,54.0
PANEL_WT_MATCHED,?,C_AIM,12.4,63.0
PANEL_WT_MATCHED,?,C_AIM,12.5,61.0
PANEL_WT_MATCHED,?,C_AIM,12.6,49.0
PANEL_WT_MATCHED,?,C_AIM,12.7,65.0
PANEL_WT_MATCHED,?,C_AIM,12.8,56.0
PANEL_WT_MATCHED,?,C_AIM,12.9,61.0
PANEL_WT_MATCHED,?,C_AIM,13.0,55.0
PANEL_WT_MATCHED,?,C_AIM,13.1,52.0
PANEL_WT_MATCHED,?,C_AIM,13.2,63.0
PANEL_WT_MATCHED,?,C_AIM,13.3,49.0
PANEL_WT_MATCHED,?,C_AIM,13.4,63.0
PANEL_WT_MATCHED,?,C_AIM,13.5,62.0
PANEL_WT_MATCHED,?,C_AIM,13.6,54.0
PANEL_WT_MATCHED,?,C_AIM,13.7,59.0
PANEL_WT_MATCHED,?,C_AIM,13.8,57.0
PANEL_WT_MATCHED,?,C_AIM,13.9,56.0
PANEL_WT_MATCHED,?,C_AIM,14.0,46.0
PANEL_WT_MATCHED,?,C_AIM,14.1,55.0
PANEL_WT_MATCHED,?,C_AIM,14.2,63.0
PANEL_WT_MATCHED,?,C_AIM,14.3,58.0
PANEL_WT_MATCHED,?,C_AIM,14.4,60.0
PANEL_WT_MATCHED,?,C_AIM,14.5,51.0
PANEL_WT_MATCHED,?,C_AIM,14.6,60.0
PANEL_WT_MATCHED,?,C_AIM,14.7,58.0
PANEL_WT_MATCHED,?,C_AIM,14.8,48.0
PANEL_WT_MATCHED,?,C_AIM,14.9,56.0
PANEL_WT_MATCHED,?,C_AIM,15.0,60.0
PANEL_WT_MATCHED,?,C_AIM,15.1,54.0
PANEL_WT_MATCHED,?,C_AIM,15.2,63.0
PANEL_WT_MATCHED,?,C_AIM,15.3,55.0
PANEL_WT_MATCHED,?,C_AIM,15.4,52.0
PANEL_WT_MATCHED,?,C_AIM,15.5,58.0
PANEL_WT_MATCHED,?,C_AIM,15.6,55.0
PANEL_WT_MATCHED,?,C_AIM,15.7,52.0
PANEL_WT_MATCHED,?,C_AIM,15.8,53.0
PANEL_WT_MATCHED,?,C_AIM,15.9,56.0
PANEL_WT_MATCHED,?,C_AIM,16.0,61.0
PANEL_WT_MATCHED,?,C_AIM,16.1,62.0
PANEL_WT_MATCHED,?,C_AIM,16.2,51.0
PANEL_WT_MATCHED,?,C_AIM,16.3,45.0
PANEL_WT_MATCHED,?,C_AIM,16.4,63.0
PANEL_WT_MATCHED,?,C_AIM,16.5,56.0
PANEL_WT_MATCHED,?,C_AIM,16.6,58.0
PANEL_WT_MATCHED,?,C_AIM,16.7,53.0
PANEL_WT_MATCHED,?,C_AIM,16.8,54.0
PANEL_WT_MATCHED,?,C_AIM,16.9,50.0
PANEL_WT_MATCHED,?,C_AIM,17.0,65.0
PANEL_WT_MATCHED,?,C_AIM,17.1,64.0
PANEL_WT_MATCHED,?,C_AIM,17.2,58.0
PANEL_WT_MATCHED,?,C_AIM,17.3,56.0
PANEL_WT_MATCHED,?,C_AIM,17.4,67.0
PANEL_WT_MATCHED,?,C_AIM,17.5,50.0
PANEL_WT_MATCHED,?,C_AIM,17.6,62.0
PANEL_WT_MATCHED,?,C_AIM,17.7,54.0
PANEL_WT_MATCHED,?,C_AIM,17.8,67.0
PANEL_WT_MATCHED,?,C_AIM,17.9,62.0
PANEL_WT_MATCHED,?,C_AIM,18.0,61.0
PANEL_WT_MATCHED,?,C_AIM,18.1,68.0
PANEL_WT_MATCHED,?,C_AIM,18.2,66.0
PANEL_WT_MATCHED,?,C_AIM,18.3,55.0
PANEL_WT_MATCHED,?,C_AIM,18.4,48.0
PANEL_WT_MATCHED,?,C_AIM,18.5,67.0
PANEL_WT_MATCHED,?,C_AIM,18.6,57.0
PANEL_WT_MATCHED,?,C_AIM,18.7,60.0
PANEL_WT_MATCHED,?,C_AIM,18.8,58.0
PANEL_WT_MATCHED,?,C_AIM,18.9,58.0
PANEL_WT_MATCHED,?,C_AIM,19.0,61.0
PANEL_WT_MATCHED,?,C_AIM,19.1,64.0
PANEL_WT_MATCHED,?,C_AIM,19.2,52.0
PANEL_WT_MATCHED,?,C_AIM,19.3,62.0
PANEL_WT_MATCHED,?,C_AIM,19.4,60.0
PANEL_WT_MATCHED,?,C_AIM,19.5,53.0
PANEL_WT_MATCHED,?,C_AIM,19.6,53.0
PANEL_WT_MATCHED,?,C_AIM,19.7,53.0
PANEL_WT_MATCHED,?,C_AIM,19.8,57.0
PANEL_WT_MATCHED,?,C_AIM,19.9,60.0
PANEL_WT_MATCHED,?,C_AIM,20.0,65.0
PANEL_WT_MATCHED,?,C_AIM,20.1,61.0
PANEL_WT_MATCHED,?,C_AIM,20.2,56.0
PANEL_WT_MATCHED,?,C_AIM,20.3,52.0
PANEL_WT_MATCHED,?,C_AIM,20.4,48.0
PANEL_WT_MATCHED,?,C_AIM,20.5,59.0
PANEL_WT_MATCHED,?,C_AIM,20.6,47.0
PANEL_WT_MATCHED,?,C_AIM,20.7,61.0
PANEL_WT_MATCHED,?,C_AIM,20.8,55.0
PANEL_WT_MATCHED,?,C_AIM,20.9,66.0
PANEL_WT_MATCHED,?,C_AIM,21.0,65.0
PANEL_WT_MATCHED,?,C_AIM,21.1,57.0
PANEL_WT_MATCHED,?,C_AIM,21.2,63.0
PANEL_WT_MATCHED,?,C_AIM,21.3,63.0
PANEL_WT_MATCHED,?,C_AIM,21.4,54.0
PANEL_WT_MATCHED,?,C_AIM,21.5,59.0
PANEL_WT_MATCHED,?,C_AIM,21.6,56.0
PANEL_WT_MATCHED,?,C_AIM,21.7,60.0
PANEL_WT_MATCHED,?,C_AIM,21.8,63.0
PANEL_WT_MATCHED,?,C_AIM,21.9,57.0
PANEL_WT_MATCHED,?,C_AIM,22.0,60.0
PANEL_WT_MATCHED,?,C_AIM,22.1,58.0
PANEL_WT_MATCHED,?,C_AIM,22.2,52.0
PANEL_WT_MATCHED,?,C_AIM,22.3,56.0
PANEL_WT_MATCHED,?,C_AIM,22.4,47.0
PANEL_WT_MATCHED,?,C_AIM,22.5,42.0
PANEL_WT_MATCHED,?,C_AIM,22.6,45.0
PANEL_WT_MATCHED,?,C_AIM,22.7,41.0
PANEL_WT_MATCHED,?,C_AIM,22.8,42.0
PANEL_WT_MATCHED,?,C_AIM,22.9,42.0
PANEL_WT_MATCHED,?,C_AIM,23.0,45.0
PANEL_WT_MATCHED,?,C_AIM,23.1,45.0
PANEL_WT_MATCHED,?,C_AIM,23.2,50.0
PANEL_WT_MATCHED,?,C_AIM,23.3,45.0
PANEL_WT_MATCHED,?,C_AIM,23.4,47.0
PANEL_WT_MATCHED,?,C_AIM,23.5,39.0
PANEL_WT_MATCHED,?,C_AIM,23.6,43.0
PANEL_WT_MATCHED,?,C_AIM,23.7,44.0
PANEL_WT_MATCHED,?,C_AIM,23.8,48.0
PANEL_WT_MATCHED,?,C_AIM,23.9,49.0
PANEL_WT_MATCHED,?,C_AIM,24.0,48.0
PANEL_WT_MATCHED,?,C_AIM,24.1,59.0
PANEL_WT_MATCHED,?,C_AIM,24.2,49.0
PANEL_WT_MATCHED,?,C_AIM,24.3,42.0
PANEL_WT_MATCHED,?,C_AIM,24.4,57.0
PANEL_WT_MATCHED,?,C_AIM,24.5,56.0
PANEL_WT_MATCHED,?,C_AIM,24.6,51.0
PANEL_WT_MATCHED,?,C_AIM,24.7,58.0
PANEL_WT_MATCHED,?,C_AIM,24.8,51.0
PANEL_WT_MATCHED,?,C_AIM,24.9,56.0
PANEL_WT_MATCHED,?,C_AIM,25.0,53.0
PANEL_WT_MATCHED,?,C_AIM,25.1,62.0
PANEL_WT_MATCHED,?,C_AIM,25.2,58.0
PANEL_WT_MATCHED,?,C_AIM,25.3,54.0
PANEL_WT_MATCHED,?,C_AIM,25.4,63.0
PANEL_WT_MATCHED,?,C_AIM,25.5,57.0
PANEL_WT_MATCHED,?,C_AIM,25.6,58.0
PANEL_WT_MATCHED,?,C_AIM,25.7,61.0
PANEL_WT_MATCHED,?,C_AIM,25.8,56.0
PANEL_WT_MATCHED,?,C_AIM,25.9,50.0
PANEL_WT_MATCHED,?,C_AIM,26.0,55.0
PANEL_WT_MATCHED,?,C_AIM,26.1,62.0
PANEL_WT_MATCHED,?,C_AIM,26.2,54.0
PANEL_WT_MATCHED,?,C_AIM,26.3,60.0
PANEL_WT_MATCHED,?,C_AIM,26.4,59.0
PANEL_WT_MATCHED,?,C_AIM,26.5,62.0
PANEL_WT_MATCHED,?,C_AIM,26.6,58.0
PANEL_WT_MATCHED,?,C_AIM,26.7,51.0
PANEL_WT_MATCHED,?,C_AIM,26.8,51.0
PANEL_WT_MATCHED,?,C_AIM,26.9,55.0
PANEL_WT_MATCHED,?,C_AIM,27.0,42.0
PANEL_WT_MATCHED,?,C_AIM,27.1,48.0
PANEL_WT_MATCHED,?,C_AIM,27.2,55.0
PANEL_WT_MATCHED,?,C_AIM,27.3,57.0
PANEL_WT_MATCHED,?,C_AIM,27.4,61.0
PANEL_WT_MATCHED,?,C_AIM,27.5,54.0
PANEL_WT_MATCHED,?,C_AIM,27.6,65.0
PANEL_WT_MATCHED,?,C_AIM,27.7,62.0
PANEL_WT_MATCHED,?,C_AIM,27.8,52.0
PANEL_WT_MATCHED,?,C_AIM,27.9,51.0
PANEL_WT_MATCHED,?,C_AIM,28.0,56.0
PANEL_WT_MATCHED,?,C_AIM,28.1,65.0
PANEL_WT_MATCHED,?,C_AIM,28.2,57.0
PANEL_WT_MATCHED,?,C_AIM,28.3,58.0
PANEL_WT_MATCHED,?,C_AIM,28.4,58.0
PANEL_WT_MATCHED,?,C_AIM,28.5,58.0
PANEL_WT_MATCHED,?,C_AIM,28.6,46.0
PANEL_WT_MATCHED,?,C_AIM,28.7,62.0
PANEL_WT_MATCHED,?,C_AIM,28.8,57.0
PANEL_WT_MATCHED,?,C_AIM,28.9,45.0
PANEL_WT_MATCHED,?,C_AIM,29.0,52.0
PANEL_WT_MATCHED,?,C_AIM,29.1,60.0
PANEL_WT_MATCHED,?,C_AIM,29.2,49.0
PANEL_WT_MATCHED,?,C_AIM,29.3,50.0
PANEL_WT_MATCHED,?,C_AIM,29.4,53.0
PANEL_WT_MATCHED,?,C_AIM,29.5,56.0
PANEL_WT_MATCHED,?,C_AIM,29.6,49.0
PANEL_WT_MATCHED,?,C_AIM,29.7,50.0
PANEL_WT_MATCHED,?,C_AIM,29.8,49.0
PANEL_WT_MATCHED,?,C_AIM,29.9,57.0
PANEL_WT_MATCHED,?,C_AIM,30.0,55.0
PANEL_WT_MATCHED,?,C_AIM,30.1,56.0
PANEL_WT_MATCHED,?,C_AIM,30.2,63.0
PANEL_WT_MATCHED,?,C_AIM,30.3,48.0
PANEL_WT_MATCHED,?,C_AIM,30.4,62.0
PANEL_WT_MATCHED,?,C_AIM,30.5,57.0
PANEL_WT_MATCHED,?,C_AIM,30.6,55.0
PANEL_WT_MATCHED,?,C_AIM,30.7,58.0
PANEL_WT_MATCHED,?,C_AIM,30.8,59.0
PANEL_WT_MATCHED,?,C_AIM,30.9,57.0
PANEL_WT_MATCHED,?,C_AIM,31.0,59.0
PANEL_WT_MATCHED,?,C_AIM,31.1,56.0
PANEL_WT_MATCHED,?,C_AIM,31.2,56.0
PANEL_WT_MATCHED,?,C_AIM,31.3,63.0
PANEL_WT_MATCHED,?,C_AIM,31.4,57.0
PANEL_WT_MATCHED,?,C_AIM,31.5,55.0
PANEL_WT_MATCHED,?,C_AIM,31.6,52.0
PANEL_WT_MATCHED,?,C_AIM,31.7,55.0
PANEL_WT_MATCHED,?,C_AIM,31.8,60.0
PANEL_WT_MATCHED,?,C_AIM,31.9,57.0
PANEL_WT_MATCHED,?,C_AIM,32.0,54.0
PANEL_WT_MATCHED,?,C_AIM,32.1,55.0
PANEL_WT_MATCHED,?,C_AIM,32.2,54.0
PANEL_WT_MATCHED,?,C_AIM,32.3,52.0
PANEL_WT_MATCHED,?,C_AIM,32.4,53.0
PANEL_WT_MATCHED,?,C_AIM,32.5,54.0
PANEL_WT_MATCHED,?,C_AIM,32.6,56.0
PANEL_WT_MATCHED,?,C_AIM,32.7,40.0
PANEL_WT_MATCHED,?,C_AIM,32.8,57.0
PANEL_WT_MATCHED,?,C_AIM,32.9,57.0
PANEL_WT_MATCHED,?,C_AIM,33.0,56.0
PANEL_WT_MATCHED,?,C_AIM,33.1,60.0
PANEL_WT_MATCHED,?,C_AIM,33.2,55.0
PANEL_WT_MATCHED,?,C_AIM,33.3,60.0
PANEL_WT_MATCHED,?,C_AIM,33.4,52.0
PANEL_WT_MATCHED,?,C_AIM,33.5,57.0
PANEL_WT_MATCHED,?,C_AIM,33.6,52.0
PANEL_WT_MATCHED,?,C_AIM,33.7,36.0
PANEL_WT_MATCHED,?,C_AIM,33.8,47.0
PANEL_WT_MATCHED,?,C_AIM,33.9,46.0
PANEL_WT_MATCHED,?,C_AIM,34.0,54.0
PANEL_WT_MATCHED,?,C_AIM,34.1,55.0
PANEL_WT_MATCHED,?,C_AIM,34.2,56.0
PANEL_WT_MATCHED,?,C_AIM,34.3,57.0
PANEL_WT_MATCHED,?,C_AIM,34.4,50.0
PANEL_WT_MATCHED,?,C_AIM,34.5,47.0
PANEL_WT_MATCHED,?,C_AIM,34.6,46.0
PANEL_WT_MATCHED,?,C_AIM,34.7,47.0
PANEL_WT_MATCHED,?,C_AIM,34.8,46.0
PANEL_WT_MATCHED,?,C_AIM,34.9,62.0
PANEL_WT_MATCHED,?,C_AIM,35.0,62.0
PANEL_WT_MATCHED,?,C_AIM,35.1,48.0
PANEL_WT_MATCHED,?,C_AIM,35.2,60.0
PANEL_WT_MATCHED,?,C_AIM,35.3,50.0
PANEL_WT_MATCHED,?,C_AIM,35.4,59.0
PANEL_WT_MATCHED,?,C_AIM,35.5,71.0
PANEL_WT_MATCHED,?,C_AIM,35.6,50.0
PANEL_WT_MATCHED,?,C_AIM,35.7,65.0
PANEL_WT_MATCHED,?,C_AIM,35.8,52.0
PANEL_WT_MATCHED,?,C_AIM,35.9,46.0
PANEL_WT_MATCHED,?,C_AIM,36.0,59.0
PANEL_WT_MATCHED,?,C_AIM,36.1,53.0
PANEL_WT_MATCHED,?,C_AIM,36.2,53.0
PANEL_WT_MATCHED,?,C_AIM,36.3,58.0
PANEL_WT_MATCHED,?,C_AIM,36.4,58.0
PANEL_WT_MATCHED,?,C_AIM,36.5,56.0
PANEL_WT_MATCHED,?,C_AIM,36.6,47.0
PANEL_WT_MATCHED,?,C_AIM,36.7,50.0
PANEL_WT_MATCHED,?,C_AIM,36.8,56.0
PANEL_WT_MATCHED,?,C_AIM,36.9,60.0
PANEL_WT_MATCHED,?,C_AIM,37.0,52.0
PANEL_WT_MATCHED,?,C_AIM,37.1,55.0
PANEL_WT_MATCHED,?,C_AIM,37.2,56.0
PANEL_WT_MATCHED,?,C_AIM,37.3,58.0
PANEL_WT_MATCHED,?,C_AIM,37.4,63.0
PANEL_WT_MATCHED,?,C_AIM,37.5,49.0
PANEL_WT_MATCHED,?,C_AIM,37.6,58.0
PANEL_WT_MATCHED,?,C_AIM,37.7,56.0
PANEL_WT_MATCHED,?,C_AIM,37.8,51.0
PANEL_WT_MATCHED,?,C_AIM,37.9,62.0
PANEL_WT_MATCHED,?,C_AIM,38.0,55.0
PANEL_WT_MATCHED,?,C_AIM,38.1,57.0
PANEL_WT_MATCHED,?,C_AIM,38.2,57.0
PANEL_WT_MATCHED,?,C_AIM,38.3,58.0
PANEL_WT_MATCHED,?,C_AIM,38.4,51.0
PANEL_WT_MATCHED,?,C_AIM,38.5,56.0
PANEL_WT_MATCHED,?,C_AIM,38.6,56.0
PANEL_WT_MATCHED,?,C_AIM,38.7,57.0
PANEL_WT_MATCHED,?,C_AIM,38.8,48.0
PANEL_WT_MATCHED,?,C_AIM,38.9,41.0
PANEL_WT_MATCHED,?,C_AIM,39.0,55.0
PANEL_WT_MATCHED,?,C_AIM,39.1,56.0
PANEL_WT_MATCHED,?,C_AIM,39.2,55.0
PANEL_WT_MATCHED,?,C_AIM,39.3,50.0
PANEL_WT_MATCHED,?,C_AIM,39.4,56.0
PANEL_WT_MATCHED,?,C_AIM,39.5,62.0
PANEL_WT_MATCHED,?,C_AIM,39.6,57.0
PANEL_WT_MATCHED,?,C_AIM,39.7,62.0
PANEL_WT_MATCHED,?,C_AIM,39.8,55.0
PANEL_WT_MATCHED,?,C_AIM,39.9,61.0
PANEL_WT_MATCHED,?,C_AIM,40.0,53.0
PANEL_WT_MATCHED,?,C_AIM,40.1,59.0
PANEL_WT_MATCHED,?,C_AIM,40.2,56.0
PANEL_WT_MATCHED,?,C_AIM,40.3,54.0
PANEL_WT_MATCHED,?,C_AIM,40.4,45.0
PANEL_WT_MATCHED,?,C_AIM,40.5,51.0
PANEL_WT_MATCHED,?,C_AIM,40.6,64.0
PANEL_WT_MATCHED,?,C_AIM,40.7,56.0
PANEL_WT_MATCHED,?,C_AIM,40.8,55.0
PANEL_WT_MATCHED,?,C_AIM,40.9,59.0
PANEL_WT_MATCHED,?,C_AIM,41.0,54.0
PANEL_WT_MATCHED,?,C_AIM,41.1,49.0
PANEL_WT_MATCHED,?,C_AIM,41.2,63.0
PANEL_WT_MATCHED,?,C_AIM,41.3,63.0
PANEL_WT_MATCHED,?,C_AIM,41.4,59.0
PANEL_WT_MATCHED,?,C_AIM,41.5,57.0
PANEL_WT_MATCHED,?,C_AIM,41.6,60.0
PANEL_WT_MATCHED,?,C_AIM,41.7,56.0
PANEL_WT_MATCHED,?,C_AIM,41.8,65.0
PANEL_WT_MATCHED,?,C_AIM,41.9,57.0
PANEL_WT_MATCHED,?,C_AIM,42.0,58.0
PANEL_WT_MATCHED,?,C_AIM,42.1,55.0
PANEL_WT_MATCHED,?,C_AIM,42.2,58.0
PANEL_WT_MATCHED,?,C_AIM,42.3,52.0
PANEL_WT_MATCHED,?,C_AIM,42.4,56.0
PANEL_WT_MATCHED,?,C_AIM,42.5,50.0
PANEL_WT_MATCHED,?,C_AIM,42.6,49.0
PANEL_WT_MATCHED,?,C_AIM,42.7,52.0
PANEL_WT_MATCHED,?,C_AIM,42.8,42.0
PANEL_WT_MATCHED,?,C_AIM,42.9,52.0
PANEL_WT_MATCHED,?,C_AIM,43.0,45.0
PANEL_WT_MATCHED,?,C_AIM,43.1,45.0
PANEL_WT_MATCHED,?,C_AIM,43.2,51.0
PANEL_WT_MATCHED,?,C_AIM,43.3,46.0
PANEL_WT_MATCHED,?,C_AIM,43.4,51.0
PANEL_WT_MATCHED,?,C_AIM,43.5,49.0
PANEL_WT_MATCHED,?,C_AIM,43.6,50.0
PANEL_WT_MATCHED,?,C_AIM,43.7,40.0
PANEL_WT_MATCHED,?,C_AIM,43.8,49.0
PANEL_WT_MATCHED,?,C_AIM,43.9,39.0
PANEL_WT_MATCHED,?,C_AIM,44.0,47.0
PANEL_WT_MATCHED,?,C_AIM,44.1,52.0
PANEL_WT_MATCHED,?,C_AIM,44.2,50.0
PANEL_WT_MATCHED,?,C_AIM,44.3,40.0
PANEL_WT_MATCHED,?,C_AIM,44.4,53.0
PANEL_WT_MATCHED,?,C_AIM,44.5,50.0
PANEL_WT_MATCHED,?,C_AIM,44.6,48.0
PANEL_WT_MATCHED,?,C_AIM,44.7,61.0
PANEL_WT_MATCHED,?,C_AIM,44.8,58.0
PANEL_WT_MATCHED,?,C_AIM,44.9,57.0
PANEL_WT_MATCHED,?,C_AIM,45.0,61.0
PANEL_WT_MATCHED,?,C_AIM,45.1,64.0
PANEL_WT_MATCHED,?,C_AIM,45.2,47.0
PANEL_WT_MATCHED,?,C_AIM,45.3,68.0
PANEL_WT_MATCHED,?,C_AIM,45.4,69.0
PANEL_WT_MATCHED,?,C_AIM,45.5,71.0
PANEL_WT_MATCHED,?,C_AIM,45.6,57.0
PANEL_WT_MATCHED,?,C_AIM,45.7,62.0
PANEL_WT_MATCHED,?,C_AIM,45.8,60.0
PANEL_WT_MATCHED,?,C_AIM,45.9,66.0
PANEL_WT_MATCHED,?,C_AIM,46.0,62.0
PANEL_WT_MATCHED,?,C_AIM,46.1,59.0
PANEL_WT_MATCHED,?,C_AIM,46.2,56.0
PANEL_WT_MATCHED,?,C_AIM,46.3,57.0
PANEL_WT_MATCHED,?,C_AIM,46.4,59.0
PANEL_WT_MATCHED,?,C_AIM,46.5,59.0
PANEL_WT_MATCHED,?,C_AIM,46.6,44.0
PANEL_WT_MATCHED,?,C_AIM,46.7,48.0
PANEL_WT_MATCHED,?,C_AIM,46.8,60.0
PANEL_WT_MATCHED,?,C_AIM,46.9,53.0
PANEL_WT_MATCHED,?,C_AIM,47.0,51.0
PANEL_WT_MATCHED,?,C_AIM,47.1,57.0
PANEL_WT_MATCHED,?,C_AIM,47.2,65.0
PANEL_WT_MATCHED,?,C_AIM,47.3,54.0
PANEL_WT_MATCHED,?,C_AIM,47.4,55.0
PANEL_WT_MATCHED,?,C_AIM,47.5,54.0
PANEL_WT_MATCHED,?,C_AIM,47.6,56.0
PANEL_WT_MATCHED,?,C_AIM,47.7,57.0
PANEL_WT_MATCHED,?,C_AIM,47.8,55.0
PANEL_WT_MATCHED,?,C_AIM,47.9,54.0
PANEL_WT_MATCHED,?,C_AIM,48.0,63.0
PANEL_WT_MATCHED,?,C_AIM,48.1,56.0
PANEL_WT_MATCHED,?,C_AIM,48.2,49.0
PANEL_WT_MATCHED,?,C_AIM,48.3,47.0
PANEL_WT_MATCHED,?,C_AIM,48.4,47.0
PANEL_WT_MATCHED,?,C_AIM,48.5,47.0
PANEL_WT_MATCHED,?,C_AIM,48.6,52.0
PANEL_WT_MATCHED,?,C_AIM,48.7,47.0
PANEL_WT_MATCHED,?,C_AIM,48.8,49.0
PANEL_WT_MATCHED,?,C_AIM,48.9,52.0
PANEL_WT_MATCHED,?,C_AIM,49.0,50.0
PANEL_WT_MATCHED,?,C_AIM,49.1,59.0
PANEL_WT_MATCHED,?,C_AIM,49.2,45.0
PANEL_WT_MATCHED,?,C_AIM,49.3,53.0
PANEL_WT_MATCHED,?,C_AIM,49.4,47.0
PANEL_WT_MATCHED,?,C_AIM,49.5,41.0
PANEL_WT_MATCHED,?,C_AIM,49.6,51.0
PANEL_WT_MATCHED,?,C_AIM,49.7,52.0
PANEL_WT_MATCHED,?,C_AIM,49.8,37.0
PANEL_WT_MATCHED,?,C_AIM,49.9,33.0
PANEL_WT_MATCHED,?,C_AIM,50.0,47.0
P1413L,?,AIM_all,0.0,170.0
P1413L,?,AIM_all,0.1,172.0
P1413L,?,AIM_all,0.2,169.0
P1413L,?,AIM_all,0.3,171.0
P1413L,?,AIM_all,0.4,162.0
P1413L,?,AIM_all,0.5,157.0
P1413L,?,AIM_all,0.6,167.0
P1413L,?,AIM_all,0.7,170.0
P1413L,?,AIM_all,0.8,175.0
P1413L,?,AIM_all,0.9,166.0
P1413L,?,AIM_all,1.0,158.0
P1413L,?,AIM_all,1.1,165.0
P1413L,?,AIM_all,1.2,180.0
P1413L,?,AIM_all,1.3,167.0
P1413L,?,AIM_all,1.4,168.0
P1413L,?,AIM_all,1.5,175.0
P1413L,?,AIM_all,1.6,170.0
P1413L,?,AIM_all,1.7,158.0
P1413L,?,AIM_all,1.8,165.0
P1413L,?,AIM_all,1.9,162.0
P1413L,?,AIM_all,2.0,161.0
P1413L,?,AIM_all,2.1,168.0
P1413L,?,AIM_all,2.2,175.0
P1413L,?,AIM_all,2.3,170.0
P1413L,?,AIM_all,2.4,158.0
P1413L,?,AIM_all,2.5,153.0
P1413L,?,AIM_all,2.6,171.0
P1413L,?,AIM_all,2.7,168.0
P1413L,?,AIM_all,2.8,162.0
P1413L,?,AIM_all,2.9,175.0
P1413L,?,AIM_all,3.0,172.0
P1413L,?,AIM_all,3.1,146.0
P1413L,?,AIM_all,3.2,152.0
P1413L,?,AIM_all,3.3,150.0
P1413L,?,AIM_all,3.4,153.0
P1413L,?,AIM_all,3.5,158.0
P1413L,?,AIM_all,3.6,161.0
P1413L,?,AIM_all,3.7,153.0
P1413L,?,AIM_all,3.8,150.0
P1413L,?,AIM_all,3.9,163.0
P1413L,?,AIM_all,4.0,162.0
P1413L,?,AIM_all,4.1,166.0
P1413L,?,AIM_all,4.2,155.0
P1413L,?,AIM_all,4.3,151.0
P1413L,?,AIM_all,4.4,147.0
P1413L,?,AIM_all,4.5,158.0
P1413L,?,AIM_all,4.6,137.0
P1413L,?,AIM_all,4.7,153.0
P1413L,?,AIM_all,4.8,156.0
P1413L,?,AIM_all,4.9,150.0
P1413L,?,AIM_all,5.0,146.0
P1413L,?,AIM_all,5.1,142.0
P1413L,?,AIM_all,5.2,160.0
P1413L,?,AIM_all,5.3,148.0
P1413L,?,AIM_all,5.4,157.0
P1413L,?,AIM_all,5.5,157.0
P1413L,?,AIM_all,5.6,170.0
P1413L,?,AIM_all,5.7,155.0
P1413L,?,AIM_all,5.8,158.0
P1413L,?,AIM_all,5.9,167.0
P1413L,?,AIM_all,6.0,162.0
P1413L,?,AIM_all,6.1,176.0
P1413L,?,AIM_all,6.2,162.0
P1413L,?,AIM_all,6.3,160.0
P1413L,?,AIM_all,6.4,157.0
P1413L,?,AIM_all,6.5,156.0
P1413L,?,AIM_all,6.6,143.0
P1413L,?,AIM_all,6.7,144.0
P1413L,?,AIM_all,6.8,157.0
P1413L,?,AIM_all,6.9,166.0
P1413L,?,AIM_all,7.0,170.0
P1413L,?,AIM_all,7.1,163.0
P1413L,?,AIM_all,7.2,179.0
P1413L,?,AIM_all,7.3,156.0
P1413L,?,AIM_all,7.400001,169.0
P1413L,?,AIM_all,7.5,167.0
P1413L,?,AIM_all,7.6,171.0
P1413L,?,AIM_all,7.7,169.0
P1413L,?,AIM_all,7.8,164.0
P1413L,?,AIM_all,7.900001,177.0
P1413L,?,AIM_all,8.0,172.0
P1413L,?,AIM_all,8.1,187.0
P1413L,?,AIM_all,8.200001,193.0
P1413L,?,AIM_all,8.3,194.0
P1413L,?,AIM_all,8.400001,191.0
P1413L,?,AIM_all,8.5,179.0
P1413L,?,AIM_all,8.6,192.0
P1413L,?,AIM_all,8.700001,182.0
P1413L,?,AIM_all,8.8,192.0
P1413L,?,AIM_all,8.900001,170.0
P1413L,?,AIM_all,9.0,184.0
P1413L,?,AIM_all,9.1,201.0
P1413L,?,AIM_all,9.200001,173.0
P1413L,?,AIM_all,9.3,178.0
P1413L,?,AIM_all,9.400001,176.0
P1413L,?,AIM_all,9.5,178.0
P1413L,?,AIM_all,9.6,179.0
P1413L,?,AIM_all,9.700001,187.0
P1413L,?,AIM_all,9.8,182.0
P1413L,?,AIM_all,9.900001,183.0
P1413L,?,AIM_all,10.0,179.0
P1413L,?,AIM_all,10.1,187.0
P1413L,?,AIM_all,10.2,187.0
P1413L,?,AIM_all,10.3,200.0
P1413L,?,AIM_all,10.4,188.0
P1413L,?,AIM_all,10.5,181.0
P1413L,?,AIM_all,10.6,161.0
P1413L,?,AIM_all,10.7,151.0
P1413L,?,AIM_all,10.8,169.0
P1413L,?,AIM_all,10.9,182.0
P1413L,?,AIM_all,11.0,176.0
P1413L,?,AIM_all,11.1,168.0
P1413L,?,AIM_all,11.2,181.0
P1413L,?,AIM_all,11.3,179.0
P1413L,?,AIM_all,11.4,185.0
P1413L,?,AIM_all,11.5,174.0
P1413L,?,AIM_all,11.6,176.0
P1413L,?,AIM_all,11.7,193.0
P1413L,?,AIM_all,11.8,180.0
P1413L,?,AIM_all,11.9,172.0
P1413L,?,AIM_all,12.0,177.0
P1413L,?,AIM_all,12.1,179.0
P1413L,?,AIM_all,12.2,178.0
P1413L,?,AIM_all,12.3,174.0
P1413L,?,AIM_all,12.4,187.0
P1413L,?,AIM_all,12.5,172.0
P1413L,?,AIM_all,12.6,163.0
P1413L,?,AIM_all,12.7,174.0
P1413L,?,AIM_all,12.8,189.0
P1413L,?,AIM_all,12.9,193.0
P1413L,?,AIM_all,13.0,182.0
P1413L,?,AIM_all,13.1,169.0
P1413L,?,AIM_all,13.2,174.0
P1413L,?,AIM_all,13.3,183.0
P1413L,?,AIM_all,13.4,193.0
P1413L,?,AIM_all,13.5,192.0
P1413L,?,AIM_all,13.6,187.0
P1413L,?,AIM_all,13.7,184.0
P1413L,?,AIM_all,13.8,185.0
P1413L,?,AIM_all,13.9,188.0
P1413L,?,AIM_all,14.0,177.0
P1413L,?,AIM_all,14.1,174.0
P1413L,?,AIM_all,14.2,187.0
P1413L,?,AIM_all,14.3,172.0
P1413L,?,AIM_all,14.4,187.0
P1413L,?,AIM_all,14.5,188.0
P1413L,?,AIM_all,14.6,202.0
P1413L,?,AIM_all,14.7,176.0
P1413L,?,AIM_all,14.8,191.0
P1413L,?,AIM_all,14.9,181.0
P1413L,?,AIM_all,15.0,207.0
P1413L,?,AIM_all,15.1,193.0
P1413L,?,AIM_all,15.2,194.0
P1413L,?,AIM_all,15.3,178.0
P1413L,?,AIM_all,15.4,175.0
P1413L,?,AIM_all,15.5,173.0
P1413L,?,AIM_all,15.6,166.0
P1413L,?,AIM_all,15.7,151.0
P1413L,?,AIM_all,15.8,200.0
P1413L,?,AIM_all,15.9,163.0
P1413L,?,AIM_all,16.0,178.0
P1413L,?,AIM_all,16.1,172.0
P1413L,?,AIM_all,16.2,156.0
P1413L,?,AIM_all,16.3,166.0
P1413L,?,AIM_all,16.4,154.0
P1413L,?,AIM_all,16.5,154.0
P1413L,?,AIM_all,16.6,136.0
P1413L,?,AIM_all,16.7,147.0
P1413L,?,AIM_all,16.8,173.0
P1413L,?,AIM_all,16.9,159.0
P1413L,?,AIM_all,17.0,156.0
P1413L,?,AIM_all,17.1,164.0
P1413L,?,AIM_all,17.2,178.0
P1413L,?,AIM_all,17.3,193.0
P1413L,?,AIM_all,17.4,206.0
P1413L,?,AIM_all,17.5,192.0
P1413L,?,AIM_all,17.6,183.0
P1413L,?,AIM_all,17.7,199.0
P1413L,?,AIM_all,17.8,204.0
P1413L,?,AIM_all,17.9,201.0
P1413L,?,AIM_all,18.0,201.0
P1413L,?,AIM_all,18.1,202.0
P1413L,?,AIM_all,18.2,188.0
P1413L,?,AIM_all,18.3,184.0
P1413L,?,AIM_all,18.4,202.0
P1413L,?,AIM_all,18.5,179.0
P1413L,?,AIM_all,18.6,201.0
P1413L,?,AIM_all,18.7,172.0
P1413L,?,AIM_all,18.8,164.0
P1413L,?,AIM_all,18.9,178.0
P1413L,?,AIM_all,19.0,174.0
P1413L,?,AIM_all,19.1,176.0
P1413L,?,AIM_all,19.2,184.0
P1413L,?,AIM_all,19.3,165.0
P1413L,?,AIM_all,19.4,198.0
P1413L,?,AIM_all,19.5,177.0
P1413L,?,AIM_all,19.6,186.0
P1413L,?,AIM_all,19.7,186.0
P1413L,?,AIM_all,19.8,163.0
P1413L,?,AIM_all,19.9,173.0
P1413L,?,AIM_all,20.0,169.0
P1413L,?,AIM_all,20.1,159.0
P1413L,?,AIM_all,20.2,168.0
P1413L,?,AIM_all,20.3,141.0
P1413L,?,AIM_all,20.4,156.0
P1413L,?,AIM_all,20.5,164.0
P1413L,?,AIM_all,20.6,149.0
P1413L,?,AIM_all,20.7,159.0
P1413L,?,AIM_all,20.8,142.0
P1413L,?,AIM_all,20.9,158.0
P1413L,?,AIM_all,21.0,162.0
P1413L,?,AIM_all,21.1,169.0
P1413L,?,AIM_all,21.2,148.0
P1413L,?,AIM_all,21.3,154.0
P1413L,?,AIM_all,21.4,168.0
P1413L,?,AIM_all,21.5,151.0
P1413L,?,AIM_all,21.6,172.0
P1413L,?,AIM_all,21.7,162.0
P1413L,?,AIM_all,21.8,171.0
P1413L,?,AIM_all,21.9,148.0
P1413L,?,AIM_all,22.0,145.0
P1413L,?,AIM_all,22.1,153.0
P1413L,?,AIM_all,22.2,157.0
P1413L,?,AIM_all,22.3,138.0
P1413L,?,AIM_all,22.4,164.0
P1413L,?,AIM_all,22.5,156.0
P1413L,?,AIM_all,22.6,147.0
P1413L,?,AIM_all,22.7,162.0
P1413L,?,AIM_all,22.8,165.0
P1413L,?,AIM_all,22.9,159.0
P1413L,?,AIM_all,23.0,147.0
P1413L,?,AIM_all,23.1,158.0
P1413L,?,AIM_all,23.2,158.0
P1413L,?,AIM_all,23.3,156.0
P1413L,?,AIM_all,23.4,164.0
P1413L,?,AIM_all,23.5,162.0
P1413L,?,AIM_all,23.6,154.0
P1413L,?,AIM_all,23.7,170.0
P1413L,?,AIM_all,23.8,151.0
P1413L,?,AIM_all,23.9,146.0
P1413L,?,AIM_all,24.0,160.0
P1413L,?,AIM_all,24.1,177.0
P1413L,?,AIM_all,24.2,166.0
P1413L,?,AIM_all,24.3,170.0
P1413L,?,AIM_all,24.4,168.0
P1413L,?,AIM_all,24.5,161.0
P1413L,?,AIM_all,24.6,162.0
P1413L,?,AIM_all,24.7,160.0
P1413L,?,AIM_all,24.8,161.0
P1413L,?,AIM_all,24.9,174.0
P1413L,?,AIM_all,25.0,156.0
P1413L,?,AIM_all,25.1,163.0
P1413L,?,AIM_all,25.2,148.0
P1413L,?,AIM_all,25.3,159.0
P1413L,?,AIM_all,25.4,153.0
P1413L,?,AIM_all,25.5,142.0
P1413L,?,AIM_all,25.6,159.0
P1413L,?,AIM_all,25.7,159.0
P1413L,?,AIM_all,25.8,145.0
P1413L,?,AIM_all,25.9,145.0
P1413L,?,AIM_all,26.0,150.0
P1413L,?,AIM_all,26.1,150.0
P1413L,?,AIM_all,26.2,151.0
P1413L,?,AIM_all,26.3,147.0
P1413L,?,AIM_all,26.4,147.0
P1413L,?,AIM_all,26.5,163.0
P1413L,?,AIM_all,26.6,160.0
P1413L,?,AIM_all,26.7,158.0
P1413L,?,AIM_all,26.8,148.0
P1413L,?,AIM_all,26.9,159.0
P1413L,?,AIM_all,27.0,153.0
P1413L,?,AIM_all,27.1,153.0
P1413L,?,AIM_all,27.2,152.0
P1413L,?,AIM_all,27.3,156.0
P1413L,?,AIM_all,27.4,154.0
P1413L,?,AIM_all,27.5,162.0
P1413L,?,AIM_all,27.6,150.0
P1413L,?,AIM_all,27.7,144.0
P1413L,?,AIM_all,27.8,159.0
P1413L,?,AIM_all,27.9,148.0
P1413L,?,AIM_all,28.0,157.0
P1413L,?,AIM_all,28.1,160.0
P1413L,?,AIM_all,28.2,155.0
P1413L,?,AIM_all,28.3,158.0
P1413L,?,AIM_all,28.4,163.0
P1413L,?,AIM_all,28.5,147.0
P1413L,?,AIM_all,28.6,151.0
P1413L,?,AIM_all,28.7,164.0
P1413L,?,AIM_all,28.8,157.0
P1413L,?,AIM_all,28.9,156.0
P1413L,?,AIM_all,29.0,142.0
P1413L,?,AIM_all,29.1,149.0
P1413L,?,AIM_all,29.2,153.0
P1413L,?,AIM_all,29.3,148.0
P1413L,?,AIM_all,29.4,169.0
P1413L,?,AIM_all,29.5,158.0
P1413L,?,AIM_all,29.6,153.0
P1413L,?,AIM_all,29.7,156.0
P1413L,?,AIM_all,29.8,153.0
P1413L,?,AIM_all,29.9,144.0
P1413L,?,AIM_all,30.0,149.0
P1413L,?,AIM_all,30.1,180.0
P1413L,?,AIM_all,30.2,164.0
P1413L,?,AIM_all,30.3,182.0
P1413L,?,AIM_all,30.4,162.0
P1413L,?,AIM_all,30.5,156.0
P1413L,?,AIM_all,30.6,154.0
P1413L,?,AIM_all,30.7,162.0
P1413L,?,AIM_all,30.8,145.0
P1413L,?,AIM_all,30.9,142.0
P1413L,?,AIM_all,31.0,160.0
P1413L,?,AIM_all,31.1,150.0
P1413L,?,AIM_all,31.2,151.0
P1413L,?,AIM_all,31.3,162.0
P1413L,?,AIM_all,31.4,160.0
P1413L,?,AIM_all,31.5,149.0
P1413L,?,AIM_all,31.6,167.0
P1413L,?,AIM_all,31.7,166.0
P1413L,?,AIM_all,31.8,171.0
P1413L,?,AIM_all,31.9,151.0
P1413L,?,AIM_all,32.0,159.0
P1413L,?,AIM_all,32.1,159.0
P1413L,?,AIM_all,32.2,161.0
P1413L,?,AIM_all,32.3,184.0
P1413L,?,AIM_all,32.4,170.0
P1413L,?,AIM_all,32.5,169.0
P1413L,?,AIM_all,32.6,175.0
P1413L,?,AIM_all,32.7,154.0
P1413L,?,AIM_all,32.8,154.0
P1413L,?,AIM_all,32.9,172.0
P1413L,?,AIM_all,33.0,176.0
P1413L,?,AIM_all,33.1,174.0
P1413L,?,AIM_all,33.2,172.0
P1413L,?,AIM_all,33.3,172.0
P1413L,?,AIM_all,33.4,159.0
P1413L,?,AIM_all,33.5,169.0
P1413L,?,AIM_all,33.6,158.0
P1413L,?,AIM_all,33.7,151.0
P1413L,?,AIM_all,33.8,164.0
P1413L,?,AIM_all,33.9,168.0
P1413L,?,AIM_all,34.0,170.0
P1413L,?,AIM_all,34.1,165.0
P1413L,?,AIM_all,34.2,175.0
P1413L,?,AIM_all,34.3,152.0
P1413L,?,AIM_all,34.4,162.0
P1413L,?,AIM_all,34.5,164.0
P1413L,?,AIM_all,34.6,173.0
P1413L,?,AIM_all,34.7,170.0
P1413L,?,AIM_all,34.8,168.0
P1413L,?,AIM_all,34.9,168.0
P1413L,?,AIM_all,35.0,172.0
P1413L,?,AIM_all,35.1,182.0
P1413L,?,AIM_all,35.2,186.0
P1413L,?,AIM_all,35.3,174.0
P1413L,?,AIM_all,35.4,158.0
P1413L,?,AIM_all,35.5,185.0
P1413L,?,AIM_all,35.6,179.0
P1413L,?,AIM_all,35.7,171.0
P1413L,?,AIM_all,35.8,178.0
P1413L,?,AIM_all,35.9,182.0
P1413L,?,AIM_all,36.0,179.0
P1413L,?,AIM_all,36.1,178.0
P1413L,?,AIM_all,36.2,190.0
P1413L,?,AIM_all,36.3,160.0
P1413L,?,AIM_all,36.4,168.0
P1413L,?,AIM_all,36.5,175.0
P1413L,?,AIM_all,36.6,176.0
P1413L,?,AIM_all,36.7,181.0
P1413L,?,AIM_all,36.8,186.0
P1413L,?,AIM_all,36.9,190.0
P1413L,?,AIM_all,37.0,153.0
P1413L,?,AIM_all,37.1,178.0
P1413L,?,AIM_all,37.2,177.0
P1413L,?,AIM_all,37.3,180.0
P1413L,?,AIM_all,37.4,172.0
P1413L,?,AIM_all,37.5,167.0
P1413L,?,AIM_all,37.6,183.0
P1413L,?,AIM_all,37.7,153.0
P1413L,?,AIM_all,37.8,155.0
P1413L,?,AIM_all,37.9,150.0
P1413L,?,AIM_all,38.0,151.0
P1413L,?,AIM_all,38.1,181.0
P1413L,?,AIM_all,38.2,155.0
P1413L,?,AIM_all,38.3,153.0
P1413L,?,AIM_all,38.4,162.0
P1413L,?,AIM_all,38.5,164.0
P1413L,?,AIM_all,38.6,160.0
P1413L,?,AIM_all,38.7,164.0
P1413L,?,AIM_all,38.8,165.0
P1413L,?,AIM_all,38.9,157.0
P1413L,?,AIM_all,39.0,158.0
P1413L,?,AIM_all,39.1,165.0
P1413L,?,AIM_all,39.2,160.0
P1413L,?,AIM_all,39.3,142.0
P1413L,?,AIM_all,39.4,149.0
P1413L,?,AIM_all,39.5,142.0
P1413L,?,AIM_all,39.6,166.0
P1413L,?,AIM_all,39.7,162.0
P1413L,?,AIM_all,39.8,172.0
P1413L,?,AIM_all,39.9,163.0
P1413L,?,AIM_all,40.0,150.0
P1413L,?,AIM_all,40.1,163.0
P1413L,?,AIM_all,40.2,173.0
P1413L,?,AIM_all,40.3,183.0
P1413L,?,AIM_all,40.4,174.0
P1413L,?,AIM_all,40.5,165.0
P1413L,?,AIM_all,40.6,170.0
P1413L,?,AIM_all,40.7,158.0
P1413L,?,AIM_all,40.8,170.0
P1413L,?,AIM_all,40.9,174.0
P1413L,?,AIM_all,41.0,178.0
P1413L,?,AIM_all,41.1,177.0
P1413L,?,AIM_all,41.2,170.0
P1413L,?,AIM_all,41.3,170.0
P1413L,?,AIM_all,41.4,160.0
P1413L,?,AIM_all,41.5,165.0
P1413L,?,AIM_all,41.6,157.0
P1413L,?,AIM_all,41.7,157.0
P1413L,?,AIM_all,41.8,143.0
P1413L,?,AIM_all,41.9,163.0
P1413L,?,AIM_all,42.0,150.0
P1413L,?,AIM_all,42.1,146.0
P1413L,?,AIM_all,42.2,171.0
P1413L,?,AIM_all,42.3,166.0
P1413L,?,AIM_all,42.4,174.0
P1413L,?,AIM_all,42.5,147.0
P1413L,?,AIM_all,42.6,176.0
P1413L,?,AIM_all,42.7,154.0
P1413L,?,AIM_all,42.8,149.0
P1413L,?,AIM_all,42.9,167.0
P1413L,?,AIM_all,43.0,148.0
P1413L,?,AIM_all,43.1,155.0
P1413L,?,AIM_all,43.2,169.0
P1413L,?,AIM_all,43.3,154.0
P1413L,?,AIM_all,43.4,175.0
P1413L,?,AIM_all,43.5,166.0
P1413L,?,AIM_all,43.6,162.0
P1413L,?,AIM_all,43.7,166.0
P1413L,?,AIM_all,43.8,163.0
P1413L,?,AIM_all,43.9,165.0
P1413L,?,AIM_all,44.0,151.0
P1413L,?,AIM_all,44.1,165.0
P1413L,?,AIM_all,44.2,165.0
P1413L,?,AIM_all,44.3,153.0
P1413L,?,AIM_all,44.4,152.0
P1413L,?,AIM_all,44.5,149.0
P1413L,?,AIM_all,44.6,155.0
P1413L,?,AIM_all,44.7,167.0
P1413L,?,AIM_all,44.8,137.0
P1413L,?,AIM_all,44.9,157.0
P1413L,?,AIM_all,45.0,155.0
P1413L,?,AIM_all,45.1,156.0
P1413L,?,AIM_all,45.2,177.0
P1413L,?,AIM_all,45.3,165.0
P1413L,?,AIM_all,45.4,159.0
P1413L,?,AIM_all,45.5,163.0
P1413L,?,AIM_all,45.6,173.0
P1413L,?,AIM_all,45.7,183.0
P1413L,?,AIM_all,45.8,167.0
P1413L,?,AIM_all,45.9,178.0
P1413L,?,AIM_all,46.0,143.0
P1413L,?,AIM_all,46.1,175.0
P1413L,?,AIM_all,46.2,172.0
P1413L,?,AIM_all,46.3,165.0
P1413L,?,AIM_all,46.4,162.0
P1413L,?,AIM_all,46.5,164.0
P1413L,?,AIM_all,46.6,150.0
P1413L,?,AIM_all,46.7,174.0
P1413L,?,AIM_all,46.8,163.0
P1413L,?,AIM_all,46.9,156.0
P1413L,?,AIM_all,47.0,148.0
P1413L,?,AIM_all,47.1,155.0
P1413L,?,AIM_all,47.2,157.0
P1413L,?,AIM_all,47.3,150.0
P1413L,?,AIM_all,47.4,139.0
P1413L,?,AIM_all,47.5,158.0
P1413L,?,AIM_all,47.6,170.0
P1413L,?,AIM_all,47.7,146.0
P1413L,?,AIM_all,47.8,156.0
P1413L,?,AIM_all,47.9,145.0
P1413L,?,AIM_all,48.0,145.0
P1413L,?,AIM_all,48.1,142.0
P1413L,?,AIM_all,48.2,129.0
P1413L,?,AIM_all,48.3,136.0
P1413L,?,AIM_all,48.4,146.0
P1413L,?,AIM_all,48.5,124.0
P1413L,?,AIM_all,48.6,139.0
P1413L,?,AIM_all,48.7,122.0
P1413L,?,AIM_all,48.8,117.0
P1413L,?,AIM_all,48.9,133.0
P1413L,?,AIM_all,49.0,138.0
P1413L,?,AIM_all,49.1,115.0
P1413L,?,AIM_all,49.2,130.0
P1413L,?,AIM_all,49.3,124.0
P1413L,?,AIM_all,49.4,136.0
P1413L,?,AIM_all,49.5,123.0
P1413L,?,AIM_all,49.6,125.0
P1413L,?,AIM_all,49.7,119.0
P1413L,?,AIM_all,49.8,129.0
P1413L,?,AIM_all,49.9,138.0
P1413L,?,AIM_all,50.0,118.0
P1413L,?,N_AIM,0.0,102.0
P1413L,?,N_AIM,0.1,103.0
P1413L,?,N_AIM,0.2,106.0
P1413L,?,N_AIM,0.3,111.0
P1413L,?,N_AIM,0.4,105.0
P1413L,?,N_AIM,0.5,110.0
P1413L,?,N_AIM,0.6,114.0
P1413L,?,N_AIM,0.7,116.0
P1413L,?,N_AIM,0.8,113.0
P1413L,?,N_AIM,0.9,108.0
P1413L,?,N_AIM,1.0,101.0
P1413L,?,N_AIM,1.1,108.0
P1413L,?,N_AIM,1.2,109.0
P1413L,?,N_AIM,1.3,98.0
P1413L,?,N_AIM,1.4,96.0
P1413L,?,N_AIM,1.5,106.0
P1413L,?,N_AIM,1.6,90.0
P1413L,?,N_AIM,1.7,103.0
P1413L,?,N_AIM,1.8,104.0
P1413L,?,N_AIM,1.9,90.0
P1413L,?,N_AIM,2.0,98.0
P1413L,?,N_AIM,2.1,101.0
P1413L,?,N_AIM,2.2,102.0
P1413L,?,N_AIM,2.3,101.0
P1413L,?,N_AIM,2.4,96.0
P1413L,?,N_AIM,2.5,91.0
P1413L,?,N_AIM,2.6,112.0
P1413L,?,N_AIM,2.7,109.0
P1413L,?,N_AIM,2.8,108.0
P1413L,?,N_AIM,2.9,116.0
P1413L,?,N_AIM,3.0,118.0
P1413L,?,N_AIM,3.1,94.0
P1413L,?,N_AIM,3.2,97.0
P1413L,?,N_AIM,3.3,101.0
P1413L,?,N_AIM,3.4,98.0
P1413L,?,N_AIM,3.5,102.0
P1413L,?,N_AIM,3.6,98.0
P1413L,?,N_AIM,3.7,96.0
P1413L,?,N_AIM,3.8,92.0
P1413L,?,N_AIM,3.9,96.0
P1413L,?,N_AIM,4.0,97.0
P1413L,?,N_AIM,4.1,101.0
P1413L,?,N_AIM,4.2,102.0
P1413L,?,N_AIM,4.3,96.0
P1413L,?,N_AIM,4.4,89.0
P1413L,?,N_AIM,4.5,98.0
P1413L,?,N_AIM,4.6,86.0
P1413L,?,N_AIM,4.7,95.0
P1413L,?,N_AIM,4.8,93.0
P1413L,?,N_AIM,4.9,97.0
P1413L,?,N_AIM,5.0,93.0
P1413L,?,N_AIM,5.1,96.0
P1413L,?,N_AIM,5.2,99.0
P1413L,?,N_AIM,5.3,91.0
P1413L,?,N_AIM,5.4,96.0
P1413L,?,N_AIM,5.5,101.0
P1413L,?,N_AIM,5.6,106.0
P1413L,?,N_AIM,5.7,100.0
P1413L,?,N_AIM,5.8,108.0
P1413L,?,N_AIM,5.9,108.0
P1413L,?,N_AIM,6.0,100.0
P1413L,?,N_AIM,6.1,116.0
P1413L,?,N_AIM,6.2,106.0
P1413L,?,N_AIM,6.3,104.0
P1413L,?,N_AIM,6.4,103.0
P1413L,?,N_AIM,6.5,103.0
P1413L,?,N_AIM,6.6,95.0
P1413L,?,N_AIM,6.7,93.0
P1413L,?,N_AIM,6.8,107.0
P1413L,?,N_AIM,6.9,104.0
P1413L,?,N_AIM,7.0,112.0
P1413L,?,N_AIM,7.1,103.0
P1413L,?,N_AIM,7.2,111.0
P1413L,?,N_AIM,7.3,107.0
P1413L,?,N_AIM,7.400001,107.0
P1413L,?,N_AIM,7.5,98.0
P1413L,?,N_AIM,7.6,107.0
P1413L,?,N_AIM,7.7,104.0
P1413L,?,N_AIM,7.8,103.0
P1413L,?,N_AIM,7.900001,107.0
P1413L,?,N_AIM,8.0,109.0
P1413L,?,N_AIM,8.1,129.0
P1413L,?,N_AIM,8.200001,129.0
P1413L,?,N_AIM,8.3,128.0
P1413L,?,N_AIM,8.400001,136.0
P1413L,?,N_AIM,8.5,116.0
P1413L,?,N_AIM,8.6,134.0
P1413L,?,N_AIM,8.700001,124.0
P1413L,?,N_AIM,8.8,133.0
P1413L,?,N_AIM,8.900001,113.0
P1413L,?,N_AIM,9.0,132.0
P1413L,?,N_AIM,9.1,145.0
P1413L,?,N_AIM,9.200001,121.0
P1413L,?,N_AIM,9.3,128.0
P1413L,?,N_AIM,9.400001,121.0
P1413L,?,N_AIM,9.5,124.0
P1413L,?,N_AIM,9.6,126.0
P1413L,?,N_AIM,9.700001,129.0
P1413L,?,N_AIM,9.8,119.0
P1413L,?,N_AIM,9.900001,122.0
P1413L,?,N_AIM,10.0,126.0
P1413L,?,N_AIM,10.1,128.0
P1413L,?,N_AIM,10.2,136.0
P1413L,?,N_AIM,10.3,137.0
P1413L,?,N_AIM,10.4,133.0
P1413L,?,N_AIM,10.5,122.0
P1413L,?,N_AIM,10.6,104.0
P1413L,?,N_AIM,10.7,97.0
P1413L,?,N_AIM,10.8,113.0
P1413L,?,N_AIM,10.9,128.0
P1413L,?,N_AIM,11.0,112.0
P1413L,?,N_AIM,11.1,122.0
P1413L,?,N_AIM,11.2,137.0
P1413L,?,N_AIM,11.3,121.0
P1413L,?,N_AIM,11.4,133.0
P1413L,?,N_AIM,11.5,119.0
P1413L,?,N_AIM,11.6,127.0
P1413L,?,N_AIM,11.7,137.0
P1413L,?,N_AIM,11.8,122.0
P1413L,?,N_AIM,11.9,121.0
P1413L,?,N_AIM,12.0,114.0
P1413L,?,N_AIM,12.1,122.0
P1413L,?,N_AIM,12.2,125.0
P1413L,?,N_AIM,12.3,117.0
P1413L,?,N_AIM,12.4,134.0
P1413L,?,N_AIM,12.5,116.0
P1413L,?,N_AIM,12.6,113.0
P1413L,?,N_AIM,12.7,117.0
P1413L,?,N_AIM,12.8,134.0
P1413L,?,N_AIM,12.9,133.0
P1413L,?,N_AIM,13.0,123.0
P1413L,?,N_AIM,13.1,116.0
P1413L,?,N_AIM,13.2,132.0
P1413L,?,N_AIM,13.3,124.0
P1413L,?,N_AIM,13.4,134.0
P1413L,?,N_AIM,13.5,130.0
P1413L,?,N_AIM,13.6,124.0
P1413L,?,N_AIM,13.7,127.0
P1413L,?,N_AIM,13.8,128.0
P1413L,?,N_AIM,13.9,119.0
P1413L,?,N_AIM,14.0,120.0
P1413L,?,N_AIM,14.1,117.0
P1413L,?,N_AIM,14.2,128.0
P1413L,?,N_AIM,14.3,122.0
P1413L,?,N_AIM,14.4,134.0
P1413L,?,N_AIM,14.5,139.0
P1413L,?,N_AIM,14.6,146.0
P1413L,?,N_AIM,14.7,121.0
P1413L,?,N_AIM,14.8,128.0
P1413L,?,N_AIM,14.9,133.0
P1413L,?,N_AIM,15.0,145.0
P1413L,?,N_AIM,15.1,129.0
P1413L,?,N_AIM,15.2,140.0
P1413L,?,N_AIM,15.3,126.0
P1413L,?,N_AIM,15.4,121.0
P1413L,?,N_AIM,15.5,114.0
P1413L,?,N_AIM,15.6,114.0
P1413L,?,N_AIM,15.7,103.0
P1413L,?,N_AIM,15.8,140.0
P1413L,?,N_AIM,15.9,116.0
P1413L,?,N_AIM,16.0,132.0
P1413L,?,N_AIM,16.1,125.0
P1413L,?,N_AIM,16.2,120.0
P1413L,?,N_AIM,16.3,119.0
P1413L,?,N_AIM,16.4,102.0
P1413L,?,N_AIM,16.5,107.0
P1413L,?,N_AIM,16.6,89.0
P1413L,?,N_AIM,16.7,87.0
P1413L,?,N_AIM,16.8,119.0
P1413L,?,N_AIM,16.9,111.0
P1413L,?,N_AIM,17.0,105.0
P1413L,?,N_AIM,17.1,117.0
P1413L,?,N_AIM,17.2,116.0
P1413L,?,N_AIM,17.3,127.0
P1413L,?,N_AIM,17.4,129.0
P1413L,?,N_AIM,17.5,124.0
P1413L,?,N_AIM,17.6,113.0
P1413L,?,N_AIM,17.7,131.0
P1413L,?,N_AIM,17.8,128.0
P1413L,?,N_AIM,17.9,130.0
P1413L,?,N_AIM,18.0,131.0
P1413L,?,N_AIM,18.1,137.0
P1413L,?,N_AIM,18.2,128.0
P1413L,?,N_AIM,18.3,119.0
P1413L,?,N_AIM,18.4,128.0
P1413L,?,N_AIM,18.5,120.0
P1413L,?,N_AIM,18.6,138.0
P1413L,?,N_AIM,18.7,118.0
P1413L,?,N_AIM,18.8,107.0
P1413L,?,N_AIM,18.9,117.0
P1413L,?,N_AIM,19.0,114.0
P1413L,?,N_AIM,19.1,116.0
P1413L,?,N_AIM,19.2,113.0
P1413L,?,N_AIM,19.3,106.0
P1413L,?,N_AIM,19.4,125.0
P1413L,?,N_AIM,19.5,126.0
P1413L,?,N_AIM,19.6,126.0
P1413L,?,N_AIM,19.7,114.0
P1413L,?,N_AIM,19.8,103.0
P1413L,?,N_AIM,19.9,102.0
P1413L,?,N_AIM,20.0,111.0
P1413L,?,N_AIM,20.1,110.0
P1413L,?,N_AIM,20.2,114.0
P1413L,?,N_AIM,20.3,98.0
P1413L,?,N_AIM,20.4,98.0
P1413L,?,N_AIM,20.5,104.0
P1413L,?,N_AIM,20.6,95.0
P1413L,?,N_AIM,20.7,99.0
P1413L,?,N_AIM,20.8,94.0
P1413L,?,N_AIM,20.9,106.0
P1413L,?,N_AIM,21.0,103.0
P1413L,?,N_AIM,21.1,107.0
P1413L,?,N_AIM,21.2,91.0
P1413L,?,N_AIM,21.3,94.0
P1413L,?,N_AIM,21.4,108.0
P1413L,?,N_AIM,21.5,99.0
P1413L,?,N_AIM,21.6,114.0
P1413L,?,N_AIM,21.7,105.0
P1413L,?,N_AIM,21.8,111.0
P1413L,?,N_AIM,21.9,91.0
P1413L,?,N_AIM,22.0,95.0
P1413L,?,N_AIM,22.1,108.0
P1413L,?,N_AIM,22.2,108.0
P1413L,?,N_AIM,22.3,104.0
P1413L,?,N_AIM,22.4,107.0
P1413L,?,N_AIM,22.5,101.0
P1413L,?,N_AIM,22.6,87.0
P1413L,?,N_AIM,22.7,105.0
P1413L,?,N_AIM,22.8,105.0
P1413L,?,N_AIM,22.9,101.0
P1413L,?,N_AIM,23.0,94.0
P1413L,?,N_AIM,23.1,95.0
P1413L,?,N_AIM,23.2,90.0
P1413L,?,N_AIM,23.3,93.0
P1413L,?,N_AIM,23.4,101.0
P1413L,?,N_AIM,23.5,106.0
P1413L,?,N_AIM,23.6,87.0
P1413L,?,N_AIM,23.7,105.0
P1413L,?,N_AIM,23.8,96.0
P1413L,?,N_AIM,23.9,89.0
P1413L,?,N_AIM,24.0,102.0
P1413L,?,N_AIM,24.1,106.0
P1413L,?,N_AIM,24.2,108.0
P1413L,?,N_AIM,24.3,101.0
P1413L,?,N_AIM,24.4,103.0
P1413L,?,N_AIM,24.5,108.0
P1413L,?,N_AIM,24.6,96.0
P1413L,?,N_AIM,24.7,102.0
P1413L,?,N_AIM,24.8,101.0
P1413L,?,N_AIM,24.9,114.0
P1413L,?,N_AIM,25.0,102.0
P1413L,?,N_AIM,25.1,105.0
P1413L,?,N_AIM,25.2,94.0
P1413L,?,N_AIM,25.3,100.0
P1413L,?,N_AIM,25.4,97.0
P1413L,?,N_AIM,25.5,93.0
P1413L,?,N_AIM,25.6,107.0
P1413L,?,N_AIM,25.7,103.0
P1413L,?,N_AIM,25.8,87.0
P1413L,?,N_AIM,25.9,93.0
P1413L,?,N_AIM,26.0,89.0
P1413L,?,N_AIM,26.1,89.0
P1413L,?,N_AIM,26.2,93.0
P1413L,?,N_AIM,26.3,93.0
P1413L,?,N_AIM,26.4,90.0
P1413L,?,N_AIM,26.5,106.0
P1413L,?,N_AIM,26.6,101.0
P1413L,?,N_AIM,26.7,107.0
P1413L,?,N_AIM,26.8,102.0
P1413L,?,N_AIM,26.9,109.0
P1413L,?,N_AIM,27.0,97.0
P1413L,?,N_AIM,27.1,93.0
P1413L,?,N_AIM,27.2,103.0
P1413L,?,N_AIM,27.3,101.0
P1413L,?,N_AIM,27.4,95.0
P1413L,?,N_AIM,27.5,98.0
P1413L,?,N_AIM,27.6,94.0
P1413L,?,N_AIM,27.7,89.0
P1413L,?,N_AIM,27.8,100.0
P1413L,?,N_AIM,27.9,96.0
P1413L,?,N_AIM,28.0,97.0
P1413L,?,N_AIM,28.1,103.0
P1413L,?,N_AIM,28.2,108.0
P1413L,?,N_AIM,28.3,107.0
P1413L,?,N_AIM,28.4,112.0
P1413L,?,N_AIM,28.5,102.0
P1413L,?,N_AIM,28.6,102.0
P1413L,?,N_AIM,28.7,111.0
P1413L,?,N_AIM,28.8,100.0
P1413L,?,N_AIM,28.9,102.0
P1413L,?,N_AIM,29.0,88.0
P1413L,?,N_AIM,29.1,100.0
P1413L,?,N_AIM,29.2,103.0
P1413L,?,N_AIM,29.3,104.0
P1413L,?,N_AIM,29.4,124.0
P1413L,?,N_AIM,29.5,105.0
P1413L,?,N_AIM,29.6,105.0
P1413L,?,N_AIM,29.7,102.0
P1413L,?,N_AIM,29.8,100.0
P1413L,?,N_AIM,29.9,85.0
P1413L,?,N_AIM,30.0,101.0
P1413L,?,N_AIM,30.1,128.0
P1413L,?,N_AIM,30.2,108.0
P1413L,?,N_AIM,30.3,120.0
P1413L,?,N_AIM,30.4,104.0
P1413L,?,N_AIM,30.5,102.0
P1413L,?,N_AIM,30.6,96.0
P1413L,?,N_AIM,30.7,101.0
P1413L,?,N_AIM,30.8,93.0
P1413L,?,N_AIM,30.9,92.0
P1413L,?,N_AIM,31.0,108.0
P1413L,?,N_AIM,31.1,97.0
P1413L,?,N_AIM,31.2,90.0
P1413L,?,N_AIM,31.3,102.0
P1413L,?,N_AIM,31.4,100.0
P1413L,?,N_AIM,31.5,91.0
P1413L,?,N_AIM,31.6,100.0
P1413L,?,N_AIM,31.7,108.0
P1413L,?,N_AIM,31.8,105.0
P1413L,?,N_AIM,31.9,101.0
P1413L,?,N_AIM,32.0,97.0
P1413L,?,N_AIM,32.1,106.0
P1413L,?,N_AIM,32.2,110.0
P1413L,?,N_AIM,32.3,120.0
P1413L,?,N_AIM,32.4,113.0
P1413L,?,N_AIM,32.5,107.0
P1413L,?,N_AIM,32.6,110.0
P1413L,?,N_AIM,32.7,102.0
P1413L,?,N_AIM,32.8,98.0
P1413L,?,N_AIM,32.9,108.0
P1413L,?,N_AIM,33.0,114.0
P1413L,?,N_AIM,33.1,115.0
P1413L,?,N_AIM,33.2,111.0
P1413L,?,N_AIM,33.3,112.0
P1413L,?,N_AIM,33.4,107.0
P1413L,?,N_AIM,33.5,107.0
P1413L,?,N_AIM,33.6,97.0
P1413L,?,N_AIM,33.7,99.0
P1413L,?,N_AIM,33.8,103.0
P1413L,?,N_AIM,33.9,105.0
P1413L,?,N_AIM,34.0,102.0
P1413L,?,N_AIM,34.1,105.0
P1413L,?,N_AIM,34.2,102.0
P1413L,?,N_AIM,34.3,94.0
P1413L,?,N_AIM,34.4,101.0
P1413L,?,N_AIM,34.5,99.0
P1413L,?,N_AIM,34.6,108.0
P1413L,?,N_AIM,34.7,110.0
P1413L,?,N_AIM,34.8,107.0
P1413L,?,N_AIM,34.9,98.0
P1413L,?,N_AIM,35.0,105.0
P1413L,?,N_AIM,35.1,120.0
P1413L,?,N_AIM,35.2,129.0
P1413L,?,N_AIM,35.3,111.0
P1413L,?,N_AIM,35.4,100.0
P1413L,?,N_AIM,35.5,121.0
P1413L,?,N_AIM,35.6,129.0
P1413L,?,N_AIM,35.7,118.0
P1413L,?,N_AIM,35.8,116.0
P1413L,?,N_AIM,35.9,124.0
P1413L,?,N_AIM,36.0,115.0
P1413L,?,N_AIM,36.1,115.0
P1413L,?,N_AIM,36.2,128.0
P1413L,?,N_AIM,36.3,97.0
P1413L,?,N_AIM,36.4,104.0
P1413L,?,N_AIM,36.5,118.0
P1413L,?,N_AIM,36.6,110.0
P1413L,?,N_AIM,36.7,125.0
P1413L,?,N_AIM,36.8,135.0
P1413L,?,N_AIM,36.9,130.0
P1413L,?,N_AIM,37.0,99.0
P1413L,?,N_AIM,37.1,119.0
P1413L,?,N_AIM,37.2,117.0
P1413L,?,N_AIM,37.3,120.0
P1413L,?,N_AIM,37.4,113.0
P1413L,?,N_AIM,37.5,117.0
P1413L,?,N_AIM,37.6,112.0
P1413L,?,N_AIM,37.7,94.0
P1413L,?,N_AIM,37.8,90.0
P1413L,?,N_AIM,37.9,94.0
P1413L,?,N_AIM,38.0,104.0
P1413L,?,N_AIM,38.1,130.0
P1413L,?,N_AIM,38.2,104.0
P1413L,?,N_AIM,38.3,97.0
P1413L,?,N_AIM,38.4,101.0
P1413L,?,N_AIM,38.5,101.0
P1413L,?,N_AIM,38.6,98.0
P1413L,?,N_AIM,38.7,101.0
P1413L,?,N_AIM,38.8,102.0
P1413L,?,N_AIM,38.9,102.0
P1413L,?,N_AIM,39.0,98.0
P1413L,?,N_AIM,39.1,103.0
P1413L,?,N_AIM,39.2,106.0
P1413L,?,N_AIM,39.3,92.0
P1413L,?,N_AIM,39.4,91.0
P1413L,?,N_AIM,39.5,96.0
P1413L,?,N_AIM,39.6,98.0
P1413L,?,N_AIM,39.7,93.0
P1413L,?,N_AIM,39.8,104.0
P1413L,?,N_AIM,39.9,97.0
P1413L,?,N_AIM,40.0,97.0
P1413L,?,N_AIM,40.1,113.0
P1413L,?,N_AIM,40.2,109.0
P1413L,?,N_AIM,40.3,120.0
P1413L,?,N_AIM,40.4,115.0
P1413L,?,N_AIM,40.5,108.0
P1413L,?,N_AIM,40.6,112.0
P1413L,?,N_AIM,40.7,99.0
P1413L,?,N_AIM,40.8,110.0
P1413L,?,N_AIM,40.9,101.0
P1413L,?,N_AIM,41.0,115.0
P1413L,?,N_AIM,41.1,115.0
P1413L,?,N_AIM,41.2,115.0
P1413L,?,N_AIM,41.3,107.0
P1413L,?,N_AIM,41.4,106.0
P1413L,?,N_AIM,41.5,105.0
P1413L,?,N_AIM,41.6,99.0
P1413L,?,N_AIM,41.7,97.0
P1413L,?,N_AIM,41.8,95.0
P1413L,?,N_AIM,41.9,101.0
P1413L,?,N_AIM,42.0,92.0
P1413L,?,N_AIM,42.1,86.0
P1413L,?,N_AIM,42.2,118.0
P1413L,?,N_AIM,42.3,108.0
P1413L,?,N_AIM,42.4,110.0
P1413L,?,N_AIM,42.5,96.0
P1413L,?,N_AIM,42.6,111.0
P1413L,?,N_AIM,42.7,91.0
P1413L,?,N_AIM,42.8,92.0
P1413L,?,N_AIM,42.9,110.0
P1413L,?,N_AIM,43.0,93.0
P1413L,?,N_AIM,43.1,101.0
P1413L,?,N_AIM,43.2,107.0
P1413L,?,N_AIM,43.3,98.0
P1413L,?,N_AIM,43.4,116.0
P1413L,?,N_AIM,43.5,109.0
P1413L,?,N_AIM,43.6,103.0
P1413L,?,N_AIM,43.7,106.0
P1413L,?,N_AIM,43.8,103.0
P1413L,?,N_AIM,43.9,108.0
P1413L,?,N_AIM,44.0,99.0
P1413L,?,N_AIM,44.1,110.0
P1413L,?,N_AIM,44.2,105.0
P1413L,?,N_AIM,44.3,98.0
P1413L,?,N_AIM,44.4,94.0
P1413L,?,N_AIM,44.5,94.0
P1413L,?,N_AIM,44.6,103.0
P1413L,?,N_AIM,44.7,98.0
P1413L,?,N_AIM,44.8,91.0
P1413L,?,N_AIM,44.9,101.0
P1413L,?,N_AIM,45.0,96.0
P1413L,?,N_AIM,45.1,100.0
P1413L,?,N_AIM,45.2,114.0
P1413L,?,N_AIM,45.3,101.0
P1413L,?,N_AIM,45.4,107.0
P1413L,?,N_AIM,45.5,104.0
P1413L,?,N_AIM,45.6,117.0
P1413L,?,N_AIM,45.7,121.0
P1413L,?,N_AIM,45.8,105.0
P1413L,?,N_AIM,45.9,122.0
P1413L,?,N_AIM,46.0,93.0
P1413L,?,N_AIM,46.1,110.0
P1413L,?,N_AIM,46.2,110.0
P1413L,?,N_AIM,46.3,105.0
P1413L,?,N_AIM,46.4,103.0
P1413L,?,N_AIM,46.5,106.0
P1413L,?,N_AIM,46.6,101.0
P1413L,?,N_AIM,46.7,110.0
P1413L,?,N_AIM,46.8,98.0
P1413L,?,N_AIM,46.9,96.0
P1413L,?,N_AIM,47.0,88.0
P1413L,?,N_AIM,47.1,96.0
P1413L,?,N_AIM,47.2,92.0
P1413L,?,N_AIM,47.3,97.0
P1413L,?,N_AIM,47.4,85.0
P1413L,?,N_AIM,47.5,105.0
P1413L,?,N_AIM,47.6,109.0
P1413L,?,N_AIM,47.7,97.0
P1413L,?,N_AIM,47.8,104.0
P1413L,?,N_AIM,47.9,93.0
P1413L,?,N_AIM,48.0,91.0
P1413L,?,N_AIM,48.1,87.0
P1413L,?,N_AIM,48.2,68.0
P1413L,?,N_AIM,48.3,84.0
P1413L,?,N_AIM,48.4,84.0
P1413L,?,N_AIM,48.5,67.0
P1413L,?,N_AIM,48.6,88.0
P1413L,?,N_AIM,48.7,74.0
P1413L,?,N_AIM,48.8,64.0
P1413L,?,N_AIM,48.9,81.0
P1413L,?,N_AIM,49.0,81.0
P1413L,?,N_AIM,49.1,76.0
P1413L,?,N_AIM,49.2,68.0
P1413L,?,N_AIM,49.3,64.0
P1413L,?,N_AIM,49.4,74.0
P1413L,?,N_AIM,49.5,67.0
P1413L,?,N_AIM,49.6,74.0
P1413L,?,N_AIM,49.7,67.0
P1413L,?,N_AIM,49.8,74.0
P1413L,?,N_AIM,49.9,79.0
P1413L,?,N_AIM,50.0,68.0
P1413L,?,C_AIM,0.0,68.0
P1413L,?,C_AIM,0.1,69.0
P1413L,?,C_AIM,0.2,63.0
P1413L,?,C_AIM,0.3,60.0
P1413L,?,C_AIM,0.4,57.0
P1413L,?,C_AIM,0.5,47.0
P1413L,?,C_AIM,0.6,53.0
P1413L,?,C_AIM,0.7,54.0
P1413L,?,C_AIM,0.8,62.0
P1413L,?,C_AIM,0.9,58.0
P1413L,?,C_AIM,1.0,57.0
P1413L,?,C_AIM,1.1,57.0
P1413L,?,C_AIM,1.2,72.0
P1413L,?,C_AIM,1.3,71.0
P1413L,?,C_AIM,1.4,74.0
P1413L,?,C_AIM,1.5,71.0
P1413L,?,C_AIM,1.6,80.0
P1413L,?,C_AIM,1.7,58.0
P1413L,?,C_AIM,1.8,61.0
P1413L,?,C_AIM,1.9,72.0
P1413L,?,C_AIM,2.0,63.0
P1413L,?,C_AIM,2.1,67.0
P1413L,?,C_AIM,2.2,74.0
P1413L,?,C_AIM,2.3,70.0
P1413L,?,C_AIM,2.4,62.0
P1413L,?,C_AIM,2.5,62.0
P1413L,?,C_AIM,2.6,59.0
P1413L,?,C_AIM,2.7,59.0
P1413L,?,C_AIM,2.8,54.0
P1413L,?,C_AIM,2.9,59.0
P1413L,?,C_AIM,3.0,54.0
P1413L,?,C_AIM,3.1,52.0
P1413L,?,C_AIM,3.2,55.0
P1413L,?,C_AIM,3.3,49.0
P1413L,?,C_AIM,3.4,55.0
P1413L,?,C_AIM,3.5,56.0
P1413L,?,C_AIM,3.6,63.0
P1413L,?,C_AIM,3.7,57.0
P1413L,?,C_AIM,3.8,58.0
P1413L,?,C_AIM,3.9,67.0
P1413L,?,C_AIM,4.0,65.0
P1413L,?,C_AIM,4.1,65.0
P1413L,?,C_AIM,4.2,53.0
P1413L,?,C_AIM,4.3,55.0
P1413L,?,C_AIM,4.4,58.0
P1413L,?,C_AIM,4.5,60.0
P1413L,?,C_AIM,4.6,51.0
P1413L,?,C_AIM,4.7,58.0
P1413L,?,C_AIM,4.8,63.0
P1413L,?,C_AIM,4.9,53.0
P1413L,?,C_AIM,5.0,53.0
P1413L,?,C_AIM,5.1,46.0
P1413L,?,C_AIM,5.2,61.0
P1413L,?,C_AIM,5.3,57.0
P1413L,?,C_AIM,5.4,61.0
P1413L,?,C_AIM,5.5,56.0
P1413L,?,C_AIM,5.6,64.0
P1413L,?,C_AIM,5.7,55.0
P1413L,?,C_AIM,5.8,50.0
P1413L,?,C_AIM,5.9,59.0
P1413L,?,C_AIM,6.0,62.0
P1413L,?,C_AIM,6.1,60.0
P1413L,?,C_AIM,6.2,56.0
P1413L,?,C_AIM,6.3,56.0
P1413L,?,C_AIM,6.4,54.0
P1413L,?,C_AIM,6.5,53.0
P1413L,?,C_AIM,6.6,48.0
P1413L,?,C_AIM,6.7,51.0
P1413L,?,C_AIM,6.8,50.0
P1413L,?,C_AIM,6.9,63.0
P1413L,?,C_AIM,7.0,66.0
P1413L,?,C_AIM,7.1,64.0
P1413L,?,C_AIM,7.2,75.0
P1413L,?,C_AIM,7.3,50.0
P1413L,?,C_AIM,7.400001,66.0
P1413L,?,C_AIM,7.5,71.0
P1413L,?,C_AIM,7.6,69.0
P1413L,?,C_AIM,7.7,69.0
P1413L,?,C_AIM,7.8,68.0
P1413L,?,C_AIM,7.900001,72.0
P1413L,?,C_AIM,8.0,69.0
P1413L,?,C_AIM,8.1,67.0
P1413L,?,C_AIM,8.200001,69.0
P1413L,?,C_AIM,8.3,66.0
P1413L,?,C_AIM,8.400001,55.0
P1413L,?,C_AIM,8.5,63.0
P1413L,?,C_AIM,8.6,58.0
P1413L,?,C_AIM,8.700001,58.0
P1413L,?,C_AIM,8.8,59.0
P1413L,?,C_AIM,8.900001,57.0
P1413L,?,C_AIM,9.0,54.0
P1413L,?,C_AIM,9.1,59.0
P1413L,?,C_AIM,9.200001,52.0
P1413L,?,C_AIM,9.3,50.0
P1413L,?,C_AIM,9.400001,55.0
P1413L,?,C_AIM,9.5,54.0
P1413L,?,C_AIM,9.6,53.0
P1413L,?,C_AIM,9.700001,58.0
P1413L,?,C_AIM,9.8,64.0
P1413L,?,C_AIM,9.900001,61.0
P1413L,?,C_AIM,10.0,53.0
P1413L,?,C_AIM,10.1,61.0
P1413L,?,C_AIM,10.2,51.0
P1413L,?,C_AIM,10.3,63.0
P1413L,?,C_AIM,10.4,55.0
P1413L,?,C_AIM,10.5,61.0
P1413L,?,C_AIM,10.6,57.0
P1413L,?,C_AIM,10.7,54.0
P1413L,?,C_AIM,10.8,56.0
P1413L,?,C_AIM,10.9,54.0
P1413L,?,C_AIM,11.0,64.0
P1413L,?,C_AIM,11.1,46.0
P1413L,?,C_AIM,11.2,44.0
P1413L,?,C_AIM,11.3,58.0
P1413L,?,C_AIM,11.4,52.0
P1413L,?,C_AIM,11.5,55.0
P1413L,?,C_AIM,11.6,49.0
P1413L,?,C_AIM,11.7,57.0
P1413L,?,C_AIM,11.8,58.0
P1413L,?,C_AIM,11.9,51.0
P1413L,?,C_AIM,12.0,63.0
P1413L,?,C_AIM,12.1,57.0
P1413L,?,C_AIM,12.2,53.0
P1413L,?,C_AIM,12.3,57.0
P1413L,?,C_AIM,12.4,53.0
P1413L,?,C_AIM,12.5,56.0
P1413L,?,C_AIM,12.6,50.0
P1413L,?,C_AIM,12.7,57.0
P1413L,?,C_AIM,12.8,55.0
P1413L,?,C_AIM,12.9,60.0
P1413L,?,C_AIM,13.0,60.0
P1413L,?,C_AIM,13.1,53.0
P1413L,?,C_AIM,13.2,42.0
P1413L,?,C_AIM,13.3,59.0
P1413L,?,C_AIM,13.4,59.0
P1413L,?,C_AIM,13.5,62.0
P1413L,?,C_AIM,13.6,63.0
P1413L,?,C_AIM,13.7,57.0
P1413L,?,C_AIM,13.8,57.0
P1413L,?,C_AIM,13.9,79.0
P1413L,?,C_AIM,14.0,57.0
P1413L,?,C_AIM,14.1,57.0
P1413L,?,C_AIM,14.2,59.0
P1413L,?,C_AIM,14.3,50.0
P1413L,?,C_AIM,14.4,53.0
P1413L,?,C_AIM,14.5,49.0
P1413L,?,C_AIM,14.6,56.0
P1413L,?,C_AIM,14.7,55.0
P1413L,?,C_AIM,14.8,63.0
P1413L,?,C_AIM,14.9,48.0
P1413L,?,C_AIM,15.0,62.0
P1413L,?,C_AIM,15.1,64.0
P1413L,?,C_AIM,15.2,54.0
P1413L,?,C_AIM,15.3,52.0
P1413L,?,C_AIM,15.4,54.0
P1413L,?,C_AIM,15.5,59.0
P1413L,?,C_AIM,15.6,52.0
P1413L,?,C_AIM,15.7,48.0
P1413L,?,C_AIM,15.8,60.0
P1413L,?,C_AIM,15.9,47.0
P1413L,?,C_AIM,16.0,46.0
P1413L,?,C_AIM,16.1,47.0
P1413L,?,C_AIM,16.2,36.0
P1413L,?,C_AIM,16.3,47.0
P1413L,?,C_AIM,16.4,52.0
P1413L,?,C_AIM,16.5,47.0
P1413L,?,C_AIM,16.6,47.0
P1413L,?,C_AIM,16.7,60.0
P1413L,?,C_AIM,16.8,54.0
P1413L,?,C_AIM,16.9,48.0
P1413L,?,C_AIM,17.0,51.0
P1413L,?,C_AIM,17.1,47.0
P1413L,?,C_AIM,17.2,62.0
P1413L,?,C_AIM,17.3,66.0
P1413L,?,C_AIM,17.4,77.0
P1413L,?,C_AIM,17.5,68.0
P1413L,?,C_AIM,17.6,70.0
P1413L,?,C_AIM,17.7,68.0
P1413L,?,C_AIM,17.8,76.0
P1413L,?,C_AIM,17.9,71.0
P1413L,?,C_AIM,18.0,70.0
P1413L,?,C_AIM,18.1,65.0
P1413L,?,C_AIM,18.2,60.0
P1413L,?,C_AIM,18.3,65.0
P1413L,?,C_AIM,18.4,74.0
P1413L,?,C_AIM,18.5,59.0
P1413L,?,C_AIM,18.6,63.0
P1413L,?,C_AIM,18.7,54.0
P1413L,?,C_AIM,18.8,57.0
P1413L,?,C_AIM,18.9,61.0
P1413L,?,C_AIM,19.0,60.0
P1413L,?,C_AIM,19.1,60.0
P1413L,?,C_AIM,19.2,71.0
P1413L,?,C_AIM,19.3,59.0
P1413L,?,C_AIM,19.4,73.0
P1413L,?,C_AIM,19.5,51.0
P1413L,?,C_AIM,19.6,60.0
P1413L,?,C_AIM,19.7,72.0
P1413L,?,C_AIM,19.8,60.0
P1413L,?,C_AIM,19.9,71.0
P1413L,?,C_AIM,20.0,58.0
P1413L,?,C_AIM,20.1,49.0
P1413L,?,C_AIM,20.2,54.0
P1413L,?,C_AIM,20.3,43.0
P1413L,?,C_AIM,20.4,58.0
P1413L,?,C_AIM,20.5,60.0
P1413L,?,C_AIM,20.6,54.0
P1413L,?,C_AIM,20.7,60.0
P1413L,?,C_AIM,20.8,48.0
P1413L,?,C_AIM,20.9,52.0
P1413L,?,C_AIM,21.0,59.0
P1413L,?,C_AIM,21.1,62.0
P1413L,?,C_AIM,21.2,57.0
P1413L,?,C_AIM,21.3,60.0
P1413L,?,C_AIM,21.4,60.0
P1413L,?,C_AIM,21.5,52.0
P1413L,?,C_AIM,21.6,58.0
P1413L,?,C_AIM,21.7,57.0
P1413L,?,C_AIM,21.8,60.0
P1413L,?,C_AIM,21.9,57.0
P1413L,?,C_AIM,22.0,50.0
P1413L,?,C_AIM,22.1,48.0
P1413L,?,C_AIM,22.2,52.0
P1413L,?,C_AIM,22.3,34.0
P1413L,?,C_AIM,22.4,57.0
P1413L,?,C_AIM,22.5,56.0
P1413L,?,C_AIM,22.6,60.0
P1413L,?,C_AIM,22.7,57.0
P1413L,?,C_AIM,22.8,60.0
P1413L,?,C_AIM,22.9,58.0
P1413L,?,C_AIM,23.0,56.0
P1413L,?,C_AIM,23.1,63.0
P1413L,?,C_AIM,23.2,68.0
P1413L,?,C_AIM,23.3,63.0
P1413L,?,C_AIM,23.4,63.0
P1413L,?,C_AIM,23.5,56.0
P1413L,?,C_AIM,23.6,67.0
P1413L,?,C_AIM,23.7,65.0
P1413L,?,C_AIM,23.8,55.0
P1413L,?,C_AIM,23.9,58.0
P1413L,?,C_AIM,24.0,58.0
P1413L,?,C_AIM,24.1,71.0
P1413L,?,C_AIM,24.2,58.0
P1413L,?,C_AIM,24.3,69.0
P1413L,?,C_AIM,24.4,65.0
P1413L,?,C_AIM,24.5,53.0
P1413L,?,C_AIM,24.6,66.0
P1413L,?,C_AIM,24.7,58.0
P1413L,?,C_AIM,24.8,60.0
P1413L,?,C_AIM,24.9,60.0
P1413L,?,C_AIM,25.0,54.0
P1413L,?,C_AIM,25.1,58.0
P1413L,?,C_AIM,25.2,54.0
P1413L,?,C_AIM,25.3,59.0
P1413L,?,C_AIM,25.4,56.0
P1413L,?,C_AIM,25.5,49.0
P1413L,?,C_AIM,25.6,52.0
P1413L,?,C_AIM,25.7,56.0
P1413L,?,C_AIM,25.8,58.0
P1413L,?,C_AIM,25.9,53.0
P1413L,?,C_AIM,26.0,61.0
P1413L,?,C_AIM,26.1,62.0
P1413L,?,C_AIM,26.2,58.0
P1413L,?,C_AIM,26.3,54.0
P1413L,?,C_AIM,26.4,57.0
P1413L,?,C_AIM,26.5,57.0
P1413L,?,C_AIM,26.6,59.0
P1413L,?,C_AIM,26.7,51.0
P1413L,?,C_AIM,26.8,46.0
P1413L,?,C_AIM,26.9,54.0
P1413L,?,C_AIM,27.0,56.0
P1413L,?,C_AIM,27.1,60.0
P1413L,?,C_AIM,27.2,49.0
P1413L,?,C_AIM,27.3,55.0
P1413L,?,C_AIM,27.4,59.0
P1413L,?,C_AIM,27.5,64.0
P1413L,?,C_AIM,27.6,56.0
P1413L,?,C_AIM,27.7,55.0
P1413L,?,C_AIM,27.8,59.0
P1413L,?,C_AIM,27.9,54.0
P1413L,?,C_AIM,28.0,62.0
P1413L,?,C_AIM,28.1,57.0
P1413L,?,C_AIM,28.2,47.0
P1413L,?,C_AIM,28.3,51.0
P1413L,?,C_AIM,28.4,51.0
P1413L,?,C_AIM,28.5,45.0
P1413L,?,C_AIM,28.6,49.0
P1413L,?,C_AIM,28.7,53.0
P1413L,?,C_AIM,28.8,57.0
P1413L,?,C_AIM,28.9,54.0
P1413L,?,C_AIM,29.0,54.0
P1413L,?,C_AIM,29.1,49.0
P1413L,?,C_AIM,29.2,50.0
P1413L,?,C_AIM,29.3,44.0
P1413L,?,C_AIM,29.4,45.0
P1413L,?,C_AIM,29.5,53.0
P1413L,?,C_AIM,29.6,48.0
P1413L,?,C_AIM,29.7,54.0
P1413L,?,C_AIM,29.8,53.0
P1413L,?,C_AIM,29.9,59.0
P1413L,?,C_AIM,30.0,50.0
P1413L,?,C_AIM,30.1,52.0
P1413L,?,C_AIM,30.2,56.0
P1413L,?,C_AIM,30.3,62.0
P1413L,?,C_AIM,30.4,58.0
P1413L,?,C_AIM,30.5,56.0
P1413L,?,C_AIM,30.6,58.0
P1413L,?,C_AIM,30.7,61.0
P1413L,?,C_AIM,30.8,52.0
P1413L,?,C_AIM,30.9,50.0
P1413L,?,C_AIM,31.0,52.0
P1413L,?,C_AIM,31.1,53.0
P1413L,?,C_AIM,31.2,61.0
P1413L,?,C_AIM,31.3,60.0
P1413L,?,C_AIM,31.4,60.0
P1413L,?,C_AIM,31.5,58.0
P1413L,?,C_AIM,31.6,70.0
P1413L,?,C_AIM,31.7,58.0
P1413L,?,C_AIM,31.8,66.0
P1413L,?,C_AIM,31.9,50.0
P1413L,?,C_AIM,32.0,62.0
P1413L,?,C_AIM,32.1,53.0
P1413L,?,C_AIM,32.2,51.0
P1413L,?,C_AIM,32.3,64.0
P1413L,?,C_AIM,32.4,57.0
P1413L,?,C_AIM,32.5,62.0
P1413L,?,C_AIM,32.6,65.0
P1413L,?,C_AIM,32.7,52.0
P1413L,?,C_AIM,32.8,56.0
P1413L,?,C_AIM,32.9,64.0
P1413L,?,C_AIM,33.0,62.0
P1413L,?,C_AIM,33.1,59.0
P1413L,?,C_AIM,33.2,61.0
P1413L,?,C_AIM,33.3,61.0
P1413L,?,C_AIM,33.4,53.0
P1413L,?,C_AIM,33.5,62.0
P1413L,?,C_AIM,33.6,61.0
P1413L,?,C_AIM,33.7,52.0
P1413L,?,C_AIM,33.8,61.0
P1413L,?,C_AIM,33.9,63.0
P1413L,?,C_AIM,34.0,68.0
P1413L,?,C_AIM,34.1,60.0
P1413L,?,C_AIM,34.2,76.0
P1413L,?,C_AIM,34.3,58.0
P1413L,?,C_AIM,34.4,61.0
P1413L,?,C_AIM,34.5,65.0
P1413L,?,C_AIM,34.6,65.0
P1413L,?,C_AIM,34.7,60.0
P1413L,?,C_AIM,34.8,61.0
P1413L,?,C_AIM,34.9,70.0
P1413L,?,C_AIM,35.0,67.0
P1413L,?,C_AIM,35.1,62.0
P1413L,?,C_AIM,35.2,57.0
P1413L,?,C_AIM,35.3,63.0
P1413L,?,C_AIM,35.4,58.0
P1413L,?,C_AIM,35.5,64.0
P1413L,?,C_AIM,35.6,50.0
P1413L,?,C_AIM,35.7,53.0
P1413L,?,C_AIM,35.8,62.0
P1413L,?,C_AIM,35.9,58.0
P1413L,?,C_AIM,36.0,64.0
P1413L,?,C_AIM,36.1,63.0
P1413L,?,C_AIM,36.2,62.0
P1413L,?,C_AIM,36.3,63.0
P1413L,?,C_AIM,36.4,64.0
P1413L,?,C_AIM,36.5,57.0
P1413L,?,C_AIM,36.6,66.0
P1413L,?,C_AIM,36.7,56.0
P1413L,?,C_AIM,36.8,51.0
P1413L,?,C_AIM,36.9,60.0
P1413L,?,C_AIM,37.0,54.0
P1413L,?,C_AIM,37.1,59.0
P1413L,?,C_AIM,37.2,60.0
P1413L,?,C_AIM,37.3,60.0
P1413L,?,C_AIM,37.4,59.0
P1413L,?,C_AIM,37.5,50.0
P1413L,?,C_AIM,37.6,72.0
P1413L,?,C_AIM,37.7,61.0
P1413L,?,C_AIM,37.8,67.0
P1413L,?,C_AIM,37.9,56.0
P1413L,?,C_AIM,38.0,47.0
P1413L,?,C_AIM,38.1,51.0
P1413L,?,C_AIM,38.2,51.0
P1413L,?,C_AIM,38.3,56.0
P1413L,?,C_AIM,38.4,61.0
P1413L,?,C_AIM,38.5,63.0
P1413L,?,C_AIM,38.6,62.0
P1413L,?,C_AIM,38.7,63.0
P1413L,?,C_AIM,38.8,63.0
P1413L,?,C_AIM,38.9,55.0
P1413L,?,C_AIM,39.0,60.0
P1413L,?,C_AIM,39.1,62.0
P1413L,?,C_AIM,39.2,54.0
P1413L,?,C_AIM,39.3,51.0
P1413L,?,C_AIM,39.4,58.0
P1413L,?,C_AIM,39.5,46.0
P1413L,?,C_AIM,39.6,69.0
P1413L,?,C_AIM,39.7,69.0
P1413L,?,C_AIM,39.8,68.0
P1413L,?,C_AIM,39.9,67.0
P1413L,?,C_AIM,40.0,54.0
P1413L,?,C_AIM,40.1,50.0
P1413L,?,C_AIM,40.2,64.0
P1413L,?,C_AIM,40.3,63.0
P1413L,?,C_AIM,40.4,59.0
P1413L,?,C_AIM,40.5,57.0
P1413L,?,C_AIM,40.6,58.0
P1413L,?,C_AIM,40.7,59.0
P1413L,?,C_AIM,40.8,60.0
P1413L,?,C_AIM,40.9,73.0
P1413L,?,C_AIM,41.0,63.0
P1413L,?,C_AIM,41.1,62.0
P1413L,?,C_AIM,41.2,55.0
P1413L,?,C_AIM,41.3,63.0
P1413L,?,C_AIM,41.4,54.0
P1413L,?,C_AIM,41.5,60.0
P1413L,?,C_AIM,41.6,58.0
P1413L,?,C_AIM,41.7,60.0
P1413L,?,C_AIM,41.8,48.0
P1413L,?,C_AIM,41.9,62.0
P1413L,?,C_AIM,42.0,58.0
P1413L,?,C_AIM,42.1,60.0
P1413L,?,C_AIM,42.2,54.0
P1413L,?,C_AIM,42.3,58.0
P1413L,?,C_AIM,42.4,64.0
P1413L,?,C_AIM,42.5,51.0
P1413L,?,C_AIM,42.6,65.0
P1413L,?,C_AIM,42.7,63.0
P1413L,?,C_AIM,42.8,57.0
P1413L,?,C_AIM,42.9,57.0
P1413L,?,C_AIM,43.0,55.0
P1413L,?,C_AIM,43.1,54.0
P1413L,?,C_AIM,43.2,62.0
P1413L,?,C_AIM,43.3,56.0
P1413L,?,C_AIM,43.4,59.0
P1413L,?,C_AIM,43.5,57.0
P1413L,?,C_AIM,43.6,59.0
P1413L,?,C_AIM,43.7,60.0
P1413L,?,C_AIM,43.8,60.0
P1413L,?,C_AIM,43.9,57.0
P1413L,?,C_AIM,44.0,52.0
P1413L,?,C_AIM,44.1,55.0
P1413L,?,C_AIM,44.2,60.0
P1413L,?,C_AIM,44.3,55.0
P1413L,?,C_AIM,44.4,58.0
P1413L,?,C_AIM,44.5,55.0
P1413L,?,C_AIM,44.6,52.0
P1413L,?,C_AIM,44.7,69.0
P1413L,?,C_AIM,44.8,46.0
P1413L,?,C_AIM,44.9,56.0
P1413L,?,C_AIM,45.0,59.0
P1413L,?,C_AIM,45.1,56.0
P1413L,?,C_AIM,45.2,63.0
P1413L,?,C_AIM,45.3,64.0
P1413L,?,C_AIM,45.4,52.0
P1413L,?,C_AIM,45.5,59.0
P1413L,?,C_AIM,45.6,56.0
P1413L,?,C_AIM,45.7,62.0
P1413L,?,C_AIM,45.8,62.0
P1413L,?,C_AIM,45.9,56.0
P1413L,?,C_AIM,46.0,50.0
P1413L,?,C_AIM,46.1,65.0
P1413L,?,C_AIM,46.2,62.0
P1413L,?,C_AIM,46.3,60.0
P1413L,?,C_AIM,46.4,59.0
P1413L,?,C_AIM,46.5,58.0
P1413L,?,C_AIM,46.6,49.0
P1413L,?,C_AIM,46.7,67.0
P1413L,?,C_AIM,46.8,65.0
P1413L,?,C_AIM,46.9,60.0
P1413L,?,C_AIM,47.0,60.0
P1413L,?,C_AIM,47.1,59.0
P1413L,?,C_AIM,47.2,65.0
P1413L,?,C_AIM,47.3,53.0
P1413L,?,C_AIM,47.4,54.0
P1413L,?,C_AIM,47.5,53.0
P1413L,?,C_AIM,47.6,61.0
P1413L,?,C_AIM,47.7,49.0
P1413L,?,C_AIM,47.8,57.0
P1413L,?,C_AIM,47.9,52.0
P1413L,?,C_AIM,48.0,54.0
P1413L,?,C_AIM,48.1,55.0
P1413L,?,C_AIM,48.2,61.0
P1413L,?,C_AIM,48.3,52.0
P1413L,?,C_AIM,48.4,62.0
P1413L,?,C_AIM,48.5,57.0
P1413L,?,C_AIM,48.6,51.0
P1413L,?,C_AIM,48.7,48.0
P1413L,?,C_AIM,48.8,53.0
P1413L,?,C_AIM,48.9,52.0
P1413L,?,C_AIM,49.0,57.0
P1413L,?,C_AIM,49.1,39.0
P1413L,?,C_AIM,49.2,62.0
P1413L,?,C_AIM,49.3,61.0
P1413L,?,C_AIM,49.4,65.0
P1413L,?,C_AIM,49.5,57.0
P1413L,?,C_AIM,49.6,52.0
P1413L,?,C_AIM,49.7,52.0
P1413L,?,C_AIM,49.8,55.0
P1413L,?,C_AIM,49.9,59.0
P1413L,?,C_AIM,50.0,50.0
R1308C,2B,AIM_all,0.0,164.0
R1308C,2B,AIM_all,0.1,156.0
R1308C,2B,AIM_all,0.2,154.0
R1308C,2B,AIM_all,0.3,146.0
R1308C,2B,AIM_all,0.4,151.0
R1308C,2B,AIM_all,0.5,166.0
R1308C,2B,AIM_all,0.6,167.0
R1308C,2B,AIM_all,0.7,158.0
R1308C,2B,AIM_all,0.8,164.0
R1308C,2B,AIM_all,0.9,150.0
R1308C,2B,AIM_all,1.0,150.0
R1308C,2B,AIM_all,1.1,152.0
R1308C,2B,AIM_all,1.2,147.0
R1308C,2B,AIM_all,1.3,152.0
R1308C,2B,AIM_all,1.4,173.0
R1308C,2B,AIM_all,1.5,164.0
R1308C,2B,AIM_all,1.6,181.0
R1308C,2B,AIM_all,1.7,161.0
R1308C,2B,AIM_all,1.8,157.0
R1308C,2B,AIM_all,1.9,165.0
R1308C,2B,AIM_all,2.0,177.0
R1308C,2B,AIM_all,2.1,176.0
R1308C,2B,AIM_all,2.2,158.0
R1308C,2B,AIM_all,2.3,150.0
R1308C,2B,AIM_all,2.4,168.0
R1308C,2B,AIM_all,2.5,161.0
R1308C,2B,AIM_all,2.6,177.0
R1308C,2B,AIM_all,2.7,173.0
R1308C,2B,AIM_all,2.8,176.0
R1308C,2B,AIM_all,2.9,185.0
R1308C,2B,AIM_all,3.0,189.0
R1308C,2B,AIM_all,3.1,171.0
R1308C,2B,AIM_all,3.2,139.0
R1308C,2B,AIM_all,3.3,149.0
R1308C,2B,AIM_all,3.4,182.0
R1308C,2B,AIM_all,3.5,179.0
R1308C,2B,AIM_all,3.6,168.0
R1308C,2B,AIM_all,3.7,176.0
R1308C,2B,AIM_all,3.8,189.0
R1308C,2B,AIM_all,3.9,192.0
R1308C,2B,AIM_all,4.0,175.0
R1308C,2B,AIM_all,4.1,172.0
R1308C,2B,AIM_all,4.2,181.0
R1308C,2B,AIM_all,4.3,189.0
R1308C,2B,AIM_all,4.4,163.0
R1308C,2B,AIM_all,4.5,175.0
R1308C,2B,AIM_all,4.6,181.0
R1308C,2B,AIM_all,4.7,168.0
R1308C,2B,AIM_all,4.8,162.0
R1308C,2B,AIM_all,4.9,182.0
R1308C,2B,AIM_all,5.0,176.0
R1308C,2B,AIM_all,5.1,183.0
R1308C,2B,AIM_all,5.2,185.0
R1308C,2B,AIM_all,5.3,180.0
R1308C,2B,AIM_all,5.4,175.0
R1308C,2B,AIM_all,5.5,191.0
R1308C,2B,AIM_all,5.6,178.0
R1308C,2B,AIM_all,5.7,180.0
R1308C,2B,AIM_all,5.8,178.0
R1308C,2B,AIM_all,5.9,183.0
R1308C,2B,AIM_all,6.0,181.0
R1308C,2B,AIM_all,6.1,182.0
R1308C,2B,AIM_all,6.2,182.0
R1308C,2B,AIM_all,6.3,177.0
R1308C,2B,AIM_all,6.4,181.0
R1308C,2B,AIM_all,6.5,187.0
R1308C,2B,AIM_all,6.6,190.0
R1308C,2B,AIM_all,6.7,186.0
R1308C,2B,AIM_all,6.8,162.0
R1308C,2B,AIM_all,6.9,180.0
R1308C,2B,AIM_all,7.0,176.0
R1308C,2B,AIM_all,7.1,182.0
R1308C,2B,AIM_all,7.2,172.0
R1308C,2B,AIM_all,7.3,186.0
R1308C,2B,AIM_all,7.400001,184.0
R1308C,2B,AIM_all,7.5,176.0
R1308C,2B,AIM_all,7.6,171.0
R1308C,2B,AIM_all,7.7,179.0
R1308C,2B,AIM_all,7.8,167.0
R1308C,2B,AIM_all,7.900001,172.0
R1308C,2B,AIM_all,8.0,157.0
R1308C,2B,AIM_all,8.1,160.0
R1308C,2B,AIM_all,8.200001,158.0
R1308C,2B,AIM_all,8.3,158.0
R1308C,2B,AIM_all,8.400001,164.0
R1308C,2B,AIM_all,8.5,172.0
R1308C,2B,AIM_all,8.6,165.0
R1308C,2B,AIM_all,8.700001,182.0
R1308C,2B,AIM_all,8.8,179.0
R1308C,2B,AIM_all,8.900001,152.0
R1308C,2B,AIM_all,9.0,157.0
R1308C,2B,AIM_all,9.1,162.0
R1308C,2B,AIM_all,9.200001,174.0
R1308C,2B,AIM_all,9.3,161.0
R1308C,2B,AIM_all,9.400001,167.0
R1308C,2B,AIM_all,9.5,154.0
R1308C,2B,AIM_all,9.6,138.0
R1308C,2B,AIM_all,9.700001,164.0
R1308C,2B,AIM_all,9.8,162.0
R1308C,2B,AIM_all,9.900001,149.0
R1308C,2B,AIM_all,10.0,137.0
R1308C,2B,AIM_all,10.1,141.0
R1308C,2B,AIM_all,10.2,136.0
R1308C,2B,AIM_all,10.3,129.0
R1308C,2B,AIM_all,10.4,149.0
R1308C,2B,AIM_all,10.5,131.0
R1308C,2B,AIM_all,10.6,131.0
R1308C,2B,AIM_all,10.7,138.0
R1308C,2B,AIM_all,10.8,136.0
R1308C,2B,AIM_all,10.9,144.0
R1308C,2B,AIM_all,11.0,150.0
R1308C,2B,AIM_all,11.1,148.0
R1308C,2B,AIM_all,11.2,139.0
R1308C,2B,AIM_all,11.3,140.0
R1308C,2B,AIM_all,11.4,119.0
R1308C,2B,AIM_all,11.5,117.0
R1308C,2B,AIM_all,11.6,112.0
R1308C,2B,AIM_all,11.7,111.0
R1308C,2B,AIM_all,11.8,120.0
R1308C,2B,AIM_all,11.9,150.0
R1308C,2B,AIM_all,12.0,120.0
R1308C,2B,AIM_all,12.1,125.0
R1308C,2B,AIM_all,12.2,140.0
R1308C,2B,AIM_all,12.3,147.0
R1308C,2B,AIM_all,12.4,140.0
R1308C,2B,AIM_all,12.5,159.0
R1308C,2B,AIM_all,12.6,150.0
R1308C,2B,AIM_all,12.7,144.0
R1308C,2B,AIM_all,12.8,139.0
R1308C,2B,AIM_all,12.9,144.0
R1308C,2B,AIM_all,13.0,140.0
R1308C,2B,AIM_all,13.1,146.0
R1308C,2B,AIM_all,13.2,129.0
R1308C,2B,AIM_all,13.3,126.0
R1308C,2B,AIM_all,13.4,123.0
R1308C,2B,AIM_all,13.5,141.0
R1308C,2B,AIM_all,13.6,151.0
R1308C,2B,AIM_all,13.7,137.0
R1308C,2B,AIM_all,13.8,155.0
R1308C,2B,AIM_all,13.9,167.0
R1308C,2B,AIM_all,14.0,162.0
R1308C,2B,AIM_all,14.1,153.0
R1308C,2B,AIM_all,14.2,144.0
R1308C,2B,AIM_all,14.3,134.0
R1308C,2B,AIM_all,14.4,125.0
R1308C,2B,AIM_all,14.5,120.0
R1308C,2B,AIM_all,14.6,137.0
R1308C,2B,AIM_all,14.7,127.0
R1308C,2B,AIM_all,14.8,129.0
R1308C,2B,AIM_all,14.9,142.0
R1308C,2B,AIM_all,15.0,122.0
R1308C,2B,AIM_all,15.1,133.0
R1308C,2B,AIM_all,15.2,147.0
R1308C,2B,AIM_all,15.3,173.0
R1308C,2B,AIM_all,15.4,162.0
R1308C,2B,AIM_all,15.5,163.0
R1308C,2B,AIM_all,15.6,173.0
R1308C,2B,AIM_all,15.7,169.0
R1308C,2B,AIM_all,15.8,165.0
R1308C,2B,AIM_all,15.9,159.0
R1308C,2B,AIM_all,16.0,168.0
R1308C,2B,AIM_all,16.1,180.0
R1308C,2B,AIM_all,16.2,163.0
R1308C,2B,AIM_all,16.3,154.0
R1308C,2B,AIM_all,16.4,161.0
R1308C,2B,AIM_all,16.5,165.0
R1308C,2B,AIM_all,16.6,169.0
R1308C,2B,AIM_all,16.7,167.0
R1308C,2B,AIM_all,16.8,164.0
R1308C,2B,AIM_all,16.9,160.0
R1308C,2B,AIM_all,17.0,164.0
R1308C,2B,AIM_all,17.1,161.0
R1308C,2B,AIM_all,17.2,169.0
R1308C,2B,AIM_all,17.3,168.0
R1308C,2B,AIM_all,17.4,162.0
R1308C,2B,AIM_all,17.5,180.0
R1308C,2B,AIM_all,17.6,155.0
R1308C,2B,AIM_all,17.7,160.0
R1308C,2B,AIM_all,17.8,163.0
R1308C,2B,AIM_all,17.9,154.0
R1308C,2B,AIM_all,18.0,134.0
R1308C,2B,AIM_all,18.1,139.0
R1308C,2B,AIM_all,18.2,142.0
R1308C,2B,AIM_all,18.3,147.0
R1308C,2B,AIM_all,18.4,155.0
R1308C,2B,AIM_all,18.5,144.0
R1308C,2B,AIM_all,18.6,142.0
R1308C,2B,AIM_all,18.7,130.0
R1308C,2B,AIM_all,18.8,134.0
R1308C,2B,AIM_all,18.9,116.0
R1308C,2B,AIM_all,19.0,148.0
R1308C,2B,AIM_all,19.1,144.0
R1308C,2B,AIM_all,19.2,138.0
R1308C,2B,AIM_all,19.3,140.0
R1308C,2B,AIM_all,19.4,150.0
R1308C,2B,AIM_all,19.5,121.0
R1308C,2B,AIM_all,19.6,140.0
R1308C,2B,AIM_all,19.7,131.0
R1308C,2B,AIM_all,19.8,147.0
R1308C,2B,AIM_all,19.9,155.0
R1308C,2B,AIM_all,20.0,154.0
R1308C,2B,AIM_all,20.1,153.0
R1308C,2B,AIM_all,20.2,158.0
R1308C,2B,AIM_all,20.3,157.0
R1308C,2B,AIM_all,20.4,141.0
R1308C,2B,AIM_all,20.5,159.0
R1308C,2B,AIM_all,20.6,175.0
R1308C,2B,AIM_all,20.7,166.0
R1308C,2B,AIM_all,20.8,162.0
R1308C,2B,AIM_all,20.9,161.0
R1308C,2B,AIM_all,21.0,161.0
R1308C,2B,AIM_all,21.1,162.0
R1308C,2B,AIM_all,21.2,149.0
R1308C,2B,AIM_all,21.3,155.0
R1308C,2B,AIM_all,21.4,166.0
R1308C,2B,AIM_all,21.5,178.0
R1308C,2B,AIM_all,21.6,165.0
R1308C,2B,AIM_all,21.7,163.0
R1308C,2B,AIM_all,21.8,136.0
R1308C,2B,AIM_all,21.9,161.0
R1308C,2B,AIM_all,22.0,168.0
R1308C,2B,AIM_all,22.1,172.0
R1308C,2B,AIM_all,22.2,176.0
R1308C,2B,AIM_all,22.3,184.0
R1308C,2B,AIM_all,22.4,171.0
R1308C,2B,AIM_all,22.5,160.0
R1308C,2B,AIM_all,22.6,161.0
R1308C,2B,AIM_all,22.7,166.0
R1308C,2B,AIM_all,22.8,163.0
R1308C,2B,AIM_all,22.9,156.0
R1308C,2B,AIM_all,23.0,153.0
R1308C,2B,AIM_all,23.1,155.0
R1308C,2B,AIM_all,23.2,144.0
R1308C,2B,AIM_all,23.3,147.0
R1308C,2B,AIM_all,23.4,158.0
R1308C,2B,AIM_all,23.5,152.0
R1308C,2B,AIM_all,23.6,160.0
R1308C,2B,AIM_all,23.7,160.0
R1308C,2B,AIM_all,23.8,160.0
R1308C,2B,AIM_all,23.9,155.0
R1308C,2B,AIM_all,24.0,156.0
R1308C,2B,AIM_all,24.1,159.0
R1308C,2B,AIM_all,24.2,166.0
R1308C,2B,AIM_all,24.3,159.0
R1308C,2B,AIM_all,24.4,164.0
R1308C,2B,AIM_all,24.5,175.0
R1308C,2B,AIM_all,24.6,159.0
R1308C,2B,AIM_all,24.7,173.0
R1308C,2B,AIM_all,24.8,167.0
R1308C,2B,AIM_all,24.9,187.0
R1308C,2B,AIM_all,25.0,164.0
R1308C,2B,AIM_all,25.1,174.0
R1308C,2B,AIM_all,25.2,171.0
R1308C,2B,AIM_all,25.3,168.0
R1308C,2B,AIM_all,25.4,165.0
R1308C,2B,AIM_all,25.5,169.0
R1308C,2B,AIM_all,25.6,170.0
R1308C,2B,AIM_all,25.7,168.0
R1308C,2B,AIM_all,25.8,169.0
R1308C,2B,AIM_all,25.9,175.0
R1308C,2B,AIM_all,26.0,174.0
R1308C,2B,AIM_all,26.1,145.0
R1308C,2B,AIM_all,26.2,159.0
R1308C,2B,AIM_all,26.3,174.0
R1308C,2B,AIM_all,26.4,166.0
R1308C,2B,AIM_all,26.5,164.0
R1308C,2B,AIM_all,26.6,175.0
R1308C,2B,AIM_all,26.7,154.0
R1308C,2B,AIM_all,26.8,161.0
R1308C,2B,AIM_all,26.9,159.0
R1308C,2B,AIM_all,27.0,165.0
R1308C,2B,AIM_all,27.1,167.0
R1308C,2B,AIM_all,27.2,161.0
R1308C,2B,AIM_all,27.3,170.0
R1308C,2B,AIM_all,27.4,160.0
R1308C,2B,AIM_all,27.5,162.0
R1308C,2B,AIM_all,27.6,171.0
R1308C,2B,AIM_all,27.7,175.0
R1308C,2B,AIM_all,27.8,169.0
R1308C,2B,AIM_all,27.9,160.0
R1308C,2B,AIM_all,28.0,161.0
R1308C,2B,AIM_all,28.1,178.0
R1308C,2B,AIM_all,28.2,162.0
R1308C,2B,AIM_all,28.3,172.0
R1308C,2B,AIM_all,28.4,162.0
R1308C,2B,AIM_all,28.5,167.0
R1308C,2B,AIM_all,28.6,162.0
R1308C,2B,AIM_all,28.7,166.0
R1308C,2B,AIM_all,28.8,180.0
R1308C,2B,AIM_all,28.9,164.0
R1308C,2B,AIM_all,29.0,174.0
R1308C,2B,AIM_all,29.1,161.0
R1308C,2B,AIM_all,29.2,160.0
R1308C,2B,AIM_all,29.3,155.0
R1308C,2B,AIM_all,29.4,152.0
R1308C,2B,AIM_all,29.5,153.0
R1308C,2B,AIM_all,29.6,161.0
R1308C,2B,AIM_all,29.7,163.0
R1308C,2B,AIM_all,29.8,162.0
R1308C,2B,AIM_all,29.9,152.0
R1308C,2B,AIM_all,30.0,176.0
R1308C,2B,AIM_all,30.1,157.0
R1308C,2B,AIM_all,30.2,161.0
R1308C,2B,AIM_all,30.3,160.0
R1308C,2B,AIM_all,30.4,164.0
R1308C,2B,AIM_all,30.5,169.0
R1308C,2B,AIM_all,30.6,179.0
R1308C,2B,AIM_all,30.7,169.0
R1308C,2B,AIM_all,30.8,180.0
R1308C,2B,AIM_all,30.9,161.0
R1308C,2B,AIM_all,31.0,170.0
R1308C,2B,AIM_all,31.1,176.0
R1308C,2B,AIM_all,31.2,165.0
R1308C,2B,AIM_all,31.3,178.0
R1308C,2B,AIM_all,31.4,169.0
R1308C,2B,AIM_all,31.5,162.0
R1308C,2B,AIM_all,31.6,165.0
R1308C,2B,AIM_all,31.7,161.0
R1308C,2B,AIM_all,31.8,171.0
R1308C,2B,AIM_all,31.9,166.0
R1308C,2B,AIM_all,32.0,175.0
R1308C,2B,AIM_all,32.1,174.0
R1308C,2B,AIM_all,32.2,161.0
R1308C,2B,AIM_all,32.3,170.0
R1308C,2B,AIM_all,32.4,184.0
R1308C,2B,AIM_all,32.5,184.0
R1308C,2B,AIM_all,32.6,169.0
R1308C,2B,AIM_all,32.7,172.0
R1308C,2B,AIM_all,32.8,167.0
R1308C,2B,AIM_all,32.9,186.0
R1308C,2B,AIM_all,33.0,164.0
R1308C,2B,AIM_all,33.1,155.0
R1308C,2B,AIM_all,33.2,160.0
R1308C,2B,AIM_all,33.3,149.0
R1308C,2B,AIM_all,33.4,166.0
R1308C,2B,AIM_all,33.5,136.0
R1308C,2B,AIM_all,33.6,139.0
R1308C,2B,AIM_all,33.7,141.0
R1308C,2B,AIM_all,33.8,130.0
R1308C,2B,AIM_all,33.9,135.0
R1308C,2B,AIM_all,34.0,147.0
R1308C,2B,AIM_all,34.1,151.0
R1308C,2B,AIM_all,34.2,162.0
R1308C,2B,AIM_all,34.3,164.0
R1308C,2B,AIM_all,34.4,156.0
R1308C,2B,AIM_all,34.5,169.0
R1308C,2B,AIM_all,34.6,143.0
R1308C,2B,AIM_all,34.7,137.0
R1308C,2B,AIM_all,34.8,140.0
R1308C,2B,AIM_all,34.9,132.0
R1308C,2B,AIM_all,35.0,107.0
R1308C,2B,AIM_all,35.1,149.0
R1308C,2B,AIM_all,35.2,134.0
R1308C,2B,AIM_all,35.3,146.0
R1308C,2B,AIM_all,35.4,143.0
R1308C,2B,AIM_all,35.5,141.0
R1308C,2B,AIM_all,35.6,151.0
R1308C,2B,AIM_all,35.7,172.0
R1308C,2B,AIM_all,35.8,166.0
R1308C,2B,AIM_all,35.9,147.0
R1308C,2B,AIM_all,36.0,161.0
R1308C,2B,AIM_all,36.1,164.0
R1308C,2B,AIM_all,36.2,172.0
R1308C,2B,AIM_all,36.3,161.0
R1308C,2B,AIM_all,36.4,144.0
R1308C,2B,AIM_all,36.5,150.0
R1308C,2B,AIM_all,36.6,141.0
R1308C,2B,AIM_all,36.7,158.0
R1308C,2B,AIM_all,36.8,157.0
R1308C,2B,AIM_all,36.9,137.0
R1308C,2B,AIM_all,37.0,172.0
R1308C,2B,AIM_all,37.1,161.0
R1308C,2B,AIM_all,37.2,150.0
R1308C,2B,AIM_all,37.3,138.0
R1308C,2B,AIM_all,37.4,179.0
R1308C,2B,AIM_all,37.5,180.0
R1308C,2B,AIM_all,37.6,170.0
R1308C,2B,AIM_all,37.7,177.0
R1308C,2B,AIM_all,37.8,177.0
R1308C,2B,AIM_all,37.9,179.0
R1308C,2B,AIM_all,38.0,184.0
R1308C,2B,AIM_all,38.1,181.0
R1308C,2B,AIM_all,38.2,179.0
R1308C,2B,AIM_all,38.3,183.0
R1308C,2B,AIM_all,38.4,163.0
R1308C,2B,AIM_all,38.5,188.0
R1308C,2B,AIM_all,38.6,183.0
R1308C,2B,AIM_all,38.7,176.0
R1308C,2B,AIM_all,38.8,185.0
R1308C,2B,AIM_all,38.9,178.0
R1308C,2B,AIM_all,39.0,178.0
R1308C,2B,AIM_all,39.1,187.0
R1308C,2B,AIM_all,39.2,175.0
R1308C,2B,AIM_all,39.3,177.0
R1308C,2B,AIM_all,39.4,159.0
R1308C,2B,AIM_all,39.5,151.0
R1308C,2B,AIM_all,39.6,158.0
R1308C,2B,AIM_all,39.7,163.0
R1308C,2B,AIM_all,39.8,158.0
R1308C,2B,AIM_all,39.9,161.0
R1308C,2B,AIM_all,40.0,155.0
R1308C,2B,AIM_all,40.1,173.0
R1308C,2B,AIM_all,40.2,177.0
R1308C,2B,AIM_all,40.3,178.0
R1308C,2B,AIM_all,40.4,176.0
R1308C,2B,AIM_all,40.5,154.0
R1308C,2B,AIM_all,40.6,148.0
R1308C,2B,AIM_all,40.7,154.0
R1308C,2B,AIM_all,40.8,146.0
R1308C,2B,AIM_all,40.9,174.0
R1308C,2B,AIM_all,41.0,174.0
R1308C,2B,AIM_all,41.1,173.0
R1308C,2B,AIM_all,41.2,153.0
R1308C,2B,AIM_all,41.3,169.0
R1308C,2B,AIM_all,41.4,156.0
R1308C,2B,AIM_all,41.5,162.0
R1308C,2B,AIM_all,41.6,136.0
R1308C,2B,AIM_all,41.7,168.0
R1308C,2B,AIM_all,41.8,172.0
R1308C,2B,AIM_all,41.9,163.0
R1308C,2B,AIM_all,42.0,158.0
R1308C,2B,AIM_all,42.1,155.0
R1308C,2B,AIM_all,42.2,157.0
R1308C,2B,AIM_all,42.3,165.0
R1308C,2B,AIM_all,42.4,165.0
R1308C,2B,AIM_all,42.5,140.0
R1308C,2B,AIM_all,42.6,176.0
R1308C,2B,AIM_all,42.7,170.0
R1308C,2B,AIM_all,42.8,160.0
R1308C,2B,AIM_all,42.9,168.0
R1308C,2B,AIM_all,43.0,158.0
R1308C,2B,AIM_all,43.1,168.0
R1308C,2B,AIM_all,43.2,162.0
R1308C,2B,AIM_all,43.3,159.0
R1308C,2B,AIM_all,43.4,164.0
R1308C,2B,AIM_all,43.5,173.0
R1308C,2B,AIM_all,43.6,169.0
R1308C,2B,AIM_all,43.7,176.0
R1308C,2B,AIM_all,43.8,170.0
R1308C,2B,AIM_all,43.9,162.0
R1308C,2B,AIM_all,44.0,170.0
R1308C,2B,AIM_all,44.1,170.0
R1308C,2B,AIM_all,44.2,165.0
R1308C,2B,AIM_all,44.3,153.0
R1308C,2B,AIM_all,44.4,183.0
R1308C,2B,AIM_all,44.5,185.0
R1308C,2B,AIM_all,44.6,169.0
R1308C,2B,AIM_all,44.7,168.0
R1308C,2B,AIM_all,44.8,167.0
R1308C,2B,AIM_all,44.9,150.0
R1308C,2B,AIM_all,45.0,173.0
R1308C,2B,AIM_all,45.1,182.0
R1308C,2B,AIM_all,45.2,179.0
R1308C,2B,AIM_all,45.3,174.0
R1308C,2B,AIM_all,45.4,168.0
R1308C,2B,AIM_all,45.5,177.0
R1308C,2B,AIM_all,45.6,175.0
R1308C,2B,AIM_all,45.7,172.0
R1308C,2B,AIM_all,45.8,175.0
R1308C,2B,AIM_all,45.9,170.0
R1308C,2B,AIM_all,46.0,184.0
R1308C,2B,AIM_all,46.1,170.0
R1308C,2B,AIM_all,46.2,176.0
R1308C,2B,AIM_all,46.3,172.0
R1308C,2B,AIM_all,46.4,159.0
R1308C,2B,AIM_all,46.5,165.0
R1308C,2B,AIM_all,46.6,158.0
R1308C,2B,AIM_all,46.7,152.0
R1308C,2B,AIM_all,46.8,152.0
R1308C,2B,AIM_all,46.9,160.0
R1308C,2B,AIM_all,47.0,149.0
R1308C,2B,AIM_all,47.1,167.0
R1308C,2B,AIM_all,47.2,158.0
R1308C,2B,AIM_all,47.3,164.0
R1308C,2B,AIM_all,47.4,177.0
R1308C,2B,AIM_all,47.5,166.0
R1308C,2B,AIM_all,47.6,182.0
R1308C,2B,AIM_all,47.7,174.0
R1308C,2B,AIM_all,47.8,172.0
R1308C,2B,AIM_all,47.9,177.0
R1308C,2B,AIM_all,48.0,155.0
R1308C,2B,AIM_all,48.1,154.0
R1308C,2B,AIM_all,48.2,183.0
R1308C,2B,AIM_all,48.3,169.0
R1308C,2B,AIM_all,48.4,170.0
R1308C,2B,AIM_all,48.5,183.0
R1308C,2B,AIM_all,48.6,176.0
R1308C,2B,AIM_all,48.7,157.0
R1308C,2B,AIM_all,48.8,167.0
R1308C,2B,AIM_all,48.9,183.0
R1308C,2B,AIM_all,49.0,168.0
R1308C,2B,AIM_all,49.1,158.0
R1308C,2B,AIM_all,49.2,143.0
R1308C,2B,AIM_all,49.3,165.0
R1308C,2B,AIM_all,49.4,163.0
R1308C,2B,AIM_all,49.5,150.0
R1308C,2B,AIM_all,49.6,149.0
R1308C,2B,AIM_all,49.7,148.0
R1308C,2B,AIM_all,49.8,168.0
R1308C,2B,AIM_all,49.9,170.0
R1308C,2B,AIM_all,50.0,175.0
R1308C,2B,N_AIM,0.0,98.0
R1308C,2B,N_AIM,0.1,91.0
R1308C,2B,N_AIM,0.2,90.0
R1308C,2B,N_AIM,0.3,92.0
R1308C,2B,N_AIM,0.4,91.0
R1308C,2B,N_AIM,0.5,102.0
R1308C,2B,N_AIM,0.6,105.0
R1308C,2B,N_AIM,0.7,107.0
R1308C,2B,N_AIM,0.8,105.0
R1308C,2B,N_AIM,0.9,102.0
R1308C,2B,N_AIM,1.0,100.0
R1308C,2B,N_AIM,1.1,99.0
R1308C,2B,N_AIM,1.2,108.0
R1308C,2B,N_AIM,1.3,104.0
R1308C,2B,N_AIM,1.4,121.0
R1308C,2B,N_AIM,1.5,115.0
R1308C,2B,N_AIM,1.6,126.0
R1308C,2B,N_AIM,1.7,115.0
R1308C,2B,N_AIM,1.8,108.0
R1308C,2B,N_AIM,1.9,118.0
R1308C,2B,N_AIM,2.0,115.0
R1308C,2B,N_AIM,2.1,128.0
R1308C,2B,N_AIM,2.2,119.0
R1308C,2B,N_AIM,2.3,108.0
R1308C,2B,N_AIM,2.4,123.0
R1308C,2B,N_AIM,2.5,118.0
R1308C,2B,N_AIM,2.6,122.0
R1308C,2B,N_AIM,2.7,123.0
R1308C,2B,N_AIM,2.8,127.0
R1308C,2B,N_AIM,2.9,133.0
R1308C,2B,N_AIM,3.0,139.0
R1308C,2B,N_AIM,3.1,127.0
R1308C,2B,N_AIM,3.2,95.0
R1308C,2B,N_AIM,3.3,103.0
R1308C,2B,N_AIM,3.4,128.0
R1308C,2B,N_AIM,3.5,129.0
R1308C,2B,N_AIM,3.6,124.0
R1308C,2B,N_AIM,3.7,124.0
R1308C,2B,N_AIM,3.8,142.0
R1308C,2B,N_AIM,3.9,136.0
R1308C,2B,N_AIM,4.0,122.0
R1308C,2B,N_AIM,4.1,129.0
R1308C,2B,N_AIM,4.2,129.0
R1308C,2B,N_AIM,4.3,129.0
R1308C,2B,N_AIM,4.4,116.0
R1308C,2B,N_AIM,4.5,128.0
R1308C,2B,N_AIM,4.6,127.0
R1308C,2B,N_AIM,4.7,121.0
R1308C,2B,N_AIM,4.8,124.0
R1308C,2B,N_AIM,4.9,124.0
R1308C,2B,N_AIM,5.0,129.0
R1308C,2B,N_AIM,5.1,136.0
R1308C,2B,N_AIM,5.2,135.0
R1308C,2B,N_AIM,5.3,130.0
R1308C,2B,N_AIM,5.4,120.0
R1308C,2B,N_AIM,5.5,139.0
R1308C,2B,N_AIM,5.6,124.0
R1308C,2B,N_AIM,5.7,128.0
R1308C,2B,N_AIM,5.8,123.0
R1308C,2B,N_AIM,5.9,131.0
R1308C,2B,N_AIM,6.0,124.0
R1308C,2B,N_AIM,6.1,129.0
R1308C,2B,N_AIM,6.2,132.0
R1308C,2B,N_AIM,6.3,125.0
R1308C,2B,N_AIM,6.4,123.0
R1308C,2B,N_AIM,6.5,132.0
R1308C,2B,N_AIM,6.6,132.0
R1308C,2B,N_AIM,6.7,130.0
R1308C,2B,N_AIM,6.8,119.0
R1308C,2B,N_AIM,6.9,133.0
R1308C,2B,N_AIM,7.0,127.0
R1308C,2B,N_AIM,7.1,127.0
R1308C,2B,N_AIM,7.2,128.0
R1308C,2B,N_AIM,7.3,128.0
R1308C,2B,N_AIM,7.400001,129.0
R1308C,2B,N_AIM,7.5,120.0
R1308C,2B,N_AIM,7.6,115.0
R1308C,2B,N_AIM,7.7,121.0
R1308C,2B,N_AIM,7.8,112.0
R1308C,2B,N_AIM,7.900001,116.0
R1308C,2B,N_AIM,8.0,108.0
R1308C,2B,N_AIM,8.1,114.0
R1308C,2B,N_AIM,8.200001,100.0
R1308C,2B,N_AIM,8.3,100.0
R1308C,2B,N_AIM,8.400001,106.0
R1308C,2B,N_AIM,8.5,110.0
R1308C,2B,N_AIM,8.6,102.0
R1308C,2B,N_AIM,8.700001,116.0
R1308C,2B,N_AIM,8.8,123.0
R1308C,2B,N_AIM,8.900001,98.0
R1308C,2B,N_AIM,9.0,98.0
R1308C,2B,N_AIM,9.1,98.0
R1308C,2B,N_AIM,9.200001,108.0
R1308C,2B,N_AIM,9.3,109.0
R1308C,2B,N_AIM,9.400001,108.0
R1308C,2B,N_AIM,9.5,104.0
R1308C,2B,N_AIM,9.6,106.0
R1308C,2B,N_AIM,9.700001,105.0
R1308C,2B,N_AIM,9.8,97.0
R1308C,2B,N_AIM,9.900001,97.0
R1308C,2B,N_AIM,10.0,82.0
R1308C,2B,N_AIM,10.1,78.0
R1308C,2B,N_AIM,10.2,80.0
R1308C,2B,N_AIM,10.3,69.0
R1308C,2B,N_AIM,10.4,88.0
R1308C,2B,N_AIM,10.5,75.0
R1308C,2B,N_AIM,10.6,83.0
R1308C,2B,N_AIM,10.7,80.0
R1308C,2B,N_AIM,10.8,90.0
R1308C,2B,N_AIM,10.9,96.0
R1308C,2B,N_AIM,11.0,91.0
R1308C,2B,N_AIM,11.1,85.0
R1308C,2B,N_AIM,11.2,84.0
R1308C,2B,N_AIM,11.3,79.0
R1308C,2B,N_AIM,11.4,60.0
R1308C,2B,N_AIM,11.5,66.0
R1308C,2B,N_AIM,11.6,56.0
R1308C,2B,N_AIM,11.7,59.0
R1308C,2B,N_AIM,11.8,64.0
R1308C,2B,N_AIM,11.9,91.0
R1308C,2B,N_AIM,12.0,72.0
R1308C,2B,N_AIM,12.1,77.0
R1308C,2B,N_AIM,12.2,83.0
R1308C,2B,N_AIM,12.3,89.0
R1308C,2B,N_AIM,12.4,88.0
R1308C,2B,N_AIM,12.5,100.0
R1308C,2B,N_AIM,12.6,92.0
R1308C,2B,N_AIM,12.7,90.0
R1308C,2B,N_AIM,12.8,86.0
R1308C,2B,N_AIM,12.9,96.0
R1308C,2B,N_AIM,13.0,85.0
R1308C,2B,N_AIM,13.1,90.0
R1308C,2B,N_AIM,13.2,87.0
R1308C,2B,N_AIM,13.3,70.0
R1308C,2B,N_AIM,13.4,71.0
R1308C,2B,N_AIM,13.5,81.0
R1308C,2B,N_AIM,13.6,88.0
R1308C,2B,N_AIM,13.7,82.0
R1308C,2B,N_AIM,13.8,98.0
R1308C,2B,N_AIM,13.9,115.0
R1308C,2B,N_AIM,14.0,104.0
R1308C,2B,N_AIM,14.1,100.0
R1308C,2B,N_AIM,14.2,85.0
R1308C,2B,N_AIM,14.3,74.0
R1308C,2B,N_AIM,14.4,73.0
R1308C,2B,N_AIM,14.5,65.0
R1308C,2B,N_AIM,14.6,82.0
R1308C,2B,N_AIM,14.7,74.0
R1308C,2B,N_AIM,14.8,80.0
R1308C,2B,N_AIM,14.9,91.0
R1308C,2B,N_AIM,15.0,77.0
R1308C,2B,N_AIM,15.1,81.0
R1308C,2B,N_AIM,15.2,102.0
R1308C,2B,N_AIM,15.3,116.0
R1308C,2B,N_AIM,15.4,117.0
R1308C,2B,N_AIM,15.5,113.0
R1308C,2B,N_AIM,15.6,113.0
R1308C,2B,N_AIM,15.7,113.0
R1308C,2B,N_AIM,15.8,108.0
R1308C,2B,N_AIM,15.9,105.0
R1308C,2B,N_AIM,16.0,111.0
R1308C,2B,N_AIM,16.1,120.0
R1308C,2B,N_AIM,16.2,109.0
R1308C,2B,N_AIM,16.3,96.0
R1308C,2B,N_AIM,16.4,99.0
R1308C,2B,N_AIM,16.5,109.0
R1308C,2B,N_AIM,16.6,117.0
R1308C,2B,N_AIM,16.7,114.0
R1308C,2B,N_AIM,16.8,112.0
R1308C,2B,N_AIM,16.9,106.0
R1308C,2B,N_AIM,17.0,103.0
R1308C,2B,N_AIM,17.1,103.0
R1308C,2B,N_AIM,17.2,107.0
R1308C,2B,N_AIM,17.3,111.0
R1308C,2B,N_AIM,17.4,109.0
R1308C,2B,N_AIM,17.5,112.0
R1308C,2B,N_AIM,17.6,116.0
R1308C,2B,N_AIM,17.7,105.0
R1308C,2B,N_AIM,17.8,109.0
R1308C,2B,N_AIM,17.9,99.0
R1308C,2B,N_AIM,18.0,79.0
R1308C,2B,N_AIM,18.1,85.0
R1308C,2B,N_AIM,18.2,85.0
R1308C,2B,N_AIM,18.3,99.0
R1308C,2B,N_AIM,18.4,97.0
R1308C,2B,N_AIM,18.5,86.0
R1308C,2B,N_AIM,18.6,83.0
R1308C,2B,N_AIM,18.7,77.0
R1308C,2B,N_AIM,18.8,85.0
R1308C,2B,N_AIM,18.9,67.0
R1308C,2B,N_AIM,19.0,96.0
R1308C,2B,N_AIM,19.1,91.0
R1308C,2B,N_AIM,19.2,85.0
R1308C,2B,N_AIM,19.3,88.0
R1308C,2B,N_AIM,19.4,98.0
R1308C,2B,N_AIM,19.5,70.0
R1308C,2B,N_AIM,19.6,83.0
R1308C,2B,N_AIM,19.7,85.0
R1308C,2B,N_AIM,19.8,90.0
R1308C,2B,N_AIM,19.9,100.0
R1308C,2B,N_AIM,20.0,98.0
R1308C,2B,N_AIM,20.1,94.0
R1308C,2B,N_AIM,20.2,101.0
R1308C,2B,N_AIM,20.3,102.0
R1308C,2B,N_AIM,20.4,91.0
R1308C,2B,N_AIM,20.5,107.0
R1308C,2B,N_AIM,20.6,117.0
R1308C,2B,N_AIM,20.7,110.0
R1308C,2B,N_AIM,20.8,112.0
R1308C,2B,N_AIM,20.9,112.0
R1308C,2B,N_AIM,21.0,108.0
R1308C,2B,N_AIM,21.1,97.0
R1308C,2B,N_AIM,21.2,104.0
R1308C,2B,N_AIM,21.3,101.0
R1308C,2B,N_AIM,21.4,110.0
R1308C,2B,N_AIM,21.5,110.0
R1308C,2B,N_AIM,21.6,113.0
R1308C,2B,N_AIM,21.7,116.0
R1308C,2B,N_AIM,21.8,101.0
R1308C,2B,N_AIM,21.9,105.0
R1308C,2B,N_AIM,22.0,108.0
R1308C,2B,N_AIM,22.1,119.0
R1308C,2B,N_AIM,22.2,125.0
R1308C,2B,N_AIM,22.3,134.0
R1308C,2B,N_AIM,22.4,123.0
R1308C,2B,N_AIM,22.5,106.0
R1308C,2B,N_AIM,22.6,116.0
R1308C,2B,N_AIM,22.7,115.0
R1308C,2B,N_AIM,22.8,110.0
R1308C,2B,N_AIM,22.9,108.0
R1308C,2B,N_AIM,23.0,112.0
R1308C,2B,N_AIM,23.1,103.0
R1308C,2B,N_AIM,23.2,101.0
R1308C,2B,N_AIM,23.3,106.0
R1308C,2B,N_AIM,23.4,121.0
R1308C,2B,N_AIM,23.5,105.0
R1308C,2B,N_AIM,23.6,109.0
R1308C,2B,N_AIM,23.7,113.0
R1308C,2B,N_AIM,23.8,112.0
R1308C,2B,N_AIM,23.9,99.0
R1308C,2B,N_AIM,24.0,101.0
R1308C,2B,N_AIM,24.1,101.0
R1308C,2B,N_AIM,24.2,114.0
R1308C,2B,N_AIM,24.3,120.0
R1308C,2B,N_AIM,24.4,110.0
R1308C,2B,N_AIM,24.5,114.0
R1308C,2B,N_AIM,24.6,107.0
R1308C,2B,N_AIM,24.7,117.0
R1308C,2B,N_AIM,24.8,111.0
R1308C,2B,N_AIM,24.9,125.0
R1308C,2B,N_AIM,25.0,96.0
R1308C,2B,N_AIM,25.1,110.0
R1308C,2B,N_AIM,25.2,113.0
R1308C,2B,N_AIM,25.3,112.0
R1308C,2B,N_AIM,25.4,113.0
R1308C,2B,N_AIM,25.5,114.0
R1308C,2B,N_AIM,25.6,111.0
R1308C,2B,N_AIM,25.7,111.0
R1308C,2B,N_AIM,25.8,113.0
R1308C,2B,N_AIM,25.9,114.0
R1308C,2B,N_AIM,26.0,110.0
R1308C,2B,N_AIM,26.1,105.0
R1308C,2B,N_AIM,26.2,101.0
R1308C,2B,N_AIM,26.3,112.0
R1308C,2B,N_AIM,26.4,104.0
R1308C,2B,N_AIM,26.5,102.0
R1308C,2B,N_AIM,26.6,111.0
R1308C,2B,N_AIM,26.7,97.0
R1308C,2B,N_AIM,26.8,104.0
R1308C,2B,N_AIM,26.9,100.0
R1308C,2B,N_AIM,27.0,112.0
R1308C,2B,N_AIM,27.1,110.0
R1308C,2B,N_AIM,27.2,119.0
R1308C,2B,N_AIM,27.3,112.0
R1308C,2B,N_AIM,27.4,106.0
R1308C,2B,N_AIM,27.5,108.0
R1308C,2B,N_AIM,27.6,112.0
R1308C,2B,N_AIM,27.7,117.0
R1308C,2B,N_AIM,27.8,108.0
R1308C,2B,N_AIM,27.9,97.0
R1308C,2B,N_AIM,28.0,102.0
R1308C,2B,N_AIM,28.1,111.0
R1308C,2B,N_AIM,28.2,105.0
R1308C,2B,N_AIM,28.3,107.0
R1308C,2B,N_AIM,28.4,103.0
R1308C,2B,N_AIM,28.5,104.0
R1308C,2B,N_AIM,28.6,107.0
R1308C,2B,N_AIM,28.7,108.0
R1308C,2B,N_AIM,28.8,114.0
R1308C,2B,N_AIM,28.9,110.0
R1308C,2B,N_AIM,29.0,111.0
R1308C,2B,N_AIM,29.1,113.0
R1308C,2B,N_AIM,29.2,104.0
R1308C,2B,N_AIM,29.3,97.0
R1308C,2B,N_AIM,29.4,104.0
R1308C,2B,N_AIM,29.5,100.0
R1308C,2B,N_AIM,29.6,107.0
R1308C,2B,N_AIM,29.7,102.0
R1308C,2B,N_AIM,29.8,110.0
R1308C,2B,N_AIM,29.9,110.0
R1308C,2B,N_AIM,30.0,120.0
R1308C,2B,N_AIM,30.1,102.0
R1308C,2B,N_AIM,30.2,108.0
R1308C,2B,N_AIM,30.3,105.0
R1308C,2B,N_AIM,30.4,106.0
R1308C,2B,N_AIM,30.5,110.0
R1308C,2B,N_AIM,30.6,113.0
R1308C,2B,N_AIM,30.7,106.0
R1308C,2B,N_AIM,30.8,111.0
R1308C,2B,N_AIM,30.9,103.0
R1308C,2B,N_AIM,31.0,111.0
R1308C,2B,N_AIM,31.1,112.0
R1308C,2B,N_AIM,31.2,114.0
R1308C,2B,N_AIM,31.3,117.0
R1308C,2B,N_AIM,31.4,117.0
R1308C,2B,N_AIM,31.5,109.0
R1308C,2B,N_AIM,31.6,105.0
R1308C,2B,N_AIM,31.7,110.0
R1308C,2B,N_AIM,31.8,107.0
R1308C,2B,N_AIM,31.9,110.0
R1308C,2B,N_AIM,32.0,125.0
R1308C,2B,N_AIM,32.1,111.0
R1308C,2B,N_AIM,32.2,104.0
R1308C,2B,N_AIM,32.3,119.0
R1308C,2B,N_AIM,32.4,134.0
R1308C,2B,N_AIM,32.5,125.0
R1308C,2B,N_AIM,32.6,122.0
R1308C,2B,N_AIM,32.7,122.0
R1308C,2B,N_AIM,32.8,112.0
R1308C,2B,N_AIM,32.9,124.0
R1308C,2B,N_AIM,33.0,113.0
R1308C,2B,N_AIM,33.1,113.0
R1308C,2B,N_AIM,33.2,110.0
R1308C,2B,N_AIM,33.3,111.0
R1308C,2B,N_AIM,33.4,118.0
R1308C,2B,N_AIM,33.5,91.0
R1308C,2B,N_AIM,33.6,95.0
R1308C,2B,N_AIM,33.7,99.0
R1308C,2B,N_AIM,33.8,84.0
R1308C,2B,N_AIM,33.9,88.0
R1308C,2B,N_AIM,34.0,95.0
R1308C,2B,N_AIM,34.1,100.0
R1308C,2B,N_AIM,34.2,117.0
R1308C,2B,N_AIM,34.3,106.0
R1308C,2B,N_AIM,34.4,110.0
R1308C,2B,N_AIM,34.5,109.0
R1308C,2B,N_AIM,34.6,90.0
R1308C,2B,N_AIM,34.7,94.0
R1308C,2B,N_AIM,34.8,93.0
R1308C,2B,N_AIM,34.9,85.0
R1308C,2B,N_AIM,35.0,70.0
R1308C,2B,N_AIM,35.1,105.0
R1308C,2B,N_AIM,35.2,96.0
R1308C,2B,N_AIM,35.3,96.0
R1308C,2B,N_AIM,35.4,96.0
R1308C,2B,N_AIM,35.5,87.0
R1308C,2B,N_AIM,35.6,106.0
R1308C,2B,N_AIM,35.7,116.0
R1308C,2B,N_AIM,35.8,105.0
R1308C,2B,N_AIM,35.9,101.0
R1308C,2B,N_AIM,36.0,110.0
R1308C,2B,N_AIM,36.1,112.0
R1308C,2B,N_AIM,36.2,126.0
R1308C,2B,N_AIM,36.3,116.0
R1308C,2B,N_AIM,36.4,95.0
R1308C,2B,N_AIM,36.5,97.0
R1308C,2B,N_AIM,36.6,97.0
R1308C,2B,N_AIM,36.7,98.0
R1308C,2B,N_AIM,36.8,105.0
R1308C,2B,N_AIM,36.9,91.0
R1308C,2B,N_AIM,37.0,108.0
R1308C,2B,N_AIM,37.1,107.0
R1308C,2B,N_AIM,37.2,104.0
R1308C,2B,N_AIM,37.3,92.0
R1308C,2B,N_AIM,37.4,122.0
R1308C,2B,N_AIM,37.5,123.0
R1308C,2B,N_AIM,37.6,121.0
R1308C,2B,N_AIM,37.7,125.0
R1308C,2B,N_AIM,37.8,126.0
R1308C,2B,N_AIM,37.9,121.0
R1308C,2B,N_AIM,38.0,132.0
R1308C,2B,N_AIM,38.1,129.0
R1308C,2B,N_AIM,38.2,120.0
R1308C,2B,N_AIM,38.3,132.0
R1308C,2B,N_AIM,38.4,118.0
R1308C,2B,N_AIM,38.5,133.0
R1308C,2B,N_AIM,38.6,124.0
R1308C,2B,N_AIM,38.7,122.0
R1308C,2B,N_AIM,38.8,135.0
R1308C,2B,N_AIM,38.9,127.0
R1308C,2B,N_AIM,39.0,124.0
R1308C,2B,N_AIM,39.1,134.0
R1308C,2B,N_AIM,39.2,119.0
R1308C,2B,N_AIM,39.3,116.0
R1308C,2B,N_AIM,39.4,100.0
R1308C,2B,N_AIM,39.5,96.0
R1308C,2B,N_AIM,39.6,94.0
R1308C,2B,N_AIM,39.7,110.0
R1308C,2B,N_AIM,39.8,92.0
R1308C,2B,N_AIM,39.9,105.0
R1308C,2B,N_AIM,40.0,101.0
R1308C,2B,N_AIM,40.1,114.0
R1308C,2B,N_AIM,40.2,113.0
R1308C,2B,N_AIM,40.3,116.0
R1308C,2B,N_AIM,40.4,99.0
R1308C,2B,N_AIM,40.5,87.0
R1308C,2B,N_AIM,40.6,91.0
R1308C,2B,N_AIM,40.7,99.0
R1308C,2B,N_AIM,40.8,94.0
R1308C,2B,N_AIM,40.9,105.0
R1308C,2B,N_AIM,41.0,106.0
R1308C,2B,N_AIM,41.1,109.0
R1308C,2B,N_AIM,41.2,90.0
R1308C,2B,N_AIM,41.3,101.0
R1308C,2B,N_AIM,41.4,95.0
R1308C,2B,N_AIM,41.5,101.0
R1308C,2B,N_AIM,41.6,81.0
R1308C,2B,N_AIM,41.7,103.0
R1308C,2B,N_AIM,41.8,114.0
R1308C,2B,N_AIM,41.9,106.0
R1308C,2B,N_AIM,42.0,96.0
R1308C,2B,N_AIM,42.1,99.0
R1308C,2B,N_AIM,42.2,100.0
R1308C,2B,N_AIM,42.3,107.0
R1308C,2B,N_AIM,42.4,103.0
R1308C,2B,N_AIM,42.5,93.0
R1308C,2B,N_AIM,42.6,110.0
R1308C,2B,N_AIM,42.7,104.0
R1308C,2B,N_AIM,42.8,107.0
R1308C,2B,N_AIM,42.9,109.0
R1308C,2B,N_AIM,43.0,98.0
R1308C,2B,N_AIM,43.1,106.0
R1308C,2B,N_AIM,43.2,106.0
R1308C,2B,N_AIM,43.3,100.0
R1308C,2B,N_AIM,43.4,112.0
R1308C,2B,N_AIM,43.5,112.0
R1308C,2B,N_AIM,43.6,106.0
R1308C,2B,N_AIM,43.7,116.0
R1308C,2B,N_AIM,43.8,108.0
R1308C,2B,N_AIM,43.9,105.0
R1308C,2B,N_AIM,44.0,113.0
R1308C,2B,N_AIM,44.1,106.0
R1308C,2B,N_AIM,44.2,107.0
R1308C,2B,N_AIM,44.3,99.0
R1308C,2B,N_AIM,44.4,126.0
R1308C,2B,N_AIM,44.5,128.0
R1308C,2B,N_AIM,44.6,110.0
R1308C,2B,N_AIM,44.7,107.0
R1308C,2B,N_AIM,44.8,108.0
R1308C,2B,N_AIM,44.9,95.0
R1308C,2B,N_AIM,45.0,115.0
R1308C,2B,N_AIM,45.1,116.0
R1308C,2B,N_AIM,45.2,112.0
R1308C,2B,N_AIM,45.3,113.0
R1308C,2B,N_AIM,45.4,114.0
R1308C,2B,N_AIM,45.5,118.0
R1308C,2B,N_AIM,45.6,117.0
R1308C,2B,N_AIM,45.7,112.0
R1308C,2B,N_AIM,45.8,119.0
R1308C,2B,N_AIM,45.9,119.0
R1308C,2B,N_AIM,46.0,121.0
R1308C,2B,N_AIM,46.1,105.0
R1308C,2B,N_AIM,46.2,123.0
R1308C,2B,N_AIM,46.3,119.0
R1308C,2B,N_AIM,46.4,105.0
R1308C,2B,N_AIM,46.5,106.0
R1308C,2B,N_AIM,46.6,106.0
R1308C,2B,N_AIM,46.7,94.0
R1308C,2B,N_AIM,46.8,97.0
R1308C,2B,N_AIM,46.9,107.0
R1308C,2B,N_AIM,47.0,96.0
R1308C,2B,N_AIM,47.1,112.0
R1308C,2B,N_AIM,47.2,109.0
R1308C,2B,N_AIM,47.3,112.0
R1308C,2B,N_AIM,47.4,110.0
R1308C,2B,N_AIM,47.5,111.0
R1308C,2B,N_AIM,47.6,118.0
R1308C,2B,N_AIM,47.7,99.0
R1308C,2B,N_AIM,47.8,104.0
R1308C,2B,N_AIM,47.9,121.0
R1308C,2B,N_AIM,48.0,108.0
R1308C,2B,N_AIM,48.1,109.0
R1308C,2B,N_AIM,48.2,111.0
R1308C,2B,N_AIM,48.3,103.0
R1308C,2B,N_AIM,48.4,106.0
R1308C,2B,N_AIM,48.5,112.0
R1308C,2B,N_AIM,48.6,102.0
R1308C,2B,N_AIM,48.7,105.0
R1308C,2B,N_AIM,48.8,109.0
R1308C,2B,N_AIM,48.9,118.0
R1308C,2B,N_AIM,49.0,105.0
R1308C,2B,N_AIM,49.1,102.0
R1308C,2B,N_AIM,49.2,101.0
R1308C,2B,N_AIM,49.3,111.0
R1308C,2B,N_AIM,49.4,109.0
R1308C,2B,N_AIM,49.5,99.0
R1308C,2B,N_AIM,49.6,102.0
R1308C,2B,N_AIM,49.7,101.0
R1308C,2B,N_AIM,49.8,112.0
R1308C,2B,N_AIM,49.9,112.0
R1308C,2B,N_AIM,50.0,121.0
R1308C,2B,C_AIM,0.0,66.0
R1308C,2B,C_AIM,0.1,65.0
R1308C,2B,C_AIM,0.2,64.0
R1308C,2B,C_AIM,0.3,54.0
R1308C,2B,C_AIM,0.4,60.0
R1308C,2B,C_AIM,0.5,64.0
R1308C,2B,C_AIM,0.6,62.0
R1308C,2B,C_AIM,0.7,51.0
R1308C,2B,C_AIM,0.8,59.0
R1308C,2B,C_AIM,0.9,48.0
R1308C,2B,C_AIM,1.0,50.0
R1308C,2B,C_AIM,1.1,53.0
R1308C,2B,C_AIM,1.2,39.0
R1308C,2B,C_AIM,1.3,48.0
R1308C,2B,C_AIM,1.4,52.0
R1308C,2B,C_AIM,1.5,49.0
R1308C,2B,C_AIM,1.6,55.0
R1308C,2B,C_AIM,1.7,46.0
R1308C,2B,C_AIM,1.8,49.0
R1308C,2B,C_AIM,1.9,47.0
R1308C,2B,C_AIM,2.0,62.0
R1308C,2B,C_AIM,2.1,48.0
R1308C,2B,C_AIM,2.2,39.0
R1308C,2B,C_AIM,2.3,42.0
R1308C,2B,C_AIM,2.4,45.0
R1308C,2B,C_AIM,2.5,43.0
R1308C,2B,C_AIM,2.6,55.0
R1308C,2B,C_AIM,2.7,50.0
R1308C,2B,C_AIM,2.8,49.0
R1308C,2B,C_AIM,2.9,52.0
R1308C,2B,C_AIM,3.0,50.0
R1308C,2B,C_AIM,3.1,44.0
R1308C,2B,C_AIM,3.2,44.0
R1308C,2B,C_AIM,3.3,46.0
R1308C,2B,C_AIM,3.4,59.0
R1308C,2B,C_AIM,3.5,54.0
R1308C,2B,C_AIM,3.6,46.0
R1308C,2B,C_AIM,3.7,56.0
R1308C,2B,C_AIM,3.8,51.0
R1308C,2B,C_AIM,3.9,60.0
R1308C,2B,C_AIM,4.0,53.0
R1308C,2B,C_AIM,4.1,44.0
R1308C,2B,C_AIM,4.2,52.0
R1308C,2B,C_AIM,4.3,60.0
R1308C,2B,C_AIM,4.4,47.0
R1308C,2B,C_AIM,4.5,47.0
R1308C,2B,C_AIM,4.6,54.0
R1308C,2B,C_AIM,4.7,47.0
R1308C,2B,C_AIM,4.8,38.0
R1308C,2B,C_AIM,4.9,58.0
R1308C,2B,C_AIM,5.0,47.0
R1308C,2B,C_AIM,5.1,47.0
R1308C,2B,C_AIM,5.2,50.0
R1308C,2B,C_AIM,5.3,52.0
R1308C,2B,C_AIM,5.4,55.0
R1308C,2B,C_AIM,5.5,52.0
R1308C,2B,C_AIM,5.6,54.0
R1308C,2B,C_AIM,5.7,54.0
R1308C,2B,C_AIM,5.8,55.0
R1308C,2B,C_AIM,5.9,52.0
R1308C,2B,C_AIM,6.0,58.0
R1308C,2B,C_AIM,6.1,53.0
R1308C,2B,C_AIM,6.2,53.0
R1308C,2B,C_AIM,6.3,52.0
R1308C,2B,C_AIM,6.4,58.0
R1308C,2B,C_AIM,6.5,55.0
R1308C,2B,C_AIM,6.6,61.0
R1308C,2B,C_AIM,6.7,56.0
R1308C,2B,C_AIM,6.8,43.0
R1308C,2B,C_AIM,6.9,47.0
R1308C,2B,C_AIM,7.0,49.0
R1308C,2B,C_AIM,7.1,55.0
R1308C,2B,C_AIM,7.2,44.0
R1308C,2B,C_AIM,7.3,58.0
R1308C,2B,C_AIM,7.400001,55.0
R1308C,2B,C_AIM,7.5,56.0
R1308C,2B,C_AIM,7.6,56.0
R1308C,2B,C_AIM,7.7,58.0
R1308C,2B,C_AIM,7.8,55.0
R1308C,2B,C_AIM,7.900001,57.0
R1308C,2B,C_AIM,8.0,49.0
R1308C,2B,C_AIM,8.1,46.0
R1308C,2B,C_AIM,8.200001,58.0
R1308C,2B,C_AIM,8.3,58.0
R1308C,2B,C_AIM,8.400001,58.0
R1308C,2B,C_AIM,8.5,62.0
R1308C,2B,C_AIM,8.6,65.0
R1308C,2B,C_AIM,8.700001,66.0
R1308C,2B,C_AIM,8.8,56.0
R1308C,2B,C_AIM,8.900001,56.0
R1308C,2B,C_AIM,9.0,59.0
R1308C,2B,C_AIM,9.1,67.0
R1308C,2B,C_AIM,9.200001,71.0
R1308C,2B,C_AIM,9.3,52.0
R1308C,2B,C_AIM,9.400001,59.0
R1308C,2B,C_AIM,9.5,50.0
R1308C,2B,C_AIM,9.6,32.0
R1308C,2B,C_AIM,9.700001,59.0
R1308C,2B,C_AIM,9.8,65.0
R1308C,2B,C_AIM,9.900001,52.0
R1308C,2B,C_AIM,10.0,55.0
R1308C,2B,C_AIM,10.1,63.0
R1308C,2B,C_AIM,10.2,56.0
R1308C,2B,C_AIM,10.3,60.0
R1308C,2B,C_AIM,10.4,62.0
R1308C,2B,C_AIM,10.5,56.0
R1308C,2B,C_AIM,10.6,48.0
R1308C,2B,C_AIM,10.7,58.0
R1308C,2B,C_AIM,10.8,46.0
R1308C,2B,C_AIM,10.9,48.0
R1308C,2B,C_AIM,11.0,59.0
R1308C,2B,C_AIM,11.1,63.0
R1308C,2B,C_AIM,11.2,55.0
R1308C,2B,C_AIM,11.3,61.0
R1308C,2B,C_AIM,11.4,59.0
R1308C,2B,C_AIM,11.5,51.0
R1308C,2B,C_AIM,11.6,56.0
R1308C,2B,C_AIM,11.7,52.0
R1308C,2B,C_AIM,11.8,56.0
R1308C,2B,C_AIM,11.9,59.0
R1308C,2B,C_AIM,12.0,48.0
R1308C,2B,C_AIM,12.1,48.0
R1308C,2B,C_AIM,12.2,57.0
R1308C,2B,C_AIM,12.3,60.0
R1308C,2B,C_AIM,12.4,52.0
R1308C,2B,C_AIM,12.5,59.0
R1308C,2B,C_AIM,12.6,58.0
R1308C,2B,C_AIM,12.7,54.0
R1308C,2B,C_AIM,12.8,53.0
R1308C,2B,C_AIM,12.9,48.0
R1308C,2B,C_AIM,13.0,55.0
R1308C,2B,C_AIM,13.1,56.0
R1308C,2B,C_AIM,13.2,42.0
R1308C,2B,C_AIM,13.3,56.0
R1308C,2B,C_AIM,13.4,52.0
R1308C,2B,C_AIM,13.5,60.0
R1308C,2B,C_AIM,13.6,63.0
R1308C,2B,C_AIM,13.7,55.0
R1308C,2B,C_AIM,13.8,57.0
R1308C,2B,C_AIM,13.9,52.0
R1308C,2B,C_AIM,14.0,58.0
R1308C,2B,C_AIM,14.1,53.0
R1308C,2B,C_AIM,14.2,59.0
R1308C,2B,C_AIM,14.3,60.0
R1308C,2B,C_AIM,14.4,52.0
R1308C,2B,C_AIM,14.5,55.0
R1308C,2B,C_AIM,14.6,55.0
R1308C,2B,C_AIM,14.7,53.0
R1308C,2B,C_AIM,14.8,49.0
R1308C,2B,C_AIM,14.9,53.0
R1308C,2B,C_AIM,15.0,45.0
R1308C,2B,C_AIM,15.1,52.0
R1308C,2B,C_AIM,15.2,45.0
R1308C,2B,C_AIM,15.3,57.0
R1308C,2B,C_AIM,15.4,45.0
R1308C,2B,C_AIM,15.5,50.0
R1308C,2B,C_AIM,15.6,60.0
R1308C,2B,C_AIM,15.7,56.0
R1308C,2B,C_AIM,15.8,57.0
R1308C,2B,C_AIM,15.9,54.0
R1308C,2B,C_AIM,16.0,57.0
R1308C,2B,C_AIM,16.1,60.0
R1308C,2B,C_AIM,16.2,54.0
R1308C,2B,C_AIM,16.3,58.0
R1308C,2B,C_AIM,16.4,62.0
R1308C,2B,C_AIM,16.5,56.0
R1308C,2B,C_AIM,16.6,52.0
R1308C,2B,C_AIM,16.7,53.0
R1308C,2B,C_AIM,16.8,52.0
R1308C,2B,C_AIM,16.9,54.0
R1308C,2B,C_AIM,17.0,61.0
R1308C,2B,C_AIM,17.1,58.0
R1308C,2B,C_AIM,17.2,62.0
R1308C,2B,C_AIM,17.3,57.0
R1308C,2B,C_AIM,17.4,53.0
R1308C,2B,C_AIM,17.5,68.0
R1308C,2B,C_AIM,17.6,39.0
R1308C,2B,C_AIM,17.7,55.0
R1308C,2B,C_AIM,17.8,54.0
R1308C,2B,C_AIM,17.9,55.0
R1308C,2B,C_AIM,18.0,55.0
R1308C,2B,C_AIM,18.1,54.0
R1308C,2B,C_AIM,18.2,57.0
R1308C,2B,C_AIM,18.3,48.0
R1308C,2B,C_AIM,18.4,58.0
R1308C,2B,C_AIM,18.5,58.0
R1308C,2B,C_AIM,18.6,59.0
R1308C,2B,C_AIM,18.7,53.0
R1308C,2B,C_AIM,18.8,49.0
R1308C,2B,C_AIM,18.9,49.0
R1308C,2B,C_AIM,19.0,52.0
R1308C,2B,C_AIM,19.1,53.0
R1308C,2B,C_AIM,19.2,53.0
R1308C,2B,C_AIM,19.3,52.0
R1308C,2B,C_AIM,19.4,52.0
R1308C,2B,C_AIM,19.5,51.0
R1308C,2B,C_AIM,19.6,57.0
R1308C,2B,C_AIM,19.7,46.0
R1308C,2B,C_AIM,19.8,57.0
R1308C,2B,C_AIM,19.9,55.0
R1308C,2B,C_AIM,20.0,56.0
R1308C,2B,C_AIM,20.1,59.0
R1308C,2B,C_AIM,20.2,57.0
R1308C,2B,C_AIM,20.3,55.0
R1308C,2B,C_AIM,20.4,50.0
R1308C,2B,C_AIM,20.5,52.0
R1308C,2B,C_AIM,20.6,58.0
R1308C,2B,C_AIM,20.7,56.0
R1308C,2B,C_AIM,20.8,50.0
R1308C,2B,C_AIM,20.9,49.0
R1308C,2B,C_AIM,21.0,53.0
R1308C,2B,C_AIM,21.1,65.0
R1308C,2B,C_AIM,21.2,45.0
R1308C,2B,C_AIM,21.3,54.0
R1308C,2B,C_AIM,21.4,56.0
R1308C,2B,C_AIM,21.5,68.0
R1308C,2B,C_AIM,21.6,52.0
R1308C,2B,C_AIM,21.7,47.0
R1308C,2B,C_AIM,21.8,35.0
R1308C,2B,C_AIM,21.9,56.0
R1308C,2B,C_AIM,22.0,60.0
R1308C,2B,C_AIM,22.1,53.0
R1308C,2B,C_AIM,22.2,51.0
R1308C,2B,C_AIM,22.3,50.0
R1308C,2B,C_AIM,22.4,48.0
R1308C,2B,C_AIM,22.5,54.0
R1308C,2B,C_AIM,22.6,45.0
R1308C,2B,C_AIM,22.7,51.0
R1308C,2B,C_AIM,22.8,53.0
R1308C,2B,C_AIM,22.9,48.0
R1308C,2B,C_AIM,23.0,41.0
R1308C,2B,C_AIM,23.1,52.0
R1308C,2B,C_AIM,23.2,43.0
R1308C,2B,C_AIM,23.3,41.0
R1308C,2B,C_AIM,23.4,37.0
R1308C,2B,C_AIM,23.5,47.0
R1308C,2B,C_AIM,23.6,51.0
R1308C,2B,C_AIM,23.7,47.0
R1308C,2B,C_AIM,23.8,48.0
R1308C,2B,C_AIM,23.9,56.0
R1308C,2B,C_AIM,24.0,55.0
R1308C,2B,C_AIM,24.1,58.0
R1308C,2B,C_AIM,24.2,52.0
R1308C,2B,C_AIM,24.3,39.0
R1308C,2B,C_AIM,24.4,54.0
R1308C,2B,C_AIM,24.5,61.0
R1308C,2B,C_AIM,24.6,52.0
R1308C,2B,C_AIM,24.7,56.0
R1308C,2B,C_AIM,24.8,56.0
R1308C,2B,C_AIM,24.9,62.0
R1308C,2B,C_AIM,25.0,68.0
R1308C,2B,C_AIM,25.1,64.0
R1308C,2B,C_AIM,25.2,58.0
R1308C,2B,C_AIM,25.3,56.0
R1308C,2B,C_AIM,25.4,52.0
R1308C,2B,C_AIM,25.5,55.0
R1308C,2B,C_AIM,25.6,59.0
R1308C,2B,C_AIM,25.7,57.0
R1308C,2B,C_AIM,25.8,57.0
R1308C,2B,C_AIM,25.9,61.0
R1308C,2B,C_AIM,26.0,64.0
R1308C,2B,C_AIM,26.1,40.0
R1308C,2B,C_AIM,26.2,58.0
R1308C,2B,C_AIM,26.3,62.0
R1308C,2B,C_AIM,26.4,62.0
R1308C,2B,C_AIM,26.5,62.0
R1308C,2B,C_AIM,26.6,64.0
R1308C,2B,C_AIM,26.7,57.0
R1308C,2B,C_AIM,26.8,57.0
R1308C,2B,C_AIM,26.9,59.0
R1308C,2B,C_AIM,27.0,53.0
R1308C,2B,C_AIM,27.1,57.0
R1308C,2B,C_AIM,27.2,42.0
R1308C,2B,C_AIM,27.3,58.0
R1308C,2B,C_AIM,27.4,54.0
R1308C,2B,C_AIM,27.5,54.0
R1308C,2B,C_AIM,27.6,59.0
R1308C,2B,C_AIM,27.7,58.0
R1308C,2B,C_AIM,27.8,61.0
R1308C,2B,C_AIM,27.9,63.0
R1308C,2B,C_AIM,28.0,59.0
R1308C,2B,C_AIM,28.1,67.0
R1308C,2B,C_AIM,28.2,57.0
R1308C,2B,C_AIM,28.3,65.0
R1308C,2B,C_AIM,28.4,59.0
R1308C,2B,C_AIM,28.5,63.0
R1308C,2B,C_AIM,28.6,55.0
R1308C,2B,C_AIM,28.7,58.0
R1308C,2B,C_AIM,28.8,66.0
R1308C,2B,C_AIM,28.9,54.0
R1308C,2B,C_AIM,29.0,63.0
R1308C,2B,C_AIM,29.1,48.0
R1308C,2B,C_AIM,29.2,56.0
R1308C,2B,C_AIM,29.3,58.0
R1308C,2B,C_AIM,29.4,48.0
R1308C,2B,C_AIM,29.5,53.0
R1308C,2B,C_AIM,29.6,54.0
R1308C,2B,C_AIM,29.7,61.0
R1308C,2B,C_AIM,29.8,52.0
R1308C,2B,C_AIM,29.9,42.0
R1308C,2B,C_AIM,30.0,56.0
R1308C,2B,C_AIM,30.1,55.0
R1308C,2B,C_AIM,30.2,53.0
R1308C,2B,C_AIM,30.3,55.0
R1308C,2B,C_AIM,30.4,58.0
R1308C,2B,C_AIM,30.5,59.0
R1308C,2B,C_AIM,30.6,66.0
R1308C,2B,C_AIM,30.7,63.0
R1308C,2B,C_AIM,30.8,69.0
R1308C,2B,C_AIM,30.9,58.0
R1308C,2B,C_AIM,31.0,59.0
R1308C,2B,C_AIM,31.1,65.0
R1308C,2B,C_AIM,31.2,51.0
R1308C,2B,C_AIM,31.3,61.0
R1308C,2B,C_AIM,31.4,52.0
R1308C,2B,C_AIM,31.5,53.0
R1308C,2B,C_AIM,31.6,60.0
R1308C,2B,C_AIM,31.7,51.0
R1308C,2B,C_AIM,31.8,64.0
R1308C,2B,C_AIM,31.9,56.0
R1308C,2B,C_AIM,32.0,50.0
R1308C,2B,C_AIM,32.1,63.0
R1308C,2B,C_AIM,32.2,57.0
R1308C,2B,C_AIM,32.3,51.0
R1308C,2B,C_AIM,32.4,50.0
R1308C,2B,C_AIM,32.5,59.0
R1308C,2B,C_AIM,32.6,47.0
R1308C,2B,C_AIM,32.7,50.0
R1308C,2B,C_AIM,32.8,55.0
R1308C,2B,C_AIM,32.9,62.0
R1308C,2B,C_AIM,33.0,51.0
R1308C,2B,C_AIM,33.1,42.0
R1308C,2B,C_AIM,33.2,50.0
R1308C,2B,C_AIM,33.3,38.0
R1308C,2B,C_AIM,33.4,48.0
R1308C,2B,C_AIM,33.5,45.0
R1308C,2B,C_AIM,33.6,44.0
R1308C,2B,C_AIM,33.7,42.0
R1308C,2B,C_AIM,33.8,46.0
R1308C,2B,C_AIM,33.9,47.0
R1308C,2B,C_AIM,34.0,52.0
R1308C,2B,C_AIM,34.1,51.0
R1308C,2B,C_AIM,34.2,45.0
R1308C,2B,C_AIM,34.3,58.0
R1308C,2B,C_AIM,34.4,46.0
R1308C,2B,C_AIM,34.5,60.0
R1308C,2B,C_AIM,34.6,53.0
R1308C,2B,C_AIM,34.7,43.0
R1308C,2B,C_AIM,34.8,47.0
R1308C,2B,C_AIM,34.9,47.0
R1308C,2B,C_AIM,35.0,37.0
R1308C,2B,C_AIM,35.1,53.0
R1308C,2B,C_AIM,35.2,44.0
R1308C,2B,C_AIM,35.3,50.0
R1308C,2B,C_AIM,35.4,49.0
R1308C,2B,C_AIM,35.5,54.0
R1308C,2B,C_AIM,35.6,48.0
R1308C,2B,C_AIM,35.7,56.0
R1308C,2B,C_AIM,35.8,62.0
R1308C,2B,C_AIM,35.9,48.0
R1308C,2B,C_AIM,36.0,51.0
R1308C,2B,C_AIM,36.1,55.0
R1308C,2B,C_AIM,36.2,46.0
R1308C,2B,C_AIM,36.3,45.0
R1308C,2B,C_AIM,36.4,49.0
R1308C,2B,C_AIM,36.5,53.0
R1308C,2B,C_AIM,36.6,44.0
R1308C,2B,C_AIM,36.7,60.0
R1308C,2B,C_AIM,36.8,53.0
R1308C,2B,C_AIM,36.9,46.0
R1308C,2B,C_AIM,37.0,64.0
R1308C,2B,C_AIM,37.1,55.0
R1308C,2B,C_AIM,37.2,46.0
R1308C,2B,C_AIM,37.3,46.0
R1308C,2B,C_AIM,37.4,57.0
R1308C,2B,C_AIM,37.5,57.0
R1308C,2B,C_AIM,37.6,49.0
R1308C,2B,C_AIM,37.7,52.0
R1308C,2B,C_AIM,37.8,51.0
R1308C,2B,C_AIM,37.9,58.0
R1308C,2B,C_AIM,38.0,52.0
R1308C,2B,C_AIM,38.1,52.0
R1308C,2B,C_AIM,38.2,59.0
R1308C,2B,C_AIM,38.3,52.0
R1308C,2B,C_AIM,38.4,45.0
R1308C,2B,C_AIM,38.5,55.0
R1308C,2B,C_AIM,38.6,59.0
R1308C,2B,C_AIM,38.7,54.0
R1308C,2B,C_AIM,38.8,50.0
R1308C,2B,C_AIM,38.9,51.0
R1308C,2B,C_AIM,39.0,54.0
R1308C,2B,C_AIM,39.1,53.0
R1308C,2B,C_AIM,39.2,56.0
R1308C,2B,C_AIM,39.3,61.0
R1308C,2B,C_AIM,39.4,66.0
R1308C,2B,C_AIM,39.5,67.0
R1308C,2B,C_AIM,39.6,71.0
R1308C,2B,C_AIM,39.7,66.0
R1308C,2B,C_AIM,39.8,75.0
R1308C,2B,C_AIM,39.9,63.0
R1308C,2B,C_AIM,40.0,57.0
R1308C,2B,C_AIM,40.1,64.0
R1308C,2B,C_AIM,40.2,68.0
R1308C,2B,C_AIM,40.3,66.0
R1308C,2B,C_AIM,40.4,80.0
R1308C,2B,C_AIM,40.5,73.0
R1308C,2B,C_AIM,40.6,68.0
R1308C,2B,C_AIM,40.7,62.0
R1308C,2B,C_AIM,40.8,62.0
R1308C,2B,C_AIM,40.9,71.0
R1308C,2B,C_AIM,41.0,71.0
R1308C,2B,C_AIM,41.1,69.0
R1308C,2B,C_AIM,41.2,67.0
R1308C,2B,C_AIM,41.3,70.0
R1308C,2B,C_AIM,41.4,64.0
R1308C,2B,C_AIM,41.5,68.0
R1308C,2B,C_AIM,41.6,63.0
R1308C,2B,C_AIM,41.7,66.0
R1308C,2B,C_AIM,41.8,66.0
R1308C,2B,C_AIM,41.9,68.0
R1308C,2B,C_AIM,42.0,71.0
R1308C,2B,C_AIM,42.1,60.0
R1308C,2B,C_AIM,42.2,64.0
R1308C,2B,C_AIM,42.3,67.0
R1308C,2B,C_AIM,42.4,68.0
R1308C,2B,C_AIM,42.5,57.0
R1308C,2B,C_AIM,42.6,72.0
R1308C,2B,C_AIM,42.7,69.0
R1308C,2B,C_AIM,42.8,62.0
R1308C,2B,C_AIM,42.9,64.0
R1308C,2B,C_AIM,43.0,64.0
R1308C,2B,C_AIM,43.1,65.0
R1308C,2B,C_AIM,43.2,62.0
R1308C,2B,C_AIM,43.3,62.0
R1308C,2B,C_AIM,43.4,62.0
R1308C,2B,C_AIM,43.5,70.0
R1308C,2B,C_AIM,43.6,66.0
R1308C,2B,C_AIM,43.7,62.0
R1308C,2B,C_AIM,43.8,68.0
R1308C,2B,C_AIM,43.9,61.0
R1308C,2B,C_AIM,44.0,63.0
R1308C,2B,C_AIM,44.1,68.0
R1308C,2B,C_AIM,44.2,61.0
R1308C,2B,C_AIM,44.3,59.0
R1308C,2B,C_AIM,44.4,62.0
R1308C,2B,C_AIM,44.5,61.0
R1308C,2B,C_AIM,44.6,59.0
R1308C,2B,C_AIM,44.7,64.0
R1308C,2B,C_AIM,44.8,64.0
R1308C,2B,C_AIM,44.9,56.0
R1308C,2B,C_AIM,45.0,58.0
R1308C,2B,C_AIM,45.1,72.0
R1308C,2B,C_AIM,45.2,73.0
R1308C,2B,C_AIM,45.3,65.0
R1308C,2B,C_AIM,45.4,63.0
R1308C,2B,C_AIM,45.5,63.0
R1308C,2B,C_AIM,45.6,63.0
R1308C,2B,C_AIM,45.7,64.0
R1308C,2B,C_AIM,45.8,66.0
R1308C,2B,C_AIM,45.9,63.0
R1308C,2B,C_AIM,46.0,68.0
R1308C,2B,C_AIM,46.1,68.0
R1308C,2B,C_AIM,46.2,61.0
R1308C,2B,C_AIM,46.3,63.0
R1308C,2B,C_AIM,46.4,61.0
R1308C,2B,C_AIM,46.5,59.0
R1308C,2B,C_AIM,46.6,53.0
R1308C,2B,C_AIM,46.7,58.0
R1308C,2B,C_AIM,46.8,55.0
R1308C,2B,C_AIM,46.9,53.0
R1308C,2B,C_AIM,47.0,53.0
R1308C,2B,C_AIM,47.1,61.0
R1308C,2B,C_AIM,47.2,60.0
R1308C,2B,C_AIM,47.3,62.0
R1308C,2B,C_AIM,47.4,78.0
R1308C,2B,C_AIM,47.5,69.0
R1308C,2B,C_AIM,47.6,67.0
R1308C,2B,C_AIM,47.7,77.0
R1308C,2B,C_AIM,47.8,68.0
R1308C,2B,C_AIM,47.9,56.0
R1308C,2B,C_AIM,48.0,47.0
R1308C,2B,C_AIM,48.1,45.0
R1308C,2B,C_AIM,48.2,80.0
R1308C,2B,C_AIM,48.3,72.0
R1308C,2B,C_AIM,48.4,72.0
R1308C,2B,C_AIM,48.5,78.0
R1308C,2B,C_AIM,48.6,77.0
R1308C,2B,C_AIM,48.7,52.0
R1308C,2B,C_AIM,48.8,58.0
R1308C,2B,C_AIM,48.9,65.0
R1308C,2B,C_AIM,49.0,63.0
R1308C,2B,C_AIM,49.1,56.0
R1308C,2B,C_AIM,49.2,42.0
R1308C,2B,C_AIM,49.3,55.0
R1308C,2B,C_AIM,49.4,54.0
R1308C,2B,C_AIM,49.5,51.0
R1308C,2B,C_AIM,49.6,47.0
R1308C,2B,C_AIM,49.7,47.0
R1308C,2B,C_AIM,49.8,57.0
R1308C,2B,C_AIM,49.9,58.0
R1308C,2B,C_AIM,50.0,54.0
S1310F,2B,AIM_all,0.0,167.0
S1310F,2B,AIM_all,0.1,149.0
S1310F,2B,AIM_all,0.2,174.0
S1310F,2B,AIM_all,0.3,180.0
S1310F,2B,AIM_all,0.4,180.0
S1310F,2B,AIM_all,0.5,168.0
S1310F,2B,AIM_all,0.6,173.0
S1310F,2B,AIM_all,0.7,174.0
S1310F,2B,AIM_all,0.8,170.0
S1310F,2B,AIM_all,0.9,190.0
S1310F,2B,AIM_all,1.0,181.0
S1310F,2B,AIM_all,1.1,171.0
S1310F,2B,AIM_all,1.2,186.0
S1310F,2B,AIM_all,1.3,178.0
S1310F,2B,AIM_all,1.4,162.0
S1310F,2B,AIM_all,1.5,187.0
S1310F,2B,AIM_all,1.6,189.0
S1310F,2B,AIM_all,1.7,190.0
S1310F,2B,AIM_all,1.8,167.0
S1310F,2B,AIM_all,1.9,145.0
S1310F,2B,AIM_all,2.0,198.0
S1310F,2B,AIM_all,2.1,200.0
S1310F,2B,AIM_all,2.2,204.0
S1310F,2B,AIM_all,2.3,212.0
S1310F,2B,AIM_all,2.4,208.0
S1310F,2B,AIM_all,2.5,198.0
S1310F,2B,AIM_all,2.6,209.0
S1310F,2B,AIM_all,2.7,216.0
S1310F,2B,AIM_all,2.8,196.0
S1310F,2B,AIM_all,2.9,209.0
S1310F,2B,AIM_all,3.0,222.0
S1310F,2B,AIM_all,3.1,193.0
S1310F,2B,AIM_all,3.2,202.0
S1310F,2B,AIM_all,3.3,191.0
S1310F,2B,AIM_all,3.4,198.0
S1310F,2B,AIM_all,3.5,193.0
S1310F,2B,AIM_all,3.6,187.0
S1310F,2B,AIM_all,3.7,187.0
S1310F,2B,AIM_all,3.8,192.0
S1310F,2B,AIM_all,3.9,187.0
S1310F,2B,AIM_all,4.0,206.0
S1310F,2B,AIM_all,4.1,183.0
S1310F,2B,AIM_all,4.2,213.0
S1310F,2B,AIM_all,4.3,187.0
S1310F,2B,AIM_all,4.4,181.0
S1310F,2B,AIM_all,4.5,181.0
S1310F,2B,AIM_all,4.6,169.0
S1310F,2B,AIM_all,4.7,181.0
S1310F,2B,AIM_all,4.8,168.0
S1310F,2B,AIM_all,4.9,198.0
S1310F,2B,AIM_all,5.0,179.0
S1310F,2B,AIM_all,5.1,165.0
S1310F,2B,AIM_all,5.2,152.0
S1310F,2B,AIM_all,5.3,162.0
S1310F,2B,AIM_all,5.4,163.0
S1310F,2B,AIM_all,5.5,178.0
S1310F,2B,AIM_all,5.6,150.0
S1310F,2B,AIM_all,5.7,165.0
S1310F,2B,AIM_all,5.8,151.0
S1310F,2B,AIM_all,5.9,135.0
S1310F,2B,AIM_all,6.0,165.0
S1310F,2B,AIM_all,6.1,156.0
S1310F,2B,AIM_all,6.2,166.0
S1310F,2B,AIM_all,6.3,162.0
S1310F,2B,AIM_all,6.4,167.0
S1310F,2B,AIM_all,6.5,156.0
S1310F,2B,AIM_all,6.6,161.0
S1310F,2B,AIM_all,6.7,162.0
S1310F,2B,AIM_all,6.8,158.0
S1310F,2B,AIM_all,6.9,144.0
S1310F,2B,AIM_all,7.0,147.0
S1310F,2B,AIM_all,7.1,155.0
S1310F,2B,AIM_all,7.2,127.0
S1310F,2B,AIM_all,7.3,152.0
S1310F,2B,AIM_all,7.400001,176.0
S1310F,2B,AIM_all,7.5,164.0
S1310F,2B,AIM_all,7.6,161.0
S1310F,2B,AIM_all,7.7,154.0
S1310F,2B,AIM_all,7.8,156.0
S1310F,2B,AIM_all,7.900001,167.0
S1310F,2B,AIM_all,8.0,176.0
S1310F,2B,AIM_all,8.1,157.0
S1310F,2B,AIM_all,8.200001,138.0
S1310F,2B,AIM_all,8.3,159.0
S1310F,2B,AIM_all,8.400001,150.0
S1310F,2B,AIM_all,8.5,165.0
S1310F,2B,AIM_all,8.6,148.0
S1310F,2B,AIM_all,8.700001,153.0
S1310F,2B,AIM_all,8.8,135.0
S1310F,2B,AIM_all,8.900001,122.0
S1310F,2B,AIM_all,9.0,114.0
S1310F,2B,AIM_all,9.1,117.0
S1310F,2B,AIM_all,9.200001,110.0
S1310F,2B,AIM_all,9.3,116.0
S1310F,2B,AIM_all,9.400001,99.0
S1310F,2B,AIM_all,9.5,121.0
S1310F,2B,AIM_all,9.6,118.0
S1310F,2B,AIM_all,9.700001,113.0
S1310F,2B,AIM_all,9.8,108.0
S1310F,2B,AIM_all,9.900001,116.0
S1310F,2B,AIM_all,10.0,128.0
S1310F,2B,AIM_all,10.1,137.0
S1310F,2B,AIM_all,10.2,114.0
S1310F,2B,AIM_all,10.3,116.0
S1310F,2B,AIM_all,10.4,119.0
S1310F,2B,AIM_all,10.5,116.0
S1310F,2B,AIM_all,10.6,127.0
S1310F,2B,AIM_all,10.7,128.0
S1310F,2B,AIM_all,10.8,130.0
S1310F,2B,AIM_all,10.9,117.0
S1310F,2B,AIM_all,11.0,146.0
S1310F,2B,AIM_all,11.1,156.0
S1310F,2B,AIM_all,11.2,130.0
S1310F,2B,AIM_all,11.3,150.0
S1310F,2B,AIM_all,11.4,110.0
S1310F,2B,AIM_all,11.5,120.0
S1310F,2B,AIM_all,11.6,127.0
S1310F,2B,AIM_all,11.7,133.0
S1310F,2B,AIM_all,11.8,135.0
S1310F,2B,AIM_all,11.9,123.0
S1310F,2B,AIM_all,12.0,124.0
S1310F,2B,AIM_all,12.1,127.0
S1310F,2B,AIM_all,12.2,114.0
S1310F,2B,AIM_all,12.3,129.0
S1310F,2B,AIM_all,12.4,116.0
S1310F,2B,AIM_all,12.5,108.0
S1310F,2B,AIM_all,12.6,113.0
S1310F,2B,AIM_all,12.7,99.0
S1310F,2B,AIM_all,12.8,95.0
S1310F,2B,AIM_all,12.9,113.0
S1310F,2B,AIM_all,13.0,111.0
S1310F,2B,AIM_all,13.1,127.0
S1310F,2B,AIM_all,13.2,131.0
S1310F,2B,AIM_all,13.3,121.0
S1310F,2B,AIM_all,13.4,118.0
S1310F,2B,AIM_all,13.5,115.0
S1310F,2B,AIM_all,13.6,119.0
S1310F,2B,AIM_all,13.7,122.0
S1310F,2B,AIM_all,13.8,136.0
S1310F,2B,AIM_all,13.9,120.0
S1310F,2B,AIM_all,14.0,135.0
S1310F,2B,AIM_all,14.1,124.0
S1310F,2B,AIM_all,14.2,129.0
S1310F,2B,AIM_all,14.3,136.0
S1310F,2B,AIM_all,14.4,112.0
S1310F,2B,AIM_all,14.5,115.0
S1310F,2B,AIM_all,14.6,105.0
S1310F,2B,AIM_all,14.7,120.0
S1310F,2B,AIM_all,14.8,113.0
S1310F,2B,AIM_all,14.9,109.0
S1310F,2B,AIM_all,15.0,107.0
S1310F,2B,AIM_all,15.1,108.0
S1310F,2B,AIM_all,15.2,123.0
S1310F,2B,AIM_all,15.3,115.0
S1310F,2B,AIM_all,15.4,121.0
S1310F,2B,AIM_all,15.5,114.0
S1310F,2B,AIM_all,15.6,113.0
S1310F,2B,AIM_all,15.7,109.0
S1310F,2B,AIM_all,15.8,116.0
S1310F,2B,AIM_all,15.9,120.0
S1310F,2B,AIM_all,16.0,124.0
S1310F,2B,AIM_all,16.1,109.0
S1310F,2B,AIM_all,16.2,110.0
S1310F,2B,AIM_all,16.3,127.0
S1310F,2B,AIM_all,16.4,137.0
S1310F,2B,AIM_all,16.5,135.0
S1310F,2B,AIM_all,16.6,134.0
S1310F,2B,AIM_all,16.7,120.0
S1310F,2B,AIM_all,16.8,134.0
S1310F,2B,AIM_all,16.9,146.0
S1310F,2B,AIM_all,17.0,134.0
S1310F,2B,AIM_all,17.1,136.0
S1310F,2B,AIM_all,17.2,148.0
S1310F,2B,AIM_all,17.3,131.0
S1310F,2B,AIM_all,17.4,152.0
S1310F,2B,AIM_all,17.5,151.0
S1310F,2B,AIM_all,17.6,133.0
S1310F,2B,AIM_all,17.7,164.0
S1310F,2B,AIM_all,17.8,122.0
S1310F,2B,AIM_all,17.9,140.0
S1310F,2B,AIM_all,18.0,135.0
S1310F,2B,AIM_all,18.1,140.0
S1310F,2B,AIM_all,18.2,132.0
S1310F,2B,AIM_all,18.3,130.0
S1310F,2B,AIM_all,18.4,130.0
S1310F,2B,AIM_all,18.5,124.0
S1310F,2B,AIM_all,18.6,118.0
S1310F,2B,AIM_all,18.7,117.0
S1310F,2B,AIM_all,18.8,106.0
S1310F,2B,AIM_all,18.9,114.0
S1310F,2B,AIM_all,19.0,129.0
S1310F,2B,AIM_all,19.1,134.0
S1310F,2B,AIM_all,19.2,122.0
S1310F,2B,AIM_all,19.3,137.0
S1310F,2B,AIM_all,19.4,126.0
S1310F,2B,AIM_all,19.5,139.0
S1310F,2B,AIM_all,19.6,124.0
S1310F,2B,AIM_all,19.7,141.0
S1310F,2B,AIM_all,19.8,137.0
S1310F,2B,AIM_all,19.9,138.0
S1310F,2B,AIM_all,20.0,139.0
S1310F,2B,AIM_all,20.1,132.0
S1310F,2B,AIM_all,20.2,148.0
S1310F,2B,AIM_all,20.3,132.0
S1310F,2B,AIM_all,20.4,128.0
S1310F,2B,AIM_all,20.5,137.0
S1310F,2B,AIM_all,20.6,140.0
S1310F,2B,AIM_all,20.7,131.0
S1310F,2B,AIM_all,20.8,132.0
S1310F,2B,AIM_all,20.9,137.0
S1310F,2B,AIM_all,21.0,123.0
S1310F,2B,AIM_all,21.1,131.0
S1310F,2B,AIM_all,21.2,115.0
S1310F,2B,AIM_all,21.3,124.0
S1310F,2B,AIM_all,21.4,110.0
S1310F,2B,AIM_all,21.5,121.0
S1310F,2B,AIM_all,21.6,132.0
S1310F,2B,AIM_all,21.7,97.0
S1310F,2B,AIM_all,21.8,117.0
S1310F,2B,AIM_all,21.9,114.0
S1310F,2B,AIM_all,22.0,110.0
S1310F,2B,AIM_all,22.1,122.0
S1310F,2B,AIM_all,22.2,124.0
S1310F,2B,AIM_all,22.3,121.0
S1310F,2B,AIM_all,22.4,109.0
S1310F,2B,AIM_all,22.5,113.0
S1310F,2B,AIM_all,22.6,125.0
S1310F,2B,AIM_all,22.7,101.0
S1310F,2B,AIM_all,22.8,117.0
S1310F,2B,AIM_all,22.9,130.0
S1310F,2B,AIM_all,23.0,134.0
S1310F,2B,AIM_all,23.1,134.0
S1310F,2B,AIM_all,23.2,134.0
S1310F,2B,AIM_all,23.3,136.0
S1310F,2B,AIM_all,23.4,122.0
S1310F,2B,AIM_all,23.5,128.0
S1310F,2B,AIM_all,23.6,141.0
S1310F,2B,AIM_all,23.7,150.0
S1310F,2B,AIM_all,23.8,130.0
S1310F,2B,AIM_all,23.9,136.0
S1310F,2B,AIM_all,24.0,139.0
S1310F,2B,AIM_all,24.1,116.0
S1310F,2B,AIM_all,24.2,129.0
S1310F,2B,AIM_all,24.3,134.0
S1310F,2B,AIM_all,24.4,121.0
S1310F,2B,AIM_all,24.5,138.0
S1310F,2B,AIM_all,24.6,140.0
S1310F,2B,AIM_all,24.7,140.0
S1310F,2B,AIM_all,24.8,127.0
S1310F,2B,AIM_all,24.9,124.0
S1310F,2B,AIM_all,25.0,124.0
S1310F,2B,AIM_all,25.1,115.0
S1310F,2B,AIM_all,25.2,117.0
S1310F,2B,AIM_all,25.3,127.0
S1310F,2B,AIM_all,25.4,128.0
S1310F,2B,AIM_all,25.5,139.0
S1310F,2B,AIM_all,25.6,133.0
S1310F,2B,AIM_all,25.7,134.0
S1310F,2B,AIM_all,25.8,135.0
S1310F,2B,AIM_all,25.9,114.0
S1310F,2B,AIM_all,26.0,117.0
S1310F,2B,AIM_all,26.1,109.0
S1310F,2B,AIM_all,26.2,114.0
S1310F,2B,AIM_all,26.3,102.0
S1310F,2B,AIM_all,26.4,126.0
S1310F,2B,AIM_all,26.5,109.0
S1310F,2B,AIM_all,26.6,128.0
S1310F,2B,AIM_all,26.7,106.0
S1310F,2B,AIM_all,26.8,114.0
S1310F,2B,AIM_all,26.9,124.0
S1310F,2B,AIM_all,27.0,114.0
S1310F,2B,AIM_all,27.1,126.0
S1310F,2B,AIM_all,27.2,121.0
S1310F,2B,AIM_all,27.3,117.0
S1310F,2B,AIM_all,27.4,128.0
S1310F,2B,AIM_all,27.5,121.0
S1310F,2B,AIM_all,27.6,116.0
S1310F,2B,AIM_all,27.7,119.0
S1310F,2B,AIM_all,27.8,131.0
S1310F,2B,AIM_all,27.9,129.0
S1310F,2B,AIM_all,28.0,122.0
S1310F,2B,AIM_all,28.1,122.0
S1310F,2B,AIM_all,28.2,104.0
S1310F,2B,AIM_all,28.3,133.0
S1310F,2B,AIM_all,28.4,127.0
S1310F,2B,AIM_all,28.5,131.0
S1310F,2B,AIM_all,28.6,135.0
S1310F,2B,AIM_all,28.7,141.0
S1310F,2B,AIM_all,28.8,127.0
S1310F,2B,AIM_all,28.9,133.0
S1310F,2B,AIM_all,29.0,135.0
S1310F,2B,AIM_all,29.1,128.0
S1310F,2B,AIM_all,29.2,129.0
S1310F,2B,AIM_all,29.3,133.0
S1310F,2B,AIM_all,29.4,124.0
S1310F,2B,AIM_all,29.5,135.0
S1310F,2B,AIM_all,29.6,121.0
S1310F,2B,AIM_all,29.7,117.0
S1310F,2B,AIM_all,29.8,125.0
S1310F,2B,AIM_all,29.9,118.0
S1310F,2B,AIM_all,30.0,137.0
S1310F,2B,AIM_all,30.1,137.0
S1310F,2B,AIM_all,30.2,130.0
S1310F,2B,AIM_all,30.3,130.0
S1310F,2B,AIM_all,30.4,121.0
S1310F,2B,AIM_all,30.5,125.0
S1310F,2B,AIM_all,30.6,144.0
S1310F,2B,AIM_all,30.7,124.0
S1310F,2B,AIM_all,30.8,137.0
S1310F,2B,AIM_all,30.9,123.0
S1310F,2B,AIM_all,31.0,138.0
S1310F,2B,AIM_all,31.1,128.0
S1310F,2B,AIM_all,31.2,132.0
S1310F,2B,AIM_all,31.3,133.0
S1310F,2B,AIM_all,31.4,127.0
S1310F,2B,AIM_all,31.5,131.0
S1310F,2B,AIM_all,31.6,120.0
S1310F,2B,AIM_all,31.7,127.0
S1310F,2B,AIM_all,31.8,137.0
S1310F,2B,AIM_all,31.9,126.0
S1310F,2B,AIM_all,32.0,127.0
S1310F,2B,AIM_all,32.1,129.0
S1310F,2B,AIM_all,32.2,124.0
S1310F,2B,AIM_all,32.3,131.0
S1310F,2B,AIM_all,32.4,127.0
S1310F,2B,AIM_all,32.5,122.0
S1310F,2B,AIM_all,32.6,120.0
S1310F,2B,AIM_all,32.7,110.0
S1310F,2B,AIM_all,32.8,114.0
S1310F,2B,AIM_all,32.9,116.0
S1310F,2B,AIM_all,33.0,119.0
S1310F,2B,AIM_all,33.1,111.0
S1310F,2B,AIM_all,33.2,112.0
S1310F,2B,AIM_all,33.3,103.0
S1310F,2B,AIM_all,33.4,105.0
S1310F,2B,AIM_all,33.5,100.0
S1310F,2B,AIM_all,33.6,111.0
S1310F,2B,AIM_all,33.7,120.0
S1310F,2B,AIM_all,33.8,111.0
S1310F,2B,AIM_all,33.9,103.0
S1310F,2B,AIM_all,34.0,95.0
S1310F,2B,AIM_all,34.1,105.0
S1310F,2B,AIM_all,34.2,106.0
S1310F,2B,AIM_all,34.3,111.0
S1310F,2B,AIM_all,34.4,118.0
S1310F,2B,AIM_all,34.5,118.0
S1310F,2B,AIM_all,34.6,106.0
S1310F,2B,AIM_all,34.7,109.0
S1310F,2B,AIM_all,34.8,107.0
S1310F,2B,AIM_all,34.9,107.0
S1310F,2B,AIM_all,35.0,106.0
S1310F,2B,AIM_all,35.1,111.0
S1310F,2B,AIM_all,35.2,115.0
S1310F,2B,AIM_all,35.3,121.0
S1310F,2B,AIM_all,35.4,115.0
S1310F,2B,AIM_all,35.5,115.0
S1310F,2B,AIM_all,35.6,107.0
S1310F,2B,AIM_all,35.7,114.0
S1310F,2B,AIM_all,35.8,114.0
S1310F,2B,AIM_all,35.9,106.0
S1310F,2B,AIM_all,36.0,119.0
S1310F,2B,AIM_all,36.1,116.0
S1310F,2B,AIM_all,36.2,114.0
S1310F,2B,AIM_all,36.3,101.0
S1310F,2B,AIM_all,36.4,112.0
S1310F,2B,AIM_all,36.5,113.0
S1310F,2B,AIM_all,36.6,112.0
S1310F,2B,AIM_all,36.7,99.0
S1310F,2B,AIM_all,36.8,106.0
S1310F,2B,AIM_all,36.9,114.0
S1310F,2B,AIM_all,37.0,106.0
S1310F,2B,AIM_all,37.1,101.0
S1310F,2B,AIM_all,37.2,101.0
S1310F,2B,AIM_all,37.3,98.0
S1310F,2B,AIM_all,37.4,103.0
S1310F,2B,AIM_all,37.5,102.0
S1310F,2B,AIM_all,37.6,107.0
S1310F,2B,AIM_all,37.7,101.0
S1310F,2B,AIM_all,37.8,112.0
S1310F,2B,AIM_all,37.9,110.0
S1310F,2B,AIM_all,38.0,109.0
S1310F,2B,AIM_all,38.1,121.0
S1310F,2B,AIM_all,38.2,109.0
S1310F,2B,AIM_all,38.3,108.0
S1310F,2B,AIM_all,38.4,113.0
S1310F,2B,AIM_all,38.5,115.0
S1310F,2B,AIM_all,38.6,114.0
S1310F,2B,AIM_all,38.7,103.0
S1310F,2B,AIM_all,38.8,99.0
S1310F,2B,AIM_all,38.9,106.0
S1310F,2B,AIM_all,39.0,108.0
S1310F,2B,AIM_all,39.1,113.0
S1310F,2B,AIM_all,39.2,111.0
S1310F,2B,AIM_all,39.3,104.0
S1310F,2B,AIM_all,39.4,90.0
S1310F,2B,AIM_all,39.5,94.0
S1310F,2B,AIM_all,39.6,111.0
S1310F,2B,AIM_all,39.7,111.0
S1310F,2B,AIM_all,39.8,122.0
S1310F,2B,AIM_all,39.9,128.0
S1310F,2B,AIM_all,40.0,123.0
S1310F,2B,AIM_all,40.1,121.0
S1310F,2B,AIM_all,40.2,115.0
S1310F,2B,AIM_all,40.3,109.0
S1310F,2B,AIM_all,40.4,109.0
S1310F,2B,AIM_all,40.5,140.0
S1310F,2B,AIM_all,40.6,113.0
S1310F,2B,AIM_all,40.7,124.0
S1310F,2B,AIM_all,40.8,121.0
S1310F,2B,AIM_all,40.9,138.0
S1310F,2B,AIM_all,41.0,122.0
S1310F,2B,AIM_all,41.1,116.0
S1310F,2B,AIM_all,41.2,139.0
S1310F,2B,AIM_all,41.3,118.0
S1310F,2B,AIM_all,41.4,120.0
S1310F,2B,AIM_all,41.5,122.0
S1310F,2B,AIM_all,41.6,160.0
S1310F,2B,AIM_all,41.7,134.0
S1310F,2B,AIM_all,41.8,143.0
S1310F,2B,AIM_all,41.9,150.0
S1310F,2B,AIM_all,42.0,120.0
S1310F,2B,AIM_all,42.1,131.0
S1310F,2B,AIM_all,42.2,140.0
S1310F,2B,AIM_all,42.3,123.0
S1310F,2B,AIM_all,42.4,126.0
S1310F,2B,AIM_all,42.5,116.0
S1310F,2B,AIM_all,42.6,150.0
S1310F,2B,AIM_all,42.7,145.0
S1310F,2B,AIM_all,42.8,153.0
S1310F,2B,AIM_all,42.9,136.0
S1310F,2B,AIM_all,43.0,139.0
S1310F,2B,AIM_all,43.1,142.0
S1310F,2B,AIM_all,43.2,136.0
S1310F,2B,AIM_all,43.3,133.0
S1310F,2B,AIM_all,43.4,139.0
S1310F,2B,AIM_all,43.5,138.0
S1310F,2B,AIM_all,43.6,129.0
S1310F,2B,AIM_all,43.7,121.0
S1310F,2B,AIM_all,43.8,132.0
S1310F,2B,AIM_all,43.9,127.0
S1310F,2B,AIM_all,44.0,152.0
S1310F,2B,AIM_all,44.1,116.0
S1310F,2B,AIM_all,44.2,118.0
S1310F,2B,AIM_all,44.3,112.0
S1310F,2B,AIM_all,44.4,113.0
S1310F,2B,AIM_all,44.5,121.0
S1310F,2B,AIM_all,44.6,119.0
S1310F,2B,AIM_all,44.7,131.0
S1310F,2B,AIM_all,44.8,117.0
S1310F,2B,AIM_all,44.9,114.0
S1310F,2B,AIM_all,45.0,102.0
S1310F,2B,AIM_all,45.1,105.0
S1310F,2B,AIM_all,45.2,110.0
S1310F,2B,AIM_all,45.3,110.0
S1310F,2B,AIM_all,45.4,112.0
S1310F,2B,AIM_all,45.5,107.0
S1310F,2B,AIM_all,45.6,114.0
S1310F,2B,AIM_all,45.7,108.0
S1310F,2B,AIM_all,45.8,99.0
S1310F,2B,AIM_all,45.9,107.0
S1310F,2B,AIM_all,46.0,128.0
S1310F,2B,AIM_all,46.1,113.0
S1310F,2B,AIM_all,46.2,108.0
S1310F,2B,AIM_all,46.3,112.0
S1310F,2B,AIM_all,46.4,124.0
S1310F,2B,AIM_all,46.5,124.0
S1310F,2B,AIM_all,46.6,124.0
S1310F,2B,AIM_all,46.7,126.0
S1310F,2B,AIM_all,46.8,113.0
S1310F,2B,AIM_all,46.9,121.0
S1310F,2B,AIM_all,47.0,118.0
S1310F,2B,AIM_all,47.1,118.0
S1310F,2B,AIM_all,47.2,121.0
S1310F,2B,AIM_all,47.3,110.0
S1310F,2B,AIM_all,47.4,125.0
S1310F,2B,AIM_all,47.5,113.0
S1310F,2B,AIM_all,47.6,109.0
S1310F,2B,AIM_all,47.7,116.0
S1310F,2B,AIM_all,47.8,114.0
S1310F,2B,AIM_all,47.9,121.0
S1310F,2B,AIM_all,48.0,120.0
S1310F,2B,AIM_all,48.1,99.0
S1310F,2B,AIM_all,48.2,106.0
S1310F,2B,AIM_all,48.3,115.0
S1310F,2B,AIM_all,48.4,108.0
S1310F,2B,AIM_all,48.5,100.0
S1310F,2B,AIM_all,48.6,113.0
S1310F,2B,AIM_all,48.7,110.0
S1310F,2B,AIM_all,48.8,101.0
S1310F,2B,AIM_all,48.9,106.0
S1310F,2B,AIM_all,49.0,113.0
S1310F,2B,AIM_all,49.1,112.0
S1310F,2B,AIM_all,49.2,116.0
S1310F,2B,AIM_all,49.3,125.0
S1310F,2B,AIM_all,49.4,125.0
S1310F,2B,AIM_all,49.5,125.0
S1310F,2B,AIM_all,49.6,119.0
S1310F,2B,AIM_all,49.7,140.0
S1310F,2B,AIM_all,49.8,131.0
S1310F,2B,AIM_all,49.9,117.0
S1310F,2B,AIM_all,50.0,129.0
S1310F,2B,N_AIM,0.0,103.0
S1310F,2B,N_AIM,0.1,100.0
S1310F,2B,N_AIM,0.2,124.0
S1310F,2B,N_AIM,0.3,131.0
S1310F,2B,N_AIM,0.4,123.0
S1310F,2B,N_AIM,0.5,108.0
S1310F,2B,N_AIM,0.6,111.0
S1310F,2B,N_AIM,0.7,117.0
S1310F,2B,N_AIM,0.8,112.0
S1310F,2B,N_AIM,0.9,125.0
S1310F,2B,N_AIM,1.0,122.0
S1310F,2B,N_AIM,1.1,119.0
S1310F,2B,N_AIM,1.2,124.0
S1310F,2B,N_AIM,1.3,123.0
S1310F,2B,N_AIM,1.4,107.0
S1310F,2B,N_AIM,1.5,134.0
S1310F,2B,N_AIM,1.6,128.0
S1310F,2B,N_AIM,1.7,129.0
S1310F,2B,N_AIM,1.8,112.0
S1310F,2B,N_AIM,1.9,98.0
S1310F,2B,N_AIM,2.0,144.0
S1310F,2B,N_AIM,2.1,147.0
S1310F,2B,N_AIM,2.2,148.0
S1310F,2B,N_AIM,2.3,150.0
S1310F,2B,N_AIM,2.4,149.0
S1310F,2B,N_AIM,2.5,143.0
S1310F,2B,N_AIM,2.6,144.0
S1310F,2B,N_AIM,2.7,157.0
S1310F,2B,N_AIM,2.8,139.0
S1310F,2B,N_AIM,2.9,149.0
S1310F,2B,N_AIM,3.0,161.0
S1310F,2B,N_AIM,3.1,143.0
S1310F,2B,N_AIM,3.2,145.0
S1310F,2B,N_AIM,3.3,148.0
S1310F,2B,N_AIM,3.4,139.0
S1310F,2B,N_AIM,3.5,140.0
S1310F,2B,N_AIM,3.6,131.0
S1310F,2B,N_AIM,3.7,132.0
S1310F,2B,N_AIM,3.8,139.0
S1310F,2B,N_AIM,3.9,129.0
S1310F,2B,N_AIM,4.0,148.0
S1310F,2B,N_AIM,4.1,135.0
S1310F,2B,N_AIM,4.2,152.0
S1310F,2B,N_AIM,4.3,135.0
S1310F,2B,N_AIM,4.4,131.0
S1310F,2B,N_AIM,4.5,125.0
S1310F,2B,N_AIM,4.6,112.0
S1310F,2B,N_AIM,4.7,126.0
S1310F,2B,N_AIM,4.8,120.0
S1310F,2B,N_AIM,4.9,144.0
S1310F,2B,N_AIM,5.0,116.0
S1310F,2B,N_AIM,5.1,114.0
S1310F,2B,N_AIM,5.2,117.0
S1310F,2B,N_AIM,5.3,110.0
S1310F,2B,N_AIM,5.4,106.0
S1310F,2B,N_AIM,5.5,118.0
S1310F,2B,N_AIM,5.6,100.0
S1310F,2B,N_AIM,5.7,107.0
S1310F,2B,N_AIM,5.8,100.0
S1310F,2B,N_AIM,5.9,84.0
S1310F,2B,N_AIM,6.0,99.0
S1310F,2B,N_AIM,6.1,106.0
S1310F,2B,N_AIM,6.2,107.0
S1310F,2B,N_AIM,6.3,106.0
S1310F,2B,N_AIM,6.4,107.0
S1310F,2B,N_AIM,6.5,108.0
S1310F,2B,N_AIM,6.6,115.0
S1310F,2B,N_AIM,6.7,109.0
S1310F,2B,N_AIM,6.8,105.0
S1310F,2B,N_AIM,6.9,89.0
S1310F,2B,N_AIM,7.0,91.0
S1310F,2B,N_AIM,7.1,95.0
S1310F,2B,N_AIM,7.2,68.0
S1310F,2B,N_AIM,7.3,91.0
S1310F,2B,N_AIM,7.400001,118.0
S1310F,2B,N_AIM,7.5,106.0
S1310F,2B,N_AIM,7.6,100.0
S1310F,2B,N_AIM,7.7,103.0
S1310F,2B,N_AIM,7.8,95.0
S1310F,2B,N_AIM,7.900001,102.0
S1310F,2B,N_AIM,8.0,121.0
S1310F,2B,N_AIM,8.1,103.0
S1310F,2B,N_AIM,8.200001,82.0
S1310F,2B,N_AIM,8.3,105.0
S1310F,2B,N_AIM,8.400001,103.0
S1310F,2B,N_AIM,8.5,106.0
S1310F,2B,N_AIM,8.6,89.0
S1310F,2B,N_AIM,8.700001,87.0
S1310F,2B,N_AIM,8.8,63.0
S1310F,2B,N_AIM,8.900001,52.0
S1310F,2B,N_AIM,9.0,55.0
S1310F,2B,N_AIM,9.1,59.0
S1310F,2B,N_AIM,9.200001,54.0
S1310F,2B,N_AIM,9.3,54.0
S1310F,2B,N_AIM,9.400001,53.0
S1310F,2B,N_AIM,9.5,58.0
S1310F,2B,N_AIM,9.6,56.0
S1310F,2B,N_AIM,9.700001,50.0
S1310F,2B,N_AIM,9.8,52.0
S1310F,2B,N_AIM,9.900001,61.0
S1310F,2B,N_AIM,10.0,66.0
S1310F,2B,N_AIM,10.1,79.0
S1310F,2B,N_AIM,10.2,65.0
S1310F,2B,N_AIM,10.3,57.0
S1310F,2B,N_AIM,10.4,55.0
S1310F,2B,N_AIM,10.5,63.0
S1310F,2B,N_AIM,10.6,71.0
S1310F,2B,N_AIM,10.7,68.0
S1310F,2B,N_AIM,10.8,78.0
S1310F,2B,N_AIM,10.9,65.0
S1310F,2B,N_AIM,11.0,89.0
S1310F,2B,N_AIM,11.1,93.0
S1310F,2B,N_AIM,11.2,74.0
S1310F,2B,N_AIM,11.3,91.0
S1310F,2B,N_AIM,11.4,65.0
S1310F,2B,N_AIM,11.5,63.0
S1310F,2B,N_AIM,11.6,66.0
S1310F,2B,N_AIM,11.7,67.0
S1310F,2B,N_AIM,11.8,60.0
S1310F,2B,N_AIM,11.9,58.0
S1310F,2B,N_AIM,12.0,55.0
S1310F,2B,N_AIM,12.1,56.0
S1310F,2B,N_AIM,12.2,52.0
S1310F,2B,N_AIM,12.3,68.0
S1310F,2B,N_AIM,12.4,60.0
S1310F,2B,N_AIM,12.5,54.0
S1310F,2B,N_AIM,12.6,56.0
S1310F,2B,N_AIM,12.7,56.0
S1310F,2B,N_AIM,12.8,52.0
S1310F,2B,N_AIM,12.9,54.0
S1310F,2B,N_AIM,13.0,58.0
S1310F,2B,N_AIM,13.1,64.0
S1310F,2B,N_AIM,13.2,62.0
S1310F,2B,N_AIM,13.3,60.0
S1310F,2B,N_AIM,13.4,61.0
S1310F,2B,N_AIM,13.5,54.0
S1310F,2B,N_AIM,13.6,67.0
S1310F,2B,N_AIM,13.7,64.0
S1310F,2B,N_AIM,13.8,75.0
S1310F,2B,N_AIM,13.9,62.0
S1310F,2B,N_AIM,14.0,76.0
S1310F,2B,N_AIM,14.1,74.0
S1310F,2B,N_AIM,14.2,71.0
S1310F,2B,N_AIM,14.3,76.0
S1310F,2B,N_AIM,14.4,59.0
S1310F,2B,N_AIM,14.5,62.0
S1310F,2B,N_AIM,14.6,53.0
S1310F,2B,N_AIM,14.7,68.0
S1310F,2B,N_AIM,14.8,56.0
S1310F,2B,N_AIM,14.9,54.0
S1310F,2B,N_AIM,15.0,57.0
S1310F,2B,N_AIM,15.1,55.0
S1310F,2B,N_AIM,15.2,65.0
S1310F,2B,N_AIM,15.3,57.0
S1310F,2B,N_AIM,15.4,66.0
S1310F,2B,N_AIM,15.5,60.0
S1310F,2B,N_AIM,15.6,47.0
S1310F,2B,N_AIM,15.7,53.0
S1310F,2B,N_AIM,15.8,59.0
S1310F,2B,N_AIM,15.9,57.0
S1310F,2B,N_AIM,16.0,61.0
S1310F,2B,N_AIM,16.1,53.0
S1310F,2B,N_AIM,16.2,55.0
S1310F,2B,N_AIM,16.3,76.0
S1310F,2B,N_AIM,16.4,81.0
S1310F,2B,N_AIM,16.5,78.0
S1310F,2B,N_AIM,16.6,65.0
S1310F,2B,N_AIM,16.7,62.0
S1310F,2B,N_AIM,16.8,72.0
S1310F,2B,N_AIM,16.9,84.0
S1310F,2B,N_AIM,17.0,77.0
S1310F,2B,N_AIM,17.1,86.0
S1310F,2B,N_AIM,17.2,101.0
S1310F,2B,N_AIM,17.3,86.0
S1310F,2B,N_AIM,17.4,89.0
S1310F,2B,N_AIM,17.5,95.0
S1310F,2B,N_AIM,17.6,86.0
S1310F,2B,N_AIM,17.7,103.0
S1310F,2B,N_AIM,17.8,76.0
S1310F,2B,N_AIM,17.9,76.0
S1310F,2B,N_AIM,18.0,74.0
S1310F,2B,N_AIM,18.1,78.0
S1310F,2B,N_AIM,18.2,73.0
S1310F,2B,N_AIM,18.3,73.0
S1310F,2B,N_AIM,18.4,77.0
S1310F,2B,N_AIM,18.5,72.0
S1310F,2B,N_AIM,18.6,60.0
S1310F,2B,N_AIM,18.7,64.0
S1310F,2B,N_AIM,18.8,55.0
S1310F,2B,N_AIM,18.9,62.0
S1310F,2B,N_AIM,19.0,71.0
S1310F,2B,N_AIM,19.1,73.0
S1310F,2B,N_AIM,19.2,67.0
S1310F,2B,N_AIM,19.3,74.0
S1310F,2B,N_AIM,19.4,67.0
S1310F,2B,N_AIM,19.5,71.0
S1310F,2B,N_AIM,19.6,61.0
S1310F,2B,N_AIM,19.7,70.0
S1310F,2B,N_AIM,19.8,80.0
S1310F,2B,N_AIM,19.9,69.0
S1310F,2B,N_AIM,20.0,78.0
S1310F,2B,N_AIM,20.1,70.0
S1310F,2B,N_AIM,20.2,75.0
S1310F,2B,N_AIM,20.3,68.0
S1310F,2B,N_AIM,20.4,69.0
S1310F,2B,N_AIM,20.5,73.0
S1310F,2B,N_AIM,20.6,78.0
S1310F,2B,N_AIM,20.7,77.0
S1310F,2B,N_AIM,20.8,78.0
S1310F,2B,N_AIM,20.9,79.0
S1310F,2B,N_AIM,21.0,68.0
S1310F,2B,N_AIM,21.1,74.0
S1310F,2B,N_AIM,21.2,66.0
S1310F,2B,N_AIM,21.3,61.0
S1310F,2B,N_AIM,21.4,59.0
S1310F,2B,N_AIM,21.5,66.0
S1310F,2B,N_AIM,21.6,79.0
S1310F,2B,N_AIM,21.7,47.0
S1310F,2B,N_AIM,21.8,52.0
S1310F,2B,N_AIM,21.9,61.0
S1310F,2B,N_AIM,22.0,64.0
S1310F,2B,N_AIM,22.1,65.0
S1310F,2B,N_AIM,22.2,66.0
S1310F,2B,N_AIM,22.3,59.0
S1310F,2B,N_AIM,22.4,58.0
S1310F,2B,N_AIM,22.5,51.0
S1310F,2B,N_AIM,22.6,64.0
S1310F,2B,N_AIM,22.7,54.0
S1310F,2B,N_AIM,22.8,72.0
S1310F,2B,N_AIM,22.9,79.0
S1310F,2B,N_AIM,23.0,64.0
S1310F,2B,N_AIM,23.1,76.0
S1310F,2B,N_AIM,23.2,75.0
S1310F,2B,N_AIM,23.3,75.0
S1310F,2B,N_AIM,23.4,67.0
S1310F,2B,N_AIM,23.5,71.0
S1310F,2B,N_AIM,23.6,84.0
S1310F,2B,N_AIM,23.7,84.0
S1310F,2B,N_AIM,23.8,74.0
S1310F,2B,N_AIM,23.9,81.0
S1310F,2B,N_AIM,24.0,83.0
S1310F,2B,N_AIM,24.1,72.0
S1310F,2B,N_AIM,24.2,75.0
S1310F,2B,N_AIM,24.3,84.0
S1310F,2B,N_AIM,24.4,77.0
S1310F,2B,N_AIM,24.5,86.0
S1310F,2B,N_AIM,24.6,84.0
S1310F,2B,N_AIM,24.7,83.0
S1310F,2B,N_AIM,24.8,67.0
S1310F,2B,N_AIM,24.9,73.0
S1310F,2B,N_AIM,25.0,70.0
S1310F,2B,N_AIM,25.1,61.0
S1310F,2B,N_AIM,25.2,69.0
S1310F,2B,N_AIM,25.3,77.0
S1310F,2B,N_AIM,25.4,70.0
S1310F,2B,N_AIM,25.5,81.0
S1310F,2B,N_AIM,25.6,78.0
S1310F,2B,N_AIM,25.7,70.0
S1310F,2B,N_AIM,25.8,74.0
S1310F,2B,N_AIM,25.9,60.0
S1310F,2B,N_AIM,26.0,63.0
S1310F,2B,N_AIM,26.1,54.0
S1310F,2B,N_AIM,26.2,59.0
S1310F,2B,N_AIM,26.3,59.0
S1310F,2B,N_AIM,26.4,67.0
S1310F,2B,N_AIM,26.5,58.0
S1310F,2B,N_AIM,26.6,64.0
S1310F,2B,N_AIM,26.7,52.0
S1310F,2B,N_AIM,26.8,68.0
S1310F,2B,N_AIM,26.9,65.0
S1310F,2B,N_AIM,27.0,64.0
S1310F,2B,N_AIM,27.1,64.0
S1310F,2B,N_AIM,27.2,63.0
S1310F,2B,N_AIM,27.3,61.0
S1310F,2B,N_AIM,27.4,71.0
S1310F,2B,N_AIM,27.5,61.0
S1310F,2B,N_AIM,27.6,63.0
S1310F,2B,N_AIM,27.7,62.0
S1310F,2B,N_AIM,27.8,71.0
S1310F,2B,N_AIM,27.9,67.0
S1310F,2B,N_AIM,28.0,68.0
S1310F,2B,N_AIM,28.1,60.0
S1310F,2B,N_AIM,28.2,60.0
S1310F,2B,N_AIM,28.3,68.0
S1310F,2B,N_AIM,28.4,68.0
S1310F,2B,N_AIM,28.5,70.0
S1310F,2B,N_AIM,28.6,67.0
S1310F,2B,N_AIM,28.7,72.0
S1310F,2B,N_AIM,28.8,70.0
S1310F,2B,N_AIM,28.9,80.0
S1310F,2B,N_AIM,29.0,78.0
S1310F,2B,N_AIM,29.1,73.0
S1310F,2B,N_AIM,29.2,77.0
S1310F,2B,N_AIM,29.3,69.0
S1310F,2B,N_AIM,29.4,67.0
S1310F,2B,N_AIM,29.5,75.0
S1310F,2B,N_AIM,29.6,71.0
S1310F,2B,N_AIM,29.7,64.0
S1310F,2B,N_AIM,29.8,65.0
S1310F,2B,N_AIM,29.9,70.0
S1310F,2B,N_AIM,30.0,73.0
S1310F,2B,N_AIM,30.1,85.0
S1310F,2B,N_AIM,30.2,75.0
S1310F,2B,N_AIM,30.3,74.0
S1310F,2B,N_AIM,30.4,68.0
S1310F,2B,N_AIM,30.5,73.0
S1310F,2B,N_AIM,30.6,82.0
S1310F,2B,N_AIM,30.7,67.0
S1310F,2B,N_AIM,30.8,80.0
S1310F,2B,N_AIM,30.9,67.0
S1310F,2B,N_AIM,31.0,82.0
S1310F,2B,N_AIM,31.1,74.0
S1310F,2B,N_AIM,31.2,75.0
S1310F,2B,N_AIM,31.3,73.0
S1310F,2B,N_AIM,31.4,75.0
S1310F,2B,N_AIM,31.5,76.0
S1310F,2B,N_AIM,31.6,69.0
S1310F,2B,N_AIM,31.7,67.0
S1310F,2B,N_AIM,31.8,79.0
S1310F,2B,N_AIM,31.9,75.0
S1310F,2B,N_AIM,32.0,71.0
S1310F,2B,N_AIM,32.1,71.0
S1310F,2B,N_AIM,32.2,68.0
S1310F,2B,N_AIM,32.3,69.0
S1310F,2B,N_AIM,32.4,70.0
S1310F,2B,N_AIM,32.5,69.0
S1310F,2B,N_AIM,32.6,63.0
S1310F,2B,N_AIM,32.7,56.0
S1310F,2B,N_AIM,32.8,63.0
S1310F,2B,N_AIM,32.9,68.0
S1310F,2B,N_AIM,33.0,55.0
S1310F,2B,N_AIM,33.1,59.0
S1310F,2B,N_AIM,33.2,57.0
S1310F,2B,N_AIM,33.3,50.0
S1310F,2B,N_AIM,33.4,54.0
S1310F,2B,N_AIM,33.5,40.0
S1310F,2B,N_AIM,33.6,57.0
S1310F,2B,N_AIM,33.7,66.0
S1310F,2B,N_AIM,33.8,57.0
S1310F,2B,N_AIM,33.9,52.0
S1310F,2B,N_AIM,34.0,40.0
S1310F,2B,N_AIM,34.1,52.0
S1310F,2B,N_AIM,34.2,51.0
S1310F,2B,N_AIM,34.3,60.0
S1310F,2B,N_AIM,34.4,60.0
S1310F,2B,N_AIM,34.5,61.0
S1310F,2B,N_AIM,34.6,49.0
S1310F,2B,N_AIM,34.7,51.0
S1310F,2B,N_AIM,34.8,55.0
S1310F,2B,N_AIM,34.9,60.0
S1310F,2B,N_AIM,35.0,52.0
S1310F,2B,N_AIM,35.1,58.0
S1310F,2B,N_AIM,35.2,60.0
S1310F,2B,N_AIM,35.3,67.0
S1310F,2B,N_AIM,35.4,59.0
S1310F,2B,N_AIM,35.5,65.0
S1310F,2B,N_AIM,35.6,52.0
S1310F,2B,N_AIM,35.7,57.0
S1310F,2B,N_AIM,35.8,56.0
S1310F,2B,N_AIM,35.9,51.0
S1310F,2B,N_AIM,36.0,56.0
S1310F,2B,N_AIM,36.1,58.0
S1310F,2B,N_AIM,36.2,56.0
S1310F,2B,N_AIM,36.3,47.0
S1310F,2B,N_AIM,36.4,57.0
S1310F,2B,N_AIM,36.5,56.0
S1310F,2B,N_AIM,36.6,48.0
S1310F,2B,N_AIM,36.7,39.0
S1310F,2B,N_AIM,36.8,43.0
S1310F,2B,N_AIM,36.9,49.0
S1310F,2B,N_AIM,37.0,45.0
S1310F,2B,N_AIM,37.1,43.0
S1310F,2B,N_AIM,37.2,45.0
S1310F,2B,N_AIM,37.3,48.0
S1310F,2B,N_AIM,37.4,47.0
S1310F,2B,N_AIM,37.5,44.0
S1310F,2B,N_AIM,37.6,43.0
S1310F,2B,N_AIM,37.7,54.0
S1310F,2B,N_AIM,37.8,53.0
S1310F,2B,N_AIM,37.9,55.0
S1310F,2B,N_AIM,38.0,55.0
S1310F,2B,N_AIM,38.1,59.0
S1310F,2B,N_AIM,38.2,53.0
S1310F,2B,N_AIM,38.3,53.0
S1310F,2B,N_AIM,38.4,52.0
S1310F,2B,N_AIM,38.5,53.0
S1310F,2B,N_AIM,38.6,58.0
S1310F,2B,N_AIM,38.7,46.0
S1310F,2B,N_AIM,38.8,45.0
S1310F,2B,N_AIM,38.9,53.0
S1310F,2B,N_AIM,39.0,43.0
S1310F,2B,N_AIM,39.1,51.0
S1310F,2B,N_AIM,39.2,52.0
S1310F,2B,N_AIM,39.3,42.0
S1310F,2B,N_AIM,39.4,36.0
S1310F,2B,N_AIM,39.5,46.0
S1310F,2B,N_AIM,39.6,64.0
S1310F,2B,N_AIM,39.7,73.0
S1310F,2B,N_AIM,39.8,71.0
S1310F,2B,N_AIM,39.9,66.0
S1310F,2B,N_AIM,40.0,69.0
S1310F,2B,N_AIM,40.1,71.0
S1310F,2B,N_AIM,40.2,59.0
S1310F,2B,N_AIM,40.3,60.0
S1310F,2B,N_AIM,40.4,61.0
S1310F,2B,N_AIM,40.5,98.0
S1310F,2B,N_AIM,40.6,67.0
S1310F,2B,N_AIM,40.7,82.0
S1310F,2B,N_AIM,40.8,76.0
S1310F,2B,N_AIM,40.9,84.0
S1310F,2B,N_AIM,41.0,73.0
S1310F,2B,N_AIM,41.1,71.0
S1310F,2B,N_AIM,41.2,78.0
S1310F,2B,N_AIM,41.3,72.0
S1310F,2B,N_AIM,41.4,82.0
S1310F,2B,N_AIM,41.5,85.0
S1310F,2B,N_AIM,41.6,103.0
S1310F,2B,N_AIM,41.7,87.0
S1310F,2B,N_AIM,41.8,86.0
S1310F,2B,N_AIM,41.9,101.0
S1310F,2B,N_AIM,42.0,70.0
S1310F,2B,N_AIM,42.1,74.0
S1310F,2B,N_AIM,42.2,81.0
S1310F,2B,N_AIM,42.3,79.0
S1310F,2B,N_AIM,42.4,77.0
S1310F,2B,N_AIM,42.5,79.0
S1310F,2B,N_AIM,42.6,109.0
S1310F,2B,N_AIM,42.7,103.0
S1310F,2B,N_AIM,42.8,97.0
S1310F,2B,N_AIM,42.9,91.0
S1310F,2B,N_AIM,43.0,98.0
S1310F,2B,N_AIM,43.1,96.0
S1310F,2B,N_AIM,43.2,94.0
S1310F,2B,N_AIM,43.3,83.0
S1310F,2B,N_AIM,43.4,90.0
S1310F,2B,N_AIM,43.5,86.0
S1310F,2B,N_AIM,43.6,78.0
S1310F,2B,N_AIM,43.7,81.0
S1310F,2B,N_AIM,43.8,85.0
S1310F,2B,N_AIM,43.9,73.0
S1310F,2B,N_AIM,44.0,99.0
S1310F,2B,N_AIM,44.1,71.0
S1310F,2B,N_AIM,44.2,65.0
S1310F,2B,N_AIM,44.3,56.0
S1310F,2B,N_AIM,44.4,62.0
S1310F,2B,N_AIM,44.5,65.0
S1310F,2B,N_AIM,44.6,70.0
S1310F,2B,N_AIM,44.7,77.0
S1310F,2B,N_AIM,44.8,59.0
S1310F,2B,N_AIM,44.9,63.0
S1310F,2B,N_AIM,45.0,54.0
S1310F,2B,N_AIM,45.1,62.0
S1310F,2B,N_AIM,45.2,58.0
S1310F,2B,N_AIM,45.3,61.0
S1310F,2B,N_AIM,45.4,64.0
S1310F,2B,N_AIM,45.5,62.0
S1310F,2B,N_AIM,45.6,59.0
S1310F,2B,N_AIM,45.7,63.0
S1310F,2B,N_AIM,45.8,57.0
S1310F,2B,N_AIM,45.9,63.0
S1310F,2B,N_AIM,46.0,73.0
S1310F,2B,N_AIM,46.1,65.0
S1310F,2B,N_AIM,46.2,61.0
S1310F,2B,N_AIM,46.3,60.0
S1310F,2B,N_AIM,46.4,61.0
S1310F,2B,N_AIM,46.5,62.0
S1310F,2B,N_AIM,46.6,66.0
S1310F,2B,N_AIM,46.7,69.0
S1310F,2B,N_AIM,46.8,60.0
S1310F,2B,N_AIM,46.9,66.0
S1310F,2B,N_AIM,47.0,62.0
S1310F,2B,N_AIM,47.1,55.0
S1310F,2B,N_AIM,47.2,64.0
S1310F,2B,N_AIM,47.3,57.0
S1310F,2B,N_AIM,47.4,66.0
S1310F,2B,N_AIM,47.5,64.0
S1310F,2B,N_AIM,47.6,56.0
S1310F,2B,N_AIM,47.7,69.0
S1310F,2B,N_AIM,47.8,69.0
S1310F,2B,N_AIM,47.9,70.0
S1310F,2B,N_AIM,48.0,69.0
S1310F,2B,N_AIM,48.1,55.0
S1310F,2B,N_AIM,48.2,65.0
S1310F,2B,N_AIM,48.3,69.0
S1310F,2B,N_AIM,48.4,71.0
S1310F,2B,N_AIM,48.5,56.0
S1310F,2B,N_AIM,48.6,68.0
S1310F,2B,N_AIM,48.7,72.0
S1310F,2B,N_AIM,48.8,59.0
S1310F,2B,N_AIM,48.9,64.0
S1310F,2B,N_AIM,49.0,72.0
S1310F,2B,N_AIM,49.1,66.0
S1310F,2B,N_AIM,49.2,67.0
S1310F,2B,N_AIM,49.3,67.0
S1310F,2B,N_AIM,49.4,67.0
S1310F,2B,N_AIM,49.5,76.0
S1310F,2B,N_AIM,49.6,70.0
S1310F,2B,N_AIM,49.7,77.0
S1310F,2B,N_AIM,49.8,75.0
S1310F,2B,N_AIM,49.9,64.0
S1310F,2B,N_AIM,50.0,67.0
S1310F,2B,C_AIM,0.0,64.0
S1310F,2B,C_AIM,0.1,49.0
S1310F,2B,C_AIM,0.2,50.0
S1310F,2B,C_AIM,0.3,49.0
S1310F,2B,C_AIM,0.4,57.0
S1310F,2B,C_AIM,0.5,60.0
S1310F,2B,C_AIM,0.6,62.0
S1310F,2B,C_AIM,0.7,57.0
S1310F,2B,C_AIM,0.8,58.0
S1310F,2B,C_AIM,0.9,65.0
S1310F,2B,C_AIM,1.0,59.0
S1310F,2B,C_AIM,1.1,52.0
S1310F,2B,C_AIM,1.2,62.0
S1310F,2B,C_AIM,1.3,55.0
S1310F,2B,C_AIM,1.4,55.0
S1310F,2B,C_AIM,1.5,53.0
S1310F,2B,C_AIM,1.6,61.0
S1310F,2B,C_AIM,1.7,61.0
S1310F,2B,C_AIM,1.8,55.0
S1310F,2B,C_AIM,1.9,47.0
S1310F,2B,C_AIM,2.0,54.0
S1310F,2B,C_AIM,2.1,53.0
S1310F,2B,C_AIM,2.2,56.0
S1310F,2B,C_AIM,2.3,62.0
S1310F,2B,C_AIM,2.4,59.0
S1310F,2B,C_AIM,2.5,55.0
S1310F,2B,C_AIM,2.6,65.0
S1310F,2B,C_AIM,2.7,59.0
S1310F,2B,C_AIM,2.8,57.0
S1310F,2B,C_AIM,2.9,60.0
S1310F,2B,C_AIM,3.0,61.0
S1310F,2B,C_AIM,3.1,50.0
S1310F,2B,C_AIM,3.2,57.0
S1310F,2B,C_AIM,3.3,43.0
S1310F,2B,C_AIM,3.4,59.0
S1310F,2B,C_AIM,3.5,53.0
S1310F,2B,C_AIM,3.6,56.0
S1310F,2B,C_AIM,3.7,55.0
S1310F,2B,C_AIM,3.8,53.0
S1310F,2B,C_AIM,3.9,58.0
S1310F,2B,C_AIM,4.0,58.0
S1310F,2B,C_AIM,4.1,48.0
S1310F,2B,C_AIM,4.2,61.0
S1310F,2B,C_AIM,4.3,52.0
S1310F,2B,C_AIM,4.4,50.0
S1310F,2B,C_AIM,4.5,56.0
S1310F,2B,C_AIM,4.6,57.0
S1310F,2B,C_AIM,4.7,55.0
S1310F,2B,C_AIM,4.8,48.0
S1310F,2B,C_AIM,4.9,54.0
S1310F,2B,C_AIM,5.0,63.0
S1310F,2B,C_AIM,5.1,51.0
S1310F,2B,C_AIM,5.2,35.0
S1310F,2B,C_AIM,5.3,52.0
S1310F,2B,C_AIM,5.4,57.0
S1310F,2B,C_AIM,5.5,60.0
S1310F,2B,C_AIM,5.6,50.0
S1310F,2B,C_AIM,5.7,58.0
S1310F,2B,C_AIM,5.8,51.0
S1310F,2B,C_AIM,5.9,51.0
S1310F,2B,C_AIM,6.0,66.0
S1310F,2B,C_AIM,6.1,50.0
S1310F,2B,C_AIM,6.2,59.0
S1310F,2B,C_AIM,6.3,56.0
S1310F,2B,C_AIM,6.4,60.0
S1310F,2B,C_AIM,6.5,48.0
S1310F,2B,C_AIM,6.6,46.0
S1310F,2B,C_AIM,6.7,53.0
S1310F,2B,C_AIM,6.8,53.0
S1310F,2B,C_AIM,6.9,55.0
S1310F,2B,C_AIM,7.0,56.0
S1310F,2B,C_AIM,7.1,60.0
S1310F,2B,C_AIM,7.2,59.0
S1310F,2B,C_AIM,7.3,61.0
S1310F,2B,C_AIM,7.400001,58.0
S1310F,2B,C_AIM,7.5,58.0
S1310F,2B,C_AIM,7.6,61.0
S1310F,2B,C_AIM,7.7,51.0
S1310F,2B,C_AIM,7.8,61.0
S1310F,2B,C_AIM,7.900001,65.0
S1310F,2B,C_AIM,8.0,55.0
S1310F,2B,C_AIM,8.1,54.0
S1310F,2B,C_AIM,8.200001,56.0
S1310F,2B,C_AIM,8.3,54.0
S1310F,2B,C_AIM,8.400001,47.0
S1310F,2B,C_AIM,8.5,59.0
S1310F,2B,C_AIM,8.6,59.0
S1310F,2B,C_AIM,8.700001,66.0
S1310F,2B,C_AIM,8.8,72.0
S1310F,2B,C_AIM,8.900001,70.0
S1310F,2B,C_AIM,9.0,59.0
S1310F,2B,C_AIM,9.1,58.0
S1310F,2B,C_AIM,9.200001,56.0
S1310F,2B,C_AIM,9.3,62.0
S1310F,2B,C_AIM,9.400001,46.0
S1310F,2B,C_AIM,9.5,63.0
S1310F,2B,C_AIM,9.6,62.0
S1310F,2B,C_AIM,9.700001,63.0
S1310F,2B,C_AIM,9.8,56.0
S1310F,2B,C_AIM,9.900001,55.0
S1310F,2B,C_AIM,10.0,62.0
S1310F,2B,C_AIM,10.1,58.0
S1310F,2B,C_AIM,10.2,49.0
S1310F,2B,C_AIM,10.3,59.0
S1310F,2B,C_AIM,10.4,64.0
S1310F,2B,C_AIM,10.5,53.0
S1310F,2B,C_AIM,10.6,56.0
S1310F,2B,C_AIM,10.7,60.0
S1310F,2B,C_AIM,10.8,52.0
S1310F,2B,C_AIM,10.9,52.0
S1310F,2B,C_AIM,11.0,57.0
S1310F,2B,C_AIM,11.1,63.0
S1310F,2B,C_AIM,11.2,56.0
S1310F,2B,C_AIM,11.3,59.0
S1310F,2B,C_AIM,11.4,45.0
S1310F,2B,C_AIM,11.5,57.0
S1310F,2B,C_AIM,11.6,61.0
S1310F,2B,C_AIM,11.7,66.0
S1310F,2B,C_AIM,11.8,75.0
S1310F,2B,C_AIM,11.9,65.0
S1310F,2B,C_AIM,12.0,69.0
S1310F,2B,C_AIM,12.1,71.0
S1310F,2B,C_AIM,12.2,62.0
S1310F,2B,C_AIM,12.3,61.0
S1310F,2B,C_AIM,12.4,59.0
S1310F,2B,C_AIM,12.5,54.0
S1310F,2B,C_AIM,12.6,57.0
S1310F,2B,C_AIM,12.7,43.0
S1310F,2B,C_AIM,12.8,43.0
S1310F,2B,C_AIM,12.9,59.0
S1310F,2B,C_AIM,13.0,53.0
S1310F,2B,C_AIM,13.1,63.0
S1310F,2B,C_AIM,13.2,69.0
S1310F,2B,C_AIM,13.3,61.0
S1310F,2B,C_AIM,13.4,57.0
S1310F,2B,C_AIM,13.5,61.0
S1310F,2B,C_AIM,13.6,52.0
S1310F,2B,C_AIM,13.7,58.0
S1310F,2B,C_AIM,13.8,61.0
S1310F,2B,C_AIM,13.9,58.0
S1310F,2B,C_AIM,14.0,59.0
S1310F,2B,C_AIM,14.1,50.0
S1310F,2B,C_AIM,14.2,58.0
S1310F,2B,C_AIM,14.3,60.0
S1310F,2B,C_AIM,14.4,53.0
S1310F,2B,C_AIM,14.5,53.0
S1310F,2B,C_AIM,14.6,52.0
S1310F,2B,C_AIM,14.7,52.0
S1310F,2B,C_AIM,14.8,57.0
S1310F,2B,C_AIM,14.9,55.0
S1310F,2B,C_AIM,15.0,50.0
S1310F,2B,C_AIM,15.1,55.0
S1310F,2B,C_AIM,15.2,60.0
S1310F,2B,C_AIM,15.3,58.0
S1310F,2B,C_AIM,15.4,57.0
S1310F,2B,C_AIM,15.5,56.0
S1310F,2B,C_AIM,15.6,66.0
S1310F,2B,C_AIM,15.7,56.0
S1310F,2B,C_AIM,15.8,57.0
S1310F,2B,C_AIM,15.9,63.0
S1310F,2B,C_AIM,16.0,63.0
S1310F,2B,C_AIM,16.1,56.0
S1310F,2B,C_AIM,16.2,55.0
S1310F,2B,C_AIM,16.3,51.0
S1310F,2B,C_AIM,16.4,56.0
S1310F,2B,C_AIM,16.5,58.0
S1310F,2B,C_AIM,16.6,70.0
S1310F,2B,C_AIM,16.7,58.0
S1310F,2B,C_AIM,16.8,62.0
S1310F,2B,C_AIM,16.9,62.0
S1310F,2B,C_AIM,17.0,57.0
S1310F,2B,C_AIM,17.1,50.0
S1310F,2B,C_AIM,17.2,47.0
S1310F,2B,C_AIM,17.3,45.0
S1310F,2B,C_AIM,17.4,63.0
S1310F,2B,C_AIM,17.5,56.0
S1310F,2B,C_AIM,17.6,47.0
S1310F,2B,C_AIM,17.7,64.0
S1310F,2B,C_AIM,17.8,46.0
S1310F,2B,C_AIM,17.9,64.0
S1310F,2B,C_AIM,18.0,61.0
S1310F,2B,C_AIM,18.1,62.0
S1310F,2B,C_AIM,18.2,59.0
S1310F,2B,C_AIM,18.3,57.0
S1310F,2B,C_AIM,18.4,53.0
S1310F,2B,C_AIM,18.5,52.0
S1310F,2B,C_AIM,18.6,58.0
S1310F,2B,C_AIM,18.7,53.0
S1310F,2B,C_AIM,18.8,51.0
S1310F,2B,C_AIM,18.9,52.0
S1310F,2B,C_AIM,19.0,58.0
S1310F,2B,C_AIM,19.1,62.0
S1310F,2B,C_AIM,19.2,55.0
S1310F,2B,C_AIM,19.3,63.0
S1310F,2B,C_AIM,19.4,59.0
S1310F,2B,C_AIM,19.5,68.0
S1310F,2B,C_AIM,19.6,63.0
S1310F,2B,C_AIM,19.7,71.0
S1310F,2B,C_AIM,19.8,57.0
S1310F,2B,C_AIM,19.9,69.0
S1310F,2B,C_AIM,20.0,61.0
S1310F,2B,C_AIM,20.1,62.0
S1310F,2B,C_AIM,20.2,73.0
S1310F,2B,C_AIM,20.3,64.0
S1310F,2B,C_AIM,20.4,59.0
S1310F,2B,C_AIM,20.5,64.0
S1310F,2B,C_AIM,20.6,62.0
S1310F,2B,C_AIM,20.7,54.0
S1310F,2B,C_AIM,20.8,54.0
S1310F,2B,C_AIM,20.9,58.0
S1310F,2B,C_AIM,21.0,55.0
S1310F,2B,C_AIM,21.1,57.0
S1310F,2B,C_AIM,21.2,49.0
S1310F,2B,C_AIM,21.3,63.0
S1310F,2B,C_AIM,21.4,51.0
S1310F,2B,C_AIM,21.5,55.0
S1310F,2B,C_AIM,21.6,53.0
S1310F,2B,C_AIM,21.7,53.0
S1310F,2B,C_AIM,21.8,67.0
S1310F,2B,C_AIM,21.9,53.0
S1310F,2B,C_AIM,22.0,49.0
S1310F,2B,C_AIM,22.1,58.0
S1310F,2B,C_AIM,22.2,61.0
S1310F,2B,C_AIM,22.3,64.0
S1310F,2B,C_AIM,22.4,51.0
S1310F,2B,C_AIM,22.5,64.0
S1310F,2B,C_AIM,22.6,64.0
S1310F,2B,C_AIM,22.7,50.0
S1310F,2B,C_AIM,22.8,50.0
S1310F,2B,C_AIM,22.9,55.0
S1310F,2B,C_AIM,23.0,73.0
S1310F,2B,C_AIM,23.1,58.0
S1310F,2B,C_AIM,23.2,59.0
S1310F,2B,C_AIM,23.3,61.0
S1310F,2B,C_AIM,23.4,55.0
S1310F,2B,C_AIM,23.5,57.0
S1310F,2B,C_AIM,23.6,57.0
S1310F,2B,C_AIM,23.7,66.0
S1310F,2B,C_AIM,23.8,56.0
S1310F,2B,C_AIM,23.9,55.0
S1310F,2B,C_AIM,24.0,56.0
S1310F,2B,C_AIM,24.1,44.0
S1310F,2B,C_AIM,24.2,54.0
S1310F,2B,C_AIM,24.3,50.0
S1310F,2B,C_AIM,24.4,44.0
S1310F,2B,C_AIM,24.5,52.0
S1310F,2B,C_AIM,24.6,56.0
S1310F,2B,C_AIM,24.7,57.0
S1310F,2B,C_AIM,24.8,60.0
S1310F,2B,C_AIM,24.9,51.0
S1310F,2B,C_AIM,25.0,54.0
S1310F,2B,C_AIM,25.1,54.0
S1310F,2B,C_AIM,25.2,48.0
S1310F,2B,C_AIM,25.3,50.0
S1310F,2B,C_AIM,25.4,58.0
S1310F,2B,C_AIM,25.5,58.0
S1310F,2B,C_AIM,25.6,55.0
S1310F,2B,C_AIM,25.7,64.0
S1310F,2B,C_AIM,25.8,61.0
S1310F,2B,C_AIM,25.9,54.0
S1310F,2B,C_AIM,26.0,54.0
S1310F,2B,C_AIM,26.1,55.0
S1310F,2B,C_AIM,26.2,55.0
S1310F,2B,C_AIM,26.3,43.0
S1310F,2B,C_AIM,26.4,60.0
S1310F,2B,C_AIM,26.5,51.0
S1310F,2B,C_AIM,26.6,64.0
S1310F,2B,C_AIM,26.7,54.0
S1310F,2B,C_AIM,26.8,46.0
S1310F,2B,C_AIM,26.9,60.0
S1310F,2B,C_AIM,27.0,50.0
S1310F,2B,C_AIM,27.1,62.0
S1310F,2B,C_AIM,27.2,58.0
S1310F,2B,C_AIM,27.3,58.0
S1310F,2B,C_AIM,27.4,61.0
S1310F,2B,C_AIM,27.5,60.0
S1310F,2B,C_AIM,27.6,57.0
S1310F,2B,C_AIM,27.7,58.0
S1310F,2B,C_AIM,27.8,60.0
S1310F,2B,C_AIM,27.9,63.0
S1310F,2B,C_AIM,28.0,55.0
S1310F,2B,C_AIM,28.1,66.0
S1310F,2B,C_AIM,28.2,47.0
S1310F,2B,C_AIM,28.3,65.0
S1310F,2B,C_AIM,28.4,61.0
S1310F,2B,C_AIM,28.5,66.0
S1310F,2B,C_AIM,28.6,75.0
S1310F,2B,C_AIM,28.7,69.0
S1310F,2B,C_AIM,28.8,57.0
S1310F,2B,C_AIM,28.9,53.0
S1310F,2B,C_AIM,29.0,57.0
S1310F,2B,C_AIM,29.1,55.0
S1310F,2B,C_AIM,29.2,55.0
S1310F,2B,C_AIM,29.3,64.0
S1310F,2B,C_AIM,29.4,57.0
S1310F,2B,C_AIM,29.5,61.0
S1310F,2B,C_AIM,29.6,50.0
S1310F,2B,C_AIM,29.7,53.0
S1310F,2B,C_AIM,29.8,60.0
S1310F,2B,C_AIM,29.9,48.0
S1310F,2B,C_AIM,30.0,64.0
S1310F,2B,C_AIM,30.1,52.0
S1310F,2B,C_AIM,30.2,55.0
S1310F,2B,C_AIM,30.3,56.0
S1310F,2B,C_AIM,30.4,53.0
S1310F,2B,C_AIM,30.5,52.0
S1310F,2B,C_AIM,30.6,62.0
S1310F,2B,C_AIM,30.7,57.0
S1310F,2B,C_AIM,30.8,57.0
S1310F,2B,C_AIM,30.9,56.0
S1310F,2B,C_AIM,31.0,59.0
S1310F,2B,C_AIM,31.1,54.0
S1310F,2B,C_AIM,31.2,57.0
S1310F,2B,C_AIM,31.3,60.0
S1310F,2B,C_AIM,31.4,52.0
S1310F,2B,C_AIM,31.5,55.0
S1310F,2B,C_AIM,31.6,51.0
S1310F,2B,C_AIM,31.7,60.0
S1310F,2B,C_AIM,31.8,58.0
S1310F,2B,C_AIM,31.9,51.0
S1310F,2B,C_AIM,32.0,56.0
S1310F,2B,C_AIM,32.1,58.0
S1310F,2B,C_AIM,32.2,56.0
S1310F,2B,C_AIM,32.3,62.0
S1310F,2B,C_AIM,32.4,57.0
S1310F,2B,C_AIM,32.5,53.0
S1310F,2B,C_AIM,32.6,58.0
S1310F,2B,C_AIM,32.7,54.0
S1310F,2B,C_AIM,32.8,51.0
S1310F,2B,C_AIM,32.9,48.0
S1310F,2B,C_AIM,33.0,64.0
S1310F,2B,C_AIM,33.1,52.0
S1310F,2B,C_AIM,33.2,55.0
S1310F,2B,C_AIM,33.3,53.0
S1310F,2B,C_AIM,33.4,51.0
S1310F,2B,C_AIM,33.5,60.0
S1310F,2B,C_AIM,33.6,54.0
S1310F,2B,C_AIM,33.7,54.0
S1310F,2B,C_AIM,33.8,54.0
S1310F,2B,C_AIM,33.9,51.0
S1310F,2B,C_AIM,34.0,55.0
S1310F,2B,C_AIM,34.1,53.0
S1310F,2B,C_AIM,34.2,55.0
S1310F,2B,C_AIM,34.3,51.0
S1310F,2B,C_AIM,34.4,58.0
S1310F,2B,C_AIM,34.5,57.0
S1310F,2B,C_AIM,34.6,57.0
S1310F,2B,C_AIM,34.7,58.0
S1310F,2B,C_AIM,34.8,52.0
S1310F,2B,C_AIM,34.9,47.0
S1310F,2B,C_AIM,35.0,54.0
S1310F,2B,C_AIM,35.1,53.0
S1310F,2B,C_AIM,35.2,55.0
S1310F,2B,C_AIM,35.3,54.0
S1310F,2B,C_AIM,35.4,56.0
S1310F,2B,C_AIM,35.5,50.0
S1310F,2B,C_AIM,35.6,55.0
S1310F,2B,C_AIM,35.7,57.0
S1310F,2B,C_AIM,35.8,58.0
S1310F,2B,C_AIM,35.9,55.0
S1310F,2B,C_AIM,36.0,63.0
S1310F,2B,C_AIM,36.1,58.0
S1310F,2B,C_AIM,36.2,58.0
S1310F,2B,C_AIM,36.3,54.0
S1310F,2B,C_AIM,36.4,55.0
S1310F,2B,C_AIM,36.5,57.0
S1310F,2B,C_AIM,36.6,64.0
S1310F,2B,C_AIM,36.7,60.0
S1310F,2B,C_AIM,36.8,63.0
S1310F,2B,C_AIM,36.9,65.0
S1310F,2B,C_AIM,37.0,61.0
S1310F,2B,C_AIM,37.1,58.0
S1310F,2B,C_AIM,37.2,56.0
S1310F,2B,C_AIM,37.3,50.0
S1310F,2B,C_AIM,37.4,56.0
S1310F,2B,C_AIM,37.5,58.0
S1310F,2B,C_AIM,37.6,64.0
S1310F,2B,C_AIM,37.7,47.0
S1310F,2B,C_AIM,37.8,59.0
S1310F,2B,C_AIM,37.9,55.0
S1310F,2B,C_AIM,38.0,54.0
S1310F,2B,C_AIM,38.1,62.0
S1310F,2B,C_AIM,38.2,56.0
S1310F,2B,C_AIM,38.3,55.0
S1310F,2B,C_AIM,38.4,61.0
S1310F,2B,C_AIM,38.5,62.0
S1310F,2B,C_AIM,38.6,56.0
S1310F,2B,C_AIM,38.7,57.0
S1310F,2B,C_AIM,38.8,54.0
S1310F,2B,C_AIM,38.9,53.0
S1310F,2B,C_AIM,39.0,65.0
S1310F,2B,C_AIM,39.1,62.0
S1310F,2B,C_AIM,39.2,59.0
S1310F,2B,C_AIM,39.3,62.0
S1310F,2B,C_AIM,39.4,54.0
S1310F,2B,C_AIM,39.5,48.0
S1310F,2B,C_AIM,39.6,47.0
S1310F,2B,C_AIM,39.7,38.0
S1310F,2B,C_AIM,39.8,51.0
S1310F,2B,C_AIM,39.9,64.0
S1310F,2B,C_AIM,40.0,54.0
S1310F,2B,C_AIM,40.1,51.0
S1310F,2B,C_AIM,40.2,56.0
S1310F,2B,C_AIM,40.3,49.0
S1310F,2B,C_AIM,40.4,48.0
S1310F,2B,C_AIM,40.5,42.0
S1310F,2B,C_AIM,40.6,46.0
S1310F,2B,C_AIM,40.7,42.0
S1310F,2B,C_AIM,40.8,45.0
S1310F,2B,C_AIM,40.9,54.0
S1310F,2B,C_AIM,41.0,49.0
S1310F,2B,C_AIM,41.1,45.0
S1310F,2B,C_AIM,41.2,61.0
S1310F,2B,C_AIM,41.3,46.0
S1310F,2B,C_AIM,41.4,38.0
S1310F,2B,C_AIM,41.5,37.0
S1310F,2B,C_AIM,41.6,57.0
S1310F,2B,C_AIM,41.7,47.0
S1310F,2B,C_AIM,41.8,57.0
S1310F,2B,C_AIM,41.9,49.0
S1310F,2B,C_AIM,42.0,50.0
S1310F,2B,C_AIM,42.1,57.0
S1310F,2B,C_AIM,42.2,59.0
S1310F,2B,C_AIM,42.3,44.0
S1310F,2B,C_AIM,42.4,49.0
S1310F,2B,C_AIM,42.5,37.0
S1310F,2B,C_AIM,42.6,41.0
S1310F,2B,C_AIM,42.7,42.0
S1310F,2B,C_AIM,42.8,56.0
S1310F,2B,C_AIM,42.9,45.0
S1310F,2B,C_AIM,43.0,41.0
S1310F,2B,C_AIM,43.1,46.0
S1310F,2B,C_AIM,43.2,42.0
S1310F,2B,C_AIM,43.3,50.0
S1310F,2B,C_AIM,43.4,49.0
S1310F,2B,C_AIM,43.5,52.0
S1310F,2B,C_AIM,43.6,51.0
S1310F,2B,C_AIM,43.7,40.0
S1310F,2B,C_AIM,43.8,47.0
S1310F,2B,C_AIM,43.9,54.0
S1310F,2B,C_AIM,44.0,53.0
S1310F,2B,C_AIM,44.1,45.0
S1310F,2B,C_AIM,44.2,53.0
S1310F,2B,C_AIM,44.3,56.0
S1310F,2B,C_AIM,44.4,51.0
S1310F,2B,C_AIM,44.5,56.0
S1310F,2B,C_AIM,44.6,49.0
S1310F,2B,C_AIM,44.7,54.0
S1310F,2B,C_AIM,44.8,58.0
S1310F,2B,C_AIM,44.9,51.0
S1310F,2B,C_AIM,45.0,48.0
S1310F,2B,C_AIM,45.1,43.0
S1310F,2B,C_AIM,45.2,52.0
S1310F,2B,C_AIM,45.3,49.0
S1310F,2B,C_AIM,45.4,48.0
S1310F,2B,C_AIM,45.5,45.0
S1310F,2B,C_AIM,45.6,55.0
S1310F,2B,C_AIM,45.7,45.0
S1310F,2B,C_AIM,45.8,42.0
S1310F,2B,C_AIM,45.9,44.0
S1310F,2B,C_AIM,46.0,55.0
S1310F,2B,C_AIM,46.1,48.0
S1310F,2B,C_AIM,46.2,47.0
S1310F,2B,C_AIM,46.3,52.0
S1310F,2B,C_AIM,46.4,63.0
S1310F,2B,C_AIM,46.5,62.0
S1310F,2B,C_AIM,46.6,58.0
S1310F,2B,C_AIM,46.7,57.0
S1310F,2B,C_AIM,46.8,53.0
S1310F,2B,C_AIM,46.9,55.0
S1310F,2B,C_AIM,47.0,56.0
S1310F,2B,C_AIM,47.1,63.0
S1310F,2B,C_AIM,47.2,57.0
S1310F,2B,C_AIM,47.3,53.0
S1310F,2B,C_AIM,47.4,59.0
S1310F,2B,C_AIM,47.5,49.0
S1310F,2B,C_AIM,47.6,53.0
S1310F,2B,C_AIM,47.7,47.0
S1310F,2B,C_AIM,47.8,45.0
S1310F,2B,C_AIM,47.9,51.0
S1310F,2B,C_AIM,48.0,51.0
S1310F,2B,C_AIM,48.1,44.0
S1310F,2B,C_AIM,48.2,41.0
S1310F,2B,C_AIM,48.3,46.0
S1310F,2B,C_AIM,48.4,37.0
S1310F,2B,C_AIM,48.5,44.0
S1310F,2B,C_AIM,48.6,45.0
S1310F,2B,C_AIM,48.7,38.0
S1310F,2B,C_AIM,48.8,42.0
S1310F,2B,C_AIM,48.9,42.0
S1310F,2B,C_AIM,49.0,41.0
S1310F,2B,C_AIM,49.1,46.0
S1310F,2B,C_AIM,49.2,49.0
S1310F,2B,C_AIM,49.3,58.0
S1310F,2B,C_AIM,49.4,58.0
S1310F,2B,C_AIM,49.5,49.0
S1310F,2B,C_AIM,49.6,49.0
S1310F,2B,C_AIM,49.7,63.0
S1310F,2B,C_AIM,49.8,56.0
S1310F,2B,C_AIM,49.9,53.0
S1310F,2B,C_AIM,50.0,62.0
V1316M,2B,AIM_all,0.0,164.0
V1316M,2B,AIM_all,0.1,152.0
V1316M,2B,AIM_all,0.2,158.0
V1316M,2B,AIM_all,0.3,154.0
V1316M,2B,AIM_all,0.4,174.0
V1316M,2B,AIM_all,0.5,200.0
V1316M,2B,AIM_all,0.6,169.0
V1316M,2B,AIM_all,0.7,176.0
V1316M,2B,AIM_all,0.8,203.0
V1316M,2B,AIM_all,0.9,207.0
V1316M,2B,AIM_all,1.0,187.0
V1316M,2B,AIM_all,1.1,191.0
V1316M,2B,AIM_all,1.2,201.0
V1316M,2B,AIM_all,1.3,171.0
V1316M,2B,AIM_all,1.4,165.0
V1316M,2B,AIM_all,1.5,179.0
V1316M,2B,AIM_all,1.6,189.0
V1316M,2B,AIM_all,1.7,179.0
V1316M,2B,AIM_all,1.8,169.0
V1316M,2B,AIM_all,1.9,176.0
V1316M,2B,AIM_all,2.0,176.0
V1316M,2B,AIM_all,2.1,179.0
V1316M,2B,AIM_all,2.2,180.0
V1316M,2B,AIM_all,2.3,169.0
V1316M,2B,AIM_all,2.4,173.0
V1316M,2B,AIM_all,2.5,171.0
V1316M,2B,AIM_all,2.6,184.0
V1316M,2B,AIM_all,2.7,176.0
V1316M,2B,AIM_all,2.8,177.0
V1316M,2B,AIM_all,2.9,164.0
V1316M,2B,AIM_all,3.0,161.0
V1316M,2B,AIM_all,3.1,139.0
V1316M,2B,AIM_all,3.2,159.0
V1316M,2B,AIM_all,3.3,158.0
V1316M,2B,AIM_all,3.4,163.0
V1316M,2B,AIM_all,3.5,164.0
V1316M,2B,AIM_all,3.6,176.0
V1316M,2B,AIM_all,3.7,176.0
V1316M,2B,AIM_all,3.8,180.0
V1316M,2B,AIM_all,3.9,163.0
V1316M,2B,AIM_all,4.0,191.0
V1316M,2B,AIM_all,4.1,186.0
V1316M,2B,AIM_all,4.2,182.0
V1316M,2B,AIM_all,4.3,156.0
V1316M,2B,AIM_all,4.4,168.0
V1316M,2B,AIM_all,4.5,158.0
V1316M,2B,AIM_all,4.6,163.0
V1316M,2B,AIM_all,4.7,177.0
V1316M,2B,AIM_all,4.8,171.0
V1316M,2B,AIM_all,4.9,144.0
V1316M,2B,AIM_all,5.0,175.0
V1316M,2B,AIM_all,5.1,163.0
V1316M,2B,AIM_all,5.2,173.0
V1316M,2B,AIM_all,5.3,175.0
V1316M,2B,AIM_all,5.4,171.0
V1316M,2B,AIM_all,5.5,183.0
V1316M,2B,AIM_all,5.6,171.0
V1316M,2B,AIM_all,5.7,182.0
V1316M,2B,AIM_all,5.8,152.0
V1316M,2B,AIM_all,5.9,158.0
V1316M,2B,AIM_all,6.0,158.0
V1316M,2B,AIM_all,6.1,168.0
V1316M,2B,AIM_all,6.2,170.0
V1316M,2B,AIM_all,6.3,164.0
V1316M,2B,AIM_all,6.4,163.0
V1316M,2B,AIM_all,6.5,152.0
V1316M,2B,AIM_all,6.6,170.0
V1316M,2B,AIM_all,6.7,177.0
V1316M,2B,AIM_all,6.8,168.0
V1316M,2B,AIM_all,6.9,169.0
V1316M,2B,AIM_all,7.0,157.0
V1316M,2B,AIM_all,7.1,160.0
V1316M,2B,AIM_all,7.2,172.0
V1316M,2B,AIM_all,7.3,174.0
V1316M,2B,AIM_all,7.400001,159.0
V1316M,2B,AIM_all,7.5,159.0
V1316M,2B,AIM_all,7.6,178.0
V1316M,2B,AIM_all,7.7,172.0
V1316M,2B,AIM_all,7.8,193.0
V1316M,2B,AIM_all,7.900001,197.0
V1316M,2B,AIM_all,8.0,199.0
V1316M,2B,AIM_all,8.1,188.0
V1316M,2B,AIM_all,8.200001,183.0
V1316M,2B,AIM_all,8.3,156.0
V1316M,2B,AIM_all,8.400001,173.0
V1316M,2B,AIM_all,8.5,177.0
V1316M,2B,AIM_all,8.6,184.0
V1316M,2B,AIM_all,8.700001,166.0
V1316M,2B,AIM_all,8.8,166.0
V1316M,2B,AIM_all,8.900001,169.0
V1316M,2B,AIM_all,9.0,163.0
V1316M,2B,AIM_all,9.1,174.0
V1316M,2B,AIM_all,9.200001,148.0
V1316M,2B,AIM_all,9.3,149.0
V1316M,2B,AIM_all,9.400001,141.0
V1316M,2B,AIM_all,9.5,137.0
V1316M,2B,AIM_all,9.6,156.0
V1316M,2B,AIM_all,9.700001,139.0
V1316M,2B,AIM_all,9.8,177.0
V1316M,2B,AIM_all,9.900001,178.0
V1316M,2B,AIM_all,10.0,170.0
V1316M,2B,AIM_all,10.1,154.0
V1316M,2B,AIM_all,10.2,184.0
V1316M,2B,AIM_all,10.3,186.0
V1316M,2B,AIM_all,10.4,182.0
V1316M,2B,AIM_all,10.5,186.0
V1316M,2B,AIM_all,10.6,174.0
V1316M,2B,AIM_all,10.7,168.0
V1316M,2B,AIM_all,10.8,172.0
V1316M,2B,AIM_all,10.9,196.0
V1316M,2B,AIM_all,11.0,203.0
V1316M,2B,AIM_all,11.1,178.0
V1316M,2B,AIM_all,11.2,173.0
V1316M,2B,AIM_all,11.3,192.0
V1316M,2B,AIM_all,11.4,184.0
V1316M,2B,AIM_all,11.5,176.0
V1316M,2B,AIM_all,11.6,186.0
V1316M,2B,AIM_all,11.7,194.0
V1316M,2B,AIM_all,11.8,198.0
V1316M,2B,AIM_all,11.9,200.0
V1316M,2B,AIM_all,12.0,169.0
V1316M,2B,AIM_all,12.1,180.0
V1316M,2B,AIM_all,12.2,182.0
V1316M,2B,AIM_all,12.3,180.0
V1316M,2B,AIM_all,12.4,191.0
V1316M,2B,AIM_all,12.5,196.0
V1316M,2B,AIM_all,12.6,179.0
V1316M,2B,AIM_all,12.7,178.0
V1316M,2B,AIM_all,12.8,157.0
V1316M,2B,AIM_all,12.9,170.0
V1316M,2B,AIM_all,13.0,166.0
V1316M,2B,AIM_all,13.1,198.0
V1316M,2B,AIM_all,13.2,181.0
V1316M,2B,AIM_all,13.3,188.0
V1316M,2B,AIM_all,13.4,185.0
V1316M,2B,AIM_all,13.5,179.0
V1316M,2B,AIM_all,13.6,169.0
V1316M,2B,AIM_all,13.7,156.0
V1316M,2B,AIM_all,13.8,178.0
V1316M,2B,AIM_all,13.9,174.0
V1316M,2B,AIM_all,14.0,188.0
V1316M,2B,AIM_all,14.1,180.0
V1316M,2B,AIM_all,14.2,183.0
V1316M,2B,AIM_all,14.3,179.0
V1316M,2B,AIM_all,14.4,172.0
V1316M,2B,AIM_all,14.5,182.0
V1316M,2B,AIM_all,14.6,190.0
V1316M,2B,AIM_all,14.7,184.0
V1316M,2B,AIM_all,14.8,179.0
V1316M,2B,AIM_all,14.9,175.0
V1316M,2B,AIM_all,15.0,185.0
V1316M,2B,AIM_all,15.1,183.0
V1316M,2B,AIM_all,15.2,164.0
V1316M,2B,AIM_all,15.3,166.0
V1316M,2B,AIM_all,15.4,166.0
V1316M,2B,AIM_all,15.5,152.0
V1316M,2B,AIM_all,15.6,173.0
V1316M,2B,AIM_all,15.7,163.0
V1316M,2B,AIM_all,15.8,168.0
V1316M,2B,AIM_all,15.9,159.0
V1316M,2B,AIM_all,16.0,159.0
V1316M,2B,AIM_all,16.1,176.0
V1316M,2B,AIM_all,16.2,172.0
V1316M,2B,AIM_all,16.3,177.0
V1316M,2B,AIM_all,16.4,176.0
V1316M,2B,AIM_all,16.5,181.0
V1316M,2B,AIM_all,16.6,180.0
V1316M,2B,AIM_all,16.7,183.0
V1316M,2B,AIM_all,16.8,169.0
V1316M,2B,AIM_all,16.9,166.0
V1316M,2B,AIM_all,17.0,169.0
V1316M,2B,AIM_all,17.1,173.0
V1316M,2B,AIM_all,17.2,169.0
V1316M,2B,AIM_all,17.3,161.0
V1316M,2B,AIM_all,17.4,175.0
V1316M,2B,AIM_all,17.5,143.0
V1316M,2B,AIM_all,17.6,145.0
V1316M,2B,AIM_all,17.7,145.0
V1316M,2B,AIM_all,17.8,148.0
V1316M,2B,AIM_all,17.9,130.0
V1316M,2B,AIM_all,18.0,144.0
V1316M,2B,AIM_all,18.1,124.0
V1316M,2B,AIM_all,18.2,128.0
V1316M,2B,AIM_all,18.3,128.0
V1316M,2B,AIM_all,18.4,125.0
V1316M,2B,AIM_all,18.5,119.0
V1316M,2B,AIM_all,18.6,114.0
V1316M,2B,AIM_all,18.7,120.0
V1316M,2B,AIM_all,18.8,136.0
V1316M,2B,AIM_all,18.9,146.0
V1316M,2B,AIM_all,19.0,113.0
V1316M,2B,AIM_all,19.1,109.0
V1316M,2B,AIM_all,19.2,112.0
V1316M,2B,AIM_all,19.3,106.0
V1316M,2B,AIM_all,19.4,108.0
V1316M,2B,AIM_all,19.5,93.0
V1316M,2B,AIM_all,19.6,111.0
V1316M,2B,AIM_all,19.7,92.0
V1316M,2B,AIM_all,19.8,103.0
V1316M,2B,AIM_all,19.9,125.0
V1316M,2B,AIM_all,20.0,113.0
V1316M,2B,AIM_all,20.1,112.0
V1316M,2B,AIM_all,20.2,107.0
V1316M,2B,AIM_all,20.3,99.0
V1316M,2B,AIM_all,20.4,102.0
V1316M,2B,AIM_all,20.5,106.0
V1316M,2B,AIM_all,20.6,105.0
V1316M,2B,AIM_all,20.7,107.0
V1316M,2B,AIM_all,20.8,105.0
V1316M,2B,AIM_all,20.9,117.0
V1316M,2B,AIM_all,21.0,119.0
V1316M,2B,AIM_all,21.1,104.0
V1316M,2B,AIM_all,21.2,104.0
V1316M,2B,AIM_all,21.3,111.0
V1316M,2B,AIM_all,21.4,120.0
V1316M,2B,AIM_all,21.5,96.0
V1316M,2B,AIM_all,21.6,110.0
V1316M,2B,AIM_all,21.7,100.0
V1316M,2B,AIM_all,21.8,109.0
V1316M,2B,AIM_all,21.9,112.0
V1316M,2B,AIM_all,22.0,111.0
V1316M,2B,AIM_all,22.1,103.0
V1316M,2B,AIM_all,22.2,104.0
V1316M,2B,AIM_all,22.3,119.0
V1316M,2B,AIM_all,22.4,121.0
V1316M,2B,AIM_all,22.5,108.0
V1316M,2B,AIM_all,22.6,108.0
V1316M,2B,AIM_all,22.7,103.0
V1316M,2B,AIM_all,22.8,95.0
V1316M,2B,AIM_all,22.9,104.0
V1316M,2B,AIM_all,23.0,110.0
V1316M,2B,AIM_all,23.1,100.0
V1316M,2B,AIM_all,23.2,102.0
V1316M,2B,AIM_all,23.3,105.0
V1316M,2B,AIM_all,23.4,101.0
V1316M,2B,AIM_all,23.5,95.0
V1316M,2B,AIM_all,23.6,87.0
V1316M,2B,AIM_all,23.7,98.0
V1316M,2B,AIM_all,23.8,134.0
V1316M,2B,AIM_all,23.9,114.0
V1316M,2B,AIM_all,24.0,108.0
V1316M,2B,AIM_all,24.1,120.0
V1316M,2B,AIM_all,24.2,114.0
V1316M,2B,AIM_all,24.3,113.0
V1316M,2B,AIM_all,24.4,113.0
V1316M,2B,AIM_all,24.5,102.0
V1316M,2B,AIM_all,24.6,106.0
V1316M,2B,AIM_all,24.7,105.0
V1316M,2B,AIM_all,24.8,96.0
V1316M,2B,AIM_all,24.9,108.0
V1316M,2B,AIM_all,25.0,118.0
V1316M,2B,AIM_all,25.1,99.0
V1316M,2B,AIM_all,25.2,105.0
V1316M,2B,AIM_all,25.3,111.0
V1316M,2B,AIM_all,25.4,121.0
V1316M,2B,AIM_all,25.5,118.0
V1316M,2B,AIM_all,25.6,113.0
V1316M,2B,AIM_all,25.7,118.0
V1316M,2B,AIM_all,25.8,109.0
V1316M,2B,AIM_all,25.9,116.0
V1316M,2B,AIM_all,26.0,111.0
V1316M,2B,AIM_all,26.1,100.0
V1316M,2B,AIM_all,26.2,125.0
V1316M,2B,AIM_all,26.3,108.0
V1316M,2B,AIM_all,26.4,112.0
V1316M,2B,AIM_all,26.5,134.0
V1316M,2B,AIM_all,26.6,125.0
V1316M,2B,AIM_all,26.7,130.0
V1316M,2B,AIM_all,26.8,137.0
V1316M,2B,AIM_all,26.9,138.0
V1316M,2B,AIM_all,27.0,118.0
V1316M,2B,AIM_all,27.1,105.0
V1316M,2B,AIM_all,27.2,100.0
V1316M,2B,AIM_all,27.3,118.0
V1316M,2B,AIM_all,27.4,117.0
V1316M,2B,AIM_all,27.5,113.0
V1316M,2B,AIM_all,27.6,123.0
V1316M,2B,AIM_all,27.7,110.0
V1316M,2B,AIM_all,27.8,120.0
V1316M,2B,AIM_all,27.9,104.0
V1316M,2B,AIM_all,28.0,107.0
V1316M,2B,AIM_all,28.1,121.0
V1316M,2B,AIM_all,28.2,136.0
V1316M,2B,AIM_all,28.3,113.0
V1316M,2B,AIM_all,28.4,120.0
V1316M,2B,AIM_all,28.5,133.0
V1316M,2B,AIM_all,28.6,146.0
V1316M,2B,AIM_all,28.7,151.0
V1316M,2B,AIM_all,28.8,147.0
V1316M,2B,AIM_all,28.9,139.0
V1316M,2B,AIM_all,29.0,138.0
V1316M,2B,AIM_all,29.1,135.0
V1316M,2B,AIM_all,29.2,151.0
V1316M,2B,AIM_all,29.3,135.0
V1316M,2B,AIM_all,29.4,128.0
V1316M,2B,AIM_all,29.5,155.0
V1316M,2B,AIM_all,29.6,142.0
V1316M,2B,AIM_all,29.7,123.0
V1316M,2B,AIM_all,29.8,141.0
V1316M,2B,AIM_all,29.9,137.0
V1316M,2B,AIM_all,30.0,132.0
V1316M,2B,AIM_all,30.1,140.0
V1316M,2B,AIM_all,30.2,135.0
V1316M,2B,AIM_all,30.3,152.0
V1316M,2B,AIM_all,30.4,153.0
V1316M,2B,AIM_all,30.5,140.0
V1316M,2B,AIM_all,30.6,128.0
V1316M,2B,AIM_all,30.7,143.0
V1316M,2B,AIM_all,30.8,127.0
V1316M,2B,AIM_all,30.9,136.0
V1316M,2B,AIM_all,31.0,134.0
V1316M,2B,AIM_all,31.1,112.0
V1316M,2B,AIM_all,31.2,112.0
V1316M,2B,AIM_all,31.3,120.0
V1316M,2B,AIM_all,31.4,116.0
V1316M,2B,AIM_all,31.5,112.0
V1316M,2B,AIM_all,31.6,108.0
V1316M,2B,AIM_all,31.7,96.0
V1316M,2B,AIM_all,31.8,105.0
V1316M,2B,AIM_all,31.9,103.0
V1316M,2B,AIM_all,32.0,97.0
V1316M,2B,AIM_all,32.1,115.0
V1316M,2B,AIM_all,32.2,93.0
V1316M,2B,AIM_all,32.3,103.0
V1316M,2B,AIM_all,32.4,111.0
V1316M,2B,AIM_all,32.5,98.0
V1316M,2B,AIM_all,32.6,100.0
V1316M,2B,AIM_all,32.7,98.0
V1316M,2B,AIM_all,32.8,106.0
V1316M,2B,AIM_all,32.9,107.0
V1316M,2B,AIM_all,33.0,99.0
V1316M,2B,AIM_all,33.1,104.0
V1316M,2B,AIM_all,33.2,108.0
V1316M,2B,AIM_all,33.3,107.0
V1316M,2B,AIM_all,33.4,99.0
V1316M,2B,AIM_all,33.5,99.0
V1316M,2B,AIM_all,33.6,101.0
V1316M,2B,AIM_all,33.7,110.0
V1316M,2B,AIM_all,33.8,95.0
V1316M,2B,AIM_all,33.9,105.0
V1316M,2B,AIM_all,34.0,104.0
V1316M,2B,AIM_all,34.1,107.0
V1316M,2B,AIM_all,34.2,114.0
V1316M,2B,AIM_all,34.3,106.0
V1316M,2B,AIM_all,34.4,104.0
V1316M,2B,AIM_all,34.5,108.0
V1316M,2B,AIM_all,34.6,98.0
V1316M,2B,AIM_all,34.7,93.0
V1316M,2B,AIM_all,34.8,104.0
V1316M,2B,AIM_all,34.9,78.0
V1316M,2B,AIM_all,35.0,106.0
V1316M,2B,AIM_all,35.1,94.0
V1316M,2B,AIM_all,35.2,94.0
V1316M,2B,AIM_all,35.3,90.0
V1316M,2B,AIM_all,35.4,91.0
V1316M,2B,AIM_all,35.5,98.0
V1316M,2B,AIM_all,35.6,99.0
V1316M,2B,AIM_all,35.7,88.0
V1316M,2B,AIM_all,35.8,101.0
V1316M,2B,AIM_all,35.9,88.0
V1316M,2B,AIM_all,36.0,102.0
V1316M,2B,AIM_all,36.1,103.0
V1316M,2B,AIM_all,36.2,83.0
V1316M,2B,AIM_all,36.3,102.0
V1316M,2B,AIM_all,36.4,100.0
V1316M,2B,AIM_all,36.5,92.0
V1316M,2B,AIM_all,36.6,91.0
V1316M,2B,AIM_all,36.7,89.0
V1316M,2B,AIM_all,36.8,87.0
V1316M,2B,AIM_all,36.9,90.0
V1316M,2B,AIM_all,37.0,84.0
V1316M,2B,AIM_all,37.1,90.0
V1316M,2B,AIM_all,37.2,98.0
V1316M,2B,AIM_all,37.3,87.0
V1316M,2B,AIM_all,37.4,87.0
V1316M,2B,AIM_all,37.5,85.0
V1316M,2B,AIM_all,37.6,87.0
V1316M,2B,AIM_all,37.7,95.0
V1316M,2B,AIM_all,37.8,90.0
V1316M,2B,AIM_all,37.9,92.0
V1316M,2B,AIM_all,38.0,93.0
V1316M,2B,AIM_all,38.1,94.0
V1316M,2B,AIM_all,38.2,101.0
V1316M,2B,AIM_all,38.3,90.0
V1316M,2B,AIM_all,38.4,87.0
V1316M,2B,AIM_all,38.5,85.0
V1316M,2B,AIM_all,38.6,91.0
V1316M,2B,AIM_all,38.7,90.0
V1316M,2B,AIM_all,38.8,86.0
V1316M,2B,AIM_all,38.9,88.0
V1316M,2B,AIM_all,39.0,95.0
V1316M,2B,AIM_all,39.1,85.0
V1316M,2B,AIM_all,39.2,90.0
V1316M,2B,AIM_all,39.3,79.0
V1316M,2B,AIM_all,39.4,91.0
V1316M,2B,AIM_all,39.5,94.0
V1316M,2B,AIM_all,39.6,90.0
V1316M,2B,AIM_all,39.7,102.0
V1316M,2B,AIM_all,39.8,96.0
V1316M,2B,AIM_all,39.9,95.0
V1316M,2B,AIM_all,40.0,93.0
V1316M,2B,AIM_all,40.1,94.0
V1316M,2B,AIM_all,40.2,83.0
V1316M,2B,AIM_all,40.3,95.0
V1316M,2B,AIM_all,40.4,76.0
V1316M,2B,AIM_all,40.5,78.0
V1316M,2B,AIM_all,40.6,91.0
V1316M,2B,AIM_all,40.7,94.0
V1316M,2B,AIM_all,40.8,75.0
V1316M,2B,AIM_all,40.9,71.0
V1316M,2B,AIM_all,41.0,82.0
V1316M,2B,AIM_all,41.1,103.0
V1316M,2B,AIM_all,41.2,93.0
V1316M,2B,AIM_all,41.3,90.0
V1316M,2B,AIM_all,41.4,78.0
V1316M,2B,AIM_all,41.5,85.0
V1316M,2B,AIM_all,41.6,79.0
V1316M,2B,AIM_all,41.7,76.0
V1316M,2B,AIM_all,41.8,86.0
V1316M,2B,AIM_all,41.9,80.0
V1316M,2B,AIM_all,42.0,98.0
V1316M,2B,AIM_all,42.1,92.0
V1316M,2B,AIM_all,42.2,78.0
V1316M,2B,AIM_all,42.3,79.0
V1316M,2B,AIM_all,42.4,86.0
V1316M,2B,AIM_all,42.5,98.0
V1316M,2B,AIM_all,42.6,86.0
V1316M,2B,AIM_all,42.7,92.0
V1316M,2B,AIM_all,42.8,88.0
V1316M,2B,AIM_all,42.9,87.0
V1316M,2B,AIM_all,43.0,94.0
V1316M,2B,AIM_all,43.1,107.0
V1316M,2B,AIM_all,43.2,100.0
V1316M,2B,AIM_all,43.3,111.0
V1316M,2B,AIM_all,43.4,96.0
V1316M,2B,AIM_all,43.5,82.0
V1316M,2B,AIM_all,43.6,87.0
V1316M,2B,AIM_all,43.7,106.0
V1316M,2B,AIM_all,43.8,115.0
V1316M,2B,AIM_all,43.9,91.0
V1316M,2B,AIM_all,44.0,84.0
V1316M,2B,AIM_all,44.1,93.0
V1316M,2B,AIM_all,44.2,72.0
V1316M,2B,AIM_all,44.3,90.0
V1316M,2B,AIM_all,44.4,83.0
V1316M,2B,AIM_all,44.5,77.0
V1316M,2B,AIM_all,44.6,89.0
V1316M,2B,AIM_all,44.7,81.0
V1316M,2B,AIM_all,44.8,91.0
V1316M,2B,AIM_all,44.9,85.0
V1316M,2B,AIM_all,45.0,66.0
V1316M,2B,AIM_all,45.1,87.0
V1316M,2B,AIM_all,45.2,94.0
V1316M,2B,AIM_all,45.3,96.0
V1316M,2B,AIM_all,45.4,89.0
V1316M,2B,AIM_all,45.5,100.0
V1316M,2B,AIM_all,45.6,99.0
V1316M,2B,AIM_all,45.7,85.0
V1316M,2B,AIM_all,45.8,91.0
V1316M,2B,AIM_all,45.9,89.0
V1316M,2B,AIM_all,46.0,97.0
V1316M,2B,AIM_all,46.1,88.0
V1316M,2B,AIM_all,46.2,84.0
V1316M,2B,AIM_all,46.3,94.0
V1316M,2B,AIM_all,46.4,103.0
V1316M,2B,AIM_all,46.5,85.0
V1316M,2B,AIM_all,46.6,102.0
V1316M,2B,AIM_all,46.7,105.0
V1316M,2B,AIM_all,46.8,109.0
V1316M,2B,AIM_all,46.9,98.0
V1316M,2B,AIM_all,47.0,97.0
V1316M,2B,AIM_all,47.1,87.0
V1316M,2B,AIM_all,47.2,95.0
V1316M,2B,AIM_all,47.3,102.0
V1316M,2B,AIM_all,47.4,110.0
V1316M,2B,AIM_all,47.5,100.0
V1316M,2B,AIM_all,47.6,100.0
V1316M,2B,AIM_all,47.7,95.0
V1316M,2B,AIM_all,47.8,113.0
V1316M,2B,AIM_all,47.9,101.0
V1316M,2B,AIM_all,48.0,107.0
V1316M,2B,AIM_all,48.1,110.0
V1316M,2B,AIM_all,48.2,101.0
V1316M,2B,AIM_all,48.3,110.0
V1316M,2B,AIM_all,48.4,98.0
V1316M,2B,AIM_all,48.5,103.0
V1316M,2B,AIM_all,48.6,92.0
V1316M,2B,AIM_all,48.7,106.0
V1316M,2B,AIM_all,48.8,93.0
V1316M,2B,AIM_all,48.9,99.0
V1316M,2B,AIM_all,49.0,90.0
V1316M,2B,AIM_all,49.1,88.0
V1316M,2B,AIM_all,49.2,101.0
V1316M,2B,AIM_all,49.3,101.0
V1316M,2B,AIM_all,49.4,95.0
V1316M,2B,AIM_all,49.5,96.0
V1316M,2B,AIM_all,49.6,107.0
V1316M,2B,AIM_all,49.7,93.0
V1316M,2B,AIM_all,49.8,101.0
V1316M,2B,AIM_all,49.9,113.0
V1316M,2B,AIM_all,50.0,109.0
V1316M,2B,N_AIM,0.0,104.0
V1316M,2B,N_AIM,0.1,102.0
V1316M,2B,N_AIM,0.2,94.0
V1316M,2B,N_AIM,0.3,97.0
V1316M,2B,N_AIM,0.4,106.0
V1316M,2B,N_AIM,0.5,135.0
V1316M,2B,N_AIM,0.6,112.0
V1316M,2B,N_AIM,0.7,118.0
V1316M,2B,N_AIM,0.8,144.0
V1316M,2B,N_AIM,0.9,144.0
V1316M,2B,N_AIM,1.0,136.0
V1316M,2B,N_AIM,1.1,133.0
V1316M,2B,N_AIM,1.2,142.0
V1316M,2B,N_AIM,1.3,113.0
V1316M,2B,N_AIM,1.4,108.0
V1316M,2B,N_AIM,1.5,137.0
V1316M,2B,N_AIM,1.6,140.0
V1316M,2B,N_AIM,1.7,124.0
V1316M,2B,N_AIM,1.8,120.0
V1316M,2B,N_AIM,1.9,121.0
V1316M,2B,N_AIM,2.0,113.0
V1316M,2B,N_AIM,2.1,124.0
V1316M,2B,N_AIM,2.2,119.0
V1316M,2B,N_AIM,2.3,123.0
V1316M,2B,N_AIM,2.4,119.0
V1316M,2B,N_AIM,2.5,112.0
V1316M,2B,N_AIM,2.6,125.0
V1316M,2B,N_AIM,2.7,117.0
V1316M,2B,N_AIM,2.8,113.0
V1316M,2B,N_AIM,2.9,107.0
V1316M,2B,N_AIM,3.0,97.0
V1316M,2B,N_AIM,3.1,89.0
V1316M,2B,N_AIM,3.2,94.0
V1316M,2B,N_AIM,3.3,95.0
V1316M,2B,N_AIM,3.4,99.0
V1316M,2B,N_AIM,3.5,101.0
V1316M,2B,N_AIM,3.6,122.0
V1316M,2B,N_AIM,3.7,123.0
V1316M,2B,N_AIM,3.8,120.0
V1316M,2B,N_AIM,3.9,113.0
V1316M,2B,N_AIM,4.0,128.0
V1316M,2B,N_AIM,4.1,128.0
V1316M,2B,N_AIM,4.2,131.0
V1316M,2B,N_AIM,4.3,107.0
V1316M,2B,N_AIM,4.4,111.0
V1316M,2B,N_AIM,4.5,106.0
V1316M,2B,N_AIM,4.6,120.0
V1316M,2B,N_AIM,4.7,132.0
V1316M,2B,N_AIM,4.8,128.0
V1316M,2B,N_AIM,4.9,114.0
V1316M,2B,N_AIM,5.0,117.0
V1316M,2B,N_AIM,5.1,127.0
V1316M,2B,N_AIM,5.2,120.0
V1316M,2B,N_AIM,5.3,137.0
V1316M,2B,N_AIM,5.4,124.0
V1316M,2B,N_AIM,5.5,141.0
V1316M,2B,N_AIM,5.6,127.0
V1316M,2B,N_AIM,5.7,135.0
V1316M,2B,N_AIM,5.8,113.0
V1316M,2B,N_AIM,5.9,114.0
V1316M,2B,N_AIM,6.0,111.0
V1316M,2B,N_AIM,6.1,118.0
V1316M,2B,N_AIM,6.2,125.0
V1316M,2B,N_AIM,6.3,121.0
V1316M,2B,N_AIM,6.4,104.0
V1316M,2B,N_AIM,6.5,102.0
V1316M,2B,N_AIM,6.6,118.0
V1316M,2B,N_AIM,6.7,120.0
V1316M,2B,N_AIM,6.8,120.0
V1316M,2B,N_AIM,6.9,114.0
V1316M,2B,N_AIM,7.0,102.0
V1316M,2B,N_AIM,7.1,105.0
V1316M,2B,N_AIM,7.2,123.0
V1316M,2B,N_AIM,7.3,119.0
V1316M,2B,N_AIM,7.400001,110.0
V1316M,2B,N_AIM,7.5,102.0
V1316M,2B,N_AIM,7.6,125.0
V1316M,2B,N_AIM,7.7,115.0
V1316M,2B,N_AIM,7.8,139.0
V1316M,2B,N_AIM,7.900001,137.0
V1316M,2B,N_AIM,8.0,135.0
V1316M,2B,N_AIM,8.1,134.0
V1316M,2B,N_AIM,8.200001,125.0
V1316M,2B,N_AIM,8.3,105.0
V1316M,2B,N_AIM,8.400001,134.0
V1316M,2B,N_AIM,8.5,125.0
V1316M,2B,N_AIM,8.6,125.0
V1316M,2B,N_AIM,8.700001,132.0
V1316M,2B,N_AIM,8.8,118.0
V1316M,2B,N_AIM,8.900001,116.0
V1316M,2B,N_AIM,9.0,118.0
V1316M,2B,N_AIM,9.1,115.0
V1316M,2B,N_AIM,9.200001,97.0
V1316M,2B,N_AIM,9.3,101.0
V1316M,2B,N_AIM,9.400001,102.0
V1316M,2B,N_AIM,9.5,93.0
V1316M,2B,N_AIM,9.6,100.0
V1316M,2B,N_AIM,9.700001,96.0
V1316M,2B,N_AIM,9.8,106.0
V1316M,2B,N_AIM,9.900001,116.0
V1316M,2B,N_AIM,10.0,113.0
V1316M,2B,N_AIM,10.1,107.0
V1316M,2B,N_AIM,10.2,123.0
V1316M,2B,N_AIM,10.3,136.0
V1316M,2B,N_AIM,10.4,131.0
V1316M,2B,N_AIM,10.5,128.0
V1316M,2B,N_AIM,10.6,111.0
V1316M,2B,N_AIM,10.7,121.0
V1316M,2B,N_AIM,10.8,130.0
V1316M,2B,N_AIM,10.9,138.0
V1316M,2B,N_AIM,11.0,153.0
V1316M,2B,N_AIM,11.1,127.0
V1316M,2B,N_AIM,11.2,125.0
V1316M,2B,N_AIM,11.3,131.0
V1316M,2B,N_AIM,11.4,118.0
V1316M,2B,N_AIM,11.5,127.0
V1316M,2B,N_AIM,11.6,140.0
V1316M,2B,N_AIM,11.7,135.0
V1316M,2B,N_AIM,11.8,130.0
V1316M,2B,N_AIM,11.9,130.0
V1316M,2B,N_AIM,12.0,126.0
V1316M,2B,N_AIM,12.1,129.0
V1316M,2B,N_AIM,12.2,125.0
V1316M,2B,N_AIM,12.3,123.0
V1316M,2B,N_AIM,12.4,129.0
V1316M,2B,N_AIM,12.5,119.0
V1316M,2B,N_AIM,12.6,129.0
V1316M,2B,N_AIM,12.7,127.0
V1316M,2B,N_AIM,12.8,119.0
V1316M,2B,N_AIM,12.9,118.0
V1316M,2B,N_AIM,13.0,112.0
V1316M,2B,N_AIM,13.1,135.0
V1316M,2B,N_AIM,13.2,121.0
V1316M,2B,N_AIM,13.3,129.0
V1316M,2B,N_AIM,13.4,124.0
V1316M,2B,N_AIM,13.5,124.0
V1316M,2B,N_AIM,13.6,117.0
V1316M,2B,N_AIM,13.7,109.0
V1316M,2B,N_AIM,13.8,134.0
V1316M,2B,N_AIM,13.9,125.0
V1316M,2B,N_AIM,14.0,138.0
V1316M,2B,N_AIM,14.1,130.0
V1316M,2B,N_AIM,14.2,131.0
V1316M,2B,N_AIM,14.3,129.0
V1316M,2B,N_AIM,14.4,120.0
V1316M,2B,N_AIM,14.5,125.0
V1316M,2B,N_AIM,14.6,134.0
V1316M,2B,N_AIM,14.7,128.0
V1316M,2B,N_AIM,14.8,120.0
V1316M,2B,N_AIM,14.9,119.0
V1316M,2B,N_AIM,15.0,126.0
V1316M,2B,N_AIM,15.1,123.0
V1316M,2B,N_AIM,15.2,110.0
V1316M,2B,N_AIM,15.3,108.0
V1316M,2B,N_AIM,15.4,116.0
V1316M,2B,N_AIM,15.5,102.0
V1316M,2B,N_AIM,15.6,124.0
V1316M,2B,N_AIM,15.7,110.0
V1316M,2B,N_AIM,15.8,114.0
V1316M,2B,N_AIM,15.9,106.0
V1316M,2B,N_AIM,16.0,108.0
V1316M,2B,N_AIM,16.1,112.0
V1316M,2B,N_AIM,16.2,122.0
V1316M,2B,N_AIM,16.3,121.0
V1316M,2B,N_AIM,16.4,119.0
V1316M,2B,N_AIM,16.5,126.0
V1316M,2B,N_AIM,16.6,123.0
V1316M,2B,N_AIM,16.7,132.0
V1316M,2B,N_AIM,16.8,119.0
V1316M,2B,N_AIM,16.9,118.0
V1316M,2B,N_AIM,17.0,116.0
V1316M,2B,N_AIM,17.1,124.0
V1316M,2B,N_AIM,17.2,112.0
V1316M,2B,N_AIM,17.3,101.0
V1316M,2B,N_AIM,17.4,116.0
V1316M,2B,N_AIM,17.5,86.0
V1316M,2B,N_AIM,17.6,99.0
V1316M,2B,N_AIM,17.7,99.0
V1316M,2B,N_AIM,17.8,92.0
V1316M,2B,N_AIM,17.9,85.0
V1316M,2B,N_AIM,18.0,83.0
V1316M,2B,N_AIM,18.1,70.0
V1316M,2B,N_AIM,18.2,75.0
V1316M,2B,N_AIM,18.3,73.0
V1316M,2B,N_AIM,18.4,67.0
V1316M,2B,N_AIM,18.5,70.0
V1316M,2B,N_AIM,18.6,60.0
V1316M,2B,N_AIM,18.7,61.0
V1316M,2B,N_AIM,18.8,81.0
V1316M,2B,N_AIM,18.9,94.0
V1316M,2B,N_AIM,19.0,66.0
V1316M,2B,N_AIM,19.1,62.0
V1316M,2B,N_AIM,19.2,57.0
V1316M,2B,N_AIM,19.3,58.0
V1316M,2B,N_AIM,19.4,54.0
V1316M,2B,N_AIM,19.5,46.0
V1316M,2B,N_AIM,19.6,55.0
V1316M,2B,N_AIM,19.7,55.0
V1316M,2B,N_AIM,19.8,51.0
V1316M,2B,N_AIM,19.9,63.0
V1316M,2B,N_AIM,20.0,50.0
V1316M,2B,N_AIM,20.1,58.0
V1316M,2B,N_AIM,20.2,53.0
V1316M,2B,N_AIM,20.3,37.0
V1316M,2B,N_AIM,20.4,51.0
V1316M,2B,N_AIM,20.5,48.0
V1316M,2B,N_AIM,20.6,54.0
V1316M,2B,N_AIM,20.7,54.0
V1316M,2B,N_AIM,20.8,49.0
V1316M,2B,N_AIM,20.9,51.0
V1316M,2B,N_AIM,21.0,60.0
V1316M,2B,N_AIM,21.1,46.0
V1316M,2B,N_AIM,21.2,56.0
V1316M,2B,N_AIM,21.3,58.0
V1316M,2B,N_AIM,21.4,71.0
V1316M,2B,N_AIM,21.5,39.0
V1316M,2B,N_AIM,21.6,52.0
V1316M,2B,N_AIM,21.7,40.0
V1316M,2B,N_AIM,21.8,55.0
V1316M,2B,N_AIM,21.9,56.0
V1316M,2B,N_AIM,22.0,55.0
V1316M,2B,N_AIM,22.1,43.0
V1316M,2B,N_AIM,22.2,52.0
V1316M,2B,N_AIM,22.3,59.0
V1316M,2B,N_AIM,22.4,64.0
V1316M,2B,N_AIM,22.5,55.0
V1316M,2B,N_AIM,22.6,55.0
V1316M,2B,N_AIM,22.7,55.0
V1316M,2B,N_AIM,22.8,47.0
V1316M,2B,N_AIM,22.9,50.0
V1316M,2B,N_AIM,23.0,55.0
V1316M,2B,N_AIM,23.1,45.0
V1316M,2B,N_AIM,23.2,51.0
V1316M,2B,N_AIM,23.3,53.0
V1316M,2B,N_AIM,23.4,52.0
V1316M,2B,N_AIM,23.5,52.0
V1316M,2B,N_AIM,23.6,45.0
V1316M,2B,N_AIM,23.7,50.0
V1316M,2B,N_AIM,23.8,88.0
V1316M,2B,N_AIM,23.9,59.0
V1316M,2B,N_AIM,24.0,52.0
V1316M,2B,N_AIM,24.1,62.0
V1316M,2B,N_AIM,24.2,53.0
V1316M,2B,N_AIM,24.3,56.0
V1316M,2B,N_AIM,24.4,54.0
V1316M,2B,N_AIM,24.5,51.0
V1316M,2B,N_AIM,24.6,51.0
V1316M,2B,N_AIM,24.7,51.0
V1316M,2B,N_AIM,24.8,51.0
V1316M,2B,N_AIM,24.9,56.0
V1316M,2B,N_AIM,25.0,55.0
V1316M,2B,N_AIM,25.1,43.0
V1316M,2B,N_AIM,25.2,56.0
V1316M,2B,N_AIM,25.3,48.0
V1316M,2B,N_AIM,25.4,61.0
V1316M,2B,N_AIM,25.5,60.0
V1316M,2B,N_AIM,25.6,55.0
V1316M,2B,N_AIM,25.7,58.0
V1316M,2B,N_AIM,25.8,55.0
V1316M,2B,N_AIM,25.9,56.0
V1316M,2B,N_AIM,26.0,54.0
V1316M,2B,N_AIM,26.1,52.0
V1316M,2B,N_AIM,26.2,63.0
V1316M,2B,N_AIM,26.3,58.0
V1316M,2B,N_AIM,26.4,53.0
V1316M,2B,N_AIM,26.5,72.0
V1316M,2B,N_AIM,26.6,72.0
V1316M,2B,N_AIM,26.7,63.0
V1316M,2B,N_AIM,26.8,75.0
V1316M,2B,N_AIM,26.9,71.0
V1316M,2B,N_AIM,27.0,56.0
V1316M,2B,N_AIM,27.1,48.0
V1316M,2B,N_AIM,27.2,49.0
V1316M,2B,N_AIM,27.3,66.0
V1316M,2B,N_AIM,27.4,58.0
V1316M,2B,N_AIM,27.5,58.0
V1316M,2B,N_AIM,27.6,64.0
V1316M,2B,N_AIM,27.7,55.0
V1316M,2B,N_AIM,27.8,61.0
V1316M,2B,N_AIM,27.9,49.0
V1316M,2B,N_AIM,28.0,50.0
V1316M,2B,N_AIM,28.1,60.0
V1316M,2B,N_AIM,28.2,72.0
V1316M,2B,N_AIM,28.3,56.0
V1316M,2B,N_AIM,28.4,54.0
V1316M,2B,N_AIM,28.5,79.0
V1316M,2B,N_AIM,28.6,81.0
V1316M,2B,N_AIM,28.7,92.0
V1316M,2B,N_AIM,28.8,94.0
V1316M,2B,N_AIM,28.9,83.0
V1316M,2B,N_AIM,29.0,83.0
V1316M,2B,N_AIM,29.1,91.0
V1316M,2B,N_AIM,29.2,98.0
V1316M,2B,N_AIM,29.3,79.0
V1316M,2B,N_AIM,29.4,81.0
V1316M,2B,N_AIM,29.5,98.0
V1316M,2B,N_AIM,29.6,82.0
V1316M,2B,N_AIM,29.7,68.0
V1316M,2B,N_AIM,29.8,79.0
V1316M,2B,N_AIM,29.9,76.0
V1316M,2B,N_AIM,30.0,76.0
V1316M,2B,N_AIM,30.1,81.0
V1316M,2B,N_AIM,30.2,88.0
V1316M,2B,N_AIM,30.3,93.0
V1316M,2B,N_AIM,30.4,96.0
V1316M,2B,N_AIM,30.5,79.0
V1316M,2B,N_AIM,30.6,67.0
V1316M,2B,N_AIM,30.7,83.0
V1316M,2B,N_AIM,30.8,70.0
V1316M,2B,N_AIM,30.9,85.0
V1316M,2B,N_AIM,31.0,79.0
V1316M,2B,N_AIM,31.1,57.0
V1316M,2B,N_AIM,31.2,55.0
V1316M,2B,N_AIM,31.3,60.0
V1316M,2B,N_AIM,31.4,56.0
V1316M,2B,N_AIM,31.5,54.0
V1316M,2B,N_AIM,31.6,52.0
V1316M,2B,N_AIM,31.7,46.0
V1316M,2B,N_AIM,31.8,44.0
V1316M,2B,N_AIM,31.9,44.0
V1316M,2B,N_AIM,32.0,48.0
V1316M,2B,N_AIM,32.1,52.0
V1316M,2B,N_AIM,32.2,42.0
V1316M,2B,N_AIM,32.3,46.0
V1316M,2B,N_AIM,32.4,45.0
V1316M,2B,N_AIM,32.5,53.0
V1316M,2B,N_AIM,32.6,40.0
V1316M,2B,N_AIM,32.7,39.0
V1316M,2B,N_AIM,32.8,47.0
V1316M,2B,N_AIM,32.9,42.0
V1316M,2B,N_AIM,33.0,45.0
V1316M,2B,N_AIM,33.1,47.0
V1316M,2B,N_AIM,33.2,49.0
V1316M,2B,N_AIM,33.3,47.0
V1316M,2B,N_AIM,33.4,39.0
V1316M,2B,N_AIM,33.5,47.0
V1316M,2B,N_AIM,33.6,52.0
V1316M,2B,N_AIM,33.7,51.0
V1316M,2B,N_AIM,33.8,34.0
V1316M,2B,N_AIM,33.9,47.0
V1316M,2B,N_AIM,34.0,41.0
V1316M,2B,N_AIM,34.1,49.0
V1316M,2B,N_AIM,34.2,59.0
V1316M,2B,N_AIM,34.3,48.0
V1316M,2B,N_AIM,34.4,50.0
V1316M,2B,N_AIM,34.5,54.0
V1316M,2B,N_AIM,34.6,45.0
V1316M,2B,N_AIM,34.7,42.0
V1316M,2B,N_AIM,34.8,47.0
V1316M,2B,N_AIM,34.9,25.0
V1316M,2B,N_AIM,35.0,43.0
V1316M,2B,N_AIM,35.1,37.0
V1316M,2B,N_AIM,35.2,37.0
V1316M,2B,N_AIM,35.3,30.0
V1316M,2B,N_AIM,35.4,31.0
V1316M,2B,N_AIM,35.5,43.0
V1316M,2B,N_AIM,35.6,42.0
V1316M,2B,N_AIM,35.7,36.0
V1316M,2B,N_AIM,35.8,40.0
V1316M,2B,N_AIM,35.9,42.0
V1316M,2B,N_AIM,36.0,41.0
V1316M,2B,N_AIM,36.1,43.0
V1316M,2B,N_AIM,36.2,39.0
V1316M,2B,N_AIM,36.3,40.0
V1316M,2B,N_AIM,36.4,39.0
V1316M,2B,N_AIM,36.5,34.0
V1316M,2B,N_AIM,36.6,33.0
V1316M,2B,N_AIM,36.7,32.0
V1316M,2B,N_AIM,36.8,35.0
V1316M,2B,N_AIM,36.9,35.0
V1316M,2B,N_AIM,37.0,34.0
V1316M,2B,N_AIM,37.1,32.0
V1316M,2B,N_AIM,37.2,38.0
V1316M,2B,N_AIM,37.3,31.0
V1316M,2B,N_AIM,37.4,32.0
V1316M,2B,N_AIM,37.5,33.0
V1316M,2B,N_AIM,37.6,31.0
V1316M,2B,N_AIM,37.7,40.0
V1316M,2B,N_AIM,37.8,36.0
V1316M,2B,N_AIM,37.9,34.0
V1316M,2B,N_AIM,38.0,32.0
V1316M,2B,N_AIM,38.1,26.0
V1316M,2B,N_AIM,38.2,38.0
V1316M,2B,N_AIM,38.3,31.0
V1316M,2B,N_AIM,38.4,32.0
V1316M,2B,N_AIM,38.5,30.0
V1316M,2B,N_AIM,38.6,29.0
V1316M,2B,N_AIM,38.7,35.0
V1316M,2B,N_AIM,38.8,37.0
V1316M,2B,N_AIM,38.9,31.0
V1316M,2B,N_AIM,39.0,34.0
V1316M,2B,N_AIM,39.1,30.0
V1316M,2B,N_AIM,39.2,34.0
V1316M,2B,N_AIM,39.3,31.0
V1316M,2B,N_AIM,39.4,31.0
V1316M,2B,N_AIM,39.5,34.0
V1316M,2B,N_AIM,39.6,30.0
V1316M,2B,N_AIM,39.7,36.0
V1316M,2B,N_AIM,39.8,37.0
V1316M,2B,N_AIM,39.9,36.0
V1316M,2B,N_AIM,40.0,31.0
V1316M,2B,N_AIM,40.1,33.0
V1316M,2B,N_AIM,40.2,28.0
V1316M,2B,N_AIM,40.3,40.0
V1316M,2B,N_AIM,40.4,31.0
V1316M,2B,N_AIM,40.5,28.0
V1316M,2B,N_AIM,40.6,31.0
V1316M,2B,N_AIM,40.7,38.0
V1316M,2B,N_AIM,40.8,21.0
V1316M,2B,N_AIM,40.9,14.0
V1316M,2B,N_AIM,41.0,35.0
V1316M,2B,N_AIM,41.1,39.0
V1316M,2B,N_AIM,41.2,36.0
V1316M,2B,N_AIM,41.3,35.0
V1316M,2B,N_AIM,41.4,25.0
V1316M,2B,N_AIM,41.5,36.0
V1316M,2B,N_AIM,41.6,27.0
V1316M,2B,N_AIM,41.7,24.0
V1316M,2B,N_AIM,41.8,31.0
V1316M,2B,N_AIM,41.9,27.0
V1316M,2B,N_AIM,42.0,39.0
V1316M,2B,N_AIM,42.1,41.0
V1316M,2B,N_AIM,42.2,30.0
V1316M,2B,N_AIM,42.3,34.0
V1316M,2B,N_AIM,42.4,29.0
V1316M,2B,N_AIM,42.5,37.0
V1316M,2B,N_AIM,42.6,35.0
V1316M,2B,N_AIM,42.7,32.0
V1316M,2B,N_AIM,42.8,33.0
V1316M,2B,N_AIM,42.9,36.0
V1316M,2B,N_AIM,43.0,33.0
V1316M,2B,N_AIM,43.1,52.0
V1316M,2B,N_AIM,43.2,46.0
V1316M,2B,N_AIM,43.3,54.0
V1316M,2B,N_AIM,43.4,34.0
V1316M,2B,N_AIM,43.5,27.0
V1316M,2B,N_AIM,43.6,35.0
V1316M,2B,N_AIM,43.7,51.0
V1316M,2B,N_AIM,43.8,56.0
V1316M,2B,N_AIM,43.9,32.0
V1316M,2B,N_AIM,44.0,29.0
V1316M,2B,N_AIM,44.1,35.0
V1316M,2B,N_AIM,44.2,20.0
V1316M,2B,N_AIM,44.3,37.0
V1316M,2B,N_AIM,44.4,35.0
V1316M,2B,N_AIM,44.5,29.0
V1316M,2B,N_AIM,44.6,33.0
V1316M,2B,N_AIM,44.7,27.0
V1316M,2B,N_AIM,44.8,34.0
V1316M,2B,N_AIM,44.9,30.0
V1316M,2B,N_AIM,45.0,13.0
V1316M,2B,N_AIM,45.1,27.0
V1316M,2B,N_AIM,45.2,39.0
V1316M,2B,N_AIM,45.3,40.0
V1316M,2B,N_AIM,45.4,33.0
V1316M,2B,N_AIM,45.5,40.0
V1316M,2B,N_AIM,45.6,46.0
V1316M,2B,N_AIM,45.7,41.0
V1316M,2B,N_AIM,45.8,42.0
V1316M,2B,N_AIM,45.9,29.0
V1316M,2B,N_AIM,46.0,40.0
V1316M,2B,N_AIM,46.1,32.0
V1316M,2B,N_AIM,46.2,34.0
V1316M,2B,N_AIM,46.3,33.0
V1316M,2B,N_AIM,46.4,43.0
V1316M,2B,N_AIM,46.5,43.0
V1316M,2B,N_AIM,46.6,47.0
V1316M,2B,N_AIM,46.7,47.0
V1316M,2B,N_AIM,46.8,48.0
V1316M,2B,N_AIM,46.9,42.0
V1316M,2B,N_AIM,47.0,41.0
V1316M,2B,N_AIM,47.1,31.0
V1316M,2B,N_AIM,47.2,44.0
V1316M,2B,N_AIM,47.3,49.0
V1316M,2B,N_AIM,47.4,52.0
V1316M,2B,N_AIM,47.5,46.0
V1316M,2B,N_AIM,47.6,43.0
V1316M,2B,N_AIM,47.7,45.0
V1316M,2B,N_AIM,47.8,50.0
V1316M,2B,N_AIM,47.9,50.0
V1316M,2B,N_AIM,48.0,49.0
V1316M,2B,N_AIM,48.1,51.0
V1316M,2B,N_AIM,48.2,44.0
V1316M,2B,N_AIM,48.3,53.0
V1316M,2B,N_AIM,48.4,41.0
V1316M,2B,N_AIM,48.5,46.0
V1316M,2B,N_AIM,48.6,43.0
V1316M,2B,N_AIM,48.7,49.0
V1316M,2B,N_AIM,48.8,40.0
V1316M,2B,N_AIM,48.9,50.0
V1316M,2B,N_AIM,49.0,47.0
V1316M,2B,N_AIM,49.1,48.0
V1316M,2B,N_AIM,49.2,54.0
V1316M,2B,N_AIM,49.3,57.0
V1316M,2B,N_AIM,49.4,51.0
V1316M,2B,N_AIM,49.5,55.0
V1316M,2B,N_AIM,49.6,56.0
V1316M,2B,N_AIM,49.7,52.0
V1316M,2B,N_AIM,49.8,51.0
V1316M,2B,N_AIM,49.9,51.0
V1316M,2B,N_AIM,50.0,49.0
V1316M,2B,C_AIM,0.0,60.0
V1316M,2B,C_AIM,0.1,50.0
V1316M,2B,C_AIM,0.2,64.0
V1316M,2B,C_AIM,0.3,57.0
V1316M,2B,C_AIM,0.4,68.0
V1316M,2B,C_AIM,0.5,65.0
V1316M,2B,C_AIM,0.6,57.0
V1316M,2B,C_AIM,0.7,58.0
V1316M,2B,C_AIM,0.8,59.0
V1316M,2B,C_AIM,0.9,63.0
V1316M,2B,C_AIM,1.0,51.0
V1316M,2B,C_AIM,1.1,58.0
V1316M,2B,C_AIM,1.2,59.0
V1316M,2B,C_AIM,1.3,58.0
V1316M,2B,C_AIM,1.4,57.0
V1316M,2B,C_AIM,1.5,42.0
V1316M,2B,C_AIM,1.6,49.0
V1316M,2B,C_AIM,1.7,55.0
V1316M,2B,C_AIM,1.8,49.0
V1316M,2B,C_AIM,1.9,55.0
V1316M,2B,C_AIM,2.0,63.0
V1316M,2B,C_AIM,2.1,55.0
V1316M,2B,C_AIM,2.2,61.0
V1316M,2B,C_AIM,2.3,46.0
V1316M,2B,C_AIM,2.4,54.0
V1316M,2B,C_AIM,2.5,59.0
V1316M,2B,C_AIM,2.6,59.0
V1316M,2B,C_AIM,2.7,59.0
V1316M,2B,C_AIM,2.8,64.0
V1316M,2B,C_AIM,2.9,57.0
V1316M,2B,C_AIM,3.0,64.0
V1316M,2B,C_AIM,3.1,50.0
V1316M,2B,C_AIM,3.2,65.0
V1316M,2B,C_AIM,3.3,63.0
V1316M,2B,C_AIM,3.4,64.0
V1316M,2B,C_AIM,3.5,63.0
V1316M,2B,C_AIM,3.6,54.0
V1316M,2B,C_AIM,3.7,53.0
V1316M,2B,C_AIM,3.8,60.0
V1316M,2B,C_AIM,3.9,50.0
V1316M,2B,C_AIM,4.0,63.0
V1316M,2B,C_AIM,4.1,58.0
V1316M,2B,C_AIM,4.2,51.0
V1316M,2B,C_AIM,4.3,49.0
V1316M,2B,C_AIM,4.4,57.0
V1316M,2B,C_AIM,4.5,52.0
V1316M,2B,C_AIM,4.6,43.0
V1316M,2B,C_AIM,4.7,45.0
V1316M,2B,C_AIM,4.8,43.0
V1316M,2B,C_AIM,4.9,30.0
V1316M,2B,C_AIM,5.0,58.0
V1316M,2B,C_AIM,5.1,36.0
V1316M,2B,C_AIM,5.2,53.0
V1316M,2B,C_AIM,5.3,38.0
V1316M,2B,C_AIM,5.4,47.0
V1316M,2B,C_AIM,5.5,42.0
V1316M,2B,C_AIM,5.6,44.0
V1316M,2B,C_AIM,5.7,47.0
V1316M,2B,C_AIM,5.8,39.0
V1316M,2B,C_AIM,5.9,44.0
V1316M,2B,C_AIM,6.0,47.0
V1316M,2B,C_AIM,6.1,50.0
V1316M,2B,C_AIM,6.2,45.0
V1316M,2B,C_AIM,6.3,43.0
V1316M,2B,C_AIM,6.4,59.0
V1316M,2B,C_AIM,6.5,50.0
V1316M,2B,C_AIM,6.6,52.0
V1316M,2B,C_AIM,6.7,57.0
V1316M,2B,C_AIM,6.8,48.0
V1316M,2B,C_AIM,6.9,55.0
V1316M,2B,C_AIM,7.0,55.0
V1316M,2B,C_AIM,7.1,55.0
V1316M,2B,C_AIM,7.2,49.0
V1316M,2B,C_AIM,7.3,55.0
V1316M,2B,C_AIM,7.400001,49.0
V1316M,2B,C_AIM,7.5,57.0
V1316M,2B,C_AIM,7.6,53.0
V1316M,2B,C_AIM,7.7,57.0
V1316M,2B,C_AIM,7.8,54.0
V1316M,2B,C_AIM,7.900001,60.0
V1316M,2B,C_AIM,8.0,64.0
V1316M,2B,C_AIM,8.1,54.0
V1316M,2B,C_AIM,8.200001,58.0
V1316M,2B,C_AIM,8.3,51.0
V1316M,2B,C_AIM,8.400001,39.0
V1316M,2B,C_AIM,8.5,52.0
V1316M,2B,C_AIM,8.6,59.0
V1316M,2B,C_AIM,8.700001,34.0
V1316M,2B,C_AIM,8.8,48.0
V1316M,2B,C_AIM,8.900001,53.0
V1316M,2B,C_AIM,9.0,45.0
V1316M,2B,C_AIM,9.1,59.0
V1316M,2B,C_AIM,9.200001,51.0
V1316M,2B,C_AIM,9.3,48.0
V1316M,2B,C_AIM,9.400001,39.0
V1316M,2B,C_AIM,9.5,44.0
V1316M,2B,C_AIM,9.6,56.0
V1316M,2B,C_AIM,9.700001,43.0
V1316M,2B,C_AIM,9.8,71.0
V1316M,2B,C_AIM,9.900001,62.0
V1316M,2B,C_AIM,10.0,57.0
V1316M,2B,C_AIM,10.1,47.0
V1316M,2B,C_AIM,10.2,61.0
V1316M,2B,C_AIM,10.3,50.0
V1316M,2B,C_AIM,10.4,51.0
V1316M,2B,C_AIM,10.5,58.0
V1316M,2B,C_AIM,10.6,63.0
V1316M,2B,C_AIM,10.7,47.0
V1316M,2B,C_AIM,10.8,42.0
V1316M,2B,C_AIM,10.9,58.0
V1316M,2B,C_AIM,11.0,50.0
V1316M,2B,C_AIM,11.1,51.0
V1316M,2B,C_AIM,11.2,48.0
V1316M,2B,C_AIM,11.3,61.0
V1316M,2B,C_AIM,11.4,67.0
V1316M,2B,C_AIM,11.5,49.0
V1316M,2B,C_AIM,11.6,46.0
V1316M,2B,C_AIM,11.7,59.0
V1316M,2B,C_AIM,11.8,68.0
V1316M,2B,C_AIM,11.9,73.0
V1316M,2B,C_AIM,12.0,43.0
V1316M,2B,C_AIM,12.1,51.0
V1316M,2B,C_AIM,12.2,57.0
V1316M,2B,C_AIM,12.3,58.0
V1316M,2B,C_AIM,12.4,62.0
V1316M,2B,C_AIM,12.5,77.0
V1316M,2B,C_AIM,12.6,50.0
V1316M,2B,C_AIM,12.7,51.0
V1316M,2B,C_AIM,12.8,38.0
V1316M,2B,C_AIM,12.9,52.0
V1316M,2B,C_AIM,13.0,54.0
V1316M,2B,C_AIM,13.1,63.0
V1316M,2B,C_AIM,13.2,60.0
V1316M,2B,C_AIM,13.3,60.0
V1316M,2B,C_AIM,13.4,61.0
V1316M,2B,C_AIM,13.5,55.0
V1316M,2B,C_AIM,13.6,52.0
V1316M,2B,C_AIM,13.7,47.0
V1316M,2B,C_AIM,13.8,44.0
V1316M,2B,C_AIM,13.9,49.0
V1316M,2B,C_AIM,14.0,50.0
V1316M,2B,C_AIM,14.1,50.0
V1316M,2B,C_AIM,14.2,52.0
V1316M,2B,C_AIM,14.3,50.0
V1316M,2B,C_AIM,14.4,52.0
V1316M,2B,C_AIM,14.5,59.0
V1316M,2B,C_AIM,14.6,57.0
V1316M,2B,C_AIM,14.7,56.0
V1316M,2B,C_AIM,14.8,59.0
V1316M,2B,C_AIM,14.9,57.0
V1316M,2B,C_AIM,15.0,59.0
V1316M,2B,C_AIM,15.1,60.0
V1316M,2B,C_AIM,15.2,56.0
V1316M,2B,C_AIM,15.3,59.0
V1316M,2B,C_AIM,15.4,50.0
V1316M,2B,C_AIM,15.5,50.0
V1316M,2B,C_AIM,15.6,49.0
V1316M,2B,C_AIM,15.7,53.0
V1316M,2B,C_AIM,15.8,54.0
V1316M,2B,C_AIM,15.9,53.0
V1316M,2B,C_AIM,16.0,51.0
V1316M,2B,C_AIM,16.1,64.0
V1316M,2B,C_AIM,16.2,50.0
V1316M,2B,C_AIM,16.3,56.0
V1316M,2B,C_AIM,16.4,57.0
V1316M,2B,C_AIM,16.5,55.0
V1316M,2B,C_AIM,16.6,57.0
V1316M,2B,C_AIM,16.7,53.0
V1316M,2B,C_AIM,16.8,50.0
V1316M,2B,C_AIM,16.9,48.0
V1316M,2B,C_AIM,17.0,53.0
V1316M,2B,C_AIM,17.1,49.0
V1316M,2B,C_AIM,17.2,57.0
V1316M,2B,C_AIM,17.3,60.0
V1316M,2B,C_AIM,17.4,59.0
V1316M,2B,C_AIM,17.5,57.0
V1316M,2B,C_AIM,17.6,46.0
V1316M,2B,C_AIM,17.7,46.0
V1316M,2B,C_AIM,17.8,57.0
V1316M,2B,C_AIM,17.9,45.0
V1316M,2B,C_AIM,18.0,61.0
V1316M,2B,C_AIM,18.1,54.0
V1316M,2B,C_AIM,18.2,53.0
V1316M,2B,C_AIM,18.3,55.0
V1316M,2B,C_AIM,18.4,58.0
V1316M,2B,C_AIM,18.5,49.0
V1316M,2B,C_AIM,18.6,54.0
V1316M,2B,C_AIM,18.7,59.0
V1316M,2B,C_AIM,18.8,55.0
V1316M,2B,C_AIM,18.9,52.0
V1316M,2B,C_AIM,19.0,47.0
V1316M,2B,C_AIM,19.1,47.0
V1316M,2B,C_AIM,19.2,55.0
V1316M,2B,C_AIM,19.3,48.0
V1316M,2B,C_AIM,19.4,54.0
V1316M,2B,C_AIM,19.5,47.0
V1316M,2B,C_AIM,19.6,56.0
V1316M,2B,C_AIM,19.7,37.0
V1316M,2B,C_AIM,19.8,52.0
V1316M,2B,C_AIM,19.9,62.0
V1316M,2B,C_AIM,20.0,63.0
V1316M,2B,C_AIM,20.1,54.0
V1316M,2B,C_AIM,20.2,54.0
V1316M,2B,C_AIM,20.3,62.0
V1316M,2B,C_AIM,20.4,51.0
V1316M,2B,C_AIM,20.5,58.0
V1316M,2B,C_AIM,20.6,51.0
V1316M,2B,C_AIM,20.7,53.0
V1316M,2B,C_AIM,20.8,56.0
V1316M,2B,C_AIM,20.9,66.0
V1316M,2B,C_AIM,21.0,59.0
V1316M,2B,C_AIM,21.1,58.0
V1316M,2B,C_AIM,21.2,48.0
V1316M,2B,C_AIM,21.3,53.0
V1316M,2B,C_AIM,21.4,49.0
V1316M,2B,C_AIM,21.5,57.0
V1316M,2B,C_AIM,21.6,58.0
V1316M,2B,C_AIM,21.7,60.0
V1316M,2B,C_AIM,21.8,54.0
V1316M,2B,C_AIM,21.9,56.0
V1316M,2B,C_AIM,22.0,56.0
V1316M,2B,C_AIM,22.1,60.0
V1316M,2B,C_AIM,22.2,52.0
V1316M,2B,C_AIM,22.3,60.0
V1316M,2B,C_AIM,22.4,57.0
V1316M,2B,C_AIM,22.5,53.0
V1316M,2B,C_AIM,22.6,53.0
V1316M,2B,C_AIM,22.7,48.0
V1316M,2B,C_AIM,22.8,48.0
V1316M,2B,C_AIM,22.9,54.0
V1316M,2B,C_AIM,23.0,55.0
V1316M,2B,C_AIM,23.1,55.0
V1316M,2B,C_AIM,23.2,51.0
V1316M,2B,C_AIM,23.3,52.0
V1316M,2B,C_AIM,23.4,49.0
V1316M,2B,C_AIM,23.5,43.0
V1316M,2B,C_AIM,23.6,42.0
V1316M,2B,C_AIM,23.7,48.0
V1316M,2B,C_AIM,23.8,46.0
V1316M,2B,C_AIM,23.9,55.0
V1316M,2B,C_AIM,24.0,56.0
V1316M,2B,C_AIM,24.1,58.0
V1316M,2B,C_AIM,24.2,61.0
V1316M,2B,C_AIM,24.3,57.0
V1316M,2B,C_AIM,24.4,59.0
V1316M,2B,C_AIM,24.5,51.0
V1316M,2B,C_AIM,24.6,55.0
V1316M,2B,C_AIM,24.7,54.0
V1316M,2B,C_AIM,24.8,45.0
V1316M,2B,C_AIM,24.9,52.0
V1316M,2B,C_AIM,25.0,63.0
V1316M,2B,C_AIM,25.1,56.0
V1316M,2B,C_AIM,25.2,49.0
V1316M,2B,C_AIM,25.3,63.0
V1316M,2B,C_AIM,25.4,60.0
V1316M,2B,C_AIM,25.5,58.0
V1316M,2B,C_AIM,25.6,58.0
V1316M,2B,C_AIM,25.7,60.0
V1316M,2B,C_AIM,25.8,54.0
V1316M,2B,C_AIM,25.9,60.0
V1316M,2B,C_AIM,26.0,57.0
V1316M,2B,C_AIM,26.1,48.0
V1316M,2B,C_AIM,26.2,62.0
V1316M,2B,C_AIM,26.3,50.0
V1316M,2B,C_AIM,26.4,59.0
V1316M,2B,C_AIM,26.5,62.0
V1316M,2B,C_AIM,26.6,53.0
V1316M,2B,C_AIM,26.7,67.0
V1316M,2B,C_AIM,26.8,62.0
V1316M,2B,C_AIM,26.9,67.0
V1316M,2B,C_AIM,27.0,62.0
V1316M,2B,C_AIM,27.1,57.0
V1316M,2B,C_AIM,27.2,51.0
V1316M,2B,C_AIM,27.3,52.0
V1316M,2B,C_AIM,27.4,59.0
V1316M,2B,C_AIM,27.5,55.0
V1316M,2B,C_AIM,27.6,59.0
V1316M,2B,C_AIM,27.7,55.0
V1316M,2B,C_AIM,27.8,59.0
V1316M,2B,C_AIM,27.9,55.0
V1316M,2B,C_AIM,28.0,57.0
V1316M,2B,C_AIM,28.1,61.0
V1316M,2B,C_AIM,28.2,64.0
V1316M,2B,C_AIM,28.3,57.0
V1316M,2B,C_AIM,28.4,66.0
V1316M,2B,C_AIM,28.5,54.0
V1316M,2B,C_AIM,28.6,65.0
V1316M,2B,C_AIM,28.7,59.0
V1316M,2B,C_AIM,28.8,53.0
V1316M,2B,C_AIM,28.9,56.0
V1316M,2B,C_AIM,29.0,55.0
V1316M,2B,C_AIM,29.1,44.0
V1316M,2B,C_AIM,29.2,53.0
V1316M,2B,C_AIM,29.3,56.0
V1316M,2B,C_AIM,29.4,47.0
V1316M,2B,C_AIM,29.5,57.0
V1316M,2B,C_AIM,29.6,60.0
V1316M,2B,C_AIM,29.7,55.0
V1316M,2B,C_AIM,29.8,62.0
V1316M,2B,C_AIM,29.9,61.0
V1316M,2B,C_AIM,30.0,57.0
V1316M,2B,C_AIM,30.1,59.0
V1316M,2B,C_AIM,30.2,47.0
V1316M,2B,C_AIM,30.3,59.0
V1316M,2B,C_AIM,30.4,57.0
V1316M,2B,C_AIM,30.5,61.0
V1316M,2B,C_AIM,30.6,61.0
V1316M,2B,C_AIM,30.7,60.0
V1316M,2B,C_AIM,30.8,57.0
V1316M,2B,C_AIM,30.9,51.0
V1316M,2B,C_AIM,31.0,55.0
V1316M,2B,C_AIM,31.1,55.0
V1316M,2B,C_AIM,31.2,57.0
V1316M,2B,C_AIM,31.3,60.0
V1316M,2B,C_AIM,31.4,60.0
V1316M,2B,C_AIM,31.5,58.0
V1316M,2B,C_AIM,31.6,56.0
V1316M,2B,C_AIM,31.7,50.0
V1316M,2B,C_AIM,31.8,61.0
V1316M,2B,C_AIM,31.9,59.0
V1316M,2B,C_AIM,32.0,49.0
V1316M,2B,C_AIM,32.1,63.0
V1316M,2B,C_AIM,32.2,51.0
V1316M,2B,C_AIM,32.3,57.0
V1316M,2B,C_AIM,32.4,66.0
V1316M,2B,C_AIM,32.5,45.0
V1316M,2B,C_AIM,32.6,60.0
V1316M,2B,C_AIM,32.7,59.0
V1316M,2B,C_AIM,32.8,59.0
V1316M,2B,C_AIM,32.9,65.0
V1316M,2B,C_AIM,33.0,54.0
V1316M,2B,C_AIM,33.1,57.0
V1316M,2B,C_AIM,33.2,59.0
V1316M,2B,C_AIM,33.3,60.0
V1316M,2B,C_AIM,33.4,60.0
V1316M,2B,C_AIM,33.5,52.0
V1316M,2B,C_AIM,33.6,49.0
V1316M,2B,C_AIM,33.7,59.0
V1316M,2B,C_AIM,33.8,61.0
V1316M,2B,C_AIM,33.9,58.0
V1316M,2B,C_AIM,34.0,63.0
V1316M,2B,C_AIM,34.1,58.0
V1316M,2B,C_AIM,34.2,55.0
V1316M,2B,C_AIM,34.3,58.0
V1316M,2B,C_AIM,34.4,54.0
V1316M,2B,C_AIM,34.5,54.0
V1316M,2B,C_AIM,34.6,53.0
V1316M,2B,C_AIM,34.7,51.0
V1316M,2B,C_AIM,34.8,57.0
V1316M,2B,C_AIM,34.9,53.0
V1316M,2B,C_AIM,35.0,63.0
V1316M,2B,C_AIM,35.1,57.0
V1316M,2B,C_AIM,35.2,57.0
V1316M,2B,C_AIM,35.3,60.0
V1316M,2B,C_AIM,35.4,60.0
V1316M,2B,C_AIM,35.5,55.0
V1316M,2B,C_AIM,35.6,57.0
V1316M,2B,C_AIM,35.7,52.0
V1316M,2B,C_AIM,35.8,61.0
V1316M,2B,C_AIM,35.9,46.0
V1316M,2B,C_AIM,36.0,61.0
V1316M,2B,C_AIM,36.1,60.0
V1316M,2B,C_AIM,36.2,44.0
V1316M,2B,C_AIM,36.3,62.0
V1316M,2B,C_AIM,36.4,61.0
V1316M,2B,C_AIM,36.5,58.0
V1316M,2B,C_AIM,36.6,58.0
V1316M,2B,C_AIM,36.7,57.0
V1316M,2B,C_AIM,36.8,52.0
V1316M,2B,C_AIM,36.9,55.0
V1316M,2B,C_AIM,37.0,50.0
V1316M,2B,C_AIM,37.1,58.0
V1316M,2B,C_AIM,37.2,60.0
V1316M,2B,C_AIM,37.3,56.0
V1316M,2B,C_AIM,37.4,55.0
V1316M,2B,C_AIM,37.5,53.0
V1316M,2B,C_AIM,37.6,59.0
V1316M,2B,C_AIM,37.7,60.0
V1316M,2B,C_AIM,37.8,57.0
V1316M,2B,C_AIM,37.9,63.0
V1316M,2B,C_AIM,38.0,65.0
V1316M,2B,C_AIM,38.1,69.0
V1316M,2B,C_AIM,38.2,69.0
V1316M,2B,C_AIM,38.3,64.0
V1316M,2B,C_AIM,38.4,61.0
V1316M,2B,C_AIM,38.5,57.0
V1316M,2B,C_AIM,38.6,62.0
V1316M,2B,C_AIM,38.7,55.0
V1316M,2B,C_AIM,38.8,49.0
V1316M,2B,C_AIM,38.9,57.0
V1316M,2B,C_AIM,39.0,61.0
V1316M,2B,C_AIM,39.1,55.0
V1316M,2B,C_AIM,39.2,59.0
V1316M,2B,C_AIM,39.3,51.0
V1316M,2B,C_AIM,39.4,60.0
V1316M,2B,C_AIM,39.5,60.0
V1316M,2B,C_AIM,39.6,60.0
V1316M,2B,C_AIM,39.7,67.0
V1316M,2B,C_AIM,39.8,59.0
V1316M,2B,C_AIM,39.9,60.0
V1316M,2B,C_AIM,40.0,62.0
V1316M,2B,C_AIM,40.1,61.0
V1316M,2B,C_AIM,40.2,57.0
V1316M,2B,C_AIM,40.3,55.0
V1316M,2B,C_AIM,40.4,45.0
V1316M,2B,C_AIM,40.5,51.0
V1316M,2B,C_AIM,40.6,60.0
V1316M,2B,C_AIM,40.7,56.0
V1316M,2B,C_AIM,40.8,54.0
V1316M,2B,C_AIM,40.9,57.0
V1316M,2B,C_AIM,41.0,47.0
V1316M,2B,C_AIM,41.1,64.0
V1316M,2B,C_AIM,41.2,57.0
V1316M,2B,C_AIM,41.3,55.0
V1316M,2B,C_AIM,41.4,53.0
V1316M,2B,C_AIM,41.5,49.0
V1316M,2B,C_AIM,41.6,52.0
V1316M,2B,C_AIM,41.7,52.0
V1316M,2B,C_AIM,41.8,55.0
V1316M,2B,C_AIM,41.9,53.0
V1316M,2B,C_AIM,42.0,59.0
V1316M,2B,C_AIM,42.1,51.0
V1316M,2B,C_AIM,42.2,48.0
V1316M,2B,C_AIM,42.3,45.0
V1316M,2B,C_AIM,42.4,57.0
V1316M,2B,C_AIM,42.5,61.0
V1316M,2B,C_AIM,42.6,51.0
V1316M,2B,C_AIM,42.7,60.0
V1316M,2B,C_AIM,42.8,55.0
V1316M,2B,C_AIM,42.9,51.0
V1316M,2B,C_AIM,43.0,61.0
V1316M,2B,C_AIM,43.1,55.0
V1316M,2B,C_AIM,43.2,54.0
V1316M,2B,C_AIM,43.3,57.0
V1316M,2B,C_AIM,43.4,62.0
V1316M,2B,C_AIM,43.5,55.0
V1316M,2B,C_AIM,43.6,52.0
V1316M,2B,C_AIM,43.7,55.0
V1316M,2B,C_AIM,43.8,59.0
V1316M,2B,C_AIM,43.9,59.0
V1316M,2B,C_AIM,44.0,55.0
V1316M,2B,C_AIM,44.1,58.0
V1316M,2B,C_AIM,44.2,52.0
V1316M,2B,C_AIM,44.3,53.0
V1316M,2B,C_AIM,44.4,48.0
V1316M,2B,C_AIM,44.5,49.0
V1316M,2B,C_AIM,44.6,56.0
V1316M,2B,C_AIM,44.7,54.0
V1316M,2B,C_AIM,44.8,57.0
V1316M,2B,C_AIM,44.9,55.0
V1316M,2B,C_AIM,45.0,53.0
V1316M,2B,C_AIM,45.1,60.0
V1316M,2B,C_AIM,45.2,55.0
V1316M,2B,C_AIM,45.3,56.0
V1316M,2B,C_AIM,45.4,56.0
V1316M,2B,C_AIM,45.5,60.0
V1316M,2B,C_AIM,45.6,53.0
V1316M,2B,C_AIM,45.7,44.0
V1316M,2B,C_AIM,45.8,49.0
V1316M,2B,C_AIM,45.9,60.0
V1316M,2B,C_AIM,46.0,57.0
V1316M,2B,C_AIM,46.1,56.0
V1316M,2B,C_AIM,46.2,50.0
V1316M,2B,C_AIM,46.3,61.0
V1316M,2B,C_AIM,46.4,60.0
V1316M,2B,C_AIM,46.5,42.0
V1316M,2B,C_AIM,46.6,55.0
V1316M,2B,C_AIM,46.7,58.0
V1316M,2B,C_AIM,46.8,61.0
V1316M,2B,C_AIM,46.9,56.0
V1316M,2B,C_AIM,47.0,56.0
V1316M,2B,C_AIM,47.1,56.0
V1316M,2B,C_AIM,47.2,51.0
V1316M,2B,C_AIM,47.3,53.0
V1316M,2B,C_AIM,47.4,58.0
V1316M,2B,C_AIM,47.5,54.0
V1316M,2B,C_AIM,47.6,57.0
V1316M,2B,C_AIM,47.7,50.0
V1316M,2B,C_AIM,47.8,63.0
V1316M,2B,C_AIM,47.9,51.0
V1316M,2B,C_AIM,48.0,58.0
V1316M,2B,C_AIM,48.1,59.0
V1316M,2B,C_AIM,48.2,57.0
V1316M,2B,C_AIM,48.3,57.0
V1316M,2B,C_AIM,48.4,57.0
V1316M,2B,C_AIM,48.5,57.0
V1316M,2B,C_AIM,48.6,49.0
V1316M,2B,C_AIM,48.7,57.0
V1316M,2B,C_AIM,48.8,53.0
V1316M,2B,C_AIM,48.9,49.0
V1316M,2B,C_AIM,49.0,43.0
V1316M,2B,C_AIM,49.1,40.0
V1316M,2B,C_AIM,49.2,47.0
V1316M,2B,C_AIM,49.3,44.0
V1316M,2B,C_AIM,49.4,44.0
V1316M,2B,C_AIM,49.5,41.0
V1316M,2B,C_AIM,49.6,51.0
V1316M,2B,C_AIM,49.7,41.0
V1316M,2B,C_AIM,49.8,50.0
V1316M,2B,C_AIM,49.9,62.0
V1316M,2B,C_AIM,50.0,60.0
R1341W,?,AIM_all,0.0,149.0
R1341W,?,AIM_all,0.1,113.0
R1341W,?,AIM_all,0.2,124.0
R1341W,?,AIM_all,0.3,129.0
R1341W,?,AIM_all,0.4,118.0
R1341W,?,AIM_all,0.5,95.0
R1341W,?,AIM_all,0.6,96.0
R1341W,?,AIM_all,0.7,132.0
R1341W,?,AIM_all,0.8,112.0
R1341W,?,AIM_all,0.9,108.0
R1341W,?,AIM_all,1.0,112.0
R1341W,?,AIM_all,1.1,121.0
R1341W,?,AIM_all,1.2,114.0
R1341W,?,AIM_all,1.3,113.0
R1341W,?,AIM_all,1.4,125.0
R1341W,?,AIM_all,1.5,137.0
R1341W,?,AIM_all,1.6,124.0
R1341W,?,AIM_all,1.7,111.0
R1341W,?,AIM_all,1.8,113.0
R1341W,?,AIM_all,1.9,124.0
R1341W,?,AIM_all,2.0,122.0
R1341W,?,AIM_all,2.1,134.0
R1341W,?,AIM_all,2.2,135.0
R1341W,?,AIM_all,2.3,129.0
R1341W,?,AIM_all,2.4,130.0
R1341W,?,AIM_all,2.5,122.0
R1341W,?,AIM_all,2.6,120.0
R1341W,?,AIM_all,2.7,130.0
R1341W,?,AIM_all,2.8,123.0
R1341W,?,AIM_all,2.9,134.0
R1341W,?,AIM_all,3.0,125.0
R1341W,?,AIM_all,3.1,128.0
R1341W,?,AIM_all,3.2,116.0
R1341W,?,AIM_all,3.3,115.0
R1341W,?,AIM_all,3.4,112.0
R1341W,?,AIM_all,3.5,118.0
R1341W,?,AIM_all,3.6,121.0
R1341W,?,AIM_all,3.7,109.0
R1341W,?,AIM_all,3.8,149.0
R1341W,?,AIM_all,3.9,132.0
R1341W,?,AIM_all,4.0,107.0
R1341W,?,AIM_all,4.1,109.0
R1341W,?,AIM_all,4.2,91.0
R1341W,?,AIM_all,4.3,96.0
R1341W,?,AIM_all,4.4,113.0
R1341W,?,AIM_all,4.5,79.0
R1341W,?,AIM_all,4.6,95.0
R1341W,?,AIM_all,4.7,103.0
R1341W,?,AIM_all,4.8,103.0
R1341W,?,AIM_all,4.9,110.0
R1341W,?,AIM_all,5.0,109.0
R1341W,?,AIM_all,5.1,105.0
R1341W,?,AIM_all,5.2,99.0
R1341W,?,AIM_all,5.3,98.0
R1341W,?,AIM_all,5.4,90.0
R1341W,?,AIM_all,5.5,90.0
R1341W,?,AIM_all,5.6,77.0
R1341W,?,AIM_all,5.7,101.0
R1341W,?,AIM_all,5.8,95.0
R1341W,?,AIM_all,5.9,88.0
R1341W,?,AIM_all,6.0,102.0
R1341W,?,AIM_all,6.1,91.0
R1341W,?,AIM_all,6.2,92.0
R1341W,?,AIM_all,6.3,83.0
R1341W,?,AIM_all,6.4,94.0
R1341W,?,AIM_all,6.5,91.0
R1341W,?,AIM_all,6.6,101.0
R1341W,?,AIM_all,6.7,86.0
R1341W,?,AIM_all,6.8,89.0
R1341W,?,AIM_all,6.9,88.0
R1341W,?,AIM_all,7.0,90.0
R1341W,?,AIM_all,7.1,92.0
R1341W,?,AIM_all,7.2,101.0
R1341W,?,AIM_all,7.3,100.0
R1341W,?,AIM_all,7.400001,95.0
R1341W,?,AIM_all,7.5,96.0
R1341W,?,AIM_all,7.6,80.0
R1341W,?,AIM_all,7.7,89.0
R1341W,?,AIM_all,7.8,101.0
R1341W,?,AIM_all,7.900001,102.0
R1341W,?,AIM_all,8.0,102.0
R1341W,?,AIM_all,8.1,100.0
R1341W,?,AIM_all,8.200001,99.0
R1341W,?,AIM_all,8.3,108.0
R1341W,?,AIM_all,8.400001,94.0
R1341W,?,AIM_all,8.5,90.0
R1341W,?,AIM_all,8.6,115.0
R1341W,?,AIM_all,8.700001,106.0
R1341W,?,AIM_all,8.8,102.0
R1341W,?,AIM_all,8.900001,97.0
R1341W,?,AIM_all,9.0,106.0
R1341W,?,AIM_all,9.1,99.0
R1341W,?,AIM_all,9.200001,94.0
R1341W,?,AIM_all,9.3,102.0
R1341W,?,AIM_all,9.400001,69.0
R1341W,?,AIM_all,9.5,82.0
R1341W,?,AIM_all,9.6,85.0
R1341W,?,AIM_all,9.700001,109.0
R1341W,?,AIM_all,9.8,98.0
R1341W,?,AIM_all,9.900001,103.0
R1341W,?,AIM_all,10.0,105.0
R1341W,?,AIM_all,10.1,107.0
R1341W,?,AIM_all,10.2,105.0
R1341W,?,AIM_all,10.3,82.0
R1341W,?,AIM_all,10.4,92.0
R1341W,?,AIM_all,10.5,109.0
R1341W,?,AIM_all,10.6,101.0
R1341W,?,AIM_all,10.7,88.0
R1341W,?,AIM_all,10.8,132.0
R1341W,?,AIM_all,10.9,124.0
R1341W,?,AIM_all,11.0,128.0
R1341W,?,AIM_all,11.1,125.0
R1341W,?,AIM_all,11.2,132.0
R1341W,?,AIM_all,11.3,124.0
R1341W,?,AIM_all,11.4,133.0
R1341W,?,AIM_all,11.5,126.0
R1341W,?,AIM_all,11.6,107.0
R1341W,?,AIM_all,11.7,122.0
R1341W,?,AIM_all,11.8,122.0
R1341W,?,AIM_all,11.9,114.0
R1341W,?,AIM_all,12.0,97.0
R1341W,?,AIM_all,12.1,118.0
R1341W,?,AIM_all,12.2,129.0
R1341W,?,AIM_all,12.3,123.0
R1341W,?,AIM_all,12.4,130.0
R1341W,?,AIM_all,12.5,127.0
R1341W,?,AIM_all,12.6,134.0
R1341W,?,AIM_all,12.7,110.0
R1341W,?,AIM_all,12.8,104.0
R1341W,?,AIM_all,12.9,108.0
R1341W,?,AIM_all,13.0,93.0
R1341W,?,AIM_all,13.1,98.0
R1341W,?,AIM_all,13.2,79.0
R1341W,?,AIM_all,13.3,98.0
R1341W,?,AIM_all,13.4,117.0
R1341W,?,AIM_all,13.5,111.0
R1341W,?,AIM_all,13.6,115.0
R1341W,?,AIM_all,13.7,98.0
R1341W,?,AIM_all,13.8,113.0
R1341W,?,AIM_all,13.9,91.0
R1341W,?,AIM_all,14.0,98.0
R1341W,?,AIM_all,14.1,110.0
R1341W,?,AIM_all,14.2,90.0
R1341W,?,AIM_all,14.3,101.0
R1341W,?,AIM_all,14.4,116.0
R1341W,?,AIM_all,14.5,118.0
R1341W,?,AIM_all,14.6,110.0
R1341W,?,AIM_all,14.7,98.0
R1341W,?,AIM_all,14.8,115.0
R1341W,?,AIM_all,14.9,108.0
R1341W,?,AIM_all,15.0,91.0
R1341W,?,AIM_all,15.1,109.0
R1341W,?,AIM_all,15.2,106.0
R1341W,?,AIM_all,15.3,125.0
R1341W,?,AIM_all,15.4,130.0
R1341W,?,AIM_all,15.5,120.0
R1341W,?,AIM_all,15.6,131.0
R1341W,?,AIM_all,15.7,120.0
R1341W,?,AIM_all,15.8,121.0
R1341W,?,AIM_all,15.9,110.0
R1341W,?,AIM_all,16.0,121.0
R1341W,?,AIM_all,16.1,133.0
R1341W,?,AIM_all,16.2,128.0
R1341W,?,AIM_all,16.3,126.0
R1341W,?,AIM_all,16.4,143.0
R1341W,?,AIM_all,16.5,127.0
R1341W,?,AIM_all,16.6,130.0
R1341W,?,AIM_all,16.7,122.0
R1341W,?,AIM_all,16.8,110.0
R1341W,?,AIM_all,16.9,120.0
R1341W,?,AIM_all,17.0,120.0
R1341W,?,AIM_all,17.1,137.0
R1341W,?,AIM_all,17.2,116.0
R1341W,?,AIM_all,17.3,132.0
R1341W,?,AIM_all,17.4,115.0
R1341W,?,AIM_all,17.5,126.0
R1341W,?,AIM_all,17.6,123.0
R1341W,?,AIM_all,17.7,105.0
R1341W,?,AIM_all,17.8,116.0
R1341W,?,AIM_all,17.9,106.0
R1341W,?,AIM_all,18.0,104.0
R1341W,?,AIM_all,18.1,104.0
R1341W,?,AIM_all,18.2,105.0
R1341W,?,AIM_all,18.3,94.0
R1341W,?,AIM_all,18.4,99.0
R1341W,?,AIM_all,18.5,111.0
R1341W,?,AIM_all,18.6,101.0
R1341W,?,AIM_all,18.7,115.0
R1341W,?,AIM_all,18.8,104.0
R1341W,?,AIM_all,18.9,92.0
R1341W,?,AIM_all,19.0,98.0
R1341W,?,AIM_all,19.1,90.0
R1341W,?,AIM_all,19.2,102.0
R1341W,?,AIM_all,19.3,123.0
R1341W,?,AIM_all,19.4,102.0
R1341W,?,AIM_all,19.5,112.0
R1341W,?,AIM_all,19.6,92.0
R1341W,?,AIM_all,19.7,100.0
R1341W,?,AIM_all,19.8,88.0
R1341W,?,AIM_all,19.9,93.0
R1341W,?,AIM_all,20.0,93.0
R1341W,?,AIM_all,20.1,92.0
R1341W,?,AIM_all,20.2,99.0
R1341W,?,AIM_all,20.3,72.0
R1341W,?,AIM_all,20.4,84.0
R1341W,?,AIM_all,20.5,80.0
R1341W,?,AIM_all,20.6,84.0
R1341W,?,AIM_all,20.7,90.0
R1341W,?,AIM_all,20.8,100.0
R1341W,?,AIM_all,20.9,70.0
R1341W,?,AIM_all,21.0,77.0
R1341W,?,AIM_all,21.1,74.0
R1341W,?,AIM_all,21.2,89.0
R1341W,?,AIM_all,21.3,112.0
R1341W,?,AIM_all,21.4,96.0
R1341W,?,AIM_all,21.5,94.0
R1341W,?,AIM_all,21.6,120.0
R1341W,?,AIM_all,21.7,89.0
R1341W,?,AIM_all,21.8,106.0
R1341W,?,AIM_all,21.9,99.0
R1341W,?,AIM_all,22.0,96.0
R1341W,?,AIM_all,22.1,92.0
R1341W,?,AIM_all,22.2,98.0
R1341W,?,AIM_all,22.3,94.0
R1341W,?,AIM_all,22.4,120.0
R1341W,?,AIM_all,22.5,115.0
R1341W,?,AIM_all,22.6,115.0
R1341W,?,AIM_all,22.7,91.0
R1341W,?,AIM_all,22.8,99.0
R1341W,?,AIM_all,22.9,91.0
R1341W,?,AIM_all,23.0,92.0
R1341W,?,AIM_all,23.1,108.0
R1341W,?,AIM_all,23.2,117.0
R1341W,?,AIM_all,23.3,95.0
R1341W,?,AIM_all,23.4,102.0
R1341W,?,AIM_all,23.5,100.0
R1341W,?,AIM_all,23.6,97.0
R1341W,?,AIM_all,23.7,99.0
R1341W,?,AIM_all,23.8,109.0
R1341W,?,AIM_all,23.9,113.0
R1341W,?,AIM_all,24.0,96.0
R1341W,?,AIM_all,24.1,113.0
R1341W,?,AIM_all,24.2,107.0
R1341W,?,AIM_all,24.3,112.0
R1341W,?,AIM_all,24.4,139.0
R1341W,?,AIM_all,24.5,118.0
R1341W,?,AIM_all,24.6,104.0
R1341W,?,AIM_all,24.7,112.0
R1341W,?,AIM_all,24.8,128.0
R1341W,?,AIM_all,24.9,124.0
R1341W,?,AIM_all,25.0,120.0
R1341W,?,AIM_all,25.1,123.0
R1341W,?,AIM_all,25.2,112.0
R1341W,?,AIM_all,25.3,119.0
R1341W,?,AIM_all,25.4,121.0
R1341W,?,AIM_all,25.5,106.0
R1341W,?,AIM_all,25.6,108.0
R1341W,?,AIM_all,25.7,121.0
R1341W,?,AIM_all,25.8,111.0
R1341W,?,AIM_all,25.9,108.0
R1341W,?,AIM_all,26.0,95.0
R1341W,?,AIM_all,26.1,95.0
R1341W,?,AIM_all,26.2,100.0
R1341W,?,AIM_all,26.3,76.0
R1341W,?,AIM_all,26.4,100.0
R1341W,?,AIM_all,26.5,98.0
R1341W,?,AIM_all,26.6,113.0
R1341W,?,AIM_all,26.7,86.0
R1341W,?,AIM_all,26.8,104.0
R1341W,?,AIM_all,26.9,112.0
R1341W,?,AIM_all,27.0,101.0
R1341W,?,AIM_all,27.1,108.0
R1341W,?,AIM_all,27.2,107.0
R1341W,?,AIM_all,27.3,101.0
R1341W,?,AIM_all,27.4,116.0
R1341W,?,AIM_all,27.5,102.0
R1341W,?,AIM_all,27.6,104.0
R1341W,?,AIM_all,27.7,109.0
R1341W,?,AIM_all,27.8,121.0
R1341W,?,AIM_all,27.9,110.0
R1341W,?,AIM_all,28.0,101.0
R1341W,?,AIM_all,28.1,98.0
R1341W,?,AIM_all,28.2,98.0
R1341W,?,AIM_all,28.3,107.0
R1341W,?,AIM_all,28.4,108.0
R1341W,?,AIM_all,28.5,115.0
R1341W,?,AIM_all,28.6,91.0
R1341W,?,AIM_all,28.7,110.0
R1341W,?,AIM_all,28.8,98.0
R1341W,?,AIM_all,28.9,93.0
R1341W,?,AIM_all,29.0,113.0
R1341W,?,AIM_all,29.1,100.0
R1341W,?,AIM_all,29.2,98.0
R1341W,?,AIM_all,29.3,103.0
R1341W,?,AIM_all,29.4,86.0
R1341W,?,AIM_all,29.5,99.0
R1341W,?,AIM_all,29.6,107.0
R1341W,?,AIM_all,29.7,112.0
R1341W,?,AIM_all,29.8,80.0
R1341W,?,AIM_all,29.9,90.0
R1341W,?,AIM_all,30.0,96.0
R1341W,?,AIM_all,30.1,92.0
R1341W,?,AIM_all,30.2,100.0
R1341W,?,AIM_all,30.3,97.0
R1341W,?,AIM_all,30.4,103.0
R1341W,?,AIM_all,30.5,103.0
R1341W,?,AIM_all,30.6,101.0
R1341W,?,AIM_all,30.7,116.0
R1341W,?,AIM_all,30.8,106.0
R1341W,?,AIM_all,30.9,98.0
R1341W,?,AIM_all,31.0,96.0
R1341W,?,AIM_all,31.1,84.0
R1341W,?,AIM_all,31.2,95.0
R1341W,?,AIM_all,31.3,89.0
R1341W,?,AIM_all,31.4,119.0
R1341W,?,AIM_all,31.5,94.0
R1341W,?,AIM_all,31.6,108.0
R1341W,?,AIM_all,31.7,94.0
R1341W,?,AIM_all,31.8,106.0
R1341W,?,AIM_all,31.9,105.0
R1341W,?,AIM_all,32.0,143.0
R1341W,?,AIM_all,32.1,119.0
R1341W,?,AIM_all,32.2,109.0
R1341W,?,AIM_all,32.3,106.0
R1341W,?,AIM_all,32.4,113.0
R1341W,?,AIM_all,32.5,112.0
R1341W,?,AIM_all,32.6,127.0
R1341W,?,AIM_all,32.7,118.0
R1341W,?,AIM_all,32.8,105.0
R1341W,?,AIM_all,32.9,116.0
R1341W,?,AIM_all,33.0,106.0
R1341W,?,AIM_all,33.1,118.0
R1341W,?,AIM_all,33.2,108.0
R1341W,?,AIM_all,33.3,98.0
R1341W,?,AIM_all,33.4,106.0
R1341W,?,AIM_all,33.5,113.0
R1341W,?,AIM_all,33.6,93.0
R1341W,?,AIM_all,33.7,113.0
R1341W,?,AIM_all,33.8,115.0
R1341W,?,AIM_all,33.9,116.0
R1341W,?,AIM_all,34.0,96.0
R1341W,?,AIM_all,34.1,86.0
R1341W,?,AIM_all,34.2,72.0
R1341W,?,AIM_all,34.3,80.0
R1341W,?,AIM_all,34.4,85.0
R1341W,?,AIM_all,34.5,95.0
R1341W,?,AIM_all,34.6,90.0
R1341W,?,AIM_all,34.7,86.0
R1341W,?,AIM_all,34.8,81.0
R1341W,?,AIM_all,34.9,74.0
R1341W,?,AIM_all,35.0,62.0
R1341W,?,AIM_all,35.1,91.0
R1341W,?,AIM_all,35.2,95.0
R1341W,?,AIM_all,35.3,88.0
R1341W,?,AIM_all,35.4,85.0
R1341W,?,AIM_all,35.5,85.0
R1341W,?,AIM_all,35.6,93.0
R1341W,?,AIM_all,35.7,94.0
R1341W,?,AIM_all,35.8,97.0
R1341W,?,AIM_all,35.9,94.0
R1341W,?,AIM_all,36.0,113.0
R1341W,?,AIM_all,36.1,94.0
R1341W,?,AIM_all,36.2,103.0
R1341W,?,AIM_all,36.3,103.0
R1341W,?,AIM_all,36.4,102.0
R1341W,?,AIM_all,36.5,81.0
R1341W,?,AIM_all,36.6,108.0
R1341W,?,AIM_all,36.7,86.0
R1341W,?,AIM_all,36.8,108.0
R1341W,?,AIM_all,36.9,95.0
R1341W,?,AIM_all,37.0,105.0
R1341W,?,AIM_all,37.1,101.0
R1341W,?,AIM_all,37.2,95.0
R1341W,?,AIM_all,37.3,101.0
R1341W,?,AIM_all,37.4,101.0
R1341W,?,AIM_all,37.5,104.0
R1341W,?,AIM_all,37.6,95.0
R1341W,?,AIM_all,37.7,98.0
R1341W,?,AIM_all,37.8,93.0
R1341W,?,AIM_all,37.9,99.0
R1341W,?,AIM_all,38.0,106.0
R1341W,?,AIM_all,38.1,88.0
R1341W,?,AIM_all,38.2,87.0
R1341W,?,AIM_all,38.3,104.0
R1341W,?,AIM_all,38.4,95.0
R1341W,?,AIM_all,38.5,106.0
R1341W,?,AIM_all,38.6,96.0
R1341W,?,AIM_all,38.7,71.0
R1341W,?,AIM_all,38.8,98.0
R1341W,?,AIM_all,38.9,95.0
R1341W,?,AIM_all,39.0,77.0
R1341W,?,AIM_all,39.1,90.0
R1341W,?,AIM_all,39.2,84.0
R1341W,?,AIM_all,39.3,85.0
R1341W,?,AIM_all,39.4,86.0
R1341W,?,AIM_all,39.5,86.0
R1341W,?,AIM_all,39.6,99.0
R1341W,?,AIM_all,39.7,86.0
R1341W,?,AIM_all,39.8,102.0
R1341W,?,AIM_all,39.9,97.0
R1341W,?,AIM_all,40.0,108.0
R1341W,?,AIM_all,40.1,96.0
R1341W,?,AIM_all,40.2,103.0
R1341W,?,AIM_all,40.3,79.0
R1341W,?,AIM_all,40.4,93.0
R1341W,?,AIM_all,40.5,78.0
R1341W,?,AIM_all,40.6,93.0
R1341W,?,AIM_all,40.7,101.0
R1341W,?,AIM_all,40.8,98.0
R1341W,?,AIM_all,40.9,94.0
R1341W,?,AIM_all,41.0,105.0
R1341W,?,AIM_all,41.1,124.0
R1341W,?,AIM_all,41.2,117.0
R1341W,?,AIM_all,41.3,115.0
R1341W,?,AIM_all,41.4,122.0
R1341W,?,AIM_all,41.5,106.0
R1341W,?,AIM_all,41.6,125.0
R1341W,?,AIM_all,41.7,130.0
R1341W,?,AIM_all,41.8,126.0
R1341W,?,AIM_all,41.9,116.0
R1341W,?,AIM_all,42.0,88.0
R1341W,?,AIM_all,42.1,120.0
R1341W,?,AIM_all,42.2,105.0
R1341W,?,AIM_all,42.3,108.0
R1341W,?,AIM_all,42.4,109.0
R1341W,?,AIM_all,42.5,106.0
R1341W,?,AIM_all,42.6,107.0
R1341W,?,AIM_all,42.7,118.0
R1341W,?,AIM_all,42.8,100.0
R1341W,?,AIM_all,42.9,88.0
R1341W,?,AIM_all,43.0,114.0
R1341W,?,AIM_all,43.1,108.0
R1341W,?,AIM_all,43.2,108.0
R1341W,?,AIM_all,43.3,115.0
R1341W,?,AIM_all,43.4,104.0
R1341W,?,AIM_all,43.5,100.0
R1341W,?,AIM_all,43.6,112.0
R1341W,?,AIM_all,43.7,93.0
R1341W,?,AIM_all,43.8,96.0
R1341W,?,AIM_all,43.9,104.0
R1341W,?,AIM_all,44.0,88.0
R1341W,?,AIM_all,44.1,103.0
R1341W,?,AIM_all,44.2,104.0
R1341W,?,AIM_all,44.3,103.0
R1341W,?,AIM_all,44.4,89.0
R1341W,?,AIM_all,44.5,107.0
R1341W,?,AIM_all,44.6,90.0
R1341W,?,AIM_all,44.7,90.0
R1341W,?,AIM_all,44.8,96.0
R1341W,?,AIM_all,44.9,93.0
R1341W,?,AIM_all,45.0,110.0
R1341W,?,AIM_all,45.1,119.0
R1341W,?,AIM_all,45.2,103.0
R1341W,?,AIM_all,45.3,122.0
R1341W,?,AIM_all,45.4,116.0
R1341W,?,AIM_all,45.5,103.0
R1341W,?,AIM_all,45.6,118.0
R1341W,?,AIM_all,45.7,112.0
R1341W,?,AIM_all,45.8,108.0
R1341W,?,AIM_all,45.9,113.0
R1341W,?,AIM_all,46.0,121.0
R1341W,?,AIM_all,46.1,115.0
R1341W,?,AIM_all,46.2,125.0
R1341W,?,AIM_all,46.3,113.0
R1341W,?,AIM_all,46.4,98.0
R1341W,?,AIM_all,46.5,124.0
R1341W,?,AIM_all,46.6,109.0
R1341W,?,AIM_all,46.7,90.0
R1341W,?,AIM_all,46.8,97.0
R1341W,?,AIM_all,46.9,117.0
R1341W,?,AIM_all,47.0,116.0
R1341W,?,AIM_all,47.1,119.0
R1341W,?,AIM_all,47.2,113.0
R1341W,?,AIM_all,47.3,105.0
R1341W,?,AIM_all,47.4,114.0
R1341W,?,AIM_all,47.5,103.0
R1341W,?,AIM_all,47.6,126.0
R1341W,?,AIM_all,47.7,105.0
R1341W,?,AIM_all,47.8,102.0
R1341W,?,AIM_all,47.9,108.0
R1341W,?,AIM_all,48.0,95.0
R1341W,?,AIM_all,48.1,78.0
R1341W,?,AIM_all,48.2,87.0
R1341W,?,AIM_all,48.3,95.0
R1341W,?,AIM_all,48.4,115.0
R1341W,?,AIM_all,48.5,99.0
R1341W,?,AIM_all,48.6,122.0
R1341W,?,AIM_all,48.7,96.0
R1341W,?,AIM_all,48.8,105.0
R1341W,?,AIM_all,48.9,91.0
R1341W,?,AIM_all,49.0,89.0
R1341W,?,AIM_all,49.1,105.0
R1341W,?,AIM_all,49.2,94.0
R1341W,?,AIM_all,49.3,111.0
R1341W,?,AIM_all,49.4,105.0
R1341W,?,AIM_all,49.5,109.0
R1341W,?,AIM_all,49.6,108.0
R1341W,?,AIM_all,49.7,90.0
R1341W,?,AIM_all,49.8,108.0
R1341W,?,AIM_all,49.9,104.0
R1341W,?,AIM_all,50.0,99.0
R1341W,?,N_AIM,0.0,93.0
R1341W,?,N_AIM,0.1,65.0
R1341W,?,N_AIM,0.2,66.0
R1341W,?,N_AIM,0.3,65.0
R1341W,?,N_AIM,0.4,65.0
R1341W,?,N_AIM,0.5,38.0
R1341W,?,N_AIM,0.6,32.0
R1341W,?,N_AIM,0.7,61.0
R1341W,?,N_AIM,0.8,59.0
R1341W,?,N_AIM,0.9,53.0
R1341W,?,N_AIM,1.0,54.0
R1341W,?,N_AIM,1.1,61.0
R1341W,?,N_AIM,1.2,61.0
R1341W,?,N_AIM,1.3,54.0
R1341W,?,N_AIM,1.4,61.0
R1341W,?,N_AIM,1.5,73.0
R1341W,?,N_AIM,1.6,62.0
R1341W,?,N_AIM,1.7,57.0
R1341W,?,N_AIM,1.8,59.0
R1341W,?,N_AIM,1.9,57.0
R1341W,?,N_AIM,2.0,61.0
R1341W,?,N_AIM,2.1,75.0
R1341W,?,N_AIM,2.2,75.0
R1341W,?,N_AIM,2.3,78.0
R1341W,?,N_AIM,2.4,63.0
R1341W,?,N_AIM,2.5,65.0
R1341W,?,N_AIM,2.6,59.0
R1341W,?,N_AIM,2.7,74.0
R1341W,?,N_AIM,2.8,70.0
R1341W,?,N_AIM,2.9,78.0
R1341W,?,N_AIM,3.0,65.0
R1341W,?,N_AIM,3.1,73.0
R1341W,?,N_AIM,3.2,71.0
R1341W,?,N_AIM,3.3,63.0
R1341W,?,N_AIM,3.4,54.0
R1341W,?,N_AIM,3.5,62.0
R1341W,?,N_AIM,3.6,49.0
R1341W,?,N_AIM,3.7,45.0
R1341W,?,N_AIM,3.8,89.0
R1341W,?,N_AIM,3.9,70.0
R1341W,?,N_AIM,4.0,42.0
R1341W,?,N_AIM,4.1,41.0
R1341W,?,N_AIM,4.2,32.0
R1341W,?,N_AIM,4.3,33.0
R1341W,?,N_AIM,4.4,45.0
R1341W,?,N_AIM,4.5,24.0
R1341W,?,N_AIM,4.6,38.0
R1341W,?,N_AIM,4.7,47.0
R1341W,?,N_AIM,4.8,37.0
R1341W,?,N_AIM,4.9,46.0
R1341W,?,N_AIM,5.0,50.0
R1341W,?,N_AIM,5.1,47.0
R1341W,?,N_AIM,5.2,38.0
R1341W,?,N_AIM,5.3,42.0
R1341W,?,N_AIM,5.4,38.0
R1341W,?,N_AIM,5.5,32.0
R1341W,?,N_AIM,5.6,25.0
R1341W,?,N_AIM,5.7,36.0
R1341W,?,N_AIM,5.8,43.0
R1341W,?,N_AIM,5.9,36.0
R1341W,?,N_AIM,6.0,40.0
R1341W,?,N_AIM,6.1,33.0
R1341W,?,N_AIM,6.2,25.0
R1341W,?,N_AIM,6.3,29.0
R1341W,?,N_AIM,6.4,35.0
R1341W,?,N_AIM,6.5,38.0
R1341W,?,N_AIM,6.6,42.0
R1341W,?,N_AIM,6.7,23.0
R1341W,?,N_AIM,6.8,35.0
R1341W,?,N_AIM,6.9,37.0
R1341W,?,N_AIM,7.0,31.0
R1341W,?,N_AIM,7.1,33.0
R1341W,?,N_AIM,7.2,31.0
R1341W,?,N_AIM,7.3,35.0
R1341W,?,N_AIM,7.400001,37.0
R1341W,?,N_AIM,7.5,35.0
R1341W,?,N_AIM,7.6,25.0
R1341W,?,N_AIM,7.7,33.0
R1341W,?,N_AIM,7.8,49.0
R1341W,?,N_AIM,7.900001,47.0
R1341W,?,N_AIM,8.0,41.0
R1341W,?,N_AIM,8.1,39.0
R1341W,?,N_AIM,8.200001,41.0
R1341W,?,N_AIM,8.3,44.0
R1341W,?,N_AIM,8.400001,34.0
R1341W,?,N_AIM,8.5,33.0
R1341W,?,N_AIM,8.6,50.0
R1341W,?,N_AIM,8.700001,47.0
R1341W,?,N_AIM,8.8,45.0
R1341W,?,N_AIM,8.900001,46.0
R1341W,?,N_AIM,9.0,45.0
R1341W,?,N_AIM,9.1,46.0
R1341W,?,N_AIM,9.200001,34.0
R1341W,?,N_AIM,9.3,46.0
R1341W,?,N_AIM,9.400001,12.0
R1341W,?,N_AIM,9.5,26.0
R1341W,?,N_AIM,9.6,39.0
R1341W,?,N_AIM,9.700001,44.0
R1341W,?,N_AIM,9.8,45.0
R1341W,?,N_AIM,9.900001,44.0
R1341W,?,N_AIM,10.0,38.0
R1341W,?,N_AIM,10.1,39.0
R1341W,?,N_AIM,10.2,51.0
R1341W,?,N_AIM,10.3,43.0
R1341W,?,N_AIM,10.4,35.0
R1341W,?,N_AIM,10.5,40.0
R1341W,?,N_AIM,10.6,41.0
R1341W,?,N_AIM,10.7,38.0
R1341W,?,N_AIM,10.8,70.0
R1341W,?,N_AIM,10.9,69.0
R1341W,?,N_AIM,11.0,74.0
R1341W,?,N_AIM,11.1,73.0
R1341W,?,N_AIM,11.2,81.0
R1341W,?,N_AIM,11.3,68.0
R1341W,?,N_AIM,11.4,78.0
R1341W,?,N_AIM,11.5,75.0
R1341W,?,N_AIM,11.6,54.0
R1341W,?,N_AIM,11.7,69.0
R1341W,?,N_AIM,11.8,71.0
R1341W,?,N_AIM,11.9,59.0
R1341W,?,N_AIM,12.0,54.0
R1341W,?,N_AIM,12.1,72.0
R1341W,?,N_AIM,12.2,74.0
R1341W,?,N_AIM,12.3,73.0
R1341W,?,N_AIM,12.4,77.0
R1341W,?,N_AIM,12.5,77.0
R1341W,?,N_AIM,12.6,73.0
R1341W,?,N_AIM,12.7,53.0
R1341W,?,N_AIM,12.8,52.0
R1341W,?,N_AIM,12.9,53.0
R1341W,?,N_AIM,13.0,42.0
R1341W,?,N_AIM,13.1,45.0
R1341W,?,N_AIM,13.2,24.0
R1341W,?,N_AIM,13.3,49.0
R1341W,?,N_AIM,13.4,70.0
R1341W,?,N_AIM,13.5,70.0
R1341W,?,N_AIM,13.6,75.0
R1341W,?,N_AIM,13.7,51.0
R1341W,?,N_AIM,13.8,69.0
R1341W,?,N_AIM,13.9,54.0
R1341W,?,N_AIM,14.0,64.0
R1341W,?,N_AIM,14.1,70.0
R1341W,?,N_AIM,14.2,48.0
R1341W,?,N_AIM,14.3,55.0
R1341W,?,N_AIM,14.4,64.0
R1341W,?,N_AIM,14.5,68.0
R1341W,?,N_AIM,14.6,59.0
R1341W,?,N_AIM,14.7,59.0
R1341W,?,N_AIM,14.8,60.0
R1341W,?,N_AIM,14.9,50.0
R1341W,?,N_AIM,15.0,38.0
R1341W,?,N_AIM,15.1,60.0
R1341W,?,N_AIM,15.2,55.0
R1341W,?,N_AIM,15.3,62.0
R1341W,?,N_AIM,15.4,68.0
R1341W,?,N_AIM,15.5,59.0
R1341W,?,N_AIM,15.6,66.0
R1341W,?,N_AIM,15.7,52.0
R1341W,?,N_AIM,15.8,54.0
R1341W,?,N_AIM,15.9,59.0
R1341W,?,N_AIM,16.0,47.0
R1341W,?,N_AIM,16.1,69.0
R1341W,?,N_AIM,16.2,69.0
R1341W,?,N_AIM,16.3,68.0
R1341W,?,N_AIM,16.4,83.0
R1341W,?,N_AIM,16.5,77.0
R1341W,?,N_AIM,16.6,76.0
R1341W,?,N_AIM,16.7,69.0
R1341W,?,N_AIM,16.8,55.0
R1341W,?,N_AIM,16.9,71.0
R1341W,?,N_AIM,17.0,69.0
R1341W,?,N_AIM,17.1,75.0
R1341W,?,N_AIM,17.2,61.0
R1341W,?,N_AIM,17.3,76.0
R1341W,?,N_AIM,17.4,56.0
R1341W,?,N_AIM,17.5,63.0
R1341W,?,N_AIM,17.6,64.0
R1341W,?,N_AIM,17.7,63.0
R1341W,?,N_AIM,17.8,62.0
R1341W,?,N_AIM,17.9,51.0
R1341W,?,N_AIM,18.0,44.0
R1341W,?,N_AIM,18.1,52.0
R1341W,?,N_AIM,18.2,47.0
R1341W,?,N_AIM,18.3,38.0
R1341W,?,N_AIM,18.4,47.0
R1341W,?,N_AIM,18.5,58.0
R1341W,?,N_AIM,18.6,45.0
R1341W,?,N_AIM,18.7,63.0
R1341W,?,N_AIM,18.8,42.0
R1341W,?,N_AIM,18.9,36.0
R1341W,?,N_AIM,19.0,37.0
R1341W,?,N_AIM,19.1,39.0
R1341W,?,N_AIM,19.2,45.0
R1341W,?,N_AIM,19.3,59.0
R1341W,?,N_AIM,19.4,49.0
R1341W,?,N_AIM,19.5,56.0
R1341W,?,N_AIM,19.6,48.0
R1341W,?,N_AIM,19.7,43.0
R1341W,?,N_AIM,19.8,30.0
R1341W,?,N_AIM,19.9,38.0
R1341W,?,N_AIM,20.0,42.0
R1341W,?,N_AIM,20.1,25.0
R1341W,?,N_AIM,20.2,41.0
R1341W,?,N_AIM,20.3,24.0
R1341W,?,N_AIM,20.4,34.0
R1341W,?,N_AIM,20.5,41.0
R1341W,?,N_AIM,20.6,25.0
R1341W,?,N_AIM,20.7,28.0
R1341W,?,N_AIM,20.8,32.0
R1341W,?,N_AIM,20.9,21.0
R1341W,?,N_AIM,21.0,31.0
R1341W,?,N_AIM,21.1,20.0
R1341W,?,N_AIM,21.2,33.0
R1341W,?,N_AIM,21.3,53.0
R1341W,?,N_AIM,21.4,52.0
R1341W,?,N_AIM,21.5,46.0
R1341W,?,N_AIM,21.6,64.0
R1341W,?,N_AIM,21.7,37.0
R1341W,?,N_AIM,21.8,51.0
R1341W,?,N_AIM,21.9,51.0
R1341W,?,N_AIM,22.0,45.0
R1341W,?,N_AIM,22.1,44.0
R1341W,?,N_AIM,22.2,56.0
R1341W,?,N_AIM,22.3,45.0
R1341W,?,N_AIM,22.4,81.0
R1341W,?,N_AIM,22.5,73.0
R1341W,?,N_AIM,22.6,64.0
R1341W,?,N_AIM,22.7,55.0
R1341W,?,N_AIM,22.8,62.0
R1341W,?,N_AIM,22.9,61.0
R1341W,?,N_AIM,23.0,55.0
R1341W,?,N_AIM,23.1,64.0
R1341W,?,N_AIM,23.2,82.0
R1341W,?,N_AIM,23.3,60.0
R1341W,?,N_AIM,23.4,61.0
R1341W,?,N_AIM,23.5,61.0
R1341W,?,N_AIM,23.6,57.0
R1341W,?,N_AIM,23.7,59.0
R1341W,?,N_AIM,23.8,67.0
R1341W,?,N_AIM,23.9,71.0
R1341W,?,N_AIM,24.0,57.0
R1341W,?,N_AIM,24.1,64.0
R1341W,?,N_AIM,24.2,63.0
R1341W,?,N_AIM,24.3,65.0
R1341W,?,N_AIM,24.4,91.0
R1341W,?,N_AIM,24.5,69.0
R1341W,?,N_AIM,24.6,59.0
R1341W,?,N_AIM,24.7,74.0
R1341W,?,N_AIM,24.8,86.0
R1341W,?,N_AIM,24.9,86.0
R1341W,?,N_AIM,25.0,83.0
R1341W,?,N_AIM,25.1,76.0
R1341W,?,N_AIM,25.2,72.0
R1341W,?,N_AIM,25.3,75.0
R1341W,?,N_AIM,25.4,78.0
R1341W,?,N_AIM,25.5,61.0
R1341W,?,N_AIM,25.6,63.0
R1341W,?,N_AIM,25.7,74.0
R1341W,?,N_AIM,25.8,67.0
R1341W,?,N_AIM,25.9,66.0
R1341W,?,N_AIM,26.0,59.0
R1341W,?,N_AIM,26.1,61.0
R1341W,?,N_AIM,26.2,64.0
R1341W,?,N_AIM,26.3,45.0
R1341W,?,N_AIM,26.4,62.0
R1341W,?,N_AIM,26.5,58.0
R1341W,?,N_AIM,26.6,61.0
R1341W,?,N_AIM,26.7,43.0
R1341W,?,N_AIM,26.8,51.0
R1341W,?,N_AIM,26.9,63.0
R1341W,?,N_AIM,27.0,54.0
R1341W,?,N_AIM,27.1,63.0
R1341W,?,N_AIM,27.2,52.0
R1341W,?,N_AIM,27.3,58.0
R1341W,?,N_AIM,27.4,66.0
R1341W,?,N_AIM,27.5,45.0
R1341W,?,N_AIM,27.6,51.0
R1341W,?,N_AIM,27.7,51.0
R1341W,?,N_AIM,27.8,70.0
R1341W,?,N_AIM,27.9,50.0
R1341W,?,N_AIM,28.0,54.0
R1341W,?,N_AIM,28.1,49.0
R1341W,?,N_AIM,28.2,50.0
R1341W,?,N_AIM,28.3,55.0
R1341W,?,N_AIM,28.4,55.0
R1341W,?,N_AIM,28.5,66.0
R1341W,?,N_AIM,28.6,45.0
R1341W,?,N_AIM,28.7,62.0
R1341W,?,N_AIM,28.8,51.0
R1341W,?,N_AIM,28.9,48.0
R1341W,?,N_AIM,29.0,61.0
R1341W,?,N_AIM,29.1,52.0
R1341W,?,N_AIM,29.2,49.0
R1341W,?,N_AIM,29.3,53.0
R1341W,?,N_AIM,29.4,41.0
R1341W,?,N_AIM,29.5,49.0
R1341W,?,N_AIM,29.6,59.0
R1341W,?,N_AIM,29.7,56.0
R1341W,?,N_AIM,29.8,31.0
R1341W,?,N_AIM,29.9,50.0
R1341W,?,N_AIM,30.0,44.0
R1341W,?,N_AIM,30.1,50.0
R1341W,?,N_AIM,30.2,55.0
R1341W,?,N_AIM,30.3,53.0
R1341W,?,N_AIM,30.4,57.0
R1341W,?,N_AIM,30.5,68.0
R1341W,?,N_AIM,30.6,59.0
R1341W,?,N_AIM,30.7,67.0
R1341W,?,N_AIM,30.8,57.0
R1341W,?,N_AIM,30.9,52.0
R1341W,?,N_AIM,31.0,43.0
R1341W,?,N_AIM,31.1,38.0
R1341W,?,N_AIM,31.2,50.0
R1341W,?,N_AIM,31.3,47.0
R1341W,?,N_AIM,31.4,72.0
R1341W,?,N_AIM,31.5,58.0
R1341W,?,N_AIM,31.6,66.0
R1341W,?,N_AIM,31.7,59.0
R1341W,?,N_AIM,31.8,68.0
R1341W,?,N_AIM,31.9,61.0
R1341W,?,N_AIM,32.0,90.0
R1341W,?,N_AIM,32.1,72.0
R1341W,?,N_AIM,32.2,60.0
R1341W,?,N_AIM,32.3,60.0
R1341W,?,N_AIM,32.4,70.0
R1341W,?,N_AIM,32.5,69.0
R1341W,?,N_AIM,32.6,77.0
R1341W,?,N_AIM,32.7,72.0
R1341W,?,N_AIM,32.8,72.0
R1341W,?,N_AIM,32.9,73.0
R1341W,?,N_AIM,33.0,64.0
R1341W,?,N_AIM,33.1,80.0
R1341W,?,N_AIM,33.2,67.0
R1341W,?,N_AIM,33.3,61.0
R1341W,?,N_AIM,33.4,56.0
R1341W,?,N_AIM,33.5,69.0
R1341W,?,N_AIM,33.6,50.0
R1341W,?,N_AIM,33.7,65.0
R1341W,?,N_AIM,33.8,75.0
R1341W,?,N_AIM,33.9,71.0
R1341W,?,N_AIM,34.0,46.0
R1341W,?,N_AIM,34.1,43.0
R1341W,?,N_AIM,34.2,28.0
R1341W,?,N_AIM,34.3,35.0
R1341W,?,N_AIM,34.4,46.0
R1341W,?,N_AIM,34.5,45.0
R1341W,?,N_AIM,34.6,45.0
R1341W,?,N_AIM,34.7,39.0
R1341W,?,N_AIM,34.8,31.0
R1341W,?,N_AIM,34.9,33.0
R1341W,?,N_AIM,35.0,17.0
R1341W,?,N_AIM,35.1,44.0
R1341W,?,N_AIM,35.2,41.0
R1341W,?,N_AIM,35.3,47.0
R1341W,?,N_AIM,35.4,41.0
R1341W,?,N_AIM,35.5,41.0
R1341W,?,N_AIM,35.6,45.0
R1341W,?,N_AIM,35.7,35.0
R1341W,?,N_AIM,35.8,43.0
R1341W,?,N_AIM,35.9,48.0
R1341W,?,N_AIM,36.0,53.0
R1341W,?,N_AIM,36.1,35.0
R1341W,?,N_AIM,36.2,34.0
R1341W,?,N_AIM,36.3,41.0
R1341W,?,N_AIM,36.4,39.0
R1341W,?,N_AIM,36.5,26.0
R1341W,?,N_AIM,36.6,43.0
R1341W,?,N_AIM,36.7,42.0
R1341W,?,N_AIM,36.8,46.0
R1341W,?,N_AIM,36.9,36.0
R1341W,?,N_AIM,37.0,48.0
R1341W,?,N_AIM,37.1,43.0
R1341W,?,N_AIM,37.2,36.0
R1341W,?,N_AIM,37.3,43.0
R1341W,?,N_AIM,37.4,49.0
R1341W,?,N_AIM,37.5,50.0
R1341W,?,N_AIM,37.6,39.0
R1341W,?,N_AIM,37.7,48.0
R1341W,?,N_AIM,37.8,34.0
R1341W,?,N_AIM,37.9,44.0
R1341W,?,N_AIM,38.0,53.0
R1341W,?,N_AIM,38.1,38.0
R1341W,?,N_AIM,38.2,33.0
R1341W,?,N_AIM,38.3,47.0
R1341W,?,N_AIM,38.4,40.0
R1341W,?,N_AIM,38.5,50.0
R1341W,?,N_AIM,38.6,43.0
R1341W,?,N_AIM,38.7,33.0
R1341W,?,N_AIM,38.8,40.0
R1341W,?,N_AIM,38.9,43.0
R1341W,?,N_AIM,39.0,35.0
R1341W,?,N_AIM,39.1,37.0
R1341W,?,N_AIM,39.2,35.0
R1341W,?,N_AIM,39.3,36.0
R1341W,?,N_AIM,39.4,34.0
R1341W,?,N_AIM,39.5,41.0
R1341W,?,N_AIM,39.6,49.0
R1341W,?,N_AIM,39.7,42.0
R1341W,?,N_AIM,39.8,41.0
R1341W,?,N_AIM,39.9,48.0
R1341W,?,N_AIM,40.0,45.0
R1341W,?,N_AIM,40.1,39.0
R1341W,?,N_AIM,40.2,46.0
R1341W,?,N_AIM,40.3,36.0
R1341W,?,N_AIM,40.4,37.0
R1341W,?,N_AIM,40.5,34.0
R1341W,?,N_AIM,40.6,37.0
R1341W,?,N_AIM,40.7,48.0
R1341W,?,N_AIM,40.8,49.0
R1341W,?,N_AIM,40.9,48.0
R1341W,?,N_AIM,41.0,47.0
R1341W,?,N_AIM,41.1,64.0
R1341W,?,N_AIM,41.2,59.0
R1341W,?,N_AIM,41.3,64.0
R1341W,?,N_AIM,41.4,64.0
R1341W,?,N_AIM,41.5,66.0
R1341W,?,N_AIM,41.6,73.0
R1341W,?,N_AIM,41.7,71.0
R1341W,?,N_AIM,41.8,74.0
R1341W,?,N_AIM,41.9,65.0
R1341W,?,N_AIM,42.0,47.0
R1341W,?,N_AIM,42.1,69.0
R1341W,?,N_AIM,42.2,68.0
R1341W,?,N_AIM,42.3,70.0
R1341W,?,N_AIM,42.4,64.0
R1341W,?,N_AIM,42.5,57.0
R1341W,?,N_AIM,42.6,56.0
R1341W,?,N_AIM,42.7,64.0
R1341W,?,N_AIM,42.8,63.0
R1341W,?,N_AIM,42.9,56.0
R1341W,?,N_AIM,43.0,67.0
R1341W,?,N_AIM,43.1,58.0
R1341W,?,N_AIM,43.2,66.0
R1341W,?,N_AIM,43.3,65.0
R1341W,?,N_AIM,43.4,58.0
R1341W,?,N_AIM,43.5,56.0
R1341W,?,N_AIM,43.6,67.0
R1341W,?,N_AIM,43.7,52.0
R1341W,?,N_AIM,43.8,50.0
R1341W,?,N_AIM,43.9,59.0
R1341W,?,N_AIM,44.0,55.0
R1341W,?,N_AIM,44.1,55.0
R1341W,?,N_AIM,44.2,58.0
R1341W,?,N_AIM,44.3,50.0
R1341W,?,N_AIM,44.4,45.0
R1341W,?,N_AIM,44.5,54.0
R1341W,?,N_AIM,44.6,52.0
R1341W,?,N_AIM,44.7,43.0
R1341W,?,N_AIM,44.8,54.0
R1341W,?,N_AIM,44.9,49.0
R1341W,?,N_AIM,45.0,61.0
R1341W,?,N_AIM,45.1,75.0
R1341W,?,N_AIM,45.2,56.0
R1341W,?,N_AIM,45.3,61.0
R1341W,?,N_AIM,45.4,66.0
R1341W,?,N_AIM,45.5,54.0
R1341W,?,N_AIM,45.6,63.0
R1341W,?,N_AIM,45.7,55.0
R1341W,?,N_AIM,45.8,52.0
R1341W,?,N_AIM,45.9,51.0
R1341W,?,N_AIM,46.0,54.0
R1341W,?,N_AIM,46.1,53.0
R1341W,?,N_AIM,46.2,64.0
R1341W,?,N_AIM,46.3,44.0
R1341W,?,N_AIM,46.4,44.0
R1341W,?,N_AIM,46.5,68.0
R1341W,?,N_AIM,46.6,59.0
R1341W,?,N_AIM,46.7,42.0
R1341W,?,N_AIM,46.8,55.0
R1341W,?,N_AIM,46.9,58.0
R1341W,?,N_AIM,47.0,52.0
R1341W,?,N_AIM,47.1,62.0
R1341W,?,N_AIM,47.2,52.0
R1341W,?,N_AIM,47.3,53.0
R1341W,?,N_AIM,47.4,51.0
R1341W,?,N_AIM,47.5,45.0
R1341W,?,N_AIM,47.6,60.0
R1341W,?,N_AIM,47.7,49.0
R1341W,?,N_AIM,47.8,50.0
R1341W,?,N_AIM,47.9,55.0
R1341W,?,N_AIM,48.0,53.0
R1341W,?,N_AIM,48.1,43.0
R1341W,?,N_AIM,48.2,49.0
R1341W,?,N_AIM,48.3,47.0
R1341W,?,N_AIM,48.4,60.0
R1341W,?,N_AIM,48.5,51.0
R1341W,?,N_AIM,48.6,63.0
R1341W,?,N_AIM,48.7,48.0
R1341W,?,N_AIM,48.8,55.0
R1341W,?,N_AIM,48.9,47.0
R1341W,?,N_AIM,49.0,44.0
R1341W,?,N_AIM,49.1,57.0
R1341W,?,N_AIM,49.2,47.0
R1341W,?,N_AIM,49.3,51.0
R1341W,?,N_AIM,49.4,49.0
R1341W,?,N_AIM,49.5,51.0
R1341W,?,N_AIM,49.6,54.0
R1341W,?,N_AIM,49.7,47.0
R1341W,?,N_AIM,49.8,56.0
R1341W,?,N_AIM,49.9,55.0
R1341W,?,N_AIM,50.0,50.0
R1341W,?,C_AIM,0.0,56.0
R1341W,?,C_AIM,0.1,48.0
R1341W,?,C_AIM,0.2,58.0
R1341W,?,C_AIM,0.3,64.0
R1341W,?,C_AIM,0.4,53.0
R1341W,?,C_AIM,0.5,57.0
R1341W,?,C_AIM,0.6,64.0
R1341W,?,C_AIM,0.7,71.0
R1341W,?,C_AIM,0.8,53.0
R1341W,?,C_AIM,0.9,55.0
R1341W,?,C_AIM,1.0,58.0
R1341W,?,C_AIM,1.1,60.0
R1341W,?,C_AIM,1.2,53.0
R1341W,?,C_AIM,1.3,59.0
R1341W,?,C_AIM,1.4,64.0
R1341W,?,C_AIM,1.5,64.0
R1341W,?,C_AIM,1.6,62.0
R1341W,?,C_AIM,1.7,54.0
R1341W,?,C_AIM,1.8,54.0
R1341W,?,C_AIM,1.9,67.0
R1341W,?,C_AIM,2.0,61.0
R1341W,?,C_AIM,2.1,59.0
R1341W,?,C_AIM,2.2,60.0
R1341W,?,C_AIM,2.3,51.0
R1341W,?,C_AIM,2.4,67.0
R1341W,?,C_AIM,2.5,57.0
R1341W,?,C_AIM,2.6,61.0
R1341W,?,C_AIM,2.7,56.0
R1341W,?,C_AIM,2.8,53.0
R1341W,?,C_AIM,2.9,56.0
R1341W,?,C_AIM,3.0,60.0
R1341W,?,C_AIM,3.1,55.0
R1341W,?,C_AIM,3.2,45.0
R1341W,?,C_AIM,3.3,52.0
R1341W,?,C_AIM,3.4,58.0
R1341W,?,C_AIM,3.5,56.0
R1341W,?,C_AIM,3.6,72.0
R1341W,?,C_AIM,3.7,64.0
R1341W,?,C_AIM,3.8,60.0
R1341W,?,C_AIM,3.9,62.0
R1341W,?,C_AIM,4.0,65.0
R1341W,?,C_AIM,4.1,68.0
R1341W,?,C_AIM,4.2,59.0
R1341W,?,C_AIM,4.3,63.0
R1341W,?,C_AIM,4.4,68.0
R1341W,?,C_AIM,4.5,55.0
R1341W,?,C_AIM,4.6,57.0
R1341W,?,C_AIM,4.7,56.0
R1341W,?,C_AIM,4.8,66.0
R1341W,?,C_AIM,4.9,64.0
R1341W,?,C_AIM,5.0,59.0
R1341W,?,C_AIM,5.1,58.0
R1341W,?,C_AIM,5.2,61.0
R1341W,?,C_AIM,5.3,56.0
R1341W,?,C_AIM,5.4,52.0
R1341W,?,C_AIM,5.5,58.0
R1341W,?,C_AIM,5.6,52.0
R1341W,?,C_AIM,5.7,65.0
R1341W,?,C_AIM,5.8,52.0
R1341W,?,C_AIM,5.9,52.0
R1341W,?,C_AIM,6.0,62.0
R1341W,?,C_AIM,6.1,58.0
R1341W,?,C_AIM,6.2,67.0
R1341W,?,C_AIM,6.3,54.0
R1341W,?,C_AIM,6.4,59.0
R1341W,?,C_AIM,6.5,53.0
R1341W,?,C_AIM,6.6,59.0
R1341W,?,C_AIM,6.7,63.0
R1341W,?,C_AIM,6.8,54.0
R1341W,?,C_AIM,6.9,51.0
R1341W,?,C_AIM,7.0,59.0
R1341W,?,C_AIM,7.1,59.0
R1341W,?,C_AIM,7.2,70.0
R1341W,?,C_AIM,7.3,65.0
R1341W,?,C_AIM,7.400001,58.0
R1341W,?,C_AIM,7.5,61.0
R1341W,?,C_AIM,7.6,55.0
R1341W,?,C_AIM,7.7,56.0
R1341W,?,C_AIM,7.8,52.0
R1341W,?,C_AIM,7.900001,55.0
R1341W,?,C_AIM,8.0,61.0
R1341W,?,C_AIM,8.1,61.0
R1341W,?,C_AIM,8.200001,58.0
R1341W,?,C_AIM,8.3,64.0
R1341W,?,C_AIM,8.400001,60.0
R1341W,?,C_AIM,8.5,57.0
R1341W,?,C_AIM,8.6,65.0
R1341W,?,C_AIM,8.700001,59.0
R1341W,?,C_AIM,8.8,57.0
R1341W,?,C_AIM,8.900001,51.0
R1341W,?,C_AIM,9.0,61.0
R1341W,?,C_AIM,9.1,53.0
R1341W,?,C_AIM,9.200001,60.0
R1341W,?,C_AIM,9.3,56.0
R1341W,?,C_AIM,9.400001,57.0
R1341W,?,C_AIM,9.5,56.0
R1341W,?,C_AIM,9.6,46.0
R1341W,?,C_AIM,9.700001,65.0
R1341W,?,C_AIM,9.8,53.0
R1341W,?,C_AIM,9.900001,60.0
R1341W,?,C_AIM,10.0,67.0
R1341W,?,C_AIM,10.1,68.0
R1341W,?,C_AIM,10.2,54.0
R1341W,?,C_AIM,10.3,39.0
R1341W,?,C_AIM,10.4,57.0
R1341W,?,C_AIM,10.5,71.0
R1341W,?,C_AIM,10.6,61.0
R1341W,?,C_AIM,10.7,52.0
R1341W,?,C_AIM,10.8,62.0
R1341W,?,C_AIM,10.9,55.0
R1341W,?,C_AIM,11.0,54.0
R1341W,?,C_AIM,11.1,52.0
R1341W,?,C_AIM,11.2,51.0
R1341W,?,C_AIM,11.3,56.0
R1341W,?,C_AIM,11.4,55.0
R1341W,?,C_AIM,11.5,51.0
R1341W,?,C_AIM,11.6,53.0
R1341W,?,C_AIM,11.7,53.0
R1341W,?,C_AIM,11.8,51.0
R1341W,?,C_AIM,11.9,55.0
R1341W,?,C_AIM,12.0,43.0
R1341W,?,C_AIM,12.1,46.0
R1341W,?,C_AIM,12.2,55.0
R1341W,?,C_AIM,12.3,50.0
R1341W,?,C_AIM,12.4,53.0
R1341W,?,C_AIM,12.5,50.0
R1341W,?,C_AIM,12.6,61.0
R1341W,?,C_AIM,12.7,57.0
R1341W,?,C_AIM,12.8,52.0
R1341W,?,C_AIM,12.9,55.0
R1341W,?,C_AIM,13.0,51.0
R1341W,?,C_AIM,13.1,53.0
R1341W,?,C_AIM,13.2,55.0
R1341W,?,C_AIM,13.3,49.0
R1341W,?,C_AIM,13.4,47.0
R1341W,?,C_AIM,13.5,41.0
R1341W,?,C_AIM,13.6,40.0
R1341W,?,C_AIM,13.7,47.0
R1341W,?,C_AIM,13.8,44.0
R1341W,?,C_AIM,13.9,37.0
R1341W,?,C_AIM,14.0,34.0
R1341W,?,C_AIM,14.1,40.0
R1341W,?,C_AIM,14.2,42.0
R1341W,?,C_AIM,14.3,46.0
R1341W,?,C_AIM,14.4,52.0
R1341W,?,C_AIM,14.5,50.0
R1341W,?,C_AIM,14.6,51.0
R1341W,?,C_AIM,14.7,39.0
R1341W,?,C_AIM,14.8,55.0
R1341W,?,C_AIM,14.9,60.0
R1341W,?,C_AIM,15.0,57.0
R1341W,?,C_AIM,15.1,55.0
R1341W,?,C_AIM,15.2,51.0
R1341W,?,C_AIM,15.3,63.0
R1341W,?,C_AIM,15.4,62.0
R1341W,?,C_AIM,15.5,61.0
R1341W,?,C_AIM,15.6,65.0
R1341W,?,C_AIM,15.7,69.0
R1341W,?,C_AIM,15.8,67.0
R1341W,?,C_AIM,15.9,52.0
R1341W,?,C_AIM,16.0,74.0
R1341W,?,C_AIM,16.1,64.0
R1341W,?,C_AIM,16.2,59.0
R1341W,?,C_AIM,16.3,58.0
R1341W,?,C_AIM,16.4,61.0
R1341W,?,C_AIM,16.5,59.0
R1341W,?,C_AIM,16.6,54.0
R1341W,?,C_AIM,16.7,53.0
R1341W,?,C_AIM,16.8,55.0
R1341W,?,C_AIM,16.9,49.0
R1341W,?,C_AIM,17.0,51.0
R1341W,?,C_AIM,17.1,62.0
R1341W,?,C_AIM,17.2,55.0
R1341W,?,C_AIM,17.3,56.0
R1341W,?,C_AIM,17.4,60.0
R1341W,?,C_AIM,17.5,63.0
R1341W,?,C_AIM,17.6,59.0
R1341W,?,C_AIM,17.7,42.0
R1341W,?,C_AIM,17.8,54.0
R1341W,?,C_AIM,17.9,55.0
R1341W,?,C_AIM,18.0,60.0
R1341W,?,C_AIM,18.1,52.0
R1341W,?,C_AIM,18.2,58.0
R1341W,?,C_AIM,18.3,56.0
R1341W,?,C_AIM,18.4,52.0
R1341W,?,C_AIM,18.5,53.0
R1341W,?,C_AIM,18.6,56.0
R1341W,?,C_AIM,18.7,52.0
R1341W,?,C_AIM,18.8,62.0
R1341W,?,C_AIM,18.9,56.0
R1341W,?,C_AIM,19.0,61.0
R1341W,?,C_AIM,19.1,51.0
R1341W,?,C_AIM,19.2,57.0
R1341W,?,C_AIM,19.3,64.0
R1341W,?,C_AIM,19.4,53.0
R1341W,?,C_AIM,19.5,56.0
R1341W,?,C_AIM,19.6,44.0
R1341W,?,C_AIM,19.7,57.0
R1341W,?,C_AIM,19.8,58.0
R1341W,?,C_AIM,19.9,55.0
R1341W,?,C_AIM,20.0,51.0
R1341W,?,C_AIM,20.1,67.0
R1341W,?,C_AIM,20.2,58.0
R1341W,?,C_AIM,20.3,48.0
R1341W,?,C_AIM,20.4,50.0
R1341W,?,C_AIM,20.5,39.0
R1341W,?,C_AIM,20.6,59.0
R1341W,?,C_AIM,20.7,62.0
R1341W,?,C_AIM,20.8,68.0
R1341W,?,C_AIM,20.9,49.0
R1341W,?,C_AIM,21.0,46.0
R1341W,?,C_AIM,21.1,54.0
R1341W,?,C_AIM,21.2,56.0
R1341W,?,C_AIM,21.3,59.0
R1341W,?,C_AIM,21.4,44.0
R1341W,?,C_AIM,21.5,48.0
R1341W,?,C_AIM,21.6,56.0
R1341W,?,C_AIM,21.7,52.0
R1341W,?,C_AIM,21.8,55.0
R1341W,?,C_AIM,21.9,48.0
R1341W,?,C_AIM,22.0,51.0
R1341W,?,C_AIM,22.1,48.0
R1341W,?,C_AIM,22.2,42.0
R1341W,?,C_AIM,22.3,49.0
R1341W,?,C_AIM,22.4,39.0
R1341W,?,C_AIM,22.5,42.0
R1341W,?,C_AIM,22.6,51.0
R1341W,?,C_AIM,22.7,36.0
R1341W,?,C_AIM,22.8,37.0
R1341W,?,C_AIM,22.9,30.0
R1341W,?,C_AIM,23.0,37.0
R1341W,?,C_AIM,23.1,44.0
R1341W,?,C_AIM,23.2,35.0
R1341W,?,C_AIM,23.3,35.0
R1341W,?,C_AIM,23.4,41.0
R1341W,?,C_AIM,23.5,39.0
R1341W,?,C_AIM,23.6,40.0
R1341W,?,C_AIM,23.7,40.0
R1341W,?,C_AIM,23.8,42.0
R1341W,?,C_AIM,23.9,42.0
R1341W,?,C_AIM,24.0,39.0
R1341W,?,C_AIM,24.1,49.0
R1341W,?,C_AIM,24.2,44.0
R1341W,?,C_AIM,24.3,47.0
R1341W,?,C_AIM,24.4,48.0
R1341W,?,C_AIM,24.5,49.0
R1341W,?,C_AIM,24.6,45.0
R1341W,?,C_AIM,24.7,38.0
R1341W,?,C_AIM,24.8,42.0
R1341W,?,C_AIM,24.9,38.0
R1341W,?,C_AIM,25.0,37.0
R1341W,?,C_AIM,25.1,47.0
R1341W,?,C_AIM,25.2,40.0
R1341W,?,C_AIM,25.3,44.0
R1341W,?,C_AIM,25.4,43.0
R1341W,?,C_AIM,25.5,45.0
R1341W,?,C_AIM,25.6,45.0
R1341W,?,C_AIM,25.7,47.0
R1341W,?,C_AIM,25.8,44.0
R1341W,?,C_AIM,25.9,42.0
R1341W,?,C_AIM,26.0,36.0
R1341W,?,C_AIM,26.1,34.0
R1341W,?,C_AIM,26.2,36.0
R1341W,?,C_AIM,26.3,31.0
R1341W,?,C_AIM,26.4,38.0
R1341W,?,C_AIM,26.5,40.0
R1341W,?,C_AIM,26.6,52.0
R1341W,?,C_AIM,26.7,43.0
R1341W,?,C_AIM,26.8,53.0
R1341W,?,C_AIM,26.9,49.0
R1341W,?,C_AIM,27.0,47.0
R1341W,?,C_AIM,27.1,45.0
R1341W,?,C_AIM,27.2,55.0
R1341W,?,C_AIM,27.3,43.0
R1341W,?,C_AIM,27.4,50.0
R1341W,?,C_AIM,27.5,57.0
R1341W,?,C_AIM,27.6,53.0
R1341W,?,C_AIM,27.7,58.0
R1341W,?,C_AIM,27.8,51.0
R1341W,?,C_AIM,27.9,60.0
R1341W,?,C_AIM,28.0,47.0
R1341W,?,C_AIM,28.1,49.0
R1341W,?,C_AIM,28.2,48.0
R1341W,?,C_AIM,28.3,52.0
R1341W,?,C_AIM,28.4,53.0
R1341W,?,C_AIM,28.5,49.0
R1341W,?,C_AIM,28.6,46.0
R1341W,?,C_AIM,28.7,48.0
R1341W,?,C_AIM,28.8,47.0
R1341W,?,C_AIM,28.9,45.0
R1341W,?,C_AIM,29.0,52.0
R1341W,?,C_AIM,29.1,48.0
R1341W,?,C_AIM,29.2,49.0
R1341W,?,C_AIM,29.3,50.0
R1341W,?,C_AIM,29.4,45.0
R1341W,?,C_AIM,29.5,50.0
R1341W,?,C_AIM,29.6,48.0
R1341W,?,C_AIM,29.7,56.0
R1341W,?,C_AIM,29.8,49.0
R1341W,?,C_AIM,29.9,40.0
R1341W,?,C_AIM,30.0,52.0
R1341W,?,C_AIM,30.1,42.0
R1341W,?,C_AIM,30.2,45.0
R1341W,?,C_AIM,30.3,44.0
R1341W,?,C_AIM,30.4,46.0
R1341W,?,C_AIM,30.5,35.0
R1341W,?,C_AIM,30.6,42.0
R1341W,?,C_AIM,30.7,49.0
R1341W,?,C_AIM,30.8,49.0
R1341W,?,C_AIM,30.9,46.0
R1341W,?,C_AIM,31.0,53.0
R1341W,?,C_AIM,31.1,46.0
R1341W,?,C_AIM,31.2,45.0
R1341W,?,C_AIM,31.3,42.0
R1341W,?,C_AIM,31.4,47.0
R1341W,?,C_AIM,31.5,36.0
R1341W,?,C_AIM,31.6,42.0
R1341W,?,C_AIM,31.7,35.0
R1341W,?,C_AIM,31.8,38.0
R1341W,?,C_AIM,31.9,44.0
R1341W,?,C_AIM,32.0,53.0
R1341W,?,C_AIM,32.1,47.0
R1341W,?,C_AIM,32.2,49.0
R1341W,?,C_AIM,32.3,46.0
R1341W,?,C_AIM,32.4,43.0
R1341W,?,C_AIM,32.5,43.0
R1341W,?,C_AIM,32.6,50.0
R1341W,?,C_AIM,32.7,46.0
R1341W,?,C_AIM,32.8,33.0
R1341W,?,C_AIM,32.9,43.0
R1341W,?,C_AIM,33.0,42.0
R1341W,?,C_AIM,33.1,38.0
R1341W,?,C_AIM,33.2,41.0
R1341W,?,C_AIM,33.3,37.0
R1341W,?,C_AIM,33.4,50.0
R1341W,?,C_AIM,33.5,44.0
R1341W,?,C_AIM,33.6,43.0
R1341W,?,C_AIM,33.7,48.0
R1341W,?,C_AIM,33.8,40.0
R1341W,?,C_AIM,33.9,45.0
R1341W,?,C_AIM,34.0,50.0
R1341W,?,C_AIM,34.1,43.0
R1341W,?,C_AIM,34.2,44.0
R1341W,?,C_AIM,34.3,45.0
R1341W,?,C_AIM,34.4,39.0
R1341W,?,C_AIM,34.5,50.0
R1341W,?,C_AIM,34.6,45.0
R1341W,?,C_AIM,34.7,47.0
R1341W,?,C_AIM,34.8,50.0
R1341W,?,C_AIM,34.9,41.0
R1341W,?,C_AIM,35.0,45.0
R1341W,?,C_AIM,35.1,47.0
R1341W,?,C_AIM,35.2,54.0
R1341W,?,C_AIM,35.3,41.0
R1341W,?,C_AIM,35.4,47.0
R1341W,?,C_AIM,35.5,44.0
R1341W,?,C_AIM,35.6,48.0
R1341W,?,C_AIM,35.7,59.0
R1341W,?,C_AIM,35.8,54.0
R1341W,?,C_AIM,35.9,46.0
R1341W,?,C_AIM,36.0,60.0
R1341W,?,C_AIM,36.1,59.0
R1341W,?,C_AIM,36.2,69.0
R1341W,?,C_AIM,36.3,62.0
R1341W,?,C_AIM,36.4,63.0
R1341W,?,C_AIM,36.5,55.0
R1341W,?,C_AIM,36.6,65.0
R1341W,?,C_AIM,36.7,44.0
R1341W,?,C_AIM,36.8,62.0
R1341W,?,C_AIM,36.9,59.0
R1341W,?,C_AIM,37.0,57.0
R1341W,?,C_AIM,37.1,58.0
R1341W,?,C_AIM,37.2,59.0
R1341W,?,C_AIM,37.3,58.0
R1341W,?,C_AIM,37.4,52.0
R1341W,?,C_AIM,37.5,54.0
R1341W,?,C_AIM,37.6,56.0
R1341W,?,C_AIM,37.7,50.0
R1341W,?,C_AIM,37.8,59.0
R1341W,?,C_AIM,37.9,55.0
R1341W,?,C_AIM,38.0,53.0
R1341W,?,C_AIM,38.1,50.0
R1341W,?,C_AIM,38.2,54.0
R1341W,?,C_AIM,38.3,57.0
R1341W,?,C_AIM,38.4,55.0
R1341W,?,C_AIM,38.5,56.0
R1341W,?,C_AIM,38.6,53.0
R1341W,?,C_AIM,38.7,38.0
R1341W,?,C_AIM,38.8,58.0
R1341W,?,C_AIM,38.9,52.0
R1341W,?,C_AIM,39.0,42.0
R1341W,?,C_AIM,39.1,53.0
R1341W,?,C_AIM,39.2,49.0
R1341W,?,C_AIM,39.3,49.0
R1341W,?,C_AIM,39.4,52.0
R1341W,?,C_AIM,39.5,45.0
R1341W,?,C_AIM,39.6,50.0
R1341W,?,C_AIM,39.7,44.0
R1341W,?,C_AIM,39.8,61.0
R1341W,?,C_AIM,39.9,49.0
R1341W,?,C_AIM,40.0,63.0
R1341W,?,C_AIM,40.1,57.0
R1341W,?,C_AIM,40.2,57.0
R1341W,?,C_AIM,40.3,43.0
R1341W,?,C_AIM,40.4,56.0
R1341W,?,C_AIM,40.5,44.0
R1341W,?,C_AIM,40.6,56.0
R1341W,?,C_AIM,40.7,53.0
R1341W,?,C_AIM,40.8,49.0
R1341W,?,C_AIM,40.9,46.0
R1341W,?,C_AIM,41.0,58.0
R1341W,?,C_AIM,41.1,60.0
R1341W,?,C_AIM,41.2,58.0
R1341W,?,C_AIM,41.3,51.0
R1341W,?,C_AIM,41.4,58.0
R1341W,?,C_AIM,41.5,40.0
R1341W,?,C_AIM,41.6,52.0
R1341W,?,C_AIM,41.7,59.0
R1341W,?,C_AIM,41.8,52.0
R1341W,?,C_AIM,41.9,51.0
R1341W,?,C_AIM,42.0,41.0
R1341W,?,C_AIM,42.1,51.0
R1341W,?,C_AIM,42.2,37.0
R1341W,?,C_AIM,42.3,38.0
R1341W,?,C_AIM,42.4,45.0
R1341W,?,C_AIM,42.5,49.0
R1341W,?,C_AIM,42.6,51.0
R1341W,?,C_AIM,42.7,54.0
R1341W,?,C_AIM,42.8,37.0
R1341W,?,C_AIM,42.9,32.0
R1341W,?,C_AIM,43.0,48.0
R1341W,?,C_AIM,43.1,51.0
R1341W,?,C_AIM,43.2,42.0
R1341W,?,C_AIM,43.3,50.0
R1341W,?,C_AIM,43.4,46.0
R1341W,?,C_AIM,43.5,44.0
R1341W,?,C_AIM,43.6,45.0
R1341W,?,C_AIM,43.7,41.0
R1341W,?,C_AIM,43.8,46.0
R1341W,?,C_AIM,43.9,45.0
R1341W,?,C_AIM,44.0,33.0
R1341W,?,C_AIM,44.1,49.0
R1341W,?,C_AIM,44.2,46.0
R1341W,?,C_AIM,44.3,53.0
R1341W,?,C_AIM,44.4,44.0
R1341W,?,C_AIM,44.5,53.0
R1341W,?,C_AIM,44.6,38.0
R1341W,?,C_AIM,44.7,47.0
R1341W,?,C_AIM,44.8,42.0
R1341W,?,C_AIM,44.9,44.0
R1341W,?,C_AIM,45.0,49.0
R1341W,?,C_AIM,45.1,44.0
R1341W,?,C_AIM,45.2,47.0
R1341W,?,C_AIM,45.3,61.0
R1341W,?,C_AIM,45.4,50.0
R1341W,?,C_AIM,45.5,49.0
R1341W,?,C_AIM,45.6,55.0
R1341W,?,C_AIM,45.7,57.0
R1341W,?,C_AIM,45.8,56.0
R1341W,?,C_AIM,45.9,62.0
R1341W,?,C_AIM,46.0,67.0
R1341W,?,C_AIM,46.1,62.0
R1341W,?,C_AIM,46.2,61.0
R1341W,?,C_AIM,46.3,69.0
R1341W,?,C_AIM,46.4,54.0
R1341W,?,C_AIM,46.5,56.0
R1341W,?,C_AIM,46.6,50.0
R1341W,?,C_AIM,46.7,48.0
R1341W,?,C_AIM,46.8,42.0
R1341W,?,C_AIM,46.9,59.0
R1341W,?,C_AIM,47.0,64.0
R1341W,?,C_AIM,47.1,57.0
R1341W,?,C_AIM,47.2,61.0
R1341W,?,C_AIM,47.3,52.0
R1341W,?,C_AIM,47.4,63.0
R1341W,?,C_AIM,47.5,58.0
R1341W,?,C_AIM,47.6,66.0
R1341W,?,C_AIM,47.7,56.0
R1341W,?,C_AIM,47.8,52.0
R1341W,?,C_AIM,47.9,53.0
R1341W,?,C_AIM,48.0,42.0
R1341W,?,C_AIM,48.1,35.0
R1341W,?,C_AIM,48.2,38.0
R1341W,?,C_AIM,48.3,48.0
R1341W,?,C_AIM,48.4,55.0
R1341W,?,C_AIM,48.5,48.0
R1341W,?,C_AIM,48.6,59.0
R1341W,?,C_AIM,48.7,48.0
R1341W,?,C_AIM,48.8,50.0
R1341W,?,C_AIM,48.9,44.0
R1341W,?,C_AIM,49.0,45.0
R1341W,?,C_AIM,49.1,48.0
R1341W,?,C_AIM,49.2,47.0
R1341W,?,C_AIM,49.3,63.0
R1341W,?,C_AIM,49.4,56.0
R1341W,?,C_AIM,49.5,58.0
R1341W,?,C_AIM,49.6,54.0
R1341W,?,C_AIM,49.7,43.0
R1341W,?,C_AIM,49.8,52.0
R1341W,?,C_AIM,49.9,49.0
R1341W,?,C_AIM,50.0,49.0
A1461D,?,AIM_all,0.0,162.0
A1461D,?,AIM_all,0.1,152.0
A1461D,?,AIM_all,0.2,146.0
A1461D,?,AIM_all,0.3,141.0
A1461D,?,AIM_all,0.4,140.0
A1461D,?,AIM_all,0.5,138.0
A1461D,?,AIM_all,0.6,149.0
A1461D,?,AIM_all,0.7,118.0
A1461D,?,AIM_all,0.8,141.0
A1461D,?,AIM_all,0.9,139.0
A1461D,?,AIM_all,1.0,127.0
A1461D,?,AIM_all,1.1,128.0
A1461D,?,AIM_all,1.2,130.0
A1461D,?,AIM_all,1.3,114.0
A1461D,?,AIM_all,1.4,119.0
A1461D,?,AIM_all,1.5,124.0
A1461D,?,AIM_all,1.6,109.0
A1461D,?,AIM_all,1.7,111.0
A1461D,?,AIM_all,1.8,113.0
A1461D,?,AIM_all,1.9,132.0
A1461D,?,AIM_all,2.0,128.0
A1461D,?,AIM_all,2.1,124.0
A1461D,?,AIM_all,2.2,119.0
A1461D,?,AIM_all,2.3,110.0
A1461D,?,AIM_all,2.4,123.0
A1461D,?,AIM_all,2.5,113.0
A1461D,?,AIM_all,2.6,115.0
A1461D,?,AIM_all,2.7,114.0
A1461D,?,AIM_all,2.8,122.0
A1461D,?,AIM_all,2.9,105.0
A1461D,?,AIM_all,3.0,123.0
A1461D,?,AIM_all,3.1,120.0
A1461D,?,AIM_all,3.2,124.0
A1461D,?,AIM_all,3.3,123.0
A1461D,?,AIM_all,3.4,116.0
A1461D,?,AIM_all,3.5,110.0
A1461D,?,AIM_all,3.6,124.0
A1461D,?,AIM_all,3.7,113.0
A1461D,?,AIM_all,3.8,121.0
A1461D,?,AIM_all,3.9,119.0
A1461D,?,AIM_all,4.0,125.0
A1461D,?,AIM_all,4.1,110.0
A1461D,?,AIM_all,4.2,117.0
A1461D,?,AIM_all,4.3,130.0
A1461D,?,AIM_all,4.4,147.0
A1461D,?,AIM_all,4.5,145.0
A1461D,?,AIM_all,4.6,144.0
A1461D,?,AIM_all,4.7,137.0
A1461D,?,AIM_all,4.8,165.0
A1461D,?,AIM_all,4.9,162.0
A1461D,?,AIM_all,5.0,164.0
A1461D,?,AIM_all,5.1,160.0
A1461D,?,AIM_all,5.2,160.0
A1461D,?,AIM_all,5.3,159.0
A1461D,?,AIM_all,5.4,168.0
A1461D,?,AIM_all,5.5,152.0
A1461D,?,AIM_all,5.6,155.0
A1461D,?,AIM_all,5.7,134.0
A1461D,?,AIM_all,5.8,149.0
A1461D,?,AIM_all,5.9,151.0
A1461D,?,AIM_all,6.0,159.0
A1461D,?,AIM_all,6.1,146.0
A1461D,?,AIM_all,6.2,154.0
A1461D,?,AIM_all,6.3,165.0
A1461D,?,AIM_all,6.4,154.0
A1461D,?,AIM_all,6.5,178.0
A1461D,?,AIM_all,6.6,158.0
A1461D,?,AIM_all,6.7,161.0
A1461D,?,AIM_all,6.8,170.0
A1461D,?,AIM_all,6.9,143.0
A1461D,?,AIM_all,7.0,166.0
A1461D,?,AIM_all,7.1,153.0
A1461D,?,AIM_all,7.2,162.0
A1461D,?,AIM_all,7.3,159.0
A1461D,?,AIM_all,7.400001,163.0
A1461D,?,AIM_all,7.5,158.0
A1461D,?,AIM_all,7.6,174.0
A1461D,?,AIM_all,7.7,158.0
A1461D,?,AIM_all,7.8,144.0
A1461D,?,AIM_all,7.900001,146.0
A1461D,?,AIM_all,8.0,154.0
A1461D,?,AIM_all,8.1,159.0
A1461D,?,AIM_all,8.200001,152.0
A1461D,?,AIM_all,8.3,160.0
A1461D,?,AIM_all,8.400001,145.0
A1461D,?,AIM_all,8.5,159.0
A1461D,?,AIM_all,8.6,139.0
A1461D,?,AIM_all,8.700001,136.0
A1461D,?,AIM_all,8.8,153.0
A1461D,?,AIM_all,8.900001,146.0
A1461D,?,AIM_all,9.0,147.0
A1461D,?,AIM_all,9.1,146.0
A1461D,?,AIM_all,9.200001,144.0
A1461D,?,AIM_all,9.3,153.0
A1461D,?,AIM_all,9.400001,131.0
A1461D,?,AIM_all,9.5,145.0
A1461D,?,AIM_all,9.6,126.0
A1461D,?,AIM_all,9.700001,142.0
A1461D,?,AIM_all,9.8,156.0
A1461D,?,AIM_all,9.900001,157.0
A1461D,?,AIM_all,10.0,155.0
A1461D,?,AIM_all,10.1,137.0
A1461D,?,AIM_all,10.2,129.0
A1461D,?,AIM_all,10.3,126.0
A1461D,?,AIM_all,10.4,127.0
A1461D,?,AIM_all,10.5,133.0
A1461D,?,AIM_all,10.6,136.0
A1461D,?,AIM_all,10.7,138.0
A1461D,?,AIM_all,10.8,156.0
A1461D,?,AIM_all,10.9,151.0
A1461D,?,AIM_all,11.0,152.0
A1461D,?,AIM_all,11.1,156.0
A1461D,?,AIM_all,11.2,148.0
A1461D,?,AIM_all,11.3,136.0
A1461D,?,AIM_all,11.4,147.0
A1461D,?,AIM_all,11.5,157.0
A1461D,?,AIM_all,11.6,149.0
A1461D,?,AIM_all,11.7,148.0
A1461D,?,AIM_all,11.8,135.0
A1461D,?,AIM_all,11.9,139.0
A1461D,?,AIM_all,12.0,134.0
A1461D,?,AIM_all,12.1,147.0
A1461D,?,AIM_all,12.2,132.0
A1461D,?,AIM_all,12.3,154.0
A1461D,?,AIM_all,12.4,161.0
A1461D,?,AIM_all,12.5,162.0
A1461D,?,AIM_all,12.6,153.0
A1461D,?,AIM_all,12.7,158.0
A1461D,?,AIM_all,12.8,142.0
A1461D,?,AIM_all,12.9,142.0
A1461D,?,AIM_all,13.0,136.0
A1461D,?,AIM_all,13.1,138.0
A1461D,?,AIM_all,13.2,122.0
A1461D,?,AIM_all,13.3,121.0
A1461D,?,AIM_all,13.4,143.0
A1461D,?,AIM_all,13.5,142.0
A1461D,?,AIM_all,13.6,156.0
A1461D,?,AIM_all,13.7,141.0
A1461D,?,AIM_all,13.8,159.0
A1461D,?,AIM_all,13.9,132.0
A1461D,?,AIM_all,14.0,142.0
A1461D,?,AIM_all,14.1,115.0
A1461D,?,AIM_all,14.2,156.0
A1461D,?,AIM_all,14.3,148.0
A1461D,?,AIM_all,14.4,124.0
A1461D,?,AIM_all,14.5,115.0
A1461D,?,AIM_all,14.6,100.0
A1461D,?,AIM_all,14.7,114.0
A1461D,?,AIM_all,14.8,137.0
A1461D,?,AIM_all,14.9,137.0
A1461D,?,AIM_all,15.0,146.0
A1461D,?,AIM_all,15.1,136.0
A1461D,?,AIM_all,15.2,142.0
A1461D,?,AIM_all,15.3,134.0
A1461D,?,AIM_all,15.4,125.0
A1461D,?,AIM_all,15.5,134.0
A1461D,?,AIM_all,15.6,141.0
A1461D,?,AIM_all,15.7,124.0
A1461D,?,AIM_all,15.8,117.0
A1461D,?,AIM_all,15.9,129.0
A1461D,?,AIM_all,16.0,132.0
A1461D,?,AIM_all,16.1,143.0
A1461D,?,AIM_all,16.2,157.0
A1461D,?,AIM_all,16.3,145.0
A1461D,?,AIM_all,16.4,143.0
A1461D,?,AIM_all,16.5,120.0
A1461D,?,AIM_all,16.6,134.0
A1461D,?,AIM_all,16.7,134.0
A1461D,?,AIM_all,16.8,139.0
A1461D,?,AIM_all,16.9,147.0
A1461D,?,AIM_all,17.0,130.0
A1461D,?,AIM_all,17.1,133.0
A1461D,?,AIM_all,17.2,139.0
A1461D,?,AIM_all,17.3,149.0
A1461D,?,AIM_all,17.4,145.0
A1461D,?,AIM_all,17.5,134.0
A1461D,?,AIM_all,17.6,104.0
A1461D,?,AIM_all,17.7,96.0
A1461D,?,AIM_all,17.8,99.0
A1461D,?,AIM_all,17.9,96.0
A1461D,?,AIM_all,18.0,87.0
A1461D,?,AIM_all,18.1,85.0
A1461D,?,AIM_all,18.2,85.0
A1461D,?,AIM_all,18.3,85.0
A1461D,?,AIM_all,18.4,75.0
A1461D,?,AIM_all,18.5,81.0
A1461D,?,AIM_all,18.6,79.0
A1461D,?,AIM_all,18.7,84.0
A1461D,?,AIM_all,18.8,80.0
A1461D,?,AIM_all,18.9,81.0
A1461D,?,AIM_all,19.0,82.0
A1461D,?,AIM_all,19.1,74.0
A1461D,?,AIM_all,19.2,79.0
A1461D,?,AIM_all,19.3,78.0
A1461D,?,AIM_all,19.4,89.0
A1461D,?,AIM_all,19.5,91.0
A1461D,?,AIM_all,19.6,82.0
A1461D,?,AIM_all,19.7,96.0
A1461D,?,AIM_all,19.8,96.0
A1461D,?,AIM_all,19.9,97.0
A1461D,?,AIM_all,20.0,86.0
A1461D,?,AIM_all,20.1,78.0
A1461D,?,AIM_all,20.2,75.0
A1461D,?,AIM_all,20.3,70.0
A1461D,?,AIM_all,20.4,64.0
A1461D,?,AIM_all,20.5,88.0
A1461D,?,AIM_all,20.6,98.0
A1461D,?,AIM_all,20.7,77.0
A1461D,?,AIM_all,20.8,64.0
A1461D,?,AIM_all,20.9,72.0
A1461D,?,AIM_all,21.0,83.0
A1461D,?,AIM_all,21.1,74.0
A1461D,?,AIM_all,21.2,82.0
A1461D,?,AIM_all,21.3,80.0
A1461D,?,AIM_all,21.4,74.0
A1461D,?,AIM_all,21.5,81.0
A1461D,?,AIM_all,21.6,72.0
A1461D,?,AIM_all,21.7,86.0
A1461D,?,AIM_all,21.8,81.0
A1461D,?,AIM_all,21.9,82.0
A1461D,?,AIM_all,22.0,78.0
A1461D,?,AIM_all,22.1,83.0
A1461D,?,AIM_all,22.2,84.0
A1461D,?,AIM_all,22.3,99.0
A1461D,?,AIM_all,22.4,80.0
A1461D,?,AIM_all,22.5,84.0
A1461D,?,AIM_all,22.6,69.0
A1461D,?,AIM_all,22.7,70.0
A1461D,?,AIM_all,22.8,68.0
A1461D,?,AIM_all,22.9,60.0
A1461D,?,AIM_all,23.0,79.0
A1461D,?,AIM_all,23.1,79.0
A1461D,?,AIM_all,23.2,66.0
A1461D,?,AIM_all,23.3,80.0
A1461D,?,AIM_all,23.4,57.0
A1461D,?,AIM_all,23.5,67.0
A1461D,?,AIM_all,23.6,73.0
A1461D,?,AIM_all,23.7,79.0
A1461D,?,AIM_all,23.8,78.0
A1461D,?,AIM_all,23.9,76.0
A1461D,?,AIM_all,24.0,82.0
A1461D,?,AIM_all,24.1,86.0
A1461D,?,AIM_all,24.2,82.0
A1461D,?,AIM_all,24.3,67.0
A1461D,?,AIM_all,24.4,73.0
A1461D,?,AIM_all,24.5,84.0
A1461D,?,AIM_all,24.6,68.0
A1461D,?,AIM_all,24.7,81.0
A1461D,?,AIM_all,24.8,56.0
A1461D,?,AIM_all,24.9,75.0
A1461D,?,AIM_all,25.0,78.0
A1461D,?,AIM_all,25.1,61.0
A1461D,?,AIM_all,25.2,62.0
A1461D,?,AIM_all,25.3,60.0
A1461D,?,AIM_all,25.4,63.0
A1461D,?,AIM_all,25.5,61.0
A1461D,?,AIM_all,25.6,67.0
A1461D,?,AIM_all,25.7,52.0
A1461D,?,AIM_all,25.8,66.0
A1461D,?,AIM_all,25.9,62.0
A1461D,?,AIM_all,26.0,61.0
A1461D,?,AIM_all,26.1,70.0
A1461D,?,AIM_all,26.2,58.0
A1461D,?,AIM_all,26.3,72.0
A1461D,?,AIM_all,26.4,78.0
A1461D,?,AIM_all,26.5,59.0
A1461D,?,AIM_all,26.6,74.0
A1461D,?,AIM_all,26.7,72.0
A1461D,?,AIM_all,26.8,62.0
A1461D,?,AIM_all,26.9,71.0
A1461D,?,AIM_all,27.0,54.0
A1461D,?,AIM_all,27.1,60.0
A1461D,?,AIM_all,27.2,62.0
A1461D,?,AIM_all,27.3,47.0
A1461D,?,AIM_all,27.4,60.0
A1461D,?,AIM_all,27.5,52.0
A1461D,?,AIM_all,27.6,59.0
A1461D,?,AIM_all,27.7,71.0
A1461D,?,AIM_all,27.8,61.0
A1461D,?,AIM_all,27.9,64.0
A1461D,?,AIM_all,28.0,81.0
A1461D,?,AIM_all,28.1,76.0
A1461D,?,AIM_all,28.2,74.0
A1461D,?,AIM_all,28.3,74.0
A1461D,?,AIM_all,28.4,64.0
A1461D,?,AIM_all,28.5,61.0
A1461D,?,AIM_all,28.6,75.0
A1461D,?,AIM_all,28.7,66.0
A1461D,?,AIM_all,28.8,62.0
A1461D,?,AIM_all,28.9,55.0
A1461D,?,AIM_all,29.0,71.0
A1461D,?,AIM_all,29.1,81.0
A1461D,?,AIM_all,29.2,72.0
A1461D,?,AIM_all,29.3,86.0
A1461D,?,AIM_all,29.4,67.0
A1461D,?,AIM_all,29.5,69.0
A1461D,?,AIM_all,29.6,70.0
A1461D,?,AIM_all,29.7,64.0
A1461D,?,AIM_all,29.8,69.0
A1461D,?,AIM_all,29.9,73.0
A1461D,?,AIM_all,30.0,81.0
A1461D,?,AIM_all,30.1,60.0
A1461D,?,AIM_all,30.2,83.0
A1461D,?,AIM_all,30.3,69.0
A1461D,?,AIM_all,30.4,73.0
A1461D,?,AIM_all,30.5,66.0
A1461D,?,AIM_all,30.6,67.0
A1461D,?,AIM_all,30.7,78.0
A1461D,?,AIM_all,30.8,66.0
A1461D,?,AIM_all,30.9,71.0
A1461D,?,AIM_all,31.0,61.0
A1461D,?,AIM_all,31.1,68.0
A1461D,?,AIM_all,31.2,74.0
A1461D,?,AIM_all,31.3,79.0
A1461D,?,AIM_all,31.4,79.0
A1461D,?,AIM_all,31.5,69.0
A1461D,?,AIM_all,31.6,76.0
A1461D,?,AIM_all,31.7,70.0
A1461D,?,AIM_all,31.8,78.0
A1461D,?,AIM_all,31.9,82.0
A1461D,?,AIM_all,32.0,80.0
A1461D,?,AIM_all,32.1,77.0
A1461D,?,AIM_all,32.2,74.0
A1461D,?,AIM_all,32.3,67.0
A1461D,?,AIM_all,32.4,66.0
A1461D,?,AIM_all,32.5,80.0
A1461D,?,AIM_all,32.6,71.0
A1461D,?,AIM_all,32.7,60.0
A1461D,?,AIM_all,32.8,69.0
A1461D,?,AIM_all,32.9,63.0
A1461D,?,AIM_all,33.0,70.0
A1461D,?,AIM_all,33.1,65.0
A1461D,?,AIM_all,33.2,68.0
A1461D,?,AIM_all,33.3,70.0
A1461D,?,AIM_all,33.4,65.0
A1461D,?,AIM_all,33.5,74.0
A1461D,?,AIM_all,33.6,73.0
A1461D,?,AIM_all,33.7,75.0
A1461D,?,AIM_all,33.8,68.0
A1461D,?,AIM_all,33.9,70.0
A1461D,?,AIM_all,34.0,71.0
A1461D,?,AIM_all,34.1,71.0
A1461D,?,AIM_all,34.2,66.0
A1461D,?,AIM_all,34.3,68.0
A1461D,?,AIM_all,34.4,78.0
A1461D,?,AIM_all,34.5,58.0
A1461D,?,AIM_all,34.6,71.0
A1461D,?,AIM_all,34.7,73.0
A1461D,?,AIM_all,34.8,61.0
A1461D,?,AIM_all,34.9,77.0
A1461D,?,AIM_all,35.0,72.0
A1461D,?,AIM_all,35.1,55.0
A1461D,?,AIM_all,35.2,76.0
A1461D,?,AIM_all,35.3,71.0
A1461D,?,AIM_all,35.4,64.0
A1461D,?,AIM_all,35.5,70.0
A1461D,?,AIM_all,35.6,81.0
A1461D,?,AIM_all,35.7,66.0
A1461D,?,AIM_all,35.8,70.0
A1461D,?,AIM_all,35.9,53.0
A1461D,?,AIM_all,36.0,81.0
A1461D,?,AIM_all,36.1,75.0
A1461D,?,AIM_all,36.2,75.0
A1461D,?,AIM_all,36.3,74.0
A1461D,?,AIM_all,36.4,72.0
A1461D,?,AIM_all,36.5,78.0
A1461D,?,AIM_all,36.6,77.0
A1461D,?,AIM_all,36.7,71.0
A1461D,?,AIM_all,36.8,56.0
A1461D,?,AIM_all,36.9,54.0
A1461D,?,AIM_all,37.0,69.0
A1461D,?,AIM_all,37.1,72.0
A1461D,?,AIM_all,37.2,72.0
A1461D,?,AIM_all,37.3,64.0
A1461D,?,AIM_all,37.4,61.0
A1461D,?,AIM_all,37.5,71.0
A1461D,?,AIM_all,37.6,77.0
A1461D,?,AIM_all,37.7,62.0
A1461D,?,AIM_all,37.8,75.0
A1461D,?,AIM_all,37.9,72.0
A1461D,?,AIM_all,38.0,66.0
A1461D,?,AIM_all,38.1,74.0
A1461D,?,AIM_all,38.2,71.0
A1461D,?,AIM_all,38.3,64.0
A1461D,?,AIM_all,38.4,77.0
A1461D,?,AIM_all,38.5,81.0
A1461D,?,AIM_all,38.6,66.0
A1461D,?,AIM_all,38.7,70.0
A1461D,?,AIM_all,38.8,71.0
A1461D,?,AIM_all,38.9,80.0
A1461D,?,AIM_all,39.0,72.0
A1461D,?,AIM_all,39.1,66.0
A1461D,?,AIM_all,39.2,59.0
A1461D,?,AIM_all,39.3,59.0
A1461D,?,AIM_all,39.4,93.0
A1461D,?,AIM_all,39.5,71.0
A1461D,?,AIM_all,39.6,69.0
A1461D,?,AIM_all,39.7,67.0
A1461D,?,AIM_all,39.8,74.0
A1461D,?,AIM_all,39.9,69.0
A1461D,?,AIM_all,40.0,70.0
A1461D,?,AIM_all,40.1,77.0
A1461D,?,AIM_all,40.2,81.0
A1461D,?,AIM_all,40.3,70.0
A1461D,?,AIM_all,40.4,56.0
A1461D,?,AIM_all,40.5,60.0
A1461D,?,AIM_all,40.6,68.0
A1461D,?,AIM_all,40.7,75.0
A1461D,?,AIM_all,40.8,71.0
A1461D,?,AIM_all,40.9,73.0
A1461D,?,AIM_all,41.0,79.0
A1461D,?,AIM_all,41.1,83.0
A1461D,?,AIM_all,41.2,64.0
A1461D,?,AIM_all,41.3,63.0
A1461D,?,AIM_all,41.4,70.0
A1461D,?,AIM_all,41.5,60.0
A1461D,?,AIM_all,41.6,87.0
A1461D,?,AIM_all,41.7,54.0
A1461D,?,AIM_all,41.8,79.0
A1461D,?,AIM_all,41.9,86.0
A1461D,?,AIM_all,42.0,69.0
A1461D,?,AIM_all,42.1,67.0
A1461D,?,AIM_all,42.2,76.0
A1461D,?,AIM_all,42.3,71.0
A1461D,?,AIM_all,42.4,78.0
A1461D,?,AIM_all,42.5,64.0
A1461D,?,AIM_all,42.6,65.0
A1461D,?,AIM_all,42.7,62.0
A1461D,?,AIM_all,42.8,67.0
A1461D,?,AIM_all,42.9,75.0
A1461D,?,AIM_all,43.0,60.0
A1461D,?,AIM_all,43.1,68.0
A1461D,?,AIM_all,43.2,73.0
A1461D,?,AIM_all,43.3,70.0
A1461D,?,AIM_all,43.4,67.0
A1461D,?,AIM_all,43.5,88.0
A1461D,?,AIM_all,43.6,76.0
A1461D,?,AIM_all,43.7,70.0
A1461D,?,AIM_all,43.8,66.0
A1461D,?,AIM_all,43.9,68.0
A1461D,?,AIM_all,44.0,68.0
A1461D,?,AIM_all,44.1,70.0
A1461D,?,AIM_all,44.2,69.0
A1461D,?,AIM_all,44.3,72.0
A1461D,?,AIM_all,44.4,68.0
A1461D,?,AIM_all,44.5,71.0
A1461D,?,AIM_all,44.6,75.0
A1461D,?,AIM_all,44.7,76.0
A1461D,?,AIM_all,44.8,76.0
A1461D,?,AIM_all,44.9,66.0
A1461D,?,AIM_all,45.0,84.0
A1461D,?,AIM_all,45.1,75.0
A1461D,?,AIM_all,45.2,68.0
A1461D,?,AIM_all,45.3,60.0
A1461D,?,AIM_all,45.4,78.0
A1461D,?,AIM_all,45.5,69.0
A1461D,?,AIM_all,45.6,65.0
A1461D,?,AIM_all,45.7,70.0
A1461D,?,AIM_all,45.8,67.0
A1461D,?,AIM_all,45.9,70.0
A1461D,?,AIM_all,46.0,67.0
A1461D,?,AIM_all,46.1,76.0
A1461D,?,AIM_all,46.2,66.0
A1461D,?,AIM_all,46.3,64.0
A1461D,?,AIM_all,46.4,56.0
A1461D,?,AIM_all,46.5,63.0
A1461D,?,AIM_all,46.6,66.0
A1461D,?,AIM_all,46.7,81.0
A1461D,?,AIM_all,46.8,61.0
A1461D,?,AIM_all,46.9,74.0
A1461D,?,AIM_all,47.0,71.0
A1461D,?,AIM_all,47.1,78.0
A1461D,?,AIM_all,47.2,72.0
A1461D,?,AIM_all,47.3,73.0
A1461D,?,AIM_all,47.4,74.0
A1461D,?,AIM_all,47.5,70.0
A1461D,?,AIM_all,47.6,59.0
A1461D,?,AIM_all,47.7,89.0
A1461D,?,AIM_all,47.8,77.0
A1461D,?,AIM_all,47.9,66.0
A1461D,?,AIM_all,48.0,79.0
A1461D,?,AIM_all,48.1,71.0
A1461D,?,AIM_all,48.2,61.0
A1461D,?,AIM_all,48.3,73.0
A1461D,?,AIM_all,48.4,65.0
A1461D,?,AIM_all,48.5,64.0
A1461D,?,AIM_all,48.6,61.0
A1461D,?,AIM_all,48.7,64.0
A1461D,?,AIM_all,48.8,70.0
A1461D,?,AIM_all,48.9,58.0
A1461D,?,AIM_all,49.0,67.0
A1461D,?,AIM_all,49.1,72.0
A1461D,?,AIM_all,49.2,66.0
A1461D,?,AIM_all,49.3,67.0
A1461D,?,AIM_all,49.4,73.0
A1461D,?,AIM_all,49.5,71.0
A1461D,?,AIM_all,49.6,72.0
A1461D,?,AIM_all,49.7,60.0
A1461D,?,AIM_all,49.8,60.0
A1461D,?,AIM_all,49.9,68.0
A1461D,?,AIM_all,50.0,42.0
A1461D,?,N_AIM,0.0,107.0
A1461D,?,N_AIM,0.1,101.0
A1461D,?,N_AIM,0.2,101.0
A1461D,?,N_AIM,0.3,110.0
A1461D,?,N_AIM,0.4,100.0
A1461D,?,N_AIM,0.5,93.0
A1461D,?,N_AIM,0.6,128.0
A1461D,?,N_AIM,0.7,101.0
A1461D,?,N_AIM,0.8,101.0
A1461D,?,N_AIM,0.9,112.0
A1461D,?,N_AIM,1.0,98.0
A1461D,?,N_AIM,1.1,102.0
A1461D,?,N_AIM,1.2,103.0
A1461D,?,N_AIM,1.3,102.0
A1461D,?,N_AIM,1.4,107.0
A1461D,?,N_AIM,1.5,104.0
A1461D,?,N_AIM,1.6,95.0
A1461D,?,N_AIM,1.7,102.0
A1461D,?,N_AIM,1.8,96.0
A1461D,?,N_AIM,1.9,117.0
A1461D,?,N_AIM,2.0,115.0
A1461D,?,N_AIM,2.1,103.0
A1461D,?,N_AIM,2.2,106.0
A1461D,?,N_AIM,2.3,99.0
A1461D,?,N_AIM,2.4,109.0
A1461D,?,N_AIM,2.5,102.0
A1461D,?,N_AIM,2.6,106.0
A1461D,?,N_AIM,2.7,101.0
A1461D,?,N_AIM,2.8,107.0
A1461D,?,N_AIM,2.9,98.0
A1461D,?,N_AIM,3.0,103.0
A1461D,?,N_AIM,3.1,104.0
A1461D,?,N_AIM,3.2,107.0
A1461D,?,N_AIM,3.3,112.0
A1461D,?,N_AIM,3.4,108.0
A1461D,?,N_AIM,3.5,103.0
A1461D,?,N_AIM,3.6,114.0
A1461D,?,N_AIM,3.7,105.0
A1461D,?,N_AIM,3.8,110.0
A1461D,?,N_AIM,3.9,112.0
A1461D,?,N_AIM,4.0,125.0
A1461D,?,N_AIM,4.1,110.0
A1461D,?,N_AIM,4.2,100.0
A1461D,?,N_AIM,4.3,106.0
A1461D,?,N_AIM,4.4,120.0
A1461D,?,N_AIM,4.5,128.0
A1461D,?,N_AIM,4.6,118.0
A1461D,?,N_AIM,4.7,115.0
A1461D,?,N_AIM,4.8,140.0
A1461D,?,N_AIM,4.9,129.0
A1461D,?,N_AIM,5.0,133.0
A1461D,?,N_AIM,5.1,130.0
A1461D,?,N_AIM,5.2,135.0
A1461D,?,N_AIM,5.3,129.0
A1461D,?,N_AIM,5.4,136.0
A1461D,?,N_AIM,5.5,130.0
A1461D,?,N_AIM,5.6,124.0
A1461D,?,N_AIM,5.7,120.0
A1461D,?,N_AIM,5.8,123.0
A1461D,?,N_AIM,5.9,117.0
A1461D,?,N_AIM,6.0,127.0
A1461D,?,N_AIM,6.1,117.0
A1461D,?,N_AIM,6.2,127.0
A1461D,?,N_AIM,6.3,144.0
A1461D,?,N_AIM,6.4,129.0
A1461D,?,N_AIM,6.5,152.0
A1461D,?,N_AIM,6.6,134.0
A1461D,?,N_AIM,6.7,144.0
A1461D,?,N_AIM,6.8,137.0
A1461D,?,N_AIM,6.9,121.0
A1461D,?,N_AIM,7.0,140.0
A1461D,?,N_AIM,7.1,122.0
A1461D,?,N_AIM,7.2,132.0
A1461D,?,N_AIM,7.3,134.0
A1461D,?,N_AIM,7.400001,142.0
A1461D,?,N_AIM,7.5,134.0
A1461D,?,N_AIM,7.6,149.0
A1461D,?,N_AIM,7.7,132.0
A1461D,?,N_AIM,7.8,114.0
A1461D,?,N_AIM,7.900001,112.0
A1461D,?,N_AIM,8.0,125.0
A1461D,?,N_AIM,8.1,127.0
A1461D,?,N_AIM,8.200001,128.0
A1461D,?,N_AIM,8.3,138.0
A1461D,?,N_AIM,8.400001,120.0
A1461D,?,N_AIM,8.5,135.0
A1461D,?,N_AIM,8.6,117.0
A1461D,?,N_AIM,8.700001,116.0
A1461D,?,N_AIM,8.8,120.0
A1461D,?,N_AIM,8.900001,115.0
A1461D,?,N_AIM,9.0,124.0
A1461D,?,N_AIM,9.1,121.0
A1461D,?,N_AIM,9.200001,129.0
A1461D,?,N_AIM,9.3,120.0
A1461D,?,N_AIM,9.400001,121.0
A1461D,?,N_AIM,9.5,122.0
A1461D,?,N_AIM,9.6,105.0
A1461D,?,N_AIM,9.700001,116.0
A1461D,?,N_AIM,9.8,127.0
A1461D,?,N_AIM,9.900001,130.0
A1461D,?,N_AIM,10.0,123.0
A1461D,?,N_AIM,10.1,105.0
A1461D,?,N_AIM,10.2,115.0
A1461D,?,N_AIM,10.3,113.0
A1461D,?,N_AIM,10.4,107.0
A1461D,?,N_AIM,10.5,113.0
A1461D,?,N_AIM,10.6,118.0
A1461D,?,N_AIM,10.7,122.0
A1461D,?,N_AIM,10.8,129.0
A1461D,?,N_AIM,10.9,125.0
A1461D,?,N_AIM,11.0,128.0
A1461D,?,N_AIM,11.1,127.0
A1461D,?,N_AIM,11.2,121.0
A1461D,?,N_AIM,11.3,114.0
A1461D,?,N_AIM,11.4,126.0
A1461D,?,N_AIM,11.5,128.0
A1461D,?,N_AIM,11.6,131.0
A1461D,?,N_AIM,11.7,131.0
A1461D,?,N_AIM,11.8,117.0
A1461D,?,N_AIM,11.9,113.0
A1461D,?,N_AIM,12.0,115.0
A1461D,?,N_AIM,12.1,125.0
A1461D,?,N_AIM,12.2,115.0
A1461D,?,N_AIM,12.3,129.0
A1461D,?,N_AIM,12.4,134.0
A1461D,?,N_AIM,12.5,131.0
A1461D,?,N_AIM,12.6,128.0
A1461D,?,N_AIM,12.7,130.0
A1461D,?,N_AIM,12.8,127.0
A1461D,?,N_AIM,12.9,119.0
A1461D,?,N_AIM,13.0,119.0
A1461D,?,N_AIM,13.1,117.0
A1461D,?,N_AIM,13.2,104.0
A1461D,?,N_AIM,13.3,104.0
A1461D,?,N_AIM,13.4,118.0
A1461D,?,N_AIM,13.5,116.0
A1461D,?,N_AIM,13.6,132.0
A1461D,?,N_AIM,13.7,119.0
A1461D,?,N_AIM,13.8,127.0
A1461D,?,N_AIM,13.9,116.0
A1461D,?,N_AIM,14.0,118.0
A1461D,?,N_AIM,14.1,96.0
A1461D,?,N_AIM,14.2,134.0
A1461D,?,N_AIM,14.3,118.0
A1461D,?,N_AIM,14.4,101.0
A1461D,?,N_AIM,14.5,87.0
A1461D,?,N_AIM,14.6,81.0
A1461D,?,N_AIM,14.7,94.0
A1461D,?,N_AIM,14.8,119.0
A1461D,?,N_AIM,14.9,114.0
A1461D,?,N_AIM,15.0,111.0
A1461D,?,N_AIM,15.1,108.0
A1461D,?,N_AIM,15.2,115.0
A1461D,?,N_AIM,15.3,117.0
A1461D,?,N_AIM,15.4,109.0
A1461D,?,N_AIM,15.5,104.0
A1461D,?,N_AIM,15.6,118.0
A1461D,?,N_AIM,15.7,98.0
A1461D,?,N_AIM,15.8,100.0
A1461D,?,N_AIM,15.9,113.0
A1461D,?,N_AIM,16.0,104.0
A1461D,?,N_AIM,16.1,109.0
A1461D,?,N_AIM,16.2,123.0
A1461D,?,N_AIM,16.3,113.0
A1461D,?,N_AIM,16.4,120.0
A1461D,?,N_AIM,16.5,101.0
A1461D,?,N_AIM,16.6,112.0
A1461D,?,N_AIM,16.7,105.0
A1461D,?,N_AIM,16.8,102.0
A1461D,?,N_AIM,16.9,107.0
A1461D,?,N_AIM,17.0,102.0
A1461D,?,N_AIM,17.1,98.0
A1461D,?,N_AIM,17.2,99.0
A1461D,?,N_AIM,17.3,112.0
A1461D,?,N_AIM,17.4,103.0
A1461D,?,N_AIM,17.5,102.0
A1461D,?,N_AIM,17.6,76.0
A1461D,?,N_AIM,17.7,59.0
A1461D,?,N_AIM,17.8,57.0
A1461D,?,N_AIM,17.9,63.0
A1461D,?,N_AIM,18.0,55.0
A1461D,?,N_AIM,18.1,52.0
A1461D,?,N_AIM,18.2,49.0
A1461D,?,N_AIM,18.3,51.0
A1461D,?,N_AIM,18.4,44.0
A1461D,?,N_AIM,18.5,51.0
A1461D,?,N_AIM,18.6,53.0
A1461D,?,N_AIM,18.7,52.0
A1461D,?,N_AIM,18.8,59.0
A1461D,?,N_AIM,18.9,60.0
A1461D,?,N_AIM,19.0,52.0
A1461D,?,N_AIM,19.1,54.0
A1461D,?,N_AIM,19.2,57.0
A1461D,?,N_AIM,19.3,58.0
A1461D,?,N_AIM,19.4,59.0
A1461D,?,N_AIM,19.5,57.0
A1461D,?,N_AIM,19.6,63.0
A1461D,?,N_AIM,19.7,73.0
A1461D,?,N_AIM,19.8,69.0
A1461D,?,N_AIM,19.9,62.0
A1461D,?,N_AIM,20.0,59.0
A1461D,?,N_AIM,20.1,57.0
A1461D,?,N_AIM,20.2,51.0
A1461D,?,N_AIM,20.3,56.0
A1461D,?,N_AIM,20.4,44.0
A1461D,?,N_AIM,20.5,72.0
A1461D,?,N_AIM,20.6,79.0
A1461D,?,N_AIM,20.7,57.0
A1461D,?,N_AIM,20.8,49.0
A1461D,?,N_AIM,20.9,50.0
A1461D,?,N_AIM,21.0,61.0
A1461D,?,N_AIM,21.1,58.0
A1461D,?,N_AIM,21.2,56.0
A1461D,?,N_AIM,21.3,54.0
A1461D,?,N_AIM,21.4,54.0
A1461D,?,N_AIM,21.5,55.0
A1461D,?,N_AIM,21.6,52.0
A1461D,?,N_AIM,21.7,60.0
A1461D,?,N_AIM,21.8,57.0
A1461D,?,N_AIM,21.9,64.0
A1461D,?,N_AIM,22.0,55.0
A1461D,?,N_AIM,22.1,60.0
A1461D,?,N_AIM,22.2,65.0
A1461D,?,N_AIM,22.3,72.0
A1461D,?,N_AIM,22.4,63.0
A1461D,?,N_AIM,22.5,64.0
A1461D,?,N_AIM,22.6,45.0
A1461D,?,N_AIM,22.7,44.0
A1461D,?,N_AIM,22.8,47.0
A1461D,?,N_AIM,22.9,51.0
A1461D,?,N_AIM,23.0,58.0
A1461D,?,N_AIM,23.1,63.0
A1461D,?,N_AIM,23.2,41.0
A1461D,?,N_AIM,23.3,51.0
A1461D,?,N_AIM,23.4,34.0
A1461D,?,N_AIM,23.5,48.0
A1461D,?,N_AIM,23.6,47.0
A1461D,?,N_AIM,23.7,42.0
A1461D,?,N_AIM,23.8,52.0
A1461D,?,N_AIM,23.9,42.0
A1461D,?,N_AIM,24.0,52.0
A1461D,?,N_AIM,24.1,55.0
A1461D,?,N_AIM,24.2,50.0
A1461D,?,N_AIM,24.3,42.0
A1461D,?,N_AIM,24.4,54.0
A1461D,?,N_AIM,24.5,51.0
A1461D,?,N_AIM,24.6,39.0
A1461D,?,N_AIM,24.7,55.0
A1461D,?,N_AIM,24.8,33.0
A1461D,?,N_AIM,24.9,42.0
A1461D,?,N_AIM,25.0,40.0
A1461D,?,N_AIM,25.1,36.0
A1461D,?,N_AIM,25.2,35.0
A1461D,?,N_AIM,25.3,38.0
A1461D,?,N_AIM,25.4,40.0
A1461D,?,N_AIM,25.5,35.0
A1461D,?,N_AIM,25.6,41.0
A1461D,?,N_AIM,25.7,31.0
A1461D,?,N_AIM,25.8,37.0
A1461D,?,N_AIM,25.9,37.0
A1461D,?,N_AIM,26.0,37.0
A1461D,?,N_AIM,26.1,49.0
A1461D,?,N_AIM,26.2,31.0
A1461D,?,N_AIM,26.3,51.0
A1461D,?,N_AIM,26.4,39.0
A1461D,?,N_AIM,26.5,43.0
A1461D,?,N_AIM,26.6,40.0
A1461D,?,N_AIM,26.7,41.0
A1461D,?,N_AIM,26.8,41.0
A1461D,?,N_AIM,26.9,41.0
A1461D,?,N_AIM,27.0,33.0
A1461D,?,N_AIM,27.1,40.0
A1461D,?,N_AIM,27.2,36.0
A1461D,?,N_AIM,27.3,31.0
A1461D,?,N_AIM,27.4,42.0
A1461D,?,N_AIM,27.5,37.0
A1461D,?,N_AIM,27.6,44.0
A1461D,?,N_AIM,27.7,44.0
A1461D,?,N_AIM,27.8,41.0
A1461D,?,N_AIM,27.9,43.0
A1461D,?,N_AIM,28.0,50.0
A1461D,?,N_AIM,28.1,45.0
A1461D,?,N_AIM,28.2,43.0
A1461D,?,N_AIM,28.3,49.0
A1461D,?,N_AIM,28.4,39.0
A1461D,?,N_AIM,28.5,41.0
A1461D,?,N_AIM,28.6,54.0
A1461D,?,N_AIM,28.7,45.0
A1461D,?,N_AIM,28.8,41.0
A1461D,?,N_AIM,28.9,34.0
A1461D,?,N_AIM,29.0,49.0
A1461D,?,N_AIM,29.1,57.0
A1461D,?,N_AIM,29.2,46.0
A1461D,?,N_AIM,29.3,57.0
A1461D,?,N_AIM,29.4,45.0
A1461D,?,N_AIM,29.5,45.0
A1461D,?,N_AIM,29.6,47.0
A1461D,?,N_AIM,29.7,48.0
A1461D,?,N_AIM,29.8,41.0
A1461D,?,N_AIM,29.9,43.0
A1461D,?,N_AIM,30.0,48.0
A1461D,?,N_AIM,30.1,40.0
A1461D,?,N_AIM,30.2,41.0
A1461D,?,N_AIM,30.3,49.0
A1461D,?,N_AIM,30.4,42.0
A1461D,?,N_AIM,30.5,39.0
A1461D,?,N_AIM,30.6,42.0
A1461D,?,N_AIM,30.7,45.0
A1461D,?,N_AIM,30.8,37.0
A1461D,?,N_AIM,30.9,45.0
A1461D,?,N_AIM,31.0,42.0
A1461D,?,N_AIM,31.1,40.0
A1461D,?,N_AIM,31.2,47.0
A1461D,?,N_AIM,31.3,48.0
A1461D,?,N_AIM,31.4,38.0
A1461D,?,N_AIM,31.5,46.0
A1461D,?,N_AIM,31.6,49.0
A1461D,?,N_AIM,31.7,41.0
A1461D,?,N_AIM,31.8,44.0
A1461D,?,N_AIM,31.9,52.0
A1461D,?,N_AIM,32.0,57.0
A1461D,?,N_AIM,32.1,50.0
A1461D,?,N_AIM,32.2,47.0
A1461D,?,N_AIM,32.3,44.0
A1461D,?,N_AIM,32.4,41.0
A1461D,?,N_AIM,32.5,49.0
A1461D,?,N_AIM,32.6,40.0
A1461D,?,N_AIM,32.7,43.0
A1461D,?,N_AIM,32.8,44.0
A1461D,?,N_AIM,32.9,40.0
A1461D,?,N_AIM,33.0,44.0
A1461D,?,N_AIM,33.1,43.0
A1461D,?,N_AIM,33.2,43.0
A1461D,?,N_AIM,33.3,38.0
A1461D,?,N_AIM,33.4,40.0
A1461D,?,N_AIM,33.5,50.0
A1461D,?,N_AIM,33.6,52.0
A1461D,?,N_AIM,33.7,44.0
A1461D,?,N_AIM,33.8,47.0
A1461D,?,N_AIM,33.9,45.0
A1461D,?,N_AIM,34.0,50.0
A1461D,?,N_AIM,34.1,46.0
A1461D,?,N_AIM,34.2,43.0
A1461D,?,N_AIM,34.3,51.0
A1461D,?,N_AIM,34.4,54.0
A1461D,?,N_AIM,34.5,40.0
A1461D,?,N_AIM,34.6,49.0
A1461D,?,N_AIM,34.7,40.0
A1461D,?,N_AIM,34.8,45.0
A1461D,?,N_AIM,34.9,49.0
A1461D,?,N_AIM,35.0,49.0
A1461D,?,N_AIM,35.1,38.0
A1461D,?,N_AIM,35.2,53.0
A1461D,?,N_AIM,35.3,45.0
A1461D,?,N_AIM,35.4,37.0
A1461D,?,N_AIM,35.5,42.0
A1461D,?,N_AIM,35.6,45.0
A1461D,?,N_AIM,35.7,41.0
A1461D,?,N_AIM,35.8,48.0
A1461D,?,N_AIM,35.9,34.0
A1461D,?,N_AIM,36.0,52.0
A1461D,?,N_AIM,36.1,45.0
A1461D,?,N_AIM,36.2,55.0
A1461D,?,N_AIM,36.3,42.0
A1461D,?,N_AIM,36.4,46.0
A1461D,?,N_AIM,36.5,50.0
A1461D,?,N_AIM,36.6,47.0
A1461D,?,N_AIM,36.7,52.0
A1461D,?,N_AIM,36.8,32.0
A1461D,?,N_AIM,36.9,36.0
A1461D,?,N_AIM,37.0,45.0
A1461D,?,N_AIM,37.1,44.0
A1461D,?,N_AIM,37.2,50.0
A1461D,?,N_AIM,37.3,39.0
A1461D,?,N_AIM,37.4,45.0
A1461D,?,N_AIM,37.5,44.0
A1461D,?,N_AIM,37.6,51.0
A1461D,?,N_AIM,37.7,44.0
A1461D,?,N_AIM,37.8,49.0
A1461D,?,N_AIM,37.9,49.0
A1461D,?,N_AIM,38.0,43.0
A1461D,?,N_AIM,38.1,45.0
A1461D,?,N_AIM,38.2,43.0
A1461D,?,N_AIM,38.3,46.0
A1461D,?,N_AIM,38.4,46.0
A1461D,?,N_AIM,38.5,47.0
A1461D,?,N_AIM,38.6,45.0
A1461D,?,N_AIM,38.7,51.0
A1461D,?,N_AIM,38.8,45.0
A1461D,?,N_AIM,38.9,63.0
A1461D,?,N_AIM,39.0,45.0
A1461D,?,N_AIM,39.1,43.0
A1461D,?,N_AIM,39.2,39.0
A1461D,?,N_AIM,39.3,37.0
A1461D,?,N_AIM,39.4,52.0
A1461D,?,N_AIM,39.5,38.0
A1461D,?,N_AIM,39.6,43.0
A1461D,?,N_AIM,39.7,45.0
A1461D,?,N_AIM,39.8,46.0
A1461D,?,N_AIM,39.9,46.0
A1461D,?,N_AIM,40.0,48.0
A1461D,?,N_AIM,40.1,48.0
A1461D,?,N_AIM,40.2,49.0
A1461D,?,N_AIM,40.3,51.0
A1461D,?,N_AIM,40.4,41.0
A1461D,?,N_AIM,40.5,43.0
A1461D,?,N_AIM,40.6,49.0
A1461D,?,N_AIM,40.7,50.0
A1461D,?,N_AIM,40.8,43.0
A1461D,?,N_AIM,40.9,44.0
A1461D,?,N_AIM,41.0,51.0
A1461D,?,N_AIM,41.1,50.0
A1461D,?,N_AIM,41.2,44.0
A1461D,?,N_AIM,41.3,41.0
A1461D,?,N_AIM,41.4,49.0
A1461D,?,N_AIM,41.5,35.0
A1461D,?,N_AIM,41.6,51.0
A1461D,?,N_AIM,41.7,32.0
A1461D,?,N_AIM,41.8,44.0
A1461D,?,N_AIM,41.9,46.0
A1461D,?,N_AIM,42.0,48.0
A1461D,?,N_AIM,42.1,46.0
A1461D,?,N_AIM,42.2,47.0
A1461D,?,N_AIM,42.3,47.0
A1461D,?,N_AIM,42.4,53.0
A1461D,?,N_AIM,42.5,41.0
A1461D,?,N_AIM,42.6,41.0
A1461D,?,N_AIM,42.7,46.0
A1461D,?,N_AIM,42.8,41.0
A1461D,?,N_AIM,42.9,49.0
A1461D,?,N_AIM,43.0,46.0
A1461D,?,N_AIM,43.1,49.0
A1461D,?,N_AIM,43.2,47.0
A1461D,?,N_AIM,43.3,47.0
A1461D,?,N_AIM,43.4,44.0
A1461D,?,N_AIM,43.5,57.0
A1461D,?,N_AIM,43.6,53.0
A1461D,?,N_AIM,43.7,45.0
A1461D,?,N_AIM,43.8,44.0
A1461D,?,N_AIM,43.9,47.0
A1461D,?,N_AIM,44.0,49.0
A1461D,?,N_AIM,44.1,50.0
A1461D,?,N_AIM,44.2,40.0
A1461D,?,N_AIM,44.3,49.0
A1461D,?,N_AIM,44.4,38.0
A1461D,?,N_AIM,44.5,53.0
A1461D,?,N_AIM,44.6,54.0
A1461D,?,N_AIM,44.7,46.0
A1461D,?,N_AIM,44.8,50.0
A1461D,?,N_AIM,44.9,38.0
A1461D,?,N_AIM,45.0,55.0
A1461D,?,N_AIM,45.1,49.0
A1461D,?,N_AIM,45.2,37.0
A1461D,?,N_AIM,45.3,38.0
A1461D,?,N_AIM,45.4,49.0
A1461D,?,N_AIM,45.5,41.0
A1461D,?,N_AIM,45.6,44.0
A1461D,?,N_AIM,45.7,43.0
A1461D,?,N_AIM,45.8,43.0
A1461D,?,N_AIM,45.9,44.0
A1461D,?,N_AIM,46.0,43.0
A1461D,?,N_AIM,46.1,46.0
A1461D,?,N_AIM,46.2,40.0
A1461D,?,N_AIM,46.3,41.0
A1461D,?,N_AIM,46.4,41.0
A1461D,?,N_AIM,46.5,36.0
A1461D,?,N_AIM,46.6,46.0
A1461D,?,N_AIM,46.7,56.0
A1461D,?,N_AIM,46.8,37.0
A1461D,?,N_AIM,46.9,47.0
A1461D,?,N_AIM,47.0,47.0
A1461D,?,N_AIM,47.1,48.0
A1461D,?,N_AIM,47.2,42.0
A1461D,?,N_AIM,47.3,45.0
A1461D,?,N_AIM,47.4,47.0
A1461D,?,N_AIM,47.5,36.0
A1461D,?,N_AIM,47.6,28.0
A1461D,?,N_AIM,47.7,51.0
A1461D,?,N_AIM,47.8,47.0
A1461D,?,N_AIM,47.9,33.0
A1461D,?,N_AIM,48.0,43.0
A1461D,?,N_AIM,48.1,42.0
A1461D,?,N_AIM,48.2,32.0
A1461D,?,N_AIM,48.3,39.0
A1461D,?,N_AIM,48.4,35.0
A1461D,?,N_AIM,48.5,30.0
A1461D,?,N_AIM,48.6,29.0
A1461D,?,N_AIM,48.7,33.0
A1461D,?,N_AIM,48.8,41.0
A1461D,?,N_AIM,48.9,27.0
A1461D,?,N_AIM,49.0,39.0
A1461D,?,N_AIM,49.1,37.0
A1461D,?,N_AIM,49.2,35.0
A1461D,?,N_AIM,49.3,38.0
A1461D,?,N_AIM,49.4,34.0
A1461D,?,N_AIM,49.5,40.0
A1461D,?,N_AIM,49.6,36.0
A1461D,?,N_AIM,49.7,34.0
A1461D,?,N_AIM,49.8,38.0
A1461D,?,N_AIM,49.9,42.0
A1461D,?,N_AIM,50.0,26.0
A1461D,?,C_AIM,0.0,55.0
A1461D,?,C_AIM,0.1,51.0
A1461D,?,C_AIM,0.2,45.0
A1461D,?,C_AIM,0.3,31.0
A1461D,?,C_AIM,0.4,40.0
A1461D,?,C_AIM,0.5,45.0
A1461D,?,C_AIM,0.6,21.0
A1461D,?,C_AIM,0.7,17.0
A1461D,?,C_AIM,0.8,40.0
A1461D,?,C_AIM,0.9,27.0
A1461D,?,C_AIM,1.0,29.0
A1461D,?,C_AIM,1.1,26.0
A1461D,?,C_AIM,1.2,27.0
A1461D,?,C_AIM,1.3,12.0
A1461D,?,C_AIM,1.4,12.0
A1461D,?,C_AIM,1.5,20.0
A1461D,?,C_AIM,1.6,14.0
A1461D,?,C_AIM,1.7,9.0
A1461D,?,C_AIM,1.8,17.0
A1461D,?,C_AIM,1.9,15.0
A1461D,?,C_AIM,2.0,13.0
A1461D,?,C_AIM,2.1,21.0
A1461D,?,C_AIM,2.2,13.0
A1461D,?,C_AIM,2.3,11.0
A1461D,?,C_AIM,2.4,14.0
A1461D,?,C_AIM,2.5,11.0
A1461D,?,C_AIM,2.6,9.0
A1461D,?,C_AIM,2.7,13.0
A1461D,?,C_AIM,2.8,15.0
A1461D,?,C_AIM,2.9,7.0
A1461D,?,C_AIM,3.0,20.0
A1461D,?,C_AIM,3.1,16.0
A1461D,?,C_AIM,3.2,17.0
A1461D,?,C_AIM,3.3,11.0
A1461D,?,C_AIM,3.4,8.0
A1461D,?,C_AIM,3.5,7.0
A1461D,?,C_AIM,3.6,10.0
A1461D,?,C_AIM,3.7,8.0
A1461D,?,C_AIM,3.8,11.0
A1461D,?,C_AIM,3.9,7.0
A1461D,?,C_AIM,4.0,0.0
A1461D,?,C_AIM,4.1,0.0
A1461D,?,C_AIM,4.2,17.0
A1461D,?,C_AIM,4.3,24.0
A1461D,?,C_AIM,4.4,27.0
A1461D,?,C_AIM,4.5,17.0
A1461D,?,C_AIM,4.6,26.0
A1461D,?,C_AIM,4.7,22.0
A1461D,?,C_AIM,4.8,25.0
A1461D,?,C_AIM,4.9,33.0
A1461D,?,C_AIM,5.0,31.0
A1461D,?,C_AIM,5.1,30.0
A1461D,?,C_AIM,5.2,25.0
A1461D,?,C_AIM,5.3,30.0
A1461D,?,C_AIM,5.4,32.0
A1461D,?,C_AIM,5.5,22.0
A1461D,?,C_AIM,5.6,31.0
A1461D,?,C_AIM,5.7,14.0
A1461D,?,C_AIM,5.8,26.0
A1461D,?,C_AIM,5.9,34.0
A1461D,?,C_AIM,6.0,32.0
A1461D,?,C_AIM,6.1,29.0
A1461D,?,C_AIM,6.2,27.0
A1461D,?,C_AIM,6.3,21.0
A1461D,?,C_AIM,6.4,25.0
A1461D,?,C_AIM,6.5,26.0
A1461D,?,C_AIM,6.6,24.0
A1461D,?,C_AIM,6.7,17.0
A1461D,?,C_AIM,6.8,33.0
A1461D,?,C_AIM,6.9,22.0
A1461D,?,C_AIM,7.0,26.0
A1461D,?,C_AIM,7.1,31.0
A1461D,?,C_AIM,7.2,30.0
A1461D,?,C_AIM,7.3,25.0
A1461D,?,C_AIM,7.400001,21.0
A1461D,?,C_AIM,7.5,24.0
A1461D,?,C_AIM,7.6,25.0
A1461D,?,C_AIM,7.7,26.0
A1461D,?,C_AIM,7.8,30.0
A1461D,?,C_AIM,7.900001,34.0
A1461D,?,C_AIM,8.0,29.0
A1461D,?,C_AIM,8.1,32.0
A1461D,?,C_AIM,8.200001,24.0
A1461D,?,C_AIM,8.3,22.0
A1461D,?,C_AIM,8.400001,25.0
A1461D,?,C_AIM,8.5,24.0
A1461D,?,C_AIM,8.6,22.0
A1461D,?,C_AIM,8.700001,20.0
A1461D,?,C_AIM,8.8,33.0
A1461D,?,C_AIM,8.900001,31.0
A1461D,?,C_AIM,9.0,23.0
A1461D,?,C_AIM,9.1,25.0
A1461D,?,C_AIM,9.200001,15.0
A1461D,?,C_AIM,9.3,33.0
A1461D,?,C_AIM,9.400001,10.0
A1461D,?,C_AIM,9.5,23.0
A1461D,?,C_AIM,9.6,21.0
A1461D,?,C_AIM,9.700001,26.0
A1461D,?,C_AIM,9.8,29.0
A1461D,?,C_AIM,9.900001,27.0
A1461D,?,C_AIM,10.0,32.0
A1461D,?,C_AIM,10.1,32.0
A1461D,?,C_AIM,10.2,14.0
A1461D,?,C_AIM,10.3,13.0
A1461D,?,C_AIM,10.4,20.0
A1461D,?,C_AIM,10.5,20.0
A1461D,?,C_AIM,10.6,18.0
A1461D,?,C_AIM,10.7,16.0
A1461D,?,C_AIM,10.8,27.0
A1461D,?,C_AIM,10.9,26.0
A1461D,?,C_AIM,11.0,24.0
A1461D,?,C_AIM,11.1,29.0
A1461D,?,C_AIM,11.2,27.0
A1461D,?,C_AIM,11.3,22.0
A1461D,?,C_AIM,11.4,21.0
A1461D,?,C_AIM,11.5,29.0
A1461D,?,C_AIM,11.6,18.0
A1461D,?,C_AIM,11.7,17.0
A1461D,?,C_AIM,11.8,18.0
A1461D,?,C_AIM,11.9,26.0
A1461D,?,C_AIM,12.0,19.0
A1461D,?,C_AIM,12.1,22.0
A1461D,?,C_AIM,12.2,17.0
A1461D,?,C_AIM,12.3,25.0
A1461D,?,C_AIM,12.4,27.0
A1461D,?,C_AIM,12.5,31.0
A1461D,?,C_AIM,12.6,25.0
A1461D,?,C_AIM,12.7,28.0
A1461D,?,C_AIM,12.8,15.0
A1461D,?,C_AIM,12.9,23.0
A1461D,?,C_AIM,13.0,17.0
A1461D,?,C_AIM,13.1,21.0
A1461D,?,C_AIM,13.2,18.0
A1461D,?,C_AIM,13.3,17.0
A1461D,?,C_AIM,13.4,25.0
A1461D,?,C_AIM,13.5,26.0
A1461D,?,C_AIM,13.6,24.0
A1461D,?,C_AIM,13.7,22.0
A1461D,?,C_AIM,13.8,32.0
A1461D,?,C_AIM,13.9,16.0
A1461D,?,C_AIM,14.0,24.0
A1461D,?,C_AIM,14.1,19.0
A1461D,?,C_AIM,14.2,22.0
A1461D,?,C_AIM,14.3,30.0
A1461D,?,C_AIM,14.4,23.0
A1461D,?,C_AIM,14.5,28.0
A1461D,?,C_AIM,14.6,19.0
A1461D,?,C_AIM,14.7,20.0
A1461D,?,C_AIM,14.8,18.0
A1461D,?,C_AIM,14.9,23.0
A1461D,?,C_AIM,15.0,35.0
A1461D,?,C_AIM,15.1,28.0
A1461D,?,C_AIM,15.2,27.0
A1461D,?,C_AIM,15.3,17.0
A1461D,?,C_AIM,15.4,16.0
A1461D,?,C_AIM,15.5,30.0
A1461D,?,C_AIM,15.6,23.0
A1461D,?,C_AIM,15.7,26.0
A1461D,?,C_AIM,15.8,17.0
A1461D,?,C_AIM,15.9,16.0
A1461D,?,C_AIM,16.0,28.0
A1461D,?,C_AIM,16.1,34.0
A1461D,?,C_AIM,16.2,34.0
A1461D,?,C_AIM,16.3,32.0
A1461D,?,C_AIM,16.4,23.0
A1461D,?,C_AIM,16.5,19.0
A1461D,?,C_AIM,16.6,22.0
A1461D,?,C_AIM,16.7,29.0
A1461D,?,C_AIM,16.8,37.0
A1461D,?,C_AIM,16.9,40.0
A1461D,?,C_AIM,17.0,28.0
A1461D,?,C_AIM,17.1,35.0
A1461D,?,C_AIM,17.2,40.0
A1461D,?,C_AIM,17.3,37.0
A1461D,?,C_AIM,17.4,42.0
A1461D,?,C_AIM,17.5,32.0
A1461D,?,C_AIM,17.6,28.0
A1461D,?,C_AIM,17.7,37.0
A1461D,?,C_AIM,17.8,42.0
A1461D,?,C_AIM,17.9,33.0
A1461D,?,C_AIM,18.0,32.0
A1461D,?,C_AIM,18.1,33.0
A1461D,?,C_AIM,18.2,36.0
A1461D,?,C_AIM,18.3,34.0
A1461D,?,C_AIM,18.4,31.0
A1461D,?,C_AIM,18.5,30.0
A1461D,?,C_AIM,18.6,26.0
A1461D,?,C_AIM,18.7,32.0
A1461D,?,C_AIM,18.8,21.0
A1461D,?,C_AIM,18.9,21.0
A1461D,?,C_AIM,19.0,30.0
A1461D,?,C_AIM,19.1,20.0
A1461D,?,C_AIM,19.2,22.0
A1461D,?,C_AIM,19.3,20.0
A1461D,?,C_AIM,19.4,30.0
A1461D,?,C_AIM,19.5,34.0
A1461D,?,C_AIM,19.6,19.0
A1461D,?,C_AIM,19.7,23.0
A1461D,?,C_AIM,19.8,27.0
A1461D,?,C_AIM,19.9,35.0
A1461D,?,C_AIM,20.0,27.0
A1461D,?,C_AIM,20.1,21.0
A1461D,?,C_AIM,20.2,24.0
A1461D,?,C_AIM,20.3,14.0
A1461D,?,C_AIM,20.4,20.0
A1461D,?,C_AIM,20.5,16.0
A1461D,?,C_AIM,20.6,19.0
A1461D,?,C_AIM,20.7,20.0
A1461D,?,C_AIM,20.8,15.0
A1461D,?,C_AIM,20.9,22.0
A1461D,?,C_AIM,21.0,22.0
A1461D,?,C_AIM,21.1,16.0
A1461D,?,C_AIM,21.2,26.0
A1461D,?,C_AIM,21.3,26.0
A1461D,?,C_AIM,21.4,20.0
A1461D,?,C_AIM,21.5,26.0
A1461D,?,C_AIM,21.6,20.0
A1461D,?,C_AIM,21.7,26.0
A1461D,?,C_AIM,21.8,24.0
A1461D,?,C_AIM,21.9,18.0
A1461D,?,C_AIM,22.0,23.0
A1461D,?,C_AIM,22.1,23.0
A1461D,?,C_AIM,22.2,19.0
A1461D,?,C_AIM,22.3,27.0
A1461D,?,C_AIM,22.4,17.0
A1461D,?,C_AIM,22.5,20.0
A1461D,?,C_AIM,22.6,24.0
A1461D,?,C_AIM,22.7,26.0
A1461D,?,C_AIM,22.8,21.0
A1461D,?,C_AIM,22.9,9.0
A1461D,?,C_AIM,23.0,21.0
A1461D,?,C_AIM,23.1,16.0
A1461D,?,C_AIM,23.2,25.0
A1461D,?,C_AIM,23.3,29.0
A1461D,?,C_AIM,23.4,23.0
A1461D,?,C_AIM,23.5,19.0
A1461D,?,C_AIM,23.6,26.0
A1461D,?,C_AIM,23.7,37.0
A1461D,?,C_AIM,23.8,26.0
A1461D,?,C_AIM,23.9,34.0
A1461D,?,C_AIM,24.0,30.0
A1461D,?,C_AIM,24.1,31.0
A1461D,?,C_AIM,24.2,32.0
A1461D,?,C_AIM,24.3,25.0
A1461D,?,C_AIM,24.4,19.0
A1461D,?,C_AIM,24.5,33.0
A1461D,?,C_AIM,24.6,29.0
A1461D,?,C_AIM,24.7,26.0
A1461D,?,C_AIM,24.8,23.0
A1461D,?,C_AIM,24.9,33.0
A1461D,?,C_AIM,25.0,38.0
A1461D,?,C_AIM,25.1,25.0
A1461D,?,C_AIM,25.2,27.0
A1461D,?,C_AIM,25.3,22.0
A1461D,?,C_AIM,25.4,23.0
A1461D,?,C_AIM,25.5,26.0
A1461D,?,C_AIM,25.6,26.0
A1461D,?,C_AIM,25.7,21.0
A1461D,?,C_AIM,25.8,29.0
A1461D,?,C_AIM,25.9,25.0
A1461D,?,C_AIM,26.0,24.0
A1461D,?,C_AIM,26.1,21.0
A1461D,?,C_AIM,26.2,27.0
A1461D,?,C_AIM,26.3,21.0
A1461D,?,C_AIM,26.4,39.0
A1461D,?,C_AIM,26.5,16.0
A1461D,?,C_AIM,26.6,34.0
A1461D,?,C_AIM,26.7,31.0
A1461D,?,C_AIM,26.8,21.0
A1461D,?,C_AIM,26.9,30.0
A1461D,?,C_AIM,27.0,21.0
A1461D,?,C_AIM,27.1,20.0
A1461D,?,C_AIM,27.2,26.0
A1461D,?,C_AIM,27.3,16.0
A1461D,?,C_AIM,27.4,18.0
A1461D,?,C_AIM,27.5,15.0
A1461D,?,C_AIM,27.6,15.0
A1461D,?,C_AIM,27.7,27.0
A1461D,?,C_AIM,27.8,20.0
A1461D,?,C_AIM,27.9,21.0
A1461D,?,C_AIM,28.0,31.0
A1461D,?,C_AIM,28.1,31.0
A1461D,?,C_AIM,28.2,31.0
A1461D,?,C_AIM,28.3,25.0
A1461D,?,C_AIM,28.4,25.0
A1461D,?,C_AIM,28.5,20.0
A1461D,?,C_AIM,28.6,21.0
A1461D,?,C_AIM,28.7,21.0
A1461D,?,C_AIM,28.8,21.0
A1461D,?,C_AIM,28.9,21.0
A1461D,?,C_AIM,29.0,22.0
A1461D,?,C_AIM,29.1,24.0
A1461D,?,C_AIM,29.2,26.0
A1461D,?,C_AIM,29.3,29.0
A1461D,?,C_AIM,29.4,22.0
A1461D,?,C_AIM,29.5,24.0
A1461D,?,C_AIM,29.6,23.0
A1461D,?,C_AIM,29.7,16.0
A1461D,?,C_AIM,29.8,28.0
A1461D,?,C_AIM,29.9,30.0
A1461D,?,C_AIM,30.0,33.0
A1461D,?,C_AIM,30.1,20.0
A1461D,?,C_AIM,30.2,42.0
A1461D,?,C_AIM,30.3,20.0
A1461D,?,C_AIM,30.4,31.0
A1461D,?,C_AIM,30.5,27.0
A1461D,?,C_AIM,30.6,25.0
A1461D,?,C_AIM,30.7,33.0
A1461D,?,C_AIM,30.8,29.0
A1461D,?,C_AIM,30.9,26.0
A1461D,?,C_AIM,31.0,19.0
A1461D,?,C_AIM,31.1,28.0
A1461D,?,C_AIM,31.2,27.0
A1461D,?,C_AIM,31.3,31.0
A1461D,?,C_AIM,31.4,41.0
A1461D,?,C_AIM,31.5,23.0
A1461D,?,C_AIM,31.6,27.0
A1461D,?,C_AIM,31.7,29.0
A1461D,?,C_AIM,31.8,34.0
A1461D,?,C_AIM,31.9,30.0
A1461D,?,C_AIM,32.0,23.0
A1461D,?,C_AIM,32.1,27.0
A1461D,?,C_AIM,32.2,27.0
A1461D,?,C_AIM,32.3,23.0
A1461D,?,C_AIM,32.4,25.0
A1461D,?,C_AIM,32.5,31.0
A1461D,?,C_AIM,32.6,31.0
A1461D,?,C_AIM,32.7,17.0
A1461D,?,C_AIM,32.8,25.0
A1461D,?,C_AIM,32.9,23.0
A1461D,?,C_AIM,33.0,26.0
A1461D,?,C_AIM,33.1,22.0
A1461D,?,C_AIM,33.2,25.0
A1461D,?,C_AIM,33.3,32.0
A1461D,?,C_AIM,33.4,25.0
A1461D,?,C_AIM,33.5,24.0
A1461D,?,C_AIM,33.6,21.0
A1461D,?,C_AIM,33.7,31.0
A1461D,?,C_AIM,33.8,21.0
A1461D,?,C_AIM,33.9,25.0
A1461D,?,C_AIM,34.0,21.0
A1461D,?,C_AIM,34.1,25.0
A1461D,?,C_AIM,34.2,23.0
A1461D,?,C_AIM,34.3,17.0
A1461D,?,C_AIM,34.4,24.0
A1461D,?,C_AIM,34.5,18.0
A1461D,?,C_AIM,34.6,22.0
A1461D,?,C_AIM,34.7,33.0
A1461D,?,C_AIM,34.8,16.0
A1461D,?,C_AIM,34.9,28.0
A1461D,?,C_AIM,35.0,23.0
A1461D,?,C_AIM,35.1,17.0
A1461D,?,C_AIM,35.2,23.0
A1461D,?,C_AIM,35.3,26.0
A1461D,?,C_AIM,35.4,27.0
A1461D,?,C_AIM,35.5,28.0
A1461D,?,C_AIM,35.6,36.0
A1461D,?,C_AIM,35.7,25.0
A1461D,?,C_AIM,35.8,22.0
A1461D,?,C_AIM,35.9,19.0
A1461D,?,C_AIM,36.0,29.0
A1461D,?,C_AIM,36.1,30.0
A1461D,?,C_AIM,36.2,20.0
A1461D,?,C_AIM,36.3,32.0
A1461D,?,C_AIM,36.4,26.0
A1461D,?,C_AIM,36.5,28.0
A1461D,?,C_AIM,36.6,30.0
A1461D,?,C_AIM,36.7,19.0
A1461D,?,C_AIM,36.8,24.0
A1461D,?,C_AIM,36.9,18.0
A1461D,?,C_AIM,37.0,24.0
A1461D,?,C_AIM,37.1,28.0
A1461D,?,C_AIM,37.2,22.0
A1461D,?,C_AIM,37.3,25.0
A1461D,?,C_AIM,37.4,16.0
A1461D,?,C_AIM,37.5,27.0
A1461D,?,C_AIM,37.6,26.0
A1461D,?,C_AIM,37.7,18.0
A1461D,?,C_AIM,37.8,26.0
A1461D,?,C_AIM,37.9,23.0
A1461D,?,C_AIM,38.0,23.0
A1461D,?,C_AIM,38.1,29.0
A1461D,?,C_AIM,38.2,28.0
A1461D,?,C_AIM,38.3,18.0
A1461D,?,C_AIM,38.4,31.0
A1461D,?,C_AIM,38.5,34.0
A1461D,?,C_AIM,38.6,21.0
A1461D,?,C_AIM,38.7,19.0
A1461D,?,C_AIM,38.8,26.0
A1461D,?,C_AIM,38.9,17.0
A1461D,?,C_AIM,39.0,27.0
A1461D,?,C_AIM,39.1,23.0
A1461D,?,C_AIM,39.2,20.0
A1461D,?,C_AIM,39.3,22.0
A1461D,?,C_AIM,39.4,41.0
A1461D,?,C_AIM,39.5,33.0
A1461D,?,C_AIM,39.6,26.0
A1461D,?,C_AIM,39.7,22.0
A1461D,?,C_AIM,39.8,28.0
A1461D,?,C_AIM,39.9,23.0
A1461D,?,C_AIM,40.0,22.0
A1461D,?,C_AIM,40.1,29.0
A1461D,?,C_AIM,40.2,32.0
A1461D,?,C_AIM,40.3,19.0
A1461D,?,C_AIM,40.4,15.0
A1461D,?,C_AIM,40.5,17.0
A1461D,?,C_AIM,40.6,19.0
A1461D,?,C_AIM,40.7,25.0
A1461D,?,C_AIM,40.8,28.0
A1461D,?,C_AIM,40.9,29.0
A1461D,?,C_AIM,41.0,28.0
A1461D,?,C_AIM,41.1,33.0
A1461D,?,C_AIM,41.2,20.0
A1461D,?,C_AIM,41.3,22.0
A1461D,?,C_AIM,41.4,21.0
A1461D,?,C_AIM,41.5,25.0
A1461D,?,C_AIM,41.6,36.0
A1461D,?,C_AIM,41.7,22.0
A1461D,?,C_AIM,41.8,35.0
A1461D,?,C_AIM,41.9,40.0
A1461D,?,C_AIM,42.0,21.0
A1461D,?,C_AIM,42.1,21.0
A1461D,?,C_AIM,42.2,29.0
A1461D,?,C_AIM,42.3,24.0
A1461D,?,C_AIM,42.4,25.0
A1461D,?,C_AIM,42.5,23.0
A1461D,?,C_AIM,42.6,24.0
A1461D,?,C_AIM,42.7,16.0
A1461D,?,C_AIM,42.8,26.0
A1461D,?,C_AIM,42.9,26.0
A1461D,?,C_AIM,43.0,14.0
A1461D,?,C_AIM,43.1,19.0
A1461D,?,C_AIM,43.2,26.0
A1461D,?,C_AIM,43.3,23.0
A1461D,?,C_AIM,43.4,23.0
A1461D,?,C_AIM,43.5,31.0
A1461D,?,C_AIM,43.6,23.0
A1461D,?,C_AIM,43.7,25.0
A1461D,?,C_AIM,43.8,22.0
A1461D,?,C_AIM,43.9,21.0
A1461D,?,C_AIM,44.0,19.0
A1461D,?,C_AIM,44.1,20.0
A1461D,?,C_AIM,44.2,29.0
A1461D,?,C_AIM,44.3,23.0
A1461D,?,C_AIM,44.4,30.0
A1461D,?,C_AIM,44.5,18.0
A1461D,?,C_AIM,44.6,21.0
A1461D,?,C_AIM,44.7,30.0
A1461D,?,C_AIM,44.8,26.0
A1461D,?,C_AIM,44.9,28.0
A1461D,?,C_AIM,45.0,29.0
A1461D,?,C_AIM,45.1,26.0
A1461D,?,C_AIM,45.2,31.0
A1461D,?,C_AIM,45.3,22.0
A1461D,?,C_AIM,45.4,29.0
A1461D,?,C_AIM,45.5,28.0
A1461D,?,C_AIM,45.6,21.0
A1461D,?,C_AIM,45.7,27.0
A1461D,?,C_AIM,45.8,24.0
A1461D,?,C_AIM,45.9,26.0
A1461D,?,C_AIM,46.0,24.0
A1461D,?,C_AIM,46.1,30.0
A1461D,?,C_AIM,46.2,26.0
A1461D,?,C_AIM,46.3,23.0
A1461D,?,C_AIM,46.4,15.0
A1461D,?,C_AIM,46.5,27.0
A1461D,?,C_AIM,46.6,20.0
A1461D,?,C_AIM,46.7,25.0
A1461D,?,C_AIM,46.8,24.0
A1461D,?,C_AIM,46.9,27.0
A1461D,?,C_AIM,47.0,24.0
A1461D,?,C_AIM,47.1,30.0
A1461D,?,C_AIM,47.2,30.0
A1461D,?,C_AIM,47.3,28.0
A1461D,?,C_AIM,47.4,27.0
A1461D,?,C_AIM,47.5,34.0
A1461D,?,C_AIM,47.6,31.0
A1461D,?,C_AIM,47.7,38.0
A1461D,?,C_AIM,47.8,30.0
A1461D,?,C_AIM,47.9,33.0
A1461D,?,C_AIM,48.0,36.0
A1461D,?,C_AIM,48.1,29.0
A1461D,?,C_AIM,48.2,29.0
A1461D,?,C_AIM,48.3,34.0
A1461D,?,C_AIM,48.4,30.0
A1461D,?,C_AIM,48.5,34.0
A1461D,?,C_AIM,48.6,32.0
A1461D,?,C_AIM,48.7,31.0
A1461D,?,C_AIM,48.8,29.0
A1461D,?,C_AIM,48.9,31.0
A1461D,?,C_AIM,49.0,28.0
A1461D,?,C_AIM,49.1,35.0
A1461D,?,C_AIM,49.2,31.0
A1461D,?,C_AIM,49.3,29.0
A1461D,?,C_AIM,49.4,39.0
A1461D,?,C_AIM,49.5,31.0
A1461D,?,C_AIM,49.6,36.0
A1461D,?,C_AIM,49.7,26.0
A1461D,?,C_AIM,49.8,22.0
A1461D,?,C_AIM,49.9,26.0
A1461D,?,C_AIM,50.0,16.0
