variant,label,selection,time_ns,min_distance_nm
A1461D,?,AIM_all,0.0,0.1689111
A1461D,?,AIM_all,0.1,0.1742811
A1461D,?,AIM_all,0.2,0.1631228
A1461D,?,AIM_all,0.3,0.1619695
A1461D,?,AIM_all,0.4,0.1717295
A1461D,?,AIM_all,0.5,0.1795162
A1461D,?,AIM_all,0.6,0.1602812
A1461D,?,AIM_all,0.7,0.1791395
A1461D,?,AIM_all,0.8,0.1607044
A1461D,?,AIM_all,0.9,0.1687306
A1461D,?,AIM_all,1.0,0.1649668
A1461D,?,AIM_all,1.1,0.1620804
A1461D,?,AIM_all,1.2,0.1586538
A1461D,?,AIM_all,1.3,0.1505823
A1461D,?,AIM_all,1.4,0.1814123
A1461D,?,AIM_all,1.5,0.1667002
A1461D,?,AIM_all,1.6,0.1627021
A1461D,?,AIM_all,1.7,0.159116
A1461D,?,AIM_all,1.8,0.1607172
A1461D,?,AIM_all,1.9,0.1680358
A1461D,?,AIM_all,2.0,0.1569111
A1461D,?,AIM_all,2.1,0.1612048
A1461D,?,AIM_all,2.2,0.1604619
A1461D,?,AIM_all,2.3,0.1594207
A1461D,?,AIM_all,2.4,0.1529574
A1461D,?,AIM_all,2.5,0.1744276
A1461D,?,AIM_all,2.6,0.1758322
A1461D,?,AIM_all,2.7,0.1516511
A1461D,?,AIM_all,2.8,0.1559808
A1461D,?,AIM_all,2.9,0.1748684
A1461D,?,AIM_all,3.0,0.1553898
A1461D,?,AIM_all,3.1,0.1646236
A1461D,?,AIM_all,3.2,0.1526596
A1461D,?,AIM_all,3.3,0.1648789
A1461D,?,AIM_all,3.4,0.1695258
A1461D,?,AIM_all,3.5,0.155016
A1461D,?,AIM_all,3.6,0.1737122
A1461D,?,AIM_all,3.7,0.1689763
A1461D,?,AIM_all,3.8,0.170789
A1461D,?,AIM_all,3.9,0.1612607
A1461D,?,AIM_all,4.0,0.1924451
A1461D,?,AIM_all,4.1,0.1796384
A1461D,?,AIM_all,4.2,0.1641831
A1461D,?,AIM_all,4.3,0.1487048
A1461D,?,AIM_all,4.4,0.1672544
A1461D,?,AIM_all,4.5,0.1730231
A1461D,?,AIM_all,4.6,0.1777214
A1461D,?,AIM_all,4.7,0.1524403
A1461D,?,AIM_all,4.8,0.161152
A1461D,?,AIM_all,4.9,0.1692749
A1461D,?,AIM_all,5.0,0.169723
A1461D,?,AIM_all,5.1,0.1737578
A1461D,?,AIM_all,5.2,0.1771013
A1461D,?,AIM_all,5.3,0.1757412
A1461D,?,AIM_all,5.4,0.156189
A1461D,?,AIM_all,5.5,0.1724705
A1461D,?,AIM_all,5.6,0.1821376
A1461D,?,AIM_all,5.7,0.1770112
A1461D,?,AIM_all,5.8,0.1622528
A1461D,?,AIM_all,5.9,0.1736491
A1461D,?,AIM_all,6.0,0.1822336
A1461D,?,AIM_all,6.1,0.1674755
A1461D,?,AIM_all,6.2,0.1743705
A1461D,?,AIM_all,6.3,0.1780451
A1461D,?,AIM_all,6.4,0.1828523
A1461D,?,AIM_all,6.5,0.1881066
A1461D,?,AIM_all,6.6,0.1708039
A1461D,?,AIM_all,6.7,0.1618271
A1461D,?,AIM_all,6.8,0.1741381
A1461D,?,AIM_all,6.9,0.1844914
A1461D,?,AIM_all,7.0,0.1685494
A1461D,?,AIM_all,7.1,0.1815407
A1461D,?,AIM_all,7.2,0.1789133
A1461D,?,AIM_all,7.3,0.1714351
A1461D,?,AIM_all,7.400001,0.1697912
A1461D,?,AIM_all,7.5,0.1589529
A1461D,?,AIM_all,7.6,0.1761729
A1461D,?,AIM_all,7.7,0.1600779
A1461D,?,AIM_all,7.8,0.171814
A1461D,?,AIM_all,7.900001,0.173462
A1461D,?,AIM_all,8.0,0.1760059
A1461D,?,AIM_all,8.1,0.1731504
A1461D,?,AIM_all,8.200001,0.1641008
A1461D,?,AIM_all,8.3,0.1709532
A1461D,?,AIM_all,8.400001,0.1822744
A1461D,?,AIM_all,8.5,0.1700499
A1461D,?,AIM_all,8.6,0.1779579
A1461D,?,AIM_all,8.700001,0.1809035
A1461D,?,AIM_all,8.8,0.1661745
A1461D,?,AIM_all,8.900001,0.1745797
A1461D,?,AIM_all,9.0,0.1661747
A1461D,?,AIM_all,9.1,0.168778
A1461D,?,AIM_all,9.200001,0.1694609
A1461D,?,AIM_all,9.3,0.1710231
A1461D,?,AIM_all,9.400001,0.1747543
A1461D,?,AIM_all,9.5,0.1736433
A1461D,?,AIM_all,9.6,0.1856933
A1461D,?,AIM_all,9.700001,0.1753258
A1461D,?,AIM_all,9.8,0.1865608
A1461D,?,AIM_all,9.900001,0.1831529
A1461D,?,AIM_all,10.0,0.1753109
A1461D,?,AIM_all,10.1,0.1844426
A1461D,?,AIM_all,10.2,0.1859569
A1461D,?,AIM_all,10.3,0.1782753
A1461D,?,AIM_all,10.4,0.1835787
A1461D,?,AIM_all,10.5,0.1710059
A1461D,?,AIM_all,10.6,0.1875046
A1461D,?,AIM_all,10.7,0.1735914
A1461D,?,AIM_all,10.8,0.1705756
A1461D,?,AIM_all,10.9,0.1590157
A1461D,?,AIM_all,11.0,0.1682051
A1461D,?,AIM_all,11.1,0.1805823
A1461D,?,AIM_all,11.2,0.1638723
A1461D,?,AIM_all,11.3,0.1742559
A1461D,?,AIM_all,11.4,0.176264
A1461D,?,AIM_all,11.5,0.1695702
A1461D,?,AIM_all,11.6,0.1747968
A1461D,?,AIM_all,11.7,0.1704878
A1461D,?,AIM_all,11.8,0.1654083
A1461D,?,AIM_all,11.9,0.1720843
A1461D,?,AIM_all,12.0,0.1740833
A1461D,?,AIM_all,12.1,0.1700648
A1461D,?,AIM_all,12.2,0.177778
A1461D,?,AIM_all,12.3,0.1700853
A1461D,?,AIM_all,12.4,0.1766723
A1461D,?,AIM_all,12.5,0.1673916
A1461D,?,AIM_all,12.6,0.1676365
A1461D,?,AIM_all,12.7,0.1579528
A1461D,?,AIM_all,12.8,0.1706133
A1461D,?,AIM_all,12.9,0.1595308
A1461D,?,AIM_all,13.0,0.1784854
A1461D,?,AIM_all,13.1,0.1723078
A1461D,?,AIM_all,13.2,0.1497263
A1461D,?,AIM_all,13.3,0.1761532
A1461D,?,AIM_all,13.4,0.1902786
A1461D,?,AIM_all,13.5,0.1517487
A1461D,?,AIM_all,13.6,0.1645755
A1461D,?,AIM_all,13.7,0.1671496
A1461D,?,AIM_all,13.8,0.1819616
A1461D,?,AIM_all,13.9,0.1749799
A1461D,?,AIM_all,14.0,0.1658945
A1461D,?,AIM_all,14.1,0.2274138
A1461D,?,AIM_all,14.2,0.1892034
A1461D,?,AIM_all,14.3,0.2085235
A1461D,?,AIM_all,14.4,0.1910341
A1461D,?,AIM_all,14.5,0.1915673
A1461D,?,AIM_all,14.6,0.1796134
A1461D,?,AIM_all,14.7,0.1739109
A1461D,?,AIM_all,14.8,0.1671228
A1461D,?,AIM_all,14.9,0.1748084
A1461D,?,AIM_all,15.0,0.1745565
A1461D,?,AIM_all,15.1,0.163101
A1461D,?,AIM_all,15.2,0.1885816
A1461D,?,AIM_all,15.3,0.174135
A1461D,?,AIM_all,15.4,0.1641038
A1461D,?,AIM_all,15.5,0.1749885
A1461D,?,AIM_all,15.6,0.1694992
A1461D,?,AIM_all,15.7,0.1706284
A1461D,?,AIM_all,15.8,0.175835
A1461D,?,AIM_all,15.9,0.178149
A1461D,?,AIM_all,16.0,0.1633741
A1461D,?,AIM_all,16.1,0.1787429
A1461D,?,AIM_all,16.2,0.1710585
A1461D,?,AIM_all,16.3,0.1762528
A1461D,?,AIM_all,16.4,0.1699677
A1461D,?,AIM_all,16.5,0.1697234
A1461D,?,AIM_all,16.6,0.1820602
A1461D,?,AIM_all,16.7,0.1720726
A1461D,?,AIM_all,16.8,0.1666666
A1461D,?,AIM_all,16.9,0.1758237
A1461D,?,AIM_all,17.0,0.1817636
A1461D,?,AIM_all,17.1,0.1675053
A1461D,?,AIM_all,17.2,0.1650243
A1461D,?,AIM_all,17.3,0.161969
A1461D,?,AIM_all,17.4,0.1574167
A1461D,?,AIM_all,17.5,0.1631104
A1461D,?,AIM_all,17.6,0.1563489
A1461D,?,AIM_all,17.7,0.1608291
A1461D,?,AIM_all,17.8,0.182198
A1461D,?,AIM_all,17.9,0.1736606
A1461D,?,AIM_all,18.0,0.1786419
A1461D,?,AIM_all,18.1,0.1793823
A1461D,?,AIM_all,18.2,0.1835459
A1461D,?,AIM_all,18.3,0.1642712
A1461D,?,AIM_all,18.4,0.167583
A1461D,?,AIM_all,18.5,0.2047389
A1461D,?,AIM_all,18.6,0.2411513
A1461D,?,AIM_all,18.7,0.1727368
A1461D,?,AIM_all,18.8,0.2156245
A1461D,?,AIM_all,18.9,0.1830874
A1461D,?,AIM_all,19.0,0.2254461
A1461D,?,AIM_all,19.1,0.193018
A1461D,?,AIM_all,19.2,0.2012909
A1461D,?,AIM_all,19.3,0.2247556
A1461D,?,AIM_all,19.4,0.2056453
A1461D,?,AIM_all,19.5,0.2061189
A1461D,?,AIM_all,19.6,0.1922705
A1461D,?,AIM_all,19.7,0.1911283
A1461D,?,AIM_all,19.8,0.2056745
A1461D,?,AIM_all,19.9,0.1790754
A1461D,?,AIM_all,20.0,0.2107843
A1461D,?,AIM_all,20.1,0.1960714
A1461D,?,AIM_all,20.2,0.2083867
A1461D,?,AIM_all,20.3,0.2202749
A1461D,?,AIM_all,20.4,0.2152766
A1461D,?,AIM_all,20.5,0.2224612
A1461D,?,AIM_all,20.6,0.2105872
A1461D,?,AIM_all,20.7,0.2108885
A1461D,?,AIM_all,20.8,0.2371793
A1461D,?,AIM_all,20.9,0.2307054
A1461D,?,AIM_all,21.0,0.2280987
A1461D,?,AIM_all,21.1,0.2321143
A1461D,?,AIM_all,21.2,0.2342221
A1461D,?,AIM_all,21.3,0.2217296
A1461D,?,AIM_all,21.4,0.2353486
A1461D,?,AIM_all,21.5,0.1706839
A1461D,?,AIM_all,21.6,0.2119364
A1461D,?,AIM_all,21.7,0.2111564
A1461D,?,AIM_all,21.8,0.1901026
A1461D,?,AIM_all,21.9,0.1721542
A1461D,?,AIM_all,22.0,0.2047853
A1461D,?,AIM_all,22.1,0.2270704
A1461D,?,AIM_all,22.2,0.2099548
A1461D,?,AIM_all,22.3,0.2178394
A1461D,?,AIM_all,22.4,0.2270683
A1461D,?,AIM_all,22.5,0.2143501
A1461D,?,AIM_all,22.6,0.2338567
A1461D,?,AIM_all,22.7,0.2146485
A1461D,?,AIM_all,22.8,0.2024723
A1461D,?,AIM_all,22.9,0.2128051
A1461D,?,AIM_all,23.0,0.2337606
A1461D,?,AIM_all,23.1,0.1959209
A1461D,?,AIM_all,23.2,0.2281995
A1461D,?,AIM_all,23.3,0.2175753
A1461D,?,AIM_all,23.4,0.2415078
A1461D,?,AIM_all,23.5,0.2193878
A1461D,?,AIM_all,23.6,0.2258229
A1461D,?,AIM_all,23.7,0.2023883
A1461D,?,AIM_all,23.8,0.1721017
A1461D,?,AIM_all,23.9,0.2012412
A1461D,?,AIM_all,24.0,0.2227285
A1461D,?,AIM_all,24.1,0.2079495
A1461D,?,AIM_all,24.2,0.1906016
A1461D,?,AIM_all,24.3,0.2253021
A1461D,?,AIM_all,24.4,0.2274313
A1461D,?,AIM_all,24.5,0.1793488
A1461D,?,AIM_all,24.6,0.2144528
A1461D,?,AIM_all,24.7,0.1917994
A1461D,?,AIM_all,24.8,0.2261217
A1461D,?,AIM_all,24.9,0.1994117
A1461D,?,AIM_all,25.0,0.2063856
A1461D,?,AIM_all,25.1,0.2381029
A1461D,?,AIM_all,25.2,0.2470021
A1461D,?,AIM_all,25.3,0.2052974
A1461D,?,AIM_all,25.4,0.2056818
A1461D,?,AIM_all,25.5,0.2348467
A1461D,?,AIM_all,25.6,0.230879
A1461D,?,AIM_all,25.7,0.21237
A1461D,?,AIM_all,25.8,0.2441188
A1461D,?,AIM_all,25.9,0.22623
A1461D,?,AIM_all,26.0,0.2212826
A1461D,?,AIM_all,26.1,0.2154205
A1461D,?,AIM_all,26.2,0.2241741
A1461D,?,AIM_all,26.3,0.2115113
A1461D,?,AIM_all,26.4,0.2106039
A1461D,?,AIM_all,26.5,0.2288776
A1461D,?,AIM_all,26.6,0.2232734
A1461D,?,AIM_all,26.7,0.2143968
A1461D,?,AIM_all,26.8,0.2122215
A1461D,?,AIM_all,26.9,0.2072921
A1461D,?,AIM_all,27.0,0.2234882
A1461D,?,AIM_all,27.1,0.1883136
A1461D,?,AIM_all,27.2,0.2207692
A1461D,?,AIM_all,27.3,0.2280176
A1461D,?,AIM_all,27.4,0.1718082
A1461D,?,AIM_all,27.5,0.221937
A1461D,?,AIM_all,27.6,0.2061505
A1461D,?,AIM_all,27.7,0.1845535
A1461D,?,AIM_all,27.8,0.2355972
A1461D,?,AIM_all,27.9,0.222144
A1461D,?,AIM_all,28.0,0.2033987
A1461D,?,AIM_all,28.1,0.187883
A1461D,?,AIM_all,28.2,0.2332682
A1461D,?,AIM_all,28.3,0.2072896
A1461D,?,AIM_all,28.4,0.21237
A1461D,?,AIM_all,28.5,0.2458336
A1461D,?,AIM_all,28.6,0.229506
A1461D,?,AIM_all,28.7,0.2115963
A1461D,?,AIM_all,28.8,0.2124452
A1461D,?,AIM_all,28.9,0.195205
A1461D,?,AIM_all,29.0,0.2184903
A1461D,?,AIM_all,29.1,0.2179106
A1461D,?,AIM_all,29.2,0.1887777
A1461D,?,AIM_all,29.3,0.1766182
A1461D,?,AIM_all,29.4,0.1807788
A1461D,?,AIM_all,29.5,0.1759687
A1461D,?,AIM_all,29.6,0.1784013
A1461D,?,AIM_all,29.7,0.2373584
A1461D,?,AIM_all,29.8,0.2244236
A1461D,?,AIM_all,29.9,0.1856798
A1461D,?,AIM_all,30.0,0.2150559
A1461D,?,AIM_all,30.1,0.2430926
A1461D,?,AIM_all,30.2,0.1497264
A1461D,?,AIM_all,30.3,0.2208755
A1461D,?,AIM_all,30.4,0.2271409
A1461D,?,AIM_all,30.5,0.2078652
A1461D,?,AIM_all,30.6,0.2096709
A1461D,?,AIM_all,30.7,0.1999401
A1461D,?,AIM_all,30.8,0.2197591
A1461D,?,AIM_all,30.9,0.1941803
A1461D,?,AIM_all,31.0,0.2122286
A1461D,?,AIM_all,31.1,0.2359197
A1461D,?,AIM_all,31.2,0.226261
A1461D,?,AIM_all,31.3,0.2068916
A1461D,?,AIM_all,31.4,0.2178212
A1461D,?,AIM_all,31.5,0.1864029
A1461D,?,AIM_all,31.6,0.224949
A1461D,?,AIM_all,31.7,0.2085423
A1461D,?,AIM_all,31.8,0.199955
A1461D,?,AIM_all,31.9,0.1995044
A1461D,?,AIM_all,32.0,0.2220406
A1461D,?,AIM_all,32.1,0.2295769
A1461D,?,AIM_all,32.2,0.2181788
A1461D,?,AIM_all,32.3,0.2167809
A1461D,?,AIM_all,32.4,0.2322089
A1461D,?,AIM_all,32.5,0.2130469
A1461D,?,AIM_all,32.6,0.1929016
A1461D,?,AIM_all,32.7,0.2184057
A1461D,?,AIM_all,32.8,0.2059935
A1461D,?,AIM_all,32.9,0.2245196
A1461D,?,AIM_all,33.0,0.2215851
A1461D,?,AIM_all,33.1,0.2119574
A1461D,?,AIM_all,33.2,0.2302304
A1461D,?,AIM_all,33.3,0.2217092
A1461D,?,AIM_all,33.4,0.242425
A1461D,?,AIM_all,33.5,0.216743
A1461D,?,AIM_all,33.6,0.2343479
A1461D,?,AIM_all,33.7,0.2209978
A1461D,?,AIM_all,33.8,0.2158725
A1461D,?,AIM_all,33.9,0.2047681
A1461D,?,AIM_all,34.0,0.1847163
A1461D,?,AIM_all,34.1,0.2018441
A1461D,?,AIM_all,34.2,0.2292005
A1461D,?,AIM_all,34.3,0.188873
A1461D,?,AIM_all,34.4,0.2015193
A1461D,?,AIM_all,34.5,0.2256789
A1461D,?,AIM_all,34.6,0.2237429
A1461D,?,AIM_all,34.7,0.2358048
A1461D,?,AIM_all,34.8,0.2188039
A1461D,?,AIM_all,34.9,0.2077064
A1461D,?,AIM_all,35.0,0.1658131
A1461D,?,AIM_all,35.1,0.1843286
A1461D,?,AIM_all,35.2,0.2040613
A1461D,?,AIM_all,35.3,0.242856
A1461D,?,AIM_all,35.4,0.2205129
A1461D,?,AIM_all,35.5,0.2219595
A1461D,?,AIM_all,35.6,0.2054022
A1461D,?,AIM_all,35.7,0.2186387
A1461D,?,AIM_all,35.8,0.2006716
A1461D,?,AIM_all,35.9,0.2446246
A1461D,?,AIM_all,36.0,0.2009203
A1461D,?,AIM_all,36.1,0.1881302
A1461D,?,AIM_all,36.2,0.2129838
A1461D,?,AIM_all,36.3,0.2040392
A1461D,?,AIM_all,36.4,0.2376007
A1461D,?,AIM_all,36.5,0.1769378
A1461D,?,AIM_all,36.6,0.2175318
A1461D,?,AIM_all,36.7,0.2331971
A1461D,?,AIM_all,36.8,0.21118
A1461D,?,AIM_all,36.9,0.2424645
A1461D,?,AIM_all,37.0,0.211589
A1461D,?,AIM_all,37.1,0.2140143
A1461D,?,AIM_all,37.2,0.2097904
A1461D,?,AIM_all,37.3,0.225568
A1461D,?,AIM_all,37.4,0.2330515
A1461D,?,AIM_all,37.5,0.2016806
A1461D,?,AIM_all,37.6,0.228066
A1461D,?,AIM_all,37.7,0.2122782
A1461D,?,AIM_all,37.8,0.2248669
A1461D,?,AIM_all,37.9,0.2418779
A1461D,?,AIM_all,38.0,0.2063515
A1461D,?,AIM_all,38.1,0.1877686
A1461D,?,AIM_all,38.2,0.1987486
A1461D,?,AIM_all,38.3,0.231035
A1461D,?,AIM_all,38.4,0.1991182
A1461D,?,AIM_all,38.5,0.2177297
A1461D,?,AIM_all,38.6,0.2270284
A1461D,?,AIM_all,38.7,0.224778
A1461D,?,AIM_all,38.8,0.1990867
A1461D,?,AIM_all,38.9,0.2026659
A1461D,?,AIM_all,39.0,0.1996623
A1461D,?,AIM_all,39.1,0.19856
A1461D,?,AIM_all,39.2,0.2243302
A1461D,?,AIM_all,39.3,0.2498763
A1461D,?,AIM_all,39.4,0.1876966
A1461D,?,AIM_all,39.5,0.2153441
A1461D,?,AIM_all,39.6,0.2061492
A1461D,?,AIM_all,39.7,0.2140584
A1461D,?,AIM_all,39.8,0.2234367
A1461D,?,AIM_all,39.9,0.2102973
A1461D,?,AIM_all,40.0,0.2359958
A1461D,?,AIM_all,40.1,0.2125418
A1461D,?,AIM_all,40.2,0.2231951
A1461D,?,AIM_all,40.3,0.2036882
A1461D,?,AIM_all,40.4,0.2402375
A1461D,?,AIM_all,40.5,0.2188171
A1461D,?,AIM_all,40.6,0.2315469
A1461D,?,AIM_all,40.7,0.2106037
A1461D,?,AIM_all,40.8,0.2259383
A1461D,?,AIM_all,40.9,0.2152069
A1461D,?,AIM_all,41.0,0.2059345
A1461D,?,AIM_all,41.1,0.2302115
A1461D,?,AIM_all,41.2,0.2158815
A1461D,?,AIM_all,41.3,0.2034036
A1461D,?,AIM_all,41.4,0.2372031
A1461D,?,AIM_all,41.5,0.220418
A1461D,?,AIM_all,41.6,0.2134362
A1461D,?,AIM_all,41.7,0.2024699
A1461D,?,AIM_all,41.8,0.2117169
A1461D,?,AIM_all,41.9,0.1713535
A1461D,?,AIM_all,42.0,0.1721248
A1461D,?,AIM_all,42.1,0.1688371
A1461D,?,AIM_all,42.2,0.1676697
A1461D,?,AIM_all,42.3,0.1690474
A1461D,?,AIM_all,42.4,0.1764909
A1461D,?,AIM_all,42.5,0.176516
A1461D,?,AIM_all,42.6,0.1719594
A1461D,?,AIM_all,42.7,0.175371
A1461D,?,AIM_all,42.8,0.172177
A1461D,?,AIM_all,42.9,0.1696264
A1461D,?,AIM_all,43.0,0.180624
A1461D,?,AIM_all,43.1,0.1820028
A1461D,?,AIM_all,43.2,0.1696438
A1461D,?,AIM_all,43.3,0.1613535
A1461D,?,AIM_all,43.4,0.1724819
A1461D,?,AIM_all,43.5,0.1796022
A1461D,?,AIM_all,43.6,0.1700733
A1461D,?,AIM_all,43.7,0.1796051
A1461D,?,AIM_all,43.8,0.1730519
A1461D,?,AIM_all,43.9,0.1840461
A1461D,?,AIM_all,44.0,0.1663881
A1461D,?,AIM_all,44.1,0.1746025
A1461D,?,AIM_all,44.2,0.1681814
A1461D,?,AIM_all,44.3,0.1835483
A1461D,?,AIM_all,44.4,0.1748429
A1461D,?,AIM_all,44.5,0.1833496
A1461D,?,AIM_all,44.6,0.1662798
A1461D,?,AIM_all,44.7,0.1625887
A1461D,?,AIM_all,44.8,0.1811989
A1461D,?,AIM_all,44.9,0.1866039
A1461D,?,AIM_all,45.0,0.1715488
A1461D,?,AIM_all,45.1,0.1766464
A1461D,?,AIM_all,45.2,0.1902344
A1461D,?,AIM_all,45.3,0.1712598
A1461D,?,AIM_all,45.4,0.1965503
A1461D,?,AIM_all,45.5,0.1715663
A1461D,?,AIM_all,45.6,0.1955122
A1461D,?,AIM_all,45.7,0.1798223
A1461D,?,AIM_all,45.8,0.1814882
A1461D,?,AIM_all,45.9,0.1852165
A1461D,?,AIM_all,46.0,0.1746592
A1461D,?,AIM_all,46.1,0.1887352
A1461D,?,AIM_all,46.2,0.1632356
A1461D,?,AIM_all,46.3,0.178056
A1461D,?,AIM_all,46.4,0.1846346
A1461D,?,AIM_all,46.5,0.2195314
A1461D,?,AIM_all,46.6,0.1800278
A1461D,?,AIM_all,46.7,0.1642805
A1461D,?,AIM_all,46.8,0.1686918
A1461D,?,AIM_all,46.9,0.1958109
A1461D,?,AIM_all,47.0,0.1852213
A1461D,?,AIM_all,47.1,0.2069611
A1461D,?,AIM_all,47.2,0.2242634
A1461D,?,AIM_all,47.3,0.2272706
A1461D,?,AIM_all,47.4,0.2285037
A1461D,?,AIM_all,47.5,0.2151235
A1461D,?,AIM_all,47.6,0.2203135
A1461D,?,AIM_all,47.7,0.1935511
A1461D,?,AIM_all,47.8,0.1869466
A1461D,?,AIM_all,47.9,0.1949563
A1461D,?,AIM_all,48.0,0.2347851
A1461D,?,AIM_all,48.1,0.2208935
A1461D,?,AIM_all,48.2,0.2512231
A1461D,?,AIM_all,48.3,0.2187096
A1461D,?,AIM_all,48.4,0.2111186
A1461D,?,AIM_all,48.5,0.2270284
A1461D,?,AIM_all,48.6,0.2260639
A1461D,?,AIM_all,48.7,0.2109812
A1461D,?,AIM_all,48.8,0.2137616
A1461D,?,AIM_all,48.9,0.2390168
A1461D,?,AIM_all,49.0,0.2129648
A1461D,?,AIM_all,49.1,0.2284777
A1461D,?,AIM_all,49.2,0.2362648
A1461D,?,AIM_all,49.3,0.2193148
A1461D,?,AIM_all,49.4,0.2071013
A1461D,?,AIM_all,49.5,0.1964333
A1461D,?,AIM_all,49.6,0.1984161
A1461D,?,AIM_all,49.7,0.1933833
A1461D,?,AIM_all,49.8,0.2077618
A1461D,?,AIM_all,49.9,0.1962548
A1461D,?,AIM_all,50.0,0.2483829
A1461D,?,C_AIM,0.0,0.1771274
A1461D,?,C_AIM,0.1,0.1742811
A1461D,?,C_AIM,0.2,0.2149048
A1461D,?,C_AIM,0.3,0.2638749
A1461D,?,C_AIM,0.4,0.2096687
A1461D,?,C_AIM,0.5,0.2112842
A1461D,?,C_AIM,0.6,0.208732
A1461D,?,C_AIM,0.7,0.2544089
A1461D,?,C_AIM,0.8,0.20735
A1461D,?,C_AIM,0.9,0.2213234
A1461D,?,C_AIM,1.0,0.1885047
A1461D,?,C_AIM,1.1,0.2302587
A1461D,?,C_AIM,1.2,0.2225173
A1461D,?,C_AIM,1.3,0.2704974
A1461D,?,C_AIM,1.4,0.2481713
A1461D,?,C_AIM,1.5,0.2123821
A1461D,?,C_AIM,1.6,0.2762321
A1461D,?,C_AIM,1.7,0.2919759
A1461D,?,C_AIM,1.8,0.231845
A1461D,?,C_AIM,1.9,0.1680358
A1461D,?,C_AIM,2.0,0.1699264
A1461D,?,C_AIM,2.1,0.1699738
A1461D,?,C_AIM,2.2,0.1666553
A1461D,?,C_AIM,2.3,0.1714205
A1461D,?,C_AIM,2.4,0.16703
A1461D,?,C_AIM,2.5,0.1744276
A1461D,?,C_AIM,2.6,0.1758322
A1461D,?,C_AIM,2.7,0.1701468
A1461D,?,C_AIM,2.8,0.1559808
A1461D,?,C_AIM,2.9,0.3165532
A1461D,?,C_AIM,3.0,0.1673739
A1461D,?,C_AIM,3.1,0.1646236
A1461D,?,C_AIM,3.2,0.1526596
A1461D,?,C_AIM,3.3,0.2009302
A1461D,?,C_AIM,3.4,0.2820035
A1461D,?,C_AIM,3.5,0.27145
A1461D,?,C_AIM,3.6,0.2349765
A1461D,?,C_AIM,3.7,0.2402895
A1461D,?,C_AIM,3.8,0.2039631
A1461D,?,C_AIM,3.9,0.2610688
A1461D,?,C_AIM,4.0,0.4927699
A1461D,?,C_AIM,4.1,0.5215082
A1461D,?,C_AIM,4.2,0.246538
A1461D,?,C_AIM,4.3,0.2152047
A1461D,?,C_AIM,4.4,0.2125607
A1461D,?,C_AIM,4.5,0.2345272
A1461D,?,C_AIM,4.6,0.2204267
A1461D,?,C_AIM,4.7,0.2250625
A1461D,?,C_AIM,4.8,0.2185818
A1461D,?,C_AIM,4.9,0.2116343
A1461D,?,C_AIM,5.0,0.2191347
A1461D,?,C_AIM,5.1,0.2022004
A1461D,?,C_AIM,5.2,0.2298108
A1461D,?,C_AIM,5.3,0.2588822
A1461D,?,C_AIM,5.4,0.2189109
A1461D,?,C_AIM,5.5,0.2724904
A1461D,?,C_AIM,5.6,0.2179566
A1461D,?,C_AIM,5.7,0.2763858
A1461D,?,C_AIM,5.8,0.2503957
A1461D,?,C_AIM,5.9,0.1936904
A1461D,?,C_AIM,6.0,0.1897447
A1461D,?,C_AIM,6.1,0.2197497
A1461D,?,C_AIM,6.2,0.2415055
A1461D,?,C_AIM,6.3,0.2143315
A1461D,?,C_AIM,6.4,0.2928152
A1461D,?,C_AIM,6.5,0.2213051
A1461D,?,C_AIM,6.6,0.2150024
A1461D,?,C_AIM,6.7,0.2818406
A1461D,?,C_AIM,6.8,0.2182796
A1461D,?,C_AIM,6.9,0.2118632
A1461D,?,C_AIM,7.0,0.2305316
A1461D,?,C_AIM,7.1,0.2090861
A1461D,?,C_AIM,7.2,0.2101073
A1461D,?,C_AIM,7.3,0.2512149
A1461D,?,C_AIM,7.400001,0.2651244
A1461D,?,C_AIM,7.5,0.2658517
A1461D,?,C_AIM,7.6,0.2700426
A1461D,?,C_AIM,7.7,0.2355715
A1461D,?,C_AIM,7.8,0.2227487
A1461D,?,C_AIM,7.900001,0.217736
A1461D,?,C_AIM,8.0,0.2029459
A1461D,?,C_AIM,8.1,0.2106989
A1461D,?,C_AIM,8.200001,0.2291287
A1461D,?,C_AIM,8.3,0.2628305
A1461D,?,C_AIM,8.400001,0.2120873
A1461D,?,C_AIM,8.5,0.2200433
A1461D,?,C_AIM,8.6,0.2672264
A1461D,?,C_AIM,8.700001,0.2577595
A1461D,?,C_AIM,8.8,0.2217791
A1461D,?,C_AIM,8.900001,0.2083408
A1461D,?,C_AIM,9.0,0.2308593
A1461D,?,C_AIM,9.1,0.2688439
A1461D,?,C_AIM,9.200001,0.2770019
A1461D,?,C_AIM,9.3,0.2194745
A1461D,?,C_AIM,9.400001,0.2806706
A1461D,?,C_AIM,9.5,0.2452489
A1461D,?,C_AIM,9.6,0.1948615
A1461D,?,C_AIM,9.700001,0.2350446
A1461D,?,C_AIM,9.8,0.1957985
A1461D,?,C_AIM,9.900001,0.2291244
A1461D,?,C_AIM,10.0,0.199995
A1461D,?,C_AIM,10.1,0.203767
A1461D,?,C_AIM,10.2,0.2330344
A1461D,?,C_AIM,10.3,0.253239
A1461D,?,C_AIM,10.4,0.2465888
A1461D,?,C_AIM,10.5,0.2131197
A1461D,?,C_AIM,10.6,0.2182223
A1461D,?,C_AIM,10.7,0.2429978
A1461D,?,C_AIM,10.8,0.2158661
A1461D,?,C_AIM,10.9,0.2205017
A1461D,?,C_AIM,11.0,0.2347787
A1461D,?,C_AIM,11.1,0.2551119
A1461D,?,C_AIM,11.2,0.2397729
A1461D,?,C_AIM,11.3,0.2669758
A1461D,?,C_AIM,11.4,0.2273455
A1461D,?,C_AIM,11.5,0.252476
A1461D,?,C_AIM,11.6,0.2243591
A1461D,?,C_AIM,11.7,0.1897871
A1461D,?,C_AIM,11.8,0.2977919
A1461D,?,C_AIM,11.9,0.1916716
A1461D,?,C_AIM,12.0,0.2209546
A1461D,?,C_AIM,12.1,0.2427262
A1461D,?,C_AIM,12.2,0.2722022
A1461D,?,C_AIM,12.3,0.2371519
A1461D,?,C_AIM,12.4,0.214993
A1461D,?,C_AIM,12.5,0.1956578
A1461D,?,C_AIM,12.6,0.2364422
A1461D,?,C_AIM,12.7,0.2639338
A1461D,?,C_AIM,12.8,0.2352257
A1461D,?,C_AIM,12.9,0.217681
A1461D,?,C_AIM,13.0,0.2349979
A1461D,?,C_AIM,13.1,0.2025513
A1461D,?,C_AIM,13.2,0.2231499
A1461D,?,C_AIM,13.3,0.2642387
A1461D,?,C_AIM,13.4,0.2057643
A1461D,?,C_AIM,13.5,0.2506911
A1461D,?,C_AIM,13.6,0.2373395
A1461D,?,C_AIM,13.7,0.2487507
A1461D,?,C_AIM,13.8,0.2264352
A1461D,?,C_AIM,13.9,0.2566282
A1461D,?,C_AIM,14.0,0.2178441
A1461D,?,C_AIM,14.1,0.2274138
A1461D,?,C_AIM,14.2,0.2294075
A1461D,?,C_AIM,14.3,0.2368121
A1461D,?,C_AIM,14.4,0.1961272
A1461D,?,C_AIM,14.5,0.2033272
A1461D,?,C_AIM,14.6,0.2451272
A1461D,?,C_AIM,14.7,0.232028
A1461D,?,C_AIM,14.8,0.2590791
A1461D,?,C_AIM,14.9,0.2116153
A1461D,?,C_AIM,15.0,0.2218781
A1461D,?,C_AIM,15.1,0.2484313
A1461D,?,C_AIM,15.2,0.2540511
A1461D,?,C_AIM,15.3,0.3186112
A1461D,?,C_AIM,15.4,0.2544571
A1461D,?,C_AIM,15.5,0.2270462
A1461D,?,C_AIM,15.6,0.2210475
A1461D,?,C_AIM,15.7,0.2323663
A1461D,?,C_AIM,15.8,0.2436514
A1461D,?,C_AIM,15.9,0.2212464
A1461D,?,C_AIM,16.0,0.2493773
A1461D,?,C_AIM,16.1,0.2088494
A1461D,?,C_AIM,16.2,0.2170464
A1461D,?,C_AIM,16.3,0.22484
A1461D,?,C_AIM,16.4,0.2212711
A1461D,?,C_AIM,16.5,0.2309394
A1461D,?,C_AIM,16.6,0.2093896
A1461D,?,C_AIM,16.7,0.2441493
A1461D,?,C_AIM,16.8,0.1666666
A1461D,?,C_AIM,16.9,0.1758237
A1461D,?,C_AIM,17.0,0.2371562
A1461D,?,C_AIM,17.1,0.2370716
A1461D,?,C_AIM,17.2,0.1673113
A1461D,?,C_AIM,17.3,0.161969
A1461D,?,C_AIM,17.4,0.1800723
A1461D,?,C_AIM,17.5,0.169953
A1461D,?,C_AIM,17.6,0.1563489
A1461D,?,C_AIM,17.7,0.1608291
A1461D,?,C_AIM,17.8,0.182198
A1461D,?,C_AIM,17.9,0.1736606
A1461D,?,C_AIM,18.0,0.1786419
A1461D,?,C_AIM,18.1,0.1793823
A1461D,?,C_AIM,18.2,0.1835459
A1461D,?,C_AIM,18.3,0.1642712
A1461D,?,C_AIM,18.4,0.167583
A1461D,?,C_AIM,18.5,0.2047389
A1461D,?,C_AIM,18.6,0.2411513
A1461D,?,C_AIM,18.7,0.2386818
A1461D,?,C_AIM,18.8,0.227372
A1461D,?,C_AIM,18.9,0.2199136
A1461D,?,C_AIM,19.0,0.2358686
A1461D,?,C_AIM,19.1,0.2428622
A1461D,?,C_AIM,19.2,0.2071958
A1461D,?,C_AIM,19.3,0.2380042
A1461D,?,C_AIM,19.4,0.2231165
A1461D,?,C_AIM,19.5,0.2094827
A1461D,?,C_AIM,19.6,0.242165
A1461D,?,C_AIM,19.7,0.2271101
A1461D,?,C_AIM,19.8,0.2056745
A1461D,?,C_AIM,19.9,0.2395788
A1461D,?,C_AIM,20.0,0.2297498
A1461D,?,C_AIM,20.1,0.257684
A1461D,?,C_AIM,20.2,0.2539783
A1461D,?,C_AIM,20.3,0.2641174
A1461D,?,C_AIM,20.4,0.2152766
A1461D,?,C_AIM,20.5,0.2544032
A1461D,?,C_AIM,20.6,0.2216054
A1461D,?,C_AIM,20.7,0.2779948
A1461D,?,C_AIM,20.8,0.2371793
A1461D,?,C_AIM,20.9,0.2307054
A1461D,?,C_AIM,21.0,0.2408256
A1461D,?,C_AIM,21.1,0.2531976
A1461D,?,C_AIM,21.2,0.2635944
A1461D,?,C_AIM,21.3,0.2343161
A1461D,?,C_AIM,21.4,0.2747745
A1461D,?,C_AIM,21.5,0.2059759
A1461D,?,C_AIM,21.6,0.2463229
A1461D,?,C_AIM,21.7,0.2111564
A1461D,?,C_AIM,21.8,0.2286613
A1461D,?,C_AIM,21.9,0.249742
A1461D,?,C_AIM,22.0,0.2111255
A1461D,?,C_AIM,22.1,0.2270704
A1461D,?,C_AIM,22.2,0.2655957
A1461D,?,C_AIM,22.3,0.238994
A1461D,?,C_AIM,22.4,0.2317864
A1461D,?,C_AIM,22.5,0.2143501
A1461D,?,C_AIM,22.6,0.2338567
A1461D,?,C_AIM,22.7,0.2146485
A1461D,?,C_AIM,22.8,0.2024723
A1461D,?,C_AIM,22.9,0.2674416
A1461D,?,C_AIM,23.0,0.2337606
A1461D,?,C_AIM,23.1,0.2379601
A1461D,?,C_AIM,23.2,0.2486625
A1461D,?,C_AIM,23.3,0.2175753
A1461D,?,C_AIM,23.4,0.2482035
A1461D,?,C_AIM,23.5,0.2860139
A1461D,?,C_AIM,23.6,0.2258229
A1461D,?,C_AIM,23.7,0.2151649
A1461D,?,C_AIM,23.8,0.2521945
A1461D,?,C_AIM,23.9,0.208485
A1461D,?,C_AIM,24.0,0.2227285
A1461D,?,C_AIM,24.1,0.2236468
A1461D,?,C_AIM,24.2,0.1906016
A1461D,?,C_AIM,24.3,0.2387931
A1461D,?,C_AIM,24.4,0.2663626
A1461D,?,C_AIM,24.5,0.2113788
A1461D,?,C_AIM,24.6,0.2238147
A1461D,?,C_AIM,24.7,0.1917994
A1461D,?,C_AIM,24.8,0.2261217
A1461D,?,C_AIM,24.9,0.1994117
A1461D,?,C_AIM,25.0,0.2063856
A1461D,?,C_AIM,25.1,0.2524638
A1461D,?,C_AIM,25.2,0.2470021
A1461D,?,C_AIM,25.3,0.2052974
A1461D,?,C_AIM,25.4,0.2056818
A1461D,?,C_AIM,25.5,0.2437662
A1461D,?,C_AIM,25.6,0.230879
A1461D,?,C_AIM,25.7,0.2203498
A1461D,?,C_AIM,25.8,0.2444382
A1461D,?,C_AIM,25.9,0.22623
A1461D,?,C_AIM,26.0,0.2273873
A1461D,?,C_AIM,26.1,0.2301757
A1461D,?,C_AIM,26.2,0.2241741
A1461D,?,C_AIM,26.3,0.2115113
A1461D,?,C_AIM,26.4,0.2255926
A1461D,?,C_AIM,26.5,0.2605418
A1461D,?,C_AIM,26.6,0.2232734
A1461D,?,C_AIM,26.7,0.2421418
A1461D,?,C_AIM,26.8,0.2122215
A1461D,?,C_AIM,26.9,0.2072921
A1461D,?,C_AIM,27.0,0.2853945
A1461D,?,C_AIM,27.1,0.1883136
A1461D,?,C_AIM,27.2,0.2207692
A1461D,?,C_AIM,27.3,0.2683301
A1461D,?,C_AIM,27.4,0.2524321
A1461D,?,C_AIM,27.5,0.2904566
A1461D,?,C_AIM,27.6,0.2399707
A1461D,?,C_AIM,27.7,0.2203317
A1461D,?,C_AIM,27.8,0.2370171
A1461D,?,C_AIM,27.9,0.2531264
A1461D,?,C_AIM,28.0,0.2412759
A1461D,?,C_AIM,28.1,0.2297695
A1461D,?,C_AIM,28.2,0.2477298
A1461D,?,C_AIM,28.3,0.2581027
A1461D,?,C_AIM,28.4,0.2275697
A1461D,?,C_AIM,28.5,0.2985867
A1461D,?,C_AIM,28.6,0.2633497
A1461D,?,C_AIM,28.7,0.2115963
A1461D,?,C_AIM,28.8,0.2179312
A1461D,?,C_AIM,28.9,0.195205
A1461D,?,C_AIM,29.0,0.2230718
A1461D,?,C_AIM,29.1,0.2324522
A1461D,?,C_AIM,29.2,0.2301607
A1461D,?,C_AIM,29.3,0.2182773
A1461D,?,C_AIM,29.4,0.2040808
A1461D,?,C_AIM,29.5,0.243868
A1461D,?,C_AIM,29.6,0.2057401
A1461D,?,C_AIM,29.7,0.2891333
A1461D,?,C_AIM,29.8,0.2386022
A1461D,?,C_AIM,29.9,0.1856798
A1461D,?,C_AIM,30.0,0.2150559
A1461D,?,C_AIM,30.1,0.2702461
A1461D,?,C_AIM,30.2,0.1497264
A1461D,?,C_AIM,30.3,0.2228675
A1461D,?,C_AIM,30.4,0.2271409
A1461D,?,C_AIM,30.5,0.2078652
A1461D,?,C_AIM,30.6,0.2096709
A1461D,?,C_AIM,30.7,0.1999401
A1461D,?,C_AIM,30.8,0.2197591
A1461D,?,C_AIM,30.9,0.1941803
A1461D,?,C_AIM,31.0,0.2458825
A1461D,?,C_AIM,31.1,0.2405286
A1461D,?,C_AIM,31.2,0.226261
A1461D,?,C_AIM,31.3,0.2068916
A1461D,?,C_AIM,31.4,0.2178212
A1461D,?,C_AIM,31.5,0.2076776
A1461D,?,C_AIM,31.6,0.2383298
A1461D,?,C_AIM,31.7,0.2085423
A1461D,?,C_AIM,31.8,0.231452
A1461D,?,C_AIM,31.9,0.2202205
A1461D,?,C_AIM,32.0,0.2689702
A1461D,?,C_AIM,32.1,0.2343267
A1461D,?,C_AIM,32.2,0.2181788
A1461D,?,C_AIM,32.3,0.2167809
A1461D,?,C_AIM,32.4,0.2322089
A1461D,?,C_AIM,32.5,0.2130469
A1461D,?,C_AIM,32.6,0.1986857
A1461D,?,C_AIM,32.7,0.2186572
A1461D,?,C_AIM,32.8,0.2408424
A1461D,?,C_AIM,32.9,0.2245196
A1461D,?,C_AIM,33.0,0.2217522
A1461D,?,C_AIM,33.1,0.2119574
A1461D,?,C_AIM,33.2,0.2302304
A1461D,?,C_AIM,33.3,0.2217092
A1461D,?,C_AIM,33.4,0.242425
A1461D,?,C_AIM,33.5,0.216743
A1461D,?,C_AIM,33.6,0.2406344
A1461D,?,C_AIM,33.7,0.2209978
A1461D,?,C_AIM,33.8,0.2481995
A1461D,?,C_AIM,33.9,0.2047681
A1461D,?,C_AIM,34.0,0.202803
A1461D,?,C_AIM,34.1,0.2018441
A1461D,?,C_AIM,34.2,0.2869249
A1461D,?,C_AIM,34.3,0.2285957
A1461D,?,C_AIM,34.4,0.2015193
A1461D,?,C_AIM,34.5,0.2256789
A1461D,?,C_AIM,34.6,0.2237429
A1461D,?,C_AIM,34.7,0.2358048
A1461D,?,C_AIM,34.8,0.2188039
A1461D,?,C_AIM,34.9,0.2077064
A1461D,?,C_AIM,35.0,0.2574587
A1461D,?,C_AIM,35.1,0.2459674
A1461D,?,C_AIM,35.2,0.2349254
A1461D,?,C_AIM,35.3,0.2543346
A1461D,?,C_AIM,35.4,0.2205129
A1461D,?,C_AIM,35.5,0.2314648
A1461D,?,C_AIM,35.6,0.2054022
A1461D,?,C_AIM,35.7,0.2448286
A1461D,?,C_AIM,35.8,0.2006716
A1461D,?,C_AIM,35.9,0.2446246
A1461D,?,C_AIM,36.0,0.2245528
A1461D,?,C_AIM,36.1,0.1881302
A1461D,?,C_AIM,36.2,0.2819308
A1461D,?,C_AIM,36.3,0.2151765
A1461D,?,C_AIM,36.4,0.2376007
A1461D,?,C_AIM,36.5,0.1844045
A1461D,?,C_AIM,36.6,0.2175318
A1461D,?,C_AIM,36.7,0.2331971
A1461D,?,C_AIM,36.8,0.2498838
A1461D,?,C_AIM,36.9,0.2617653
A1461D,?,C_AIM,37.0,0.2276885
A1461D,?,C_AIM,37.1,0.2140143
A1461D,?,C_AIM,37.2,0.2308203
A1461D,?,C_AIM,37.3,0.225568
A1461D,?,C_AIM,37.4,0.281468
A1461D,?,C_AIM,37.5,0.22832
A1461D,?,C_AIM,37.6,0.228066
A1461D,?,C_AIM,37.7,0.2592951
A1461D,?,C_AIM,37.8,0.2248669
A1461D,?,C_AIM,37.9,0.2466923
A1461D,?,C_AIM,38.0,0.2307292
A1461D,?,C_AIM,38.1,0.2224632
A1461D,?,C_AIM,38.2,0.2214452
A1461D,?,C_AIM,38.3,0.2549118
A1461D,?,C_AIM,38.4,0.1991182
A1461D,?,C_AIM,38.5,0.2177297
A1461D,?,C_AIM,38.6,0.2270284
A1461D,?,C_AIM,38.7,0.224778
A1461D,?,C_AIM,38.8,0.1990867
A1461D,?,C_AIM,38.9,0.3038963
A1461D,?,C_AIM,39.0,0.1996623
A1461D,?,C_AIM,39.1,0.19856
A1461D,?,C_AIM,39.2,0.2469411
A1461D,?,C_AIM,39.3,0.2579679
A1461D,?,C_AIM,39.4,0.2030393
A1461D,?,C_AIM,39.5,0.2153441
A1461D,?,C_AIM,39.6,0.2061492
A1461D,?,C_AIM,39.7,0.2239265
A1461D,?,C_AIM,39.8,0.2291844
A1461D,?,C_AIM,39.9,0.2341668
A1461D,?,C_AIM,40.0,0.242856
A1461D,?,C_AIM,40.1,0.2125418
A1461D,?,C_AIM,40.2,0.2231951
A1461D,?,C_AIM,40.3,0.2625585
A1461D,?,C_AIM,40.4,0.2453183
A1461D,?,C_AIM,40.5,0.2420701
A1461D,?,C_AIM,40.6,0.2315469
A1461D,?,C_AIM,40.7,0.2106037
A1461D,?,C_AIM,40.8,0.2381281
A1461D,?,C_AIM,40.9,0.2152069
A1461D,?,C_AIM,41.0,0.2059345
A1461D,?,C_AIM,41.1,0.2348873
A1461D,?,C_AIM,41.2,0.2158815
A1461D,?,C_AIM,41.3,0.2034036
A1461D,?,C_AIM,41.4,0.2372031
A1461D,?,C_AIM,41.5,0.238686
A1461D,?,C_AIM,41.6,0.2305233
A1461D,?,C_AIM,41.7,0.2024699
A1461D,?,C_AIM,41.8,0.2117169
A1461D,?,C_AIM,41.9,0.2016758
A1461D,?,C_AIM,42.0,0.2534184
A1461D,?,C_AIM,42.1,0.2185338
A1461D,?,C_AIM,42.2,0.2143222
A1461D,?,C_AIM,42.3,0.2443479
A1461D,?,C_AIM,42.4,0.2392114
A1461D,?,C_AIM,42.5,0.2052585
A1461D,?,C_AIM,42.6,0.2156247
A1461D,?,C_AIM,42.7,0.2515332
A1461D,?,C_AIM,42.8,0.2044553
A1461D,?,C_AIM,42.9,0.2286375
A1461D,?,C_AIM,43.0,0.2269121
A1461D,?,C_AIM,43.1,0.2110593
A1461D,?,C_AIM,43.2,0.1992836
A1461D,?,C_AIM,43.3,0.2418635
A1461D,?,C_AIM,43.4,0.222542
A1461D,?,C_AIM,43.5,0.2143034
A1461D,?,C_AIM,43.6,0.2542714
A1461D,?,C_AIM,43.7,0.2105183
A1461D,?,C_AIM,43.8,0.2368883
A1461D,?,C_AIM,43.9,0.2221621
A1461D,?,C_AIM,44.0,0.2624235
A1461D,?,C_AIM,44.1,0.212365
A1461D,?,C_AIM,44.2,0.2445012
A1461D,?,C_AIM,44.3,0.2131432
A1461D,?,C_AIM,44.4,0.2381535
A1461D,?,C_AIM,44.5,0.2469493
A1461D,?,C_AIM,44.6,0.2184994
A1461D,?,C_AIM,44.7,0.2378948
A1461D,?,C_AIM,44.8,0.1994845
A1461D,?,C_AIM,44.9,0.2213434
A1461D,?,C_AIM,45.0,0.2526875
A1461D,?,C_AIM,45.1,0.1975577
A1461D,?,C_AIM,45.2,0.2061653
A1461D,?,C_AIM,45.3,0.2112368
A1461D,?,C_AIM,45.4,0.2342435
A1461D,?,C_AIM,45.5,0.2282475
A1461D,?,C_AIM,45.6,0.276156
A1461D,?,C_AIM,45.7,0.2633286
A1461D,?,C_AIM,45.8,0.2283395
A1461D,?,C_AIM,45.9,0.2176511
A1461D,?,C_AIM,46.0,0.2134056
A1461D,?,C_AIM,46.1,0.197322
A1461D,?,C_AIM,46.2,0.2307725
A1461D,?,C_AIM,46.3,0.2380186
A1461D,?,C_AIM,46.4,0.2194219
A1461D,?,C_AIM,46.5,0.2237364
A1461D,?,C_AIM,46.6,0.2379098
A1461D,?,C_AIM,46.7,0.2097116
A1461D,?,C_AIM,46.8,0.2347785
A1461D,?,C_AIM,46.9,0.2242521
A1461D,?,C_AIM,47.0,0.2376848
A1461D,?,C_AIM,47.1,0.2069611
A1461D,?,C_AIM,47.2,0.2498379
A1461D,?,C_AIM,47.3,0.2272706
A1461D,?,C_AIM,47.4,0.2546231
A1461D,?,C_AIM,47.5,0.2151235
A1461D,?,C_AIM,47.6,0.2203135
A1461D,?,C_AIM,47.7,0.1935511
A1461D,?,C_AIM,47.8,0.1869466
A1461D,?,C_AIM,47.9,0.1949563
A1461D,?,C_AIM,48.0,0.2347851
A1461D,?,C_AIM,48.1,0.2208935
A1461D,?,C_AIM,48.2,0.2646699
A1461D,?,C_AIM,48.3,0.2187096
A1461D,?,C_AIM,48.4,0.2111186
A1461D,?,C_AIM,48.5,0.2270284
A1461D,?,C_AIM,48.6,0.2260639
A1461D,?,C_AIM,48.7,0.2109812
A1461D,?,C_AIM,48.8,0.2423839
A1461D,?,C_AIM,48.9,0.2409856
A1461D,?,C_AIM,49.0,0.2129648
A1461D,?,C_AIM,49.1,0.2284777
A1461D,?,C_AIM,49.2,0.2362648
A1461D,?,C_AIM,49.3,0.2193148
A1461D,?,C_AIM,49.4,0.2071013
A1461D,?,C_AIM,49.5,0.1964333
A1461D,?,C_AIM,49.6,0.1984161
A1461D,?,C_AIM,49.7,0.1933833
A1461D,?,C_AIM,49.8,0.2268568
A1461D,?,C_AIM,49.9,0.1962548
A1461D,?,C_AIM,50.0,0.2492028
A1461D,?,N_AIM,0.0,0.1689111
A1461D,?,N_AIM,0.1,0.1825978
A1461D,?,N_AIM,0.2,0.1631228
A1461D,?,N_AIM,0.3,0.1619695
A1461D,?,N_AIM,0.4,0.1717295
A1461D,?,N_AIM,0.5,0.1795162
A1461D,?,N_AIM,0.6,0.1602812
A1461D,?,N_AIM,0.7,0.1791395
A1461D,?,N_AIM,0.8,0.1607044
A1461D,?,N_AIM,0.9,0.1687306
A1461D,?,N_AIM,1.0,0.1649668
A1461D,?,N_AIM,1.1,0.1620804
A1461D,?,N_AIM,1.2,0.1586538
A1461D,?,N_AIM,1.3,0.1505823
A1461D,?,N_AIM,1.4,0.1814123
A1461D,?,N_AIM,1.5,0.1667002
A1461D,?,N_AIM,1.6,0.1627021
A1461D,?,N_AIM,1.7,0.159116
A1461D,?,N_AIM,1.8,0.1607172
A1461D,?,N_AIM,1.9,0.1720028
A1461D,?,N_AIM,2.0,0.1569111
A1461D,?,N_AIM,2.1,0.1612048
A1461D,?,N_AIM,2.2,0.1604619
A1461D,?,N_AIM,2.3,0.1594207
A1461D,?,N_AIM,2.4,0.1529574
A1461D,?,N_AIM,2.5,0.1796471
A1461D,?,N_AIM,2.6,0.1825543
A1461D,?,N_AIM,2.7,0.1516511
A1461D,?,N_AIM,2.8,0.170707
A1461D,?,N_AIM,2.9,0.1748684
A1461D,?,N_AIM,3.0,0.1553898
A1461D,?,N_AIM,3.1,0.1783428
A1461D,?,N_AIM,3.2,0.1816648
A1461D,?,N_AIM,3.3,0.1648789
A1461D,?,N_AIM,3.4,0.1695258
A1461D,?,N_AIM,3.5,0.155016
A1461D,?,N_AIM,3.6,0.1737122
A1461D,?,N_AIM,3.7,0.1689763
A1461D,?,N_AIM,3.8,0.170789
A1461D,?,N_AIM,3.9,0.1612607
A1461D,?,N_AIM,4.0,0.1924451
A1461D,?,N_AIM,4.1,0.1796384
A1461D,?,N_AIM,4.2,0.1641831
A1461D,?,N_AIM,4.3,0.1487048
A1461D,?,N_AIM,4.4,0.1672544
A1461D,?,N_AIM,4.5,0.1730231
A1461D,?,N_AIM,4.6,0.1777214
A1461D,?,N_AIM,4.7,0.1524403
A1461D,?,N_AIM,4.8,0.161152
A1461D,?,N_AIM,4.9,0.1692749
A1461D,?,N_AIM,5.0,0.169723
A1461D,?,N_AIM,5.1,0.1737578
A1461D,?,N_AIM,5.2,0.1771013
A1461D,?,N_AIM,5.3,0.1757412
A1461D,?,N_AIM,5.4,0.156189
A1461D,?,N_AIM,5.5,0.1724705
A1461D,?,N_AIM,5.6,0.1821376
A1461D,?,N_AIM,5.7,0.1770112
A1461D,?,N_AIM,5.8,0.1622528
A1461D,?,N_AIM,5.9,0.1736491
A1461D,?,N_AIM,6.0,0.1822336
A1461D,?,N_AIM,6.1,0.1674755
A1461D,?,N_AIM,6.2,0.1743705
A1461D,?,N_AIM,6.3,0.1780451
A1461D,?,N_AIM,6.4,0.1828523
A1461D,?,N_AIM,6.5,0.1881066
A1461D,?,N_AIM,6.6,0.1708039
A1461D,?,N_AIM,6.7,0.1618271
A1461D,?,N_AIM,6.8,0.1741381
A1461D,?,N_AIM,6.9,0.1844914
A1461D,?,N_AIM,7.0,0.1685494
A1461D,?,N_AIM,7.1,0.1815407
A1461D,?,N_AIM,7.2,0.1789133
A1461D,?,N_AIM,7.3,0.1714351
A1461D,?,N_AIM,7.400001,0.1697912
A1461D,?,N_AIM,7.5,0.1589529
A1461D,?,N_AIM,7.6,0.1761729
A1461D,?,N_AIM,7.7,0.1600779
A1461D,?,N_AIM,7.8,0.171814
A1461D,?,N_AIM,7.900001,0.173462
A1461D,?,N_AIM,8.0,0.1760059
A1461D,?,N_AIM,8.1,0.1731504
A1461D,?,N_AIM,8.200001,0.1641008
A1461D,?,N_AIM,8.3,0.1709532
A1461D,?,N_AIM,8.400001,0.1822744
A1461D,?,N_AIM,8.5,0.1700499
A1461D,?,N_AIM,8.6,0.1779579
A1461D,?,N_AIM,8.700001,0.1809035
A1461D,?,N_AIM,8.8,0.1661745
A1461D,?,N_AIM,8.900001,0.1745797
A1461D,?,N_AIM,9.0,0.1661747
A1461D,?,N_AIM,9.1,0.168778
A1461D,?,N_AIM,9.200001,0.1694609
A1461D,?,N_AIM,9.3,0.1710231
A1461D,?,N_AIM,9.400001,0.1747543
A1461D,?,N_AIM,9.5,0.1736433
A1461D,?,N_AIM,9.6,0.1856933
A1461D,?,N_AIM,9.700001,0.1753258
A1461D,?,N_AIM,9.8,0.1865608
A1461D,?,N_AIM,9.900001,0.1831529
A1461D,?,N_AIM,10.0,0.1753109
A1461D,?,N_AIM,10.1,0.1844426
A1461D,?,N_AIM,10.2,0.1859569
A1461D,?,N_AIM,10.3,0.1782753
A1461D,?,N_AIM,10.4,0.1835787
A1461D,?,N_AIM,10.5,0.1710059
A1461D,?,N_AIM,10.6,0.1875046
A1461D,?,N_AIM,10.7,0.1735914
A1461D,?,N_AIM,10.8,0.1705756
A1461D,?,N_AIM,10.9,0.1590157
A1461D,?,N_AIM,11.0,0.1682051
A1461D,?,N_AIM,11.1,0.1805823
A1461D,?,N_AIM,11.2,0.1638723
A1461D,?,N_AIM,11.3,0.1742559
A1461D,?,N_AIM,11.4,0.176264
A1461D,?,N_AIM,11.5,0.1695702
A1461D,?,N_AIM,11.6,0.1747968
A1461D,?,N_AIM,11.7,0.1704878
A1461D,?,N_AIM,11.8,0.1654083
A1461D,?,N_AIM,11.9,0.1720843
A1461D,?,N_AIM,12.0,0.1740833
A1461D,?,N_AIM,12.1,0.1700648
A1461D,?,N_AIM,12.2,0.177778
A1461D,?,N_AIM,12.3,0.1700853
A1461D,?,N_AIM,12.4,0.1766723
A1461D,?,N_AIM,12.5,0.1673916
A1461D,?,N_AIM,12.6,0.1676365
A1461D,?,N_AIM,12.7,0.1579528
A1461D,?,N_AIM,12.8,0.1706133
A1461D,?,N_AIM,12.9,0.1595308
A1461D,?,N_AIM,13.0,0.1784854
A1461D,?,N_AIM,13.1,0.1723078
A1461D,?,N_AIM,13.2,0.1497263
A1461D,?,N_AIM,13.3,0.1761532
A1461D,?,N_AIM,13.4,0.1902786
A1461D,?,N_AIM,13.5,0.1517487
A1461D,?,N_AIM,13.6,0.1645755
A1461D,?,N_AIM,13.7,0.1671496
A1461D,?,N_AIM,13.8,0.1819616
A1461D,?,N_AIM,13.9,0.1749799
A1461D,?,N_AIM,14.0,0.1658945
A1461D,?,N_AIM,14.1,0.2276156
A1461D,?,N_AIM,14.2,0.1892034
A1461D,?,N_AIM,14.3,0.2085235
A1461D,?,N_AIM,14.4,0.1910341
A1461D,?,N_AIM,14.5,0.1915673
A1461D,?,N_AIM,14.6,0.1796134
A1461D,?,N_AIM,14.7,0.1739109
A1461D,?,N_AIM,14.8,0.1671228
A1461D,?,N_AIM,14.9,0.1748084
A1461D,?,N_AIM,15.0,0.1745565
A1461D,?,N_AIM,15.1,0.163101
A1461D,?,N_AIM,15.2,0.1885816
A1461D,?,N_AIM,15.3,0.174135
A1461D,?,N_AIM,15.4,0.1641038
A1461D,?,N_AIM,15.5,0.1749885
A1461D,?,N_AIM,15.6,0.1694992
A1461D,?,N_AIM,15.7,0.1706284
A1461D,?,N_AIM,15.8,0.175835
A1461D,?,N_AIM,15.9,0.178149
A1461D,?,N_AIM,16.0,0.1633741
A1461D,?,N_AIM,16.1,0.1787429
A1461D,?,N_AIM,16.2,0.1710585
A1461D,?,N_AIM,16.3,0.1762528
A1461D,?,N_AIM,16.4,0.1699677
A1461D,?,N_AIM,16.5,0.1697234
A1461D,?,N_AIM,16.6,0.1820602
A1461D,?,N_AIM,16.7,0.1720726
A1461D,?,N_AIM,16.8,0.181069
A1461D,?,N_AIM,16.9,0.1778118
A1461D,?,N_AIM,17.0,0.1817636
A1461D,?,N_AIM,17.1,0.1675053
A1461D,?,N_AIM,17.2,0.1650243
A1461D,?,N_AIM,17.3,0.1695228
A1461D,?,N_AIM,17.4,0.1574167
A1461D,?,N_AIM,17.5,0.1631104
A1461D,?,N_AIM,17.6,0.1626531
A1461D,?,N_AIM,17.7,0.1794159
A1461D,?,N_AIM,17.8,0.1861827
A1461D,?,N_AIM,17.9,0.254749
A1461D,?,N_AIM,18.0,0.2107273
A1461D,?,N_AIM,18.1,0.1819506
A1461D,?,N_AIM,18.2,0.2147307
A1461D,?,N_AIM,18.3,0.1707308
A1461D,?,N_AIM,18.4,0.2365374
A1461D,?,N_AIM,18.5,0.2361631
A1461D,?,N_AIM,18.6,0.2457479
A1461D,?,N_AIM,18.7,0.1727368
A1461D,?,N_AIM,18.8,0.2156245
A1461D,?,N_AIM,18.9,0.1830874
A1461D,?,N_AIM,19.0,0.2254461
A1461D,?,N_AIM,19.1,0.193018
A1461D,?,N_AIM,19.2,0.2012909
A1461D,?,N_AIM,19.3,0.2247556
A1461D,?,N_AIM,19.4,0.2056453
A1461D,?,N_AIM,19.5,0.2061189
A1461D,?,N_AIM,19.6,0.1922705
A1461D,?,N_AIM,19.7,0.1911283
A1461D,?,N_AIM,19.8,0.2115584
A1461D,?,N_AIM,19.9,0.1790754
A1461D,?,N_AIM,20.0,0.2107843
A1461D,?,N_AIM,20.1,0.1960714
A1461D,?,N_AIM,20.2,0.2083867
A1461D,?,N_AIM,20.3,0.2202749
A1461D,?,N_AIM,20.4,0.2349234
A1461D,?,N_AIM,20.5,0.2224612
A1461D,?,N_AIM,20.6,0.2105872
A1461D,?,N_AIM,20.7,0.2108885
A1461D,?,N_AIM,20.8,0.2382477
A1461D,?,N_AIM,20.9,0.240726
A1461D,?,N_AIM,21.0,0.2280987
A1461D,?,N_AIM,21.1,0.2321143
A1461D,?,N_AIM,21.2,0.2342221
A1461D,?,N_AIM,21.3,0.2217296
A1461D,?,N_AIM,21.4,0.2353486
A1461D,?,N_AIM,21.5,0.1706839
A1461D,?,N_AIM,21.6,0.2119364
A1461D,?,N_AIM,21.7,0.2144529
A1461D,?,N_AIM,21.8,0.1901026
A1461D,?,N_AIM,21.9,0.1721542
A1461D,?,N_AIM,22.0,0.2047853
A1461D,?,N_AIM,22.1,0.232097
A1461D,?,N_AIM,22.2,0.2099548
A1461D,?,N_AIM,22.3,0.2178394
A1461D,?,N_AIM,22.4,0.2270683
A1461D,?,N_AIM,22.5,0.2284094
A1461D,?,N_AIM,22.6,0.2386526
A1461D,?,N_AIM,22.7,0.2264884
A1461D,?,N_AIM,22.8,0.2353296
A1461D,?,N_AIM,22.9,0.2128051
A1461D,?,N_AIM,23.0,0.2363472
A1461D,?,N_AIM,23.1,0.1959209
A1461D,?,N_AIM,23.2,0.2281995
A1461D,?,N_AIM,23.3,0.2182774
A1461D,?,N_AIM,23.4,0.2415078
A1461D,?,N_AIM,23.5,0.2193878
A1461D,?,N_AIM,23.6,0.2299239
A1461D,?,N_AIM,23.7,0.2023883
A1461D,?,N_AIM,23.8,0.1721017
A1461D,?,N_AIM,23.9,0.2012412
A1461D,?,N_AIM,24.0,0.2318448
A1461D,?,N_AIM,24.1,0.2079495
A1461D,?,N_AIM,24.2,0.2280921
A1461D,?,N_AIM,24.3,0.2253021
A1461D,?,N_AIM,24.4,0.2274313
A1461D,?,N_AIM,24.5,0.1793488
A1461D,?,N_AIM,24.6,0.2144528
A1461D,?,N_AIM,24.7,0.22522
A1461D,?,N_AIM,24.8,0.2382667
A1461D,?,N_AIM,24.9,0.2331716
A1461D,?,N_AIM,25.0,0.2170437
A1461D,?,N_AIM,25.1,0.2381029
A1461D,?,N_AIM,25.2,0.2621012
A1461D,?,N_AIM,25.3,0.2247087
A1461D,?,N_AIM,25.4,0.2095018
A1461D,?,N_AIM,25.5,0.2348467
A1461D,?,N_AIM,25.6,0.2369558
A1461D,?,N_AIM,25.7,0.21237
A1461D,?,N_AIM,25.8,0.2441188
A1461D,?,N_AIM,25.9,0.2405701
A1461D,?,N_AIM,26.0,0.2212826
A1461D,?,N_AIM,26.1,0.2154205
A1461D,?,N_AIM,26.2,0.2363895
A1461D,?,N_AIM,26.3,0.2164116
A1461D,?,N_AIM,26.4,0.2106039
A1461D,?,N_AIM,26.5,0.2288776
A1461D,?,N_AIM,26.6,0.236808
A1461D,?,N_AIM,26.7,0.2143968
A1461D,?,N_AIM,26.8,0.2306708
A1461D,?,N_AIM,26.9,0.2334203
A1461D,?,N_AIM,27.0,0.2234882
A1461D,?,N_AIM,27.1,0.2383275
A1461D,?,N_AIM,27.2,0.2357987
A1461D,?,N_AIM,27.3,0.2280176
A1461D,?,N_AIM,27.4,0.1718082
A1461D,?,N_AIM,27.5,0.221937
A1461D,?,N_AIM,27.6,0.2061505
A1461D,?,N_AIM,27.7,0.1845535
A1461D,?,N_AIM,27.8,0.2355972
A1461D,?,N_AIM,27.9,0.222144
A1461D,?,N_AIM,28.0,0.2033987
A1461D,?,N_AIM,28.1,0.187883
A1461D,?,N_AIM,28.2,0.2332682
A1461D,?,N_AIM,28.3,0.2072896
A1461D,?,N_AIM,28.4,0.21237
A1461D,?,N_AIM,28.5,0.2458336
A1461D,?,N_AIM,28.6,0.229506
A1461D,?,N_AIM,28.7,0.2296304
A1461D,?,N_AIM,28.8,0.2124452
A1461D,?,N_AIM,28.9,0.2079088
A1461D,?,N_AIM,29.0,0.2184903
A1461D,?,N_AIM,29.1,0.2179106
A1461D,?,N_AIM,29.2,0.1887777
A1461D,?,N_AIM,29.3,0.1766182
A1461D,?,N_AIM,29.4,0.1807788
A1461D,?,N_AIM,29.5,0.1759687
A1461D,?,N_AIM,29.6,0.1784013
A1461D,?,N_AIM,29.7,0.2373584
A1461D,?,N_AIM,29.8,0.2244236
A1461D,?,N_AIM,29.9,0.1949231
A1461D,?,N_AIM,30.0,0.2155133
A1461D,?,N_AIM,30.1,0.2430926
A1461D,?,N_AIM,30.2,0.2380316
A1461D,?,N_AIM,30.3,0.2208755
A1461D,?,N_AIM,30.4,0.2546153
A1461D,?,N_AIM,30.5,0.2288406
A1461D,?,N_AIM,30.6,0.2295256
A1461D,?,N_AIM,30.7,0.231011
A1461D,?,N_AIM,30.8,0.234155
A1461D,?,N_AIM,30.9,0.1966241
A1461D,?,N_AIM,31.0,0.2122286
A1461D,?,N_AIM,31.1,0.2359197
A1461D,?,N_AIM,31.2,0.2304007
A1461D,?,N_AIM,31.3,0.2378718
A1461D,?,N_AIM,31.4,0.2337295
A1461D,?,N_AIM,31.5,0.1864029
A1461D,?,N_AIM,31.6,0.224949
A1461D,?,N_AIM,31.7,0.2254197
A1461D,?,N_AIM,31.8,0.199955
A1461D,?,N_AIM,31.9,0.1995044
A1461D,?,N_AIM,32.0,0.2220406
A1461D,?,N_AIM,32.1,0.2295769
A1461D,?,N_AIM,32.2,0.2236739
A1461D,?,N_AIM,32.3,0.2394452
A1461D,?,N_AIM,32.4,0.2625283
A1461D,?,N_AIM,32.5,0.2321315
A1461D,?,N_AIM,32.6,0.1929016
A1461D,?,N_AIM,32.7,0.2184057
A1461D,?,N_AIM,32.8,0.2059935
A1461D,?,N_AIM,32.9,0.2283353
A1461D,?,N_AIM,33.0,0.2215851
A1461D,?,N_AIM,33.1,0.2377518
A1461D,?,N_AIM,33.2,0.2468704
A1461D,?,N_AIM,33.3,0.226559
A1461D,?,N_AIM,33.4,0.2426479
A1461D,?,N_AIM,33.5,0.2462073
A1461D,?,N_AIM,33.6,0.2343479
A1461D,?,N_AIM,33.7,0.2343075
A1461D,?,N_AIM,33.8,0.2158725
A1461D,?,N_AIM,33.9,0.2608852
A1461D,?,N_AIM,34.0,0.1847163
A1461D,?,N_AIM,34.1,0.2319547
A1461D,?,N_AIM,34.2,0.2292005
A1461D,?,N_AIM,34.3,0.188873
A1461D,?,N_AIM,34.4,0.2130842
A1461D,?,N_AIM,34.5,0.2354868
A1461D,?,N_AIM,34.6,0.2377837
A1461D,?,N_AIM,34.7,0.2512311
A1461D,?,N_AIM,34.8,0.2451325
A1461D,?,N_AIM,34.9,0.2268588
A1461D,?,N_AIM,35.0,0.1658131
A1461D,?,N_AIM,35.1,0.1843286
A1461D,?,N_AIM,35.2,0.2040613
A1461D,?,N_AIM,35.3,0.242856
A1461D,?,N_AIM,35.4,0.2384547
A1461D,?,N_AIM,35.5,0.2219595
A1461D,?,N_AIM,35.6,0.2267821
A1461D,?,N_AIM,35.7,0.2186387
A1461D,?,N_AIM,35.8,0.2136049
A1461D,?,N_AIM,35.9,0.2471942
A1461D,?,N_AIM,36.0,0.2009203
A1461D,?,N_AIM,36.1,0.1952432
A1461D,?,N_AIM,36.2,0.2129838
A1461D,?,N_AIM,36.3,0.2040392
A1461D,?,N_AIM,36.4,0.2531442
A1461D,?,N_AIM,36.5,0.1769378
A1461D,?,N_AIM,36.6,0.2175385
A1461D,?,N_AIM,36.7,0.2368206
A1461D,?,N_AIM,36.8,0.21118
A1461D,?,N_AIM,36.9,0.2424645
A1461D,?,N_AIM,37.0,0.211589
A1461D,?,N_AIM,37.1,0.2459858
A1461D,?,N_AIM,37.2,0.2097904
A1461D,?,N_AIM,37.3,0.2406263
A1461D,?,N_AIM,37.4,0.2330515
A1461D,?,N_AIM,37.5,0.2016806
A1461D,?,N_AIM,37.6,0.2360721
A1461D,?,N_AIM,37.7,0.2122782
A1461D,?,N_AIM,37.8,0.2353294
A1461D,?,N_AIM,37.9,0.2418779
A1461D,?,N_AIM,38.0,0.2063515
A1461D,?,N_AIM,38.1,0.1877686
A1461D,?,N_AIM,38.2,0.1987486
A1461D,?,N_AIM,38.3,0.231035
A1461D,?,N_AIM,38.4,0.2187096
A1461D,?,N_AIM,38.5,0.2272511
A1461D,?,N_AIM,38.6,0.2410499
A1461D,?,N_AIM,38.7,0.2372805
A1461D,?,N_AIM,38.8,0.2332336
A1461D,?,N_AIM,38.9,0.2026659
A1461D,?,N_AIM,39.0,0.2365543
A1461D,?,N_AIM,39.1,0.2237254
A1461D,?,N_AIM,39.2,0.2243302
A1461D,?,N_AIM,39.3,0.2498763
A1461D,?,N_AIM,39.4,0.1876966
A1461D,?,N_AIM,39.5,0.2351364
A1461D,?,N_AIM,39.6,0.2334224
A1461D,?,N_AIM,39.7,0.2140584
A1461D,?,N_AIM,39.8,0.2234367
A1461D,?,N_AIM,39.9,0.2102973
A1461D,?,N_AIM,40.0,0.2359958
A1461D,?,N_AIM,40.1,0.2217317
A1461D,?,N_AIM,40.2,0.230126
A1461D,?,N_AIM,40.3,0.2036882
A1461D,?,N_AIM,40.4,0.2402375
A1461D,?,N_AIM,40.5,0.2188171
A1461D,?,N_AIM,40.6,0.2402788
A1461D,?,N_AIM,40.7,0.2451141
A1461D,?,N_AIM,40.8,0.2259383
A1461D,?,N_AIM,40.9,0.2408444
A1461D,?,N_AIM,41.0,0.2182773
A1461D,?,N_AIM,41.1,0.2302115
A1461D,?,N_AIM,41.2,0.2342691
A1461D,?,N_AIM,41.3,0.2388472
A1461D,?,N_AIM,41.4,0.2453587
A1461D,?,N_AIM,41.5,0.220418
A1461D,?,N_AIM,41.6,0.2134362
A1461D,?,N_AIM,41.7,0.2607796
A1461D,?,N_AIM,41.8,0.2133613
A1461D,?,N_AIM,41.9,0.1713535
A1461D,?,N_AIM,42.0,0.1721248
A1461D,?,N_AIM,42.1,0.1688371
A1461D,?,N_AIM,42.2,0.1676697
A1461D,?,N_AIM,42.3,0.1690474
A1461D,?,N_AIM,42.4,0.1764909
A1461D,?,N_AIM,42.5,0.176516
A1461D,?,N_AIM,42.6,0.1719594
A1461D,?,N_AIM,42.7,0.175371
A1461D,?,N_AIM,42.8,0.172177
A1461D,?,N_AIM,42.9,0.1696264
A1461D,?,N_AIM,43.0,0.180624
A1461D,?,N_AIM,43.1,0.1820028
A1461D,?,N_AIM,43.2,0.1696438
A1461D,?,N_AIM,43.3,0.1613535
A1461D,?,N_AIM,43.4,0.1724819
A1461D,?,N_AIM,43.5,0.1796022
A1461D,?,N_AIM,43.6,0.1700733
A1461D,?,N_AIM,43.7,0.1796051
A1461D,?,N_AIM,43.8,0.1730519
A1461D,?,N_AIM,43.9,0.1840461
A1461D,?,N_AIM,44.0,0.1663881
A1461D,?,N_AIM,44.1,0.1746025
A1461D,?,N_AIM,44.2,0.1681814
A1461D,?,N_AIM,44.3,0.1835483
A1461D,?,N_AIM,44.4,0.1748429
A1461D,?,N_AIM,44.5,0.1833496
A1461D,?,N_AIM,44.6,0.1662798
A1461D,?,N_AIM,44.7,0.1625887
A1461D,?,N_AIM,44.8,0.1811989
A1461D,?,N_AIM,44.9,0.1866039
A1461D,?,N_AIM,45.0,0.1715488
A1461D,?,N_AIM,45.1,0.1766464
A1461D,?,N_AIM,45.2,0.1902344
A1461D,?,N_AIM,45.3,0.1712598
A1461D,?,N_AIM,45.4,0.1965503
A1461D,?,N_AIM,45.5,0.1715663
A1461D,?,N_AIM,45.6,0.1955122
A1461D,?,N_AIM,45.7,0.1798223
A1461D,?,N_AIM,45.8,0.1814882
A1461D,?,N_AIM,45.9,0.1852165
A1461D,?,N_AIM,46.0,0.1746592
A1461D,?,N_AIM,46.1,0.1887352
A1461D,?,N_AIM,46.2,0.1632356
A1461D,?,N_AIM,46.3,0.178056
A1461D,?,N_AIM,46.4,0.1846346
A1461D,?,N_AIM,46.5,0.2195314
A1461D,?,N_AIM,46.6,0.1800278
A1461D,?,N_AIM,46.7,0.1642805
A1461D,?,N_AIM,46.8,0.1686918
A1461D,?,N_AIM,46.9,0.1958109
A1461D,?,N_AIM,47.0,0.1852213
A1461D,?,N_AIM,47.1,0.2071087
A1461D,?,N_AIM,47.2,0.2242634
A1461D,?,N_AIM,47.3,0.2665446
A1461D,?,N_AIM,47.4,0.2285037
A1461D,?,N_AIM,47.5,0.2439281
A1461D,?,N_AIM,47.6,0.2444972
A1461D,?,N_AIM,47.7,0.2035538
A1461D,?,N_AIM,47.8,0.2348146
A1461D,?,N_AIM,47.9,0.2413568
A1461D,?,N_AIM,48.0,0.265
A1461D,?,N_AIM,48.1,0.2542501
A1461D,?,N_AIM,48.2,0.2512231
A1461D,?,N_AIM,48.3,0.223913
A1461D,?,N_AIM,48.4,0.2440593
A1461D,?,N_AIM,48.5,0.2398916
A1461D,?,N_AIM,48.6,0.2431521
A1461D,?,N_AIM,48.7,0.2681936
A1461D,?,N_AIM,48.8,0.2137616
A1461D,?,N_AIM,48.9,0.2390168
A1461D,?,N_AIM,49.0,0.2339935
A1461D,?,N_AIM,49.1,0.2517973
A1461D,?,N_AIM,49.2,0.2721965
A1461D,?,N_AIM,49.3,0.2281295
A1461D,?,N_AIM,49.4,0.2137125
A1461D,?,N_AIM,49.5,0.2486785
A1461D,?,N_AIM,49.6,0.2437292
A1461D,?,N_AIM,49.7,0.2600194
A1461D,?,N_AIM,49.8,0.2077618
A1461D,?,N_AIM,49.9,0.2275455
A1461D,?,N_AIM,50.0,0.2483829
P1413L,?,AIM_all,0.0,0.1607732
P1413L,?,AIM_all,0.1,0.1616074
P1413L,?,AIM_all,0.2,0.1681845
P1413L,?,AIM_all,0.3,0.171654
P1413L,?,AIM_all,0.4,0.167514
P1413L,?,AIM_all,0.5,0.1616723
P1413L,?,AIM_all,0.6,0.1616729
P1413L,?,AIM_all,0.7,0.16847
P1413L,?,AIM_all,0.8,0.172505
P1413L,?,AIM_all,0.9,0.1856501
P1413L,?,AIM_all,1.0,0.1637988
P1413L,?,AIM_all,1.1,0.1622776
P1413L,?,AIM_all,1.2,0.1701913
P1413L,?,AIM_all,1.3,0.1670388
P1413L,?,AIM_all,1.4,0.1821454
P1413L,?,AIM_all,1.5,0.1615675
P1413L,?,AIM_all,1.6,0.1663908
P1413L,?,AIM_all,1.7,0.1690948
P1413L,?,AIM_all,1.8,0.1675231
P1413L,?,AIM_all,1.9,0.1674183
P1413L,?,AIM_all,2.0,0.1596184
P1413L,?,AIM_all,2.1,0.1737128
P1413L,?,AIM_all,2.2,0.1654235
P1413L,?,AIM_all,2.3,0.1641739
P1413L,?,AIM_all,2.4,0.1601343
P1413L,?,AIM_all,2.5,0.1759034
P1413L,?,AIM_all,2.6,0.1627022
P1413L,?,AIM_all,2.7,0.1650638
P1413L,?,AIM_all,2.8,0.1678366
P1413L,?,AIM_all,2.9,0.1653902
P1413L,?,AIM_all,3.0,0.1586756
P1413L,?,AIM_all,3.1,0.1762213
P1413L,?,AIM_all,3.2,0.1626224
P1413L,?,AIM_all,3.3,0.1667124
P1413L,?,AIM_all,3.4,0.1682469
P1413L,?,AIM_all,3.5,0.1802499
P1413L,?,AIM_all,3.6,0.1630982
P1413L,?,AIM_all,3.7,0.1770198
P1413L,?,AIM_all,3.8,0.1759939
P1413L,?,AIM_all,3.9,0.1689913
P1413L,?,AIM_all,4.0,0.1657259
P1413L,?,AIM_all,4.1,0.1658671
P1413L,?,AIM_all,4.2,0.173075
P1413L,?,AIM_all,4.3,0.1779074
P1413L,?,AIM_all,4.4,0.1740143
P1413L,?,AIM_all,4.5,0.190633
P1413L,?,AIM_all,4.6,0.172641
P1413L,?,AIM_all,4.7,0.1688198
P1413L,?,AIM_all,4.8,0.1613043
P1413L,?,AIM_all,4.9,0.1650727
P1413L,?,AIM_all,5.0,0.1600816
P1413L,?,AIM_all,5.1,0.1856961
P1413L,?,AIM_all,5.2,0.1679315
P1413L,?,AIM_all,5.3,0.167562
P1413L,?,AIM_all,5.4,0.1675262
P1413L,?,AIM_all,5.5,0.1765276
P1413L,?,AIM_all,5.6,0.1650305
P1413L,?,AIM_all,5.7,0.1740112
P1413L,?,AIM_all,5.8,0.171715
P1413L,?,AIM_all,5.9,0.1725373
P1413L,?,AIM_all,6.0,0.1660302
P1413L,?,AIM_all,6.1,0.1753424
P1413L,?,AIM_all,6.2,0.1744334
P1413L,?,AIM_all,6.3,0.1812261
P1413L,?,AIM_all,6.4,0.1613506
P1413L,?,AIM_all,6.5,0.1722379
P1413L,?,AIM_all,6.6,0.1813646
P1413L,?,AIM_all,6.7,0.1720466
P1413L,?,AIM_all,6.8,0.1674993
P1413L,?,AIM_all,6.9,0.161719
P1413L,?,AIM_all,7.0,0.1789691
P1413L,?,AIM_all,7.1,0.177916
P1413L,?,AIM_all,7.2,0.1730144
P1413L,?,AIM_all,7.3,0.1741524
P1413L,?,AIM_all,7.400001,0.1712458
P1413L,?,AIM_all,7.5,0.1732659
P1413L,?,AIM_all,7.6,0.1653509
P1413L,?,AIM_all,7.7,0.1791365
P1413L,?,AIM_all,7.8,0.1793977
P1413L,?,AIM_all,7.900001,0.175097
P1413L,?,AIM_all,8.0,0.1762272
P1413L,?,AIM_all,8.1,0.1661836
P1413L,?,AIM_all,8.200001,0.1724354
P1413L,?,AIM_all,8.3,0.1714584
P1413L,?,AIM_all,8.400001,0.1732194
P1413L,?,AIM_all,8.5,0.1822168
P1413L,?,AIM_all,8.6,0.1594024
P1413L,?,AIM_all,8.700001,0.1594021
P1413L,?,AIM_all,8.8,0.1720148
P1413L,?,AIM_all,8.900001,0.1807211
P1413L,?,AIM_all,9.0,0.1761363
P1413L,?,AIM_all,9.1,0.1826911
P1413L,?,AIM_all,9.200001,0.1669884
P1413L,?,AIM_all,9.3,0.1750801
P1413L,?,AIM_all,9.400001,0.1660394
P1413L,?,AIM_all,9.5,0.1617282
P1413L,?,AIM_all,9.6,0.1723167
P1413L,?,AIM_all,9.700001,0.1760031
P1413L,?,AIM_all,9.8,0.1861988
P1413L,?,AIM_all,9.900001,0.1845565
P1413L,?,AIM_all,10.0,0.1661388
P1413L,?,AIM_all,10.1,0.178586
P1413L,?,AIM_all,10.2,0.1631044
P1413L,?,AIM_all,10.3,0.1525811
P1413L,?,AIM_all,10.4,0.1775078
P1413L,?,AIM_all,10.5,0.1767851
P1413L,?,AIM_all,10.6,0.1733148
P1413L,?,AIM_all,10.7,0.1688193
P1413L,?,AIM_all,10.8,0.1616478
P1413L,?,AIM_all,10.9,0.1835018
P1413L,?,AIM_all,11.0,0.1628927
P1413L,?,AIM_all,11.1,0.1732891
P1413L,?,AIM_all,11.2,0.1768305
P1413L,?,AIM_all,11.3,0.1603184
P1413L,?,AIM_all,11.4,0.1747799
P1413L,?,AIM_all,11.5,0.1653238
P1413L,?,AIM_all,11.6,0.1720812
P1413L,?,AIM_all,11.7,0.1681844
P1413L,?,AIM_all,11.8,0.1634197
P1413L,?,AIM_all,11.9,0.1601935
P1413L,?,AIM_all,12.0,0.1586126
P1413L,?,AIM_all,12.1,0.1764794
P1413L,?,AIM_all,12.2,0.1708157
P1413L,?,AIM_all,12.3,0.163811
P1413L,?,AIM_all,12.4,0.1760086
P1413L,?,AIM_all,12.5,0.1737728
P1413L,?,AIM_all,12.6,0.1735367
P1413L,?,AIM_all,12.7,0.1644659
P1413L,?,AIM_all,12.8,0.1752627
P1413L,?,AIM_all,12.9,0.1628651
P1413L,?,AIM_all,13.0,0.1692423
P1413L,?,AIM_all,13.1,0.1653785
P1413L,?,AIM_all,13.2,0.1673468
P1413L,?,AIM_all,13.3,0.1655203
P1413L,?,AIM_all,13.4,0.1724442
P1413L,?,AIM_all,13.5,0.1742242
P1413L,?,AIM_all,13.6,0.1757641
P1413L,?,AIM_all,13.7,0.172064
P1413L,?,AIM_all,13.8,0.1822251
P1413L,?,AIM_all,13.9,0.1604432
P1413L,?,AIM_all,14.0,0.1776317
P1413L,?,AIM_all,14.1,0.1738333
P1413L,?,AIM_all,14.2,0.16109
P1413L,?,AIM_all,14.3,0.1762216
P1413L,?,AIM_all,14.4,0.1702645
P1413L,?,AIM_all,14.5,0.1769153
P1413L,?,AIM_all,14.6,0.1601938
P1413L,?,AIM_all,14.7,0.1705315
P1413L,?,AIM_all,14.8,0.1792708
P1413L,?,AIM_all,14.9,0.1682646
P1413L,?,AIM_all,15.0,0.167039
P1413L,?,AIM_all,15.1,0.1694018
P1413L,?,AIM_all,15.2,0.1658281
P1413L,?,AIM_all,15.3,0.1744649
P1413L,?,AIM_all,15.4,0.1750685
P1413L,?,AIM_all,15.5,0.1826964
P1413L,?,AIM_all,15.6,0.1726296
P1413L,?,AIM_all,15.7,0.1620153
P1413L,?,AIM_all,15.8,0.1732337
P1413L,?,AIM_all,15.9,0.1535284
P1413L,?,AIM_all,16.0,0.1750972
P1413L,?,AIM_all,16.1,0.1645418
P1413L,?,AIM_all,16.2,0.17119
P1413L,?,AIM_all,16.3,0.1634779
P1413L,?,AIM_all,16.4,0.1577498
P1413L,?,AIM_all,16.5,0.1769323
P1413L,?,AIM_all,16.6,0.1710527
P1413L,?,AIM_all,16.7,0.1663161
P1413L,?,AIM_all,16.8,0.1792456
P1413L,?,AIM_all,16.9,0.1802083
P1413L,?,AIM_all,17.0,0.1760284
P1413L,?,AIM_all,17.1,0.1686893
P1413L,?,AIM_all,17.2,0.1632208
P1413L,?,AIM_all,17.3,0.1665113
P1413L,?,AIM_all,17.4,0.1709094
P1413L,?,AIM_all,17.5,0.1657019
P1413L,?,AIM_all,17.6,0.1772457
P1413L,?,AIM_all,17.7,0.16772
P1413L,?,AIM_all,17.8,0.1867219
P1413L,?,AIM_all,17.9,0.1835864
P1413L,?,AIM_all,18.0,0.1771129
P1413L,?,AIM_all,18.1,0.1485696
P1413L,?,AIM_all,18.2,0.1583021
P1413L,?,AIM_all,18.3,0.1643554
P1413L,?,AIM_all,18.4,0.1710535
P1413L,?,AIM_all,18.5,0.1647597
P1413L,?,AIM_all,18.6,0.1715634
P1413L,?,AIM_all,18.7,0.1617592
P1413L,?,AIM_all,18.8,0.1856744
P1413L,?,AIM_all,18.9,0.2057036
P1413L,?,AIM_all,19.0,0.1805384
P1413L,?,AIM_all,19.1,0.1837467
P1413L,?,AIM_all,19.2,0.1898317
P1413L,?,AIM_all,19.3,0.195374
P1413L,?,AIM_all,19.4,0.1856178
P1413L,?,AIM_all,19.5,0.1692957
P1413L,?,AIM_all,19.6,0.1782162
P1413L,?,AIM_all,19.7,0.1745212
P1413L,?,AIM_all,19.8,0.1731213
P1413L,?,AIM_all,19.9,0.1781714
P1413L,?,AIM_all,20.0,0.1946124
P1413L,?,AIM_all,20.1,0.175946
P1413L,?,AIM_all,20.2,0.1862631
P1413L,?,AIM_all,20.3,0.1699558
P1413L,?,AIM_all,20.4,0.1759855
P1413L,?,AIM_all,20.5,0.1825871
P1413L,?,AIM_all,20.6,0.1868528
P1413L,?,AIM_all,20.7,0.192398
P1413L,?,AIM_all,20.8,0.1829618
P1413L,?,AIM_all,20.9,0.1769577
P1413L,?,AIM_all,21.0,0.1818876
P1413L,?,AIM_all,21.1,0.1649636
P1413L,?,AIM_all,21.2,0.1767512
P1413L,?,AIM_all,21.3,0.1678809
P1413L,?,AIM_all,21.4,0.1722879
P1413L,?,AIM_all,21.5,0.1932071
P1413L,?,AIM_all,21.6,0.1914264
P1413L,?,AIM_all,21.7,0.1757385
P1413L,?,AIM_all,21.8,0.1907196
P1413L,?,AIM_all,21.9,0.1969419
P1413L,?,AIM_all,22.0,0.1906857
P1413L,?,AIM_all,22.1,0.1676008
P1413L,?,AIM_all,22.2,0.16382
P1413L,?,AIM_all,22.3,0.1647818
P1413L,?,AIM_all,22.4,0.1829891
P1413L,?,AIM_all,22.5,0.1841573
P1413L,?,AIM_all,22.6,0.1760967
P1413L,?,AIM_all,22.7,0.1581644
P1413L,?,AIM_all,22.8,0.1737525
P1413L,?,AIM_all,22.9,0.1763859
P1413L,?,AIM_all,23.0,0.1829097
P1413L,?,AIM_all,23.1,0.1917029
P1413L,?,AIM_all,23.2,0.1780618
P1413L,?,AIM_all,23.3,0.2094612
P1413L,?,AIM_all,23.4,0.1775894
P1413L,?,AIM_all,23.5,0.1780814
P1413L,?,AIM_all,23.6,0.1795855
P1413L,?,AIM_all,23.7,0.1851323
P1413L,?,AIM_all,23.8,0.1970205
P1413L,?,AIM_all,23.9,0.1726991
P1413L,?,AIM_all,24.0,0.1829015
P1413L,?,AIM_all,24.1,0.1809697
P1413L,?,AIM_all,24.2,0.1903182
P1413L,?,AIM_all,24.3,0.1830438
P1413L,?,AIM_all,24.4,0.1794045
P1413L,?,AIM_all,24.5,0.1906357
P1413L,?,AIM_all,24.6,0.1732081
P1413L,?,AIM_all,24.7,0.194394
P1413L,?,AIM_all,24.8,0.1636032
P1413L,?,AIM_all,24.9,0.1846643
P1413L,?,AIM_all,25.0,0.1644233
P1413L,?,AIM_all,25.1,0.178533
P1413L,?,AIM_all,25.2,0.1818707
P1413L,?,AIM_all,25.3,0.1973241
P1413L,?,AIM_all,25.4,0.1991608
P1413L,?,AIM_all,25.5,0.1752771
P1413L,?,AIM_all,25.6,0.1725167
P1413L,?,AIM_all,25.7,0.1706604
P1413L,?,AIM_all,25.8,0.1853994
P1413L,?,AIM_all,25.9,0.2022474
P1413L,?,AIM_all,26.0,0.192026
P1413L,?,AIM_all,26.1,0.1660062
P1413L,?,AIM_all,26.2,0.1750998
P1413L,?,AIM_all,26.3,0.1715488
P1413L,?,AIM_all,26.4,0.181937
P1413L,?,AIM_all,26.5,0.19272
P1413L,?,AIM_all,26.6,0.1633982
P1413L,?,AIM_all,26.7,0.1748429
P1413L,?,AIM_all,26.8,0.2009925
P1413L,?,AIM_all,26.9,0.1684221
P1413L,?,AIM_all,27.0,0.1839647
P1413L,?,AIM_all,27.1,0.176539
P1413L,?,AIM_all,27.2,0.1733234
P1413L,?,AIM_all,27.3,0.1766041
P1413L,?,AIM_all,27.4,0.1807182
P1413L,?,AIM_all,27.5,0.1825814
P1413L,?,AIM_all,27.6,0.1827183
P1413L,?,AIM_all,27.7,0.192172
P1413L,?,AIM_all,27.8,0.1775219
P1413L,?,AIM_all,27.9,0.2078535
P1413L,?,AIM_all,28.0,0.1700443
P1413L,?,AIM_all,28.1,0.1849107
P1413L,?,AIM_all,28.2,0.2104424
P1413L,?,AIM_all,28.3,0.1699234
P1413L,?,AIM_all,28.4,0.2001525
P1413L,?,AIM_all,28.5,0.1899077
P1413L,?,AIM_all,28.6,0.1877046
P1413L,?,AIM_all,28.7,0.1786759
P1413L,?,AIM_all,28.8,0.1738104
P1413L,?,AIM_all,28.9,0.1899921
P1413L,?,AIM_all,29.0,0.2052708
P1413L,?,AIM_all,29.1,0.199572
P1413L,?,AIM_all,29.2,0.1726094
P1413L,?,AIM_all,29.3,0.1835895
P1413L,?,AIM_all,29.4,0.1975373
P1413L,?,AIM_all,29.5,0.1830438
P1413L,?,AIM_all,29.6,0.1765564
P1413L,?,AIM_all,29.7,0.1845294
P1413L,?,AIM_all,29.8,0.2025167
P1413L,?,AIM_all,29.9,0.1836029
P1413L,?,AIM_all,30.0,0.1519015
P1413L,?,AIM_all,30.1,0.1854674
P1413L,?,AIM_all,30.2,0.1753111
P1413L,?,AIM_all,30.3,0.1628097
P1413L,?,AIM_all,30.4,0.1947327
P1413L,?,AIM_all,30.5,0.1740516
P1413L,?,AIM_all,30.6,0.1811104
P1413L,?,AIM_all,30.7,0.1912333
P1413L,?,AIM_all,30.8,0.1858332
P1413L,?,AIM_all,30.9,0.1857551
P1413L,?,AIM_all,31.0,0.186794
P1413L,?,AIM_all,31.1,0.176213
P1413L,?,AIM_all,31.2,0.1770002
P1413L,?,AIM_all,31.3,0.1868556
P1413L,?,AIM_all,31.4,0.1784556
P1413L,?,AIM_all,31.5,0.2080868
P1413L,?,AIM_all,31.6,0.1921334
P1413L,?,AIM_all,31.7,0.2112203
P1413L,?,AIM_all,31.8,0.1747027
P1413L,?,AIM_all,31.9,0.1851432
P1413L,?,AIM_all,32.0,0.1730838
P1413L,?,AIM_all,32.1,0.1699587
P1413L,?,AIM_all,32.2,0.1806157
P1413L,?,AIM_all,32.3,0.1810358
P1413L,?,AIM_all,32.4,0.1990101
P1413L,?,AIM_all,32.5,0.1956962
P1413L,?,AIM_all,32.6,0.1749114
P1413L,?,AIM_all,32.7,0.1618055
P1413L,?,AIM_all,32.8,0.1879362
P1413L,?,AIM_all,32.9,0.1813008
P1413L,?,AIM_all,33.0,0.16578
P1413L,?,AIM_all,33.1,0.1689853
P1413L,?,AIM_all,33.2,0.1693694
P1413L,?,AIM_all,33.3,0.1746625
P1413L,?,AIM_all,33.4,0.1699353
P1413L,?,AIM_all,33.5,0.1766692
P1413L,?,AIM_all,33.6,0.1674544
P1413L,?,AIM_all,33.7,0.1720873
P1413L,?,AIM_all,33.8,0.1820136
P1413L,?,AIM_all,33.9,0.1830957
P1413L,?,AIM_all,34.0,0.1858675
P1413L,?,AIM_all,34.1,0.1876753
P1413L,?,AIM_all,34.2,0.1549227
P1413L,?,AIM_all,34.3,0.1777498
P1413L,?,AIM_all,34.4,0.1752941
P1413L,?,AIM_all,34.5,0.169142
P1413L,?,AIM_all,34.6,0.168483
P1413L,?,AIM_all,34.7,0.1626131
P1413L,?,AIM_all,34.8,0.1629786
P1413L,?,AIM_all,34.9,0.1745251
P1413L,?,AIM_all,35.0,0.1812291
P1413L,?,AIM_all,35.1,0.1832184
P1413L,?,AIM_all,35.2,0.1776092
P1413L,?,AIM_all,35.3,0.1623514
P1413L,?,AIM_all,35.4,0.173842
P1413L,?,AIM_all,35.5,0.1855748
P1413L,?,AIM_all,35.6,0.1678451
P1413L,?,AIM_all,35.7,0.1710528
P1413L,?,AIM_all,35.8,0.1721336
P1413L,?,AIM_all,35.9,0.1805712
P1413L,?,AIM_all,36.0,0.1682706
P1413L,?,AIM_all,36.1,0.1757414
P1413L,?,AIM_all,36.2,0.1841004
P1413L,?,AIM_all,36.3,0.171645
P1413L,?,AIM_all,36.4,0.172334
P1413L,?,AIM_all,36.5,0.166331
P1413L,?,AIM_all,36.6,0.1907196
P1413L,?,AIM_all,36.7,0.1710935
P1413L,?,AIM_all,36.8,0.1848268
P1413L,?,AIM_all,36.9,0.1790811
P1413L,?,AIM_all,37.0,0.1649728
P1413L,?,AIM_all,37.1,0.1868579
P1413L,?,AIM_all,37.2,0.1782415
P1413L,?,AIM_all,37.3,0.1833494
P1413L,?,AIM_all,37.4,0.1750271
P1413L,?,AIM_all,37.5,0.1827185
P1413L,?,AIM_all,37.6,0.1771499
P1413L,?,AIM_all,37.7,0.163637
P1413L,?,AIM_all,37.8,0.1608757
P1413L,?,AIM_all,37.9,0.1625998
P1413L,?,AIM_all,38.0,0.1793795
P1413L,?,AIM_all,38.1,0.1588365
P1413L,?,AIM_all,38.2,0.1633004
P1413L,?,AIM_all,38.3,0.1868583
P1413L,?,AIM_all,38.4,0.165475
P1413L,?,AIM_all,38.5,0.1760708
P1413L,?,AIM_all,38.6,0.1727946
P1413L,?,AIM_all,38.7,0.1682885
P1413L,?,AIM_all,38.8,0.1666763
P1413L,?,AIM_all,38.9,0.168113
P1413L,?,AIM_all,39.0,0.1641951
P1413L,?,AIM_all,39.1,0.1626039
P1413L,?,AIM_all,39.2,0.1800057
P1413L,?,AIM_all,39.3,0.1698294
P1413L,?,AIM_all,39.4,0.1700971
P1413L,?,AIM_all,39.5,0.1797915
P1413L,?,AIM_all,39.6,0.1710585
P1413L,?,AIM_all,39.7,0.1706285
P1413L,?,AIM_all,39.8,0.1695348
P1413L,?,AIM_all,39.9,0.1635879
P1413L,?,AIM_all,40.0,0.1752371
P1413L,?,AIM_all,40.1,0.1637712
P1413L,?,AIM_all,40.2,0.1823951
P1413L,?,AIM_all,40.3,0.1619538
P1413L,?,AIM_all,40.4,0.1772175
P1413L,?,AIM_all,40.5,0.172273
P1413L,?,AIM_all,40.6,0.165351
P1413L,?,AIM_all,40.7,0.1692366
P1413L,?,AIM_all,40.8,0.1895101
P1413L,?,AIM_all,40.9,0.1776824
P1413L,?,AIM_all,41.0,0.1787763
P1413L,?,AIM_all,41.1,0.172424
P1413L,?,AIM_all,41.2,0.1642132
P1413L,?,AIM_all,41.3,0.1754022
P1413L,?,AIM_all,41.4,0.1625978
P1413L,?,AIM_all,41.5,0.1755591
P1413L,?,AIM_all,41.6,0.1696731
P1413L,?,AIM_all,41.7,0.1757298
P1413L,?,AIM_all,41.8,0.1939229
P1413L,?,AIM_all,41.9,0.1699321
P1413L,?,AIM_all,42.0,0.1740258
P1413L,?,AIM_all,42.1,0.1792793
P1413L,?,AIM_all,42.2,0.1642255
P1413L,?,AIM_all,42.3,0.1665954
P1413L,?,AIM_all,42.4,0.1744794
P1413L,?,AIM_all,42.5,0.1696055
P1413L,?,AIM_all,42.6,0.1772907
P1413L,?,AIM_all,42.7,0.1640914
P1413L,?,AIM_all,42.8,0.175596
P1413L,?,AIM_all,42.9,0.1668831
P1413L,?,AIM_all,43.0,0.1766578
P1413L,?,AIM_all,43.1,0.1955226
P1413L,?,AIM_all,43.2,0.1859947
P1413L,?,AIM_all,43.3,0.1956348
P1413L,?,AIM_all,43.4,0.1706988
P1413L,?,AIM_all,43.5,0.1718778
P1413L,?,AIM_all,43.6,0.1787874
P1413L,?,AIM_all,43.7,0.1688224
P1413L,?,AIM_all,43.8,0.1807846
P1413L,?,AIM_all,43.9,0.1704258
P1413L,?,AIM_all,44.0,0.1906856
P1413L,?,AIM_all,44.1,0.1677766
P1413L,?,AIM_all,44.2,0.1734847
P1413L,?,AIM_all,44.3,0.1667002
P1413L,?,AIM_all,44.4,0.1929406
P1413L,?,AIM_all,44.5,0.1643958
P1413L,?,AIM_all,44.6,0.1730607
P1413L,?,AIM_all,44.7,0.1815076
P1413L,?,AIM_all,44.8,0.1894993
P1413L,?,AIM_all,44.9,0.172893
P1413L,?,AIM_all,45.0,0.1865745
P1413L,?,AIM_all,45.1,0.1922134
P1413L,?,AIM_all,45.2,0.1933751
P1413L,?,AIM_all,45.3,0.1841768
P1413L,?,AIM_all,45.4,0.1652455
P1413L,?,AIM_all,45.5,0.1776064
P1413L,?,AIM_all,45.6,0.1862953
P1413L,?,AIM_all,45.7,0.1736232
P1413L,?,AIM_all,45.8,0.1729047
P1413L,?,AIM_all,45.9,0.2035238
P1413L,?,AIM_all,46.0,0.189531
P1413L,?,AIM_all,46.1,0.1764312
P1413L,?,AIM_all,46.2,0.1721772
P1413L,?,AIM_all,46.3,0.1852001
P1413L,?,AIM_all,46.4,0.1678364
P1413L,?,AIM_all,46.5,0.1772509
P1413L,?,AIM_all,46.6,0.1680893
P1413L,?,AIM_all,46.7,0.1870698
P1413L,?,AIM_all,46.8,0.1595619
P1413L,?,AIM_all,46.9,0.1819696
P1413L,?,AIM_all,47.0,0.1931554
P1413L,?,AIM_all,47.1,0.1629386
P1413L,?,AIM_all,47.2,0.1966135
P1413L,?,AIM_all,47.3,0.1769325
P1413L,?,AIM_all,47.4,0.1781515
P1413L,?,AIM_all,47.5,0.1969036
P1413L,?,AIM_all,47.6,0.185054
P1413L,?,AIM_all,47.7,0.1925437
P1413L,?,AIM_all,47.8,0.1876673
P1413L,?,AIM_all,47.9,0.2164646
P1413L,?,AIM_all,48.0,0.1978534
P1413L,?,AIM_all,48.1,0.1774628
P1413L,?,AIM_all,48.2,0.1883559
P1413L,?,AIM_all,48.3,0.1839401
P1413L,?,AIM_all,48.4,0.1613536
P1413L,?,AIM_all,48.5,0.2113883
P1413L,?,AIM_all,48.6,0.1800056
P1413L,?,AIM_all,48.7,0.1982925
P1413L,?,AIM_all,48.8,0.1780252
P1413L,?,AIM_all,48.9,0.1644963
P1413L,?,AIM_all,49.0,0.1676338
P1413L,?,AIM_all,49.1,0.1803139
P1413L,?,AIM_all,49.2,0.1744992
P1413L,?,AIM_all,49.3,0.2045947
P1413L,?,AIM_all,49.4,0.2070991
P1413L,?,AIM_all,49.5,0.2049852
P1413L,?,AIM_all,49.6,0.196273
P1413L,?,AIM_all,49.7,0.1867485
P1413L,?,AIM_all,49.8,0.2206241
P1413L,?,AIM_all,49.9,0.1779835
P1413L,?,AIM_all,50.0,0.2142429
P1413L,?,C_AIM,0.0,0.1607732
P1413L,?,C_AIM,0.1,0.1733468
P1413L,?,C_AIM,0.2,0.2035931
P1413L,?,C_AIM,0.3,0.1868207
P1413L,?,C_AIM,0.4,0.2266406
P1413L,?,C_AIM,0.5,0.1891271
P1413L,?,C_AIM,0.6,0.2114071
P1413L,?,C_AIM,0.7,0.2228745
P1413L,?,C_AIM,0.8,0.2059732
P1413L,?,C_AIM,0.9,0.2020324
P1413L,?,C_AIM,1.0,0.1998101
P1413L,?,C_AIM,1.1,0.1905834
P1413L,?,C_AIM,1.2,0.2249001
P1413L,?,C_AIM,1.3,0.2053608
P1413L,?,C_AIM,1.4,0.2019431
P1413L,?,C_AIM,1.5,0.1999926
P1413L,?,C_AIM,1.6,0.2123323
P1413L,?,C_AIM,1.7,0.2010896
P1413L,?,C_AIM,1.8,0.2108793
P1413L,?,C_AIM,1.9,0.1965223
P1413L,?,C_AIM,2.0,0.1927098
P1413L,?,C_AIM,2.1,0.2133376
P1413L,?,C_AIM,2.2,0.2058641
P1413L,?,C_AIM,2.3,0.2086215
P1413L,?,C_AIM,2.4,0.2082832
P1413L,?,C_AIM,2.5,0.2025737
P1413L,?,C_AIM,2.6,0.2078919
P1413L,?,C_AIM,2.7,0.2215152
P1413L,?,C_AIM,2.8,0.2358091
P1413L,?,C_AIM,2.9,0.1759917
P1413L,?,C_AIM,3.0,0.2110187
P1413L,?,C_AIM,3.1,0.21913
P1413L,?,C_AIM,3.2,0.1652968
P1413L,?,C_AIM,3.3,0.2067393
P1413L,?,C_AIM,3.4,0.1797805
P1413L,?,C_AIM,3.5,0.1852378
P1413L,?,C_AIM,3.6,0.2262282
P1413L,?,C_AIM,3.7,0.1798028
P1413L,?,C_AIM,3.8,0.1984063
P1413L,?,C_AIM,3.9,0.208012
P1413L,?,C_AIM,4.0,0.199935
P1413L,?,C_AIM,4.1,0.167006
P1413L,?,C_AIM,4.2,0.2131313
P1413L,?,C_AIM,4.3,0.2150002
P1413L,?,C_AIM,4.4,0.2173247
P1413L,?,C_AIM,4.5,0.190633
P1413L,?,C_AIM,4.6,0.2222541
P1413L,?,C_AIM,4.7,0.1961351
P1413L,?,C_AIM,4.8,0.172311
P1413L,?,C_AIM,4.9,0.1754138
P1413L,?,C_AIM,5.0,0.204795
P1413L,?,C_AIM,5.1,0.1911361
P1413L,?,C_AIM,5.2,0.1679315
P1413L,?,C_AIM,5.3,0.2260555
P1413L,?,C_AIM,5.4,0.1679908
P1413L,?,C_AIM,5.5,0.2134221
P1413L,?,C_AIM,5.6,0.206063
P1413L,?,C_AIM,5.7,0.2072607
P1413L,?,C_AIM,5.8,0.1994718
P1413L,?,C_AIM,5.9,0.1892537
P1413L,?,C_AIM,6.0,0.2012561
P1413L,?,C_AIM,6.1,0.211835
P1413L,?,C_AIM,6.2,0.1911438
P1413L,?,C_AIM,6.3,0.2298456
P1413L,?,C_AIM,6.4,0.200574
P1413L,?,C_AIM,6.5,0.2159398
P1413L,?,C_AIM,6.6,0.2107914
P1413L,?,C_AIM,6.7,0.2042988
P1413L,?,C_AIM,6.8,0.2165294
P1413L,?,C_AIM,6.9,0.2013704
P1413L,?,C_AIM,7.0,0.1944892
P1413L,?,C_AIM,7.1,0.1960563
P1413L,?,C_AIM,7.2,0.2117997
P1413L,?,C_AIM,7.3,0.2103973
P1413L,?,C_AIM,7.400001,0.2002348
P1413L,?,C_AIM,7.5,0.2069814
P1413L,?,C_AIM,7.6,0.2298284
P1413L,?,C_AIM,7.7,0.2126477
P1413L,?,C_AIM,7.8,0.1793977
P1413L,?,C_AIM,7.900001,0.2158913
P1413L,?,C_AIM,8.0,0.2102283
P1413L,?,C_AIM,8.1,0.2127932
P1413L,?,C_AIM,8.200001,0.1807568
P1413L,?,C_AIM,8.3,0.2020096
P1413L,?,C_AIM,8.400001,0.195438
P1413L,?,C_AIM,8.5,0.2099191
P1413L,?,C_AIM,8.6,0.223271
P1413L,?,C_AIM,8.700001,0.205536
P1413L,?,C_AIM,8.8,0.2031868
P1413L,?,C_AIM,8.900001,0.2113764
P1413L,?,C_AIM,9.0,0.198058
P1413L,?,C_AIM,9.1,0.2029187
P1413L,?,C_AIM,9.200001,0.2055164
P1413L,?,C_AIM,9.3,0.1980253
P1413L,?,C_AIM,9.400001,0.2323188
P1413L,?,C_AIM,9.5,0.2245019
P1413L,?,C_AIM,9.6,0.2221014
P1413L,?,C_AIM,9.700001,0.2063031
P1413L,?,C_AIM,9.8,0.197507
P1413L,?,C_AIM,9.900001,0.1990326
P1413L,?,C_AIM,10.0,0.2264974
P1413L,?,C_AIM,10.1,0.2040343
P1413L,?,C_AIM,10.2,0.218383
P1413L,?,C_AIM,10.3,0.2222884
P1413L,?,C_AIM,10.4,0.2270022
P1413L,?,C_AIM,10.5,0.2164761
P1413L,?,C_AIM,10.6,0.2203723
P1413L,?,C_AIM,10.7,0.1957295
P1413L,?,C_AIM,10.8,0.1944583
P1413L,?,C_AIM,10.9,0.2123227
P1413L,?,C_AIM,11.0,0.2110189
P1413L,?,C_AIM,11.1,0.202714
P1413L,?,C_AIM,11.2,0.2154136
P1413L,?,C_AIM,11.3,0.2104327
P1413L,?,C_AIM,11.4,0.2265791
P1413L,?,C_AIM,11.5,0.2159283
P1413L,?,C_AIM,11.6,0.2319826
P1413L,?,C_AIM,11.7,0.1939535
P1413L,?,C_AIM,11.8,0.2254305
P1413L,?,C_AIM,11.9,0.2199225
P1413L,?,C_AIM,12.0,0.190381
P1413L,?,C_AIM,12.1,0.2185888
P1413L,?,C_AIM,12.2,0.2146206
P1413L,?,C_AIM,12.3,0.1993314
P1413L,?,C_AIM,12.4,0.2081967
P1413L,?,C_AIM,12.5,0.2224793
P1413L,?,C_AIM,12.6,0.2104141
P1413L,?,C_AIM,12.7,0.2126171
P1413L,?,C_AIM,12.8,0.1994843
P1413L,?,C_AIM,12.9,0.2099189
P1413L,?,C_AIM,13.0,0.1779804
P1413L,?,C_AIM,13.1,0.2053239
P1413L,?,C_AIM,13.2,0.2257986
P1413L,?,C_AIM,13.3,0.1916768
P1413L,?,C_AIM,13.4,0.2008333
P1413L,?,C_AIM,13.5,0.1957267
P1413L,?,C_AIM,13.6,0.2164487
P1413L,?,C_AIM,13.7,0.2121764
P1413L,?,C_AIM,13.8,0.2046902
P1413L,?,C_AIM,13.9,0.2087798
P1413L,?,C_AIM,14.0,0.2032166
P1413L,?,C_AIM,14.1,0.2104401
P1413L,?,C_AIM,14.2,0.197403
P1413L,?,C_AIM,14.3,0.1985421
P1413L,?,C_AIM,14.4,0.2066932
P1413L,?,C_AIM,14.5,0.215409
P1413L,?,C_AIM,14.6,0.2115419
P1413L,?,C_AIM,14.7,0.2055457
P1413L,?,C_AIM,14.8,0.1930234
P1413L,?,C_AIM,14.9,0.2026576
P1413L,?,C_AIM,15.0,0.2072824
P1413L,?,C_AIM,15.1,0.2016557
P1413L,?,C_AIM,15.2,0.2154508
P1413L,?,C_AIM,15.3,0.2010997
P1413L,?,C_AIM,15.4,0.203691
P1413L,?,C_AIM,15.5,0.1892592
P1413L,?,C_AIM,15.6,0.2056597
P1413L,?,C_AIM,15.7,0.2025142
P1413L,?,C_AIM,15.8,0.2112536
P1413L,?,C_AIM,15.9,0.2131594
P1413L,?,C_AIM,16.0,0.1999278
P1413L,?,C_AIM,16.1,0.2180229
P1413L,?,C_AIM,16.2,0.2119856
P1413L,?,C_AIM,16.3,0.2177775
P1413L,?,C_AIM,16.4,0.2051949
P1413L,?,C_AIM,16.5,0.201953
P1413L,?,C_AIM,16.6,0.2037722
P1413L,?,C_AIM,16.7,0.2149931
P1413L,?,C_AIM,16.8,0.1891084
P1413L,?,C_AIM,16.9,0.2114093
P1413L,?,C_AIM,17.0,0.1979421
P1413L,?,C_AIM,17.1,0.2243658
P1413L,?,C_AIM,17.2,0.2069445
P1413L,?,C_AIM,17.3,0.1984991
P1413L,?,C_AIM,17.4,0.1964028
P1413L,?,C_AIM,17.5,0.1989597
P1413L,?,C_AIM,17.6,0.1772457
P1413L,?,C_AIM,17.7,0.1716361
P1413L,?,C_AIM,17.8,0.1933624
P1413L,?,C_AIM,17.9,0.2029039
P1413L,?,C_AIM,18.0,0.1827814
P1413L,?,C_AIM,18.1,0.1485696
P1413L,?,C_AIM,18.2,0.2026476
P1413L,?,C_AIM,18.3,0.1980227
P1413L,?,C_AIM,18.4,0.2062279
P1413L,?,C_AIM,18.5,0.2134126
P1413L,?,C_AIM,18.6,0.1912277
P1413L,?,C_AIM,18.7,0.2252133
P1413L,?,C_AIM,18.8,0.2027656
P1413L,?,C_AIM,18.9,0.2057036
P1413L,?,C_AIM,19.0,0.2101356
P1413L,?,C_AIM,19.1,0.1925229
P1413L,?,C_AIM,19.2,0.1898317
P1413L,?,C_AIM,19.3,0.195374
P1413L,?,C_AIM,19.4,0.2089139
P1413L,?,C_AIM,19.5,0.2176261
P1413L,?,C_AIM,19.6,0.2212534
P1413L,?,C_AIM,19.7,0.2086862
P1413L,?,C_AIM,19.8,0.2025736
P1413L,?,C_AIM,19.9,0.2268457
P1413L,?,C_AIM,20.0,0.202867
P1413L,?,C_AIM,20.1,0.2223109
P1413L,?,C_AIM,20.2,0.2172809
P1413L,?,C_AIM,20.3,0.1699558
P1413L,?,C_AIM,20.4,0.2131409
P1413L,?,C_AIM,20.5,0.219611
P1413L,?,C_AIM,20.6,0.2138552
P1413L,?,C_AIM,20.7,0.1960358
P1413L,?,C_AIM,20.8,0.2060368
P1413L,?,C_AIM,20.9,0.1769577
P1413L,?,C_AIM,21.0,0.19329
P1413L,?,C_AIM,21.1,0.2132462
P1413L,?,C_AIM,21.2,0.214856
P1413L,?,C_AIM,21.3,0.2176097
P1413L,?,C_AIM,21.4,0.2041322
P1413L,?,C_AIM,21.5,0.2000222
P1413L,?,C_AIM,21.6,0.2016479
P1413L,?,C_AIM,21.7,0.2110593
P1413L,?,C_AIM,21.8,0.1920258
P1413L,?,C_AIM,21.9,0.2170208
P1413L,?,C_AIM,22.0,0.2360468
P1413L,?,C_AIM,22.1,0.2383296
P1413L,?,C_AIM,22.2,0.16382
P1413L,?,C_AIM,22.3,0.2311407
P1413L,?,C_AIM,22.4,0.2113671
P1413L,?,C_AIM,22.5,0.2066498
P1413L,?,C_AIM,22.6,0.1923795
P1413L,?,C_AIM,22.7,0.2190753
P1413L,?,C_AIM,22.8,0.2020122
P1413L,?,C_AIM,22.9,0.2126615
P1413L,?,C_AIM,23.0,0.2266937
P1413L,?,C_AIM,23.1,0.2040831
P1413L,?,C_AIM,23.2,0.1991908
P1413L,?,C_AIM,23.3,0.2094612
P1413L,?,C_AIM,23.4,0.1965376
P1413L,?,C_AIM,23.5,0.1834146
P1413L,?,C_AIM,23.6,0.1994267
P1413L,?,C_AIM,23.7,0.211102
P1413L,?,C_AIM,23.8,0.2135811
P1413L,?,C_AIM,23.9,0.2118067
P1413L,?,C_AIM,24.0,0.1963187
P1413L,?,C_AIM,24.1,0.1923022
P1413L,?,C_AIM,24.2,0.1903182
P1413L,?,C_AIM,24.3,0.2151117
P1413L,?,C_AIM,24.4,0.202635
P1413L,?,C_AIM,24.5,0.2050097
P1413L,?,C_AIM,24.6,0.2099191
P1413L,?,C_AIM,24.7,0.2093942
P1413L,?,C_AIM,24.8,0.2001473
P1413L,?,C_AIM,24.9,0.2089641
P1413L,?,C_AIM,25.0,0.2063444
P1413L,?,C_AIM,25.1,0.1956042
P1413L,?,C_AIM,25.2,0.2041224
P1413L,?,C_AIM,25.3,0.2008011
P1413L,?,C_AIM,25.4,0.1991608
P1413L,?,C_AIM,25.5,0.2097188
P1413L,?,C_AIM,25.6,0.2131338
P1413L,?,C_AIM,25.7,0.1706604
P1413L,?,C_AIM,25.8,0.1853994
P1413L,?,C_AIM,25.9,0.2423425
P1413L,?,C_AIM,26.0,0.2024452
P1413L,?,C_AIM,26.1,0.1660062
P1413L,?,C_AIM,26.2,0.1750998
P1413L,?,C_AIM,26.3,0.1836437
P1413L,?,C_AIM,26.4,0.2016653
P1413L,?,C_AIM,26.5,0.2285301
P1413L,?,C_AIM,26.6,0.2193376
P1413L,?,C_AIM,26.7,0.2150465
P1413L,?,C_AIM,26.8,0.2210227
P1413L,?,C_AIM,26.9,0.1684221
P1413L,?,C_AIM,27.0,0.2177576
P1413L,?,C_AIM,27.1,0.2056234
P1413L,?,C_AIM,27.2,0.2025288
P1413L,?,C_AIM,27.3,0.1880025
P1413L,?,C_AIM,27.4,0.1807182
P1413L,?,C_AIM,27.5,0.211457
P1413L,?,C_AIM,27.6,0.1982708
P1413L,?,C_AIM,27.7,0.2085499
P1413L,?,C_AIM,27.8,0.197588
P1413L,?,C_AIM,27.9,0.2307855
P1413L,?,C_AIM,28.0,0.2097568
P1413L,?,C_AIM,28.1,0.2163008
P1413L,?,C_AIM,28.2,0.2106681
P1413L,?,C_AIM,28.3,0.2086836
P1413L,?,C_AIM,28.4,0.210604
P1413L,?,C_AIM,28.5,0.2094779
P1413L,?,C_AIM,28.6,0.2293926
P1413L,?,C_AIM,28.7,0.2044041
P1413L,?,C_AIM,28.8,0.1949411
P1413L,?,C_AIM,28.9,0.2089046
P1413L,?,C_AIM,29.0,0.2052973
P1413L,?,C_AIM,29.1,0.2126264
P1413L,?,C_AIM,29.2,0.201938
P1413L,?,C_AIM,29.3,0.2220309
P1413L,?,C_AIM,29.4,0.1990629
P1413L,?,C_AIM,29.5,0.1956145
P1413L,?,C_AIM,29.6,0.2036883
P1413L,?,C_AIM,29.7,0.2149863
P1413L,?,C_AIM,29.8,0.2294038
P1413L,?,C_AIM,29.9,0.2034526
P1413L,?,C_AIM,30.0,0.2006091
P1413L,?,C_AIM,30.1,0.2159142
P1413L,?,C_AIM,30.2,0.2102428
P1413L,?,C_AIM,30.3,0.1971318
P1413L,?,C_AIM,30.4,0.2075311
P1413L,?,C_AIM,30.5,0.2161854
P1413L,?,C_AIM,30.6,0.2068023
P1413L,?,C_AIM,30.7,0.1997348
P1413L,?,C_AIM,30.8,0.2134337
P1413L,?,C_AIM,30.9,0.2139276
P1413L,?,C_AIM,31.0,0.2255329
P1413L,?,C_AIM,31.1,0.2143178
P1413L,?,C_AIM,31.2,0.2132698
P1413L,?,C_AIM,31.3,0.2134057
P1413L,?,C_AIM,31.4,0.214077
P1413L,?,C_AIM,31.5,0.2209028
P1413L,?,C_AIM,31.6,0.2274312
P1413L,?,C_AIM,31.7,0.2116437
P1413L,?,C_AIM,31.8,0.1881144
P1413L,?,C_AIM,31.9,0.2192738
P1413L,?,C_AIM,32.0,0.2216957
P1413L,?,C_AIM,32.1,0.2079569
P1413L,?,C_AIM,32.2,0.2184521
P1413L,?,C_AIM,32.3,0.1958418
P1413L,?,C_AIM,32.4,0.2104186
P1413L,?,C_AIM,32.5,0.2024917
P1413L,?,C_AIM,32.6,0.2091629
P1413L,?,C_AIM,32.7,0.2210432
P1413L,?,C_AIM,32.8,0.2177179
P1413L,?,C_AIM,32.9,0.2013256
P1413L,?,C_AIM,33.0,0.2038897
P1413L,?,C_AIM,33.1,0.2003621
P1413L,?,C_AIM,33.2,0.2086
P1413L,?,C_AIM,33.3,0.2071931
P1413L,?,C_AIM,33.4,0.2079376
P1413L,?,C_AIM,33.5,0.2274687
P1413L,?,C_AIM,33.6,0.1966725
P1413L,?,C_AIM,33.7,0.2177382
P1413L,?,C_AIM,33.8,0.2024326
P1413L,?,C_AIM,33.9,0.2038581
P1413L,?,C_AIM,34.0,0.2027353
P1413L,?,C_AIM,34.1,0.2196133
P1413L,?,C_AIM,34.2,0.1549227
P1413L,?,C_AIM,34.3,0.2315729
P1413L,?,C_AIM,34.4,0.1916401
P1413L,?,C_AIM,34.5,0.1723629
P1413L,?,C_AIM,34.6,0.168483
P1413L,?,C_AIM,34.7,0.1626131
P1413L,?,C_AIM,34.8,0.1629786
P1413L,?,C_AIM,34.9,0.1784069
P1413L,?,C_AIM,35.0,0.1812567
P1413L,?,C_AIM,35.1,0.1930208
P1413L,?,C_AIM,35.2,0.2107152
P1413L,?,C_AIM,35.3,0.2002598
P1413L,?,C_AIM,35.4,0.1924216
P1413L,?,C_AIM,35.5,0.2071997
P1413L,?,C_AIM,35.6,0.1926289
P1413L,?,C_AIM,35.7,0.2321338
P1413L,?,C_AIM,35.8,0.2238304
P1413L,?,C_AIM,35.9,0.2163422
P1413L,?,C_AIM,36.0,0.1792735
P1413L,?,C_AIM,36.1,0.1942909
P1413L,?,C_AIM,36.2,0.1978535
P1413L,?,C_AIM,36.3,0.1954228
P1413L,?,C_AIM,36.4,0.1958442
P1413L,?,C_AIM,36.5,0.213612
P1413L,?,C_AIM,36.6,0.201497
P1413L,?,C_AIM,36.7,0.2090814
P1413L,?,C_AIM,36.8,0.2268259
P1413L,?,C_AIM,36.9,0.2142737
P1413L,?,C_AIM,37.0,0.2036545
P1413L,?,C_AIM,37.1,0.2082544
P1413L,?,C_AIM,37.2,0.2173934
P1413L,?,C_AIM,37.3,0.2207217
P1413L,?,C_AIM,37.4,0.2076754
P1413L,?,C_AIM,37.5,0.2161296
P1413L,?,C_AIM,37.6,0.1771499
P1413L,?,C_AIM,37.7,0.163637
P1413L,?,C_AIM,37.8,0.177048
P1413L,?,C_AIM,37.9,0.2156249
P1413L,?,C_AIM,38.0,0.2263407
P1413L,?,C_AIM,38.1,0.2040395
P1413L,?,C_AIM,38.2,0.2001925
P1413L,?,C_AIM,38.3,0.2050757
P1413L,?,C_AIM,38.4,0.2145763
P1413L,?,C_AIM,38.5,0.2101546
P1413L,?,C_AIM,38.6,0.2040343
P1413L,?,C_AIM,38.7,0.1842308
P1413L,?,C_AIM,38.8,0.2057913
P1413L,?,C_AIM,38.9,0.2278246
P1413L,?,C_AIM,39.0,0.1970279
P1413L,?,C_AIM,39.1,0.2050025
P1413L,?,C_AIM,39.2,0.2121179
P1413L,?,C_AIM,39.3,0.2261613
P1413L,?,C_AIM,39.4,0.1957292
P1413L,?,C_AIM,39.5,0.2269318
P1413L,?,C_AIM,39.6,0.1710585
P1413L,?,C_AIM,39.7,0.1706285
P1413L,?,C_AIM,39.8,0.2025118
P1413L,?,C_AIM,39.9,0.1743016
P1413L,?,C_AIM,40.0,0.213974
P1413L,?,C_AIM,40.1,0.2114773
P1413L,?,C_AIM,40.2,0.1981562
P1413L,?,C_AIM,40.3,0.2031031
P1413L,?,C_AIM,40.4,0.1982676
P1413L,?,C_AIM,40.5,0.196624
P1413L,?,C_AIM,40.6,0.2198428
P1413L,?,C_AIM,40.7,0.2086289
P1413L,?,C_AIM,40.8,0.1980202
P1413L,?,C_AIM,40.9,0.1883794
P1413L,?,C_AIM,41.0,0.2234659
P1413L,?,C_AIM,41.1,0.1959006
P1413L,?,C_AIM,41.2,0.2272798
P1413L,?,C_AIM,41.3,0.2161267
P1413L,?,C_AIM,41.4,0.1698383
P1413L,?,C_AIM,41.5,0.2100117
P1413L,?,C_AIM,41.6,0.2079811
P1413L,?,C_AIM,41.7,0.2058662
P1413L,?,C_AIM,41.8,0.1979977
P1413L,?,C_AIM,41.9,0.1980117
P1413L,?,C_AIM,42.0,0.216936
P1413L,?,C_AIM,42.1,0.2193375
P1413L,?,C_AIM,42.2,0.2063325
P1413L,?,C_AIM,42.3,0.2138878
P1413L,?,C_AIM,42.4,0.2104495
P1413L,?,C_AIM,42.5,0.2133964
P1413L,?,C_AIM,42.6,0.2071814
P1413L,?,C_AIM,42.7,0.1933781
P1413L,?,C_AIM,42.8,0.2036686
P1413L,?,C_AIM,42.9,0.2048951
P1413L,?,C_AIM,43.0,0.2219327
P1413L,?,C_AIM,43.1,0.2120306
P1413L,?,C_AIM,43.2,0.2078121
P1413L,?,C_AIM,43.3,0.2163819
P1413L,?,C_AIM,43.4,0.211516
P1413L,?,C_AIM,43.5,0.1897076
P1413L,?,C_AIM,43.6,0.2052881
P1413L,?,C_AIM,43.7,0.2034528
P1413L,?,C_AIM,43.8,0.2019777
P1413L,?,C_AIM,43.9,0.1938093
P1413L,?,C_AIM,44.0,0.2159098
P1413L,?,C_AIM,44.1,0.2126524
P1413L,?,C_AIM,44.2,0.1983558
P1413L,?,C_AIM,44.3,0.2130401
P1413L,?,C_AIM,44.4,0.1971378
P1413L,?,C_AIM,44.5,0.1954327
P1413L,?,C_AIM,44.6,0.1982471
P1413L,?,C_AIM,44.7,0.1996521
P1413L,?,C_AIM,44.8,0.2223444
P1413L,?,C_AIM,44.9,0.2078388
P1413L,?,C_AIM,45.0,0.2080025
P1413L,?,C_AIM,45.1,0.1922134
P1413L,?,C_AIM,45.2,0.2043231
P1413L,?,C_AIM,45.3,0.1841768
P1413L,?,C_AIM,45.4,0.2005443
P1413L,?,C_AIM,45.5,0.1776064
P1413L,?,C_AIM,45.6,0.2045362
P1413L,?,C_AIM,45.7,0.1842597
P1413L,?,C_AIM,45.8,0.2132816
P1413L,?,C_AIM,45.9,0.2166517
P1413L,?,C_AIM,46.0,0.1948051
P1413L,?,C_AIM,46.1,0.1948387
P1413L,?,C_AIM,46.2,0.1978306
P1413L,?,C_AIM,46.3,0.2143106
P1413L,?,C_AIM,46.4,0.199502
P1413L,?,C_AIM,46.5,0.2057896
P1413L,?,C_AIM,46.6,0.2131991
P1413L,?,C_AIM,46.7,0.2075813
P1413L,?,C_AIM,46.8,0.2047777
P1413L,?,C_AIM,46.9,0.2169676
P1413L,?,C_AIM,47.0,0.1999452
P1413L,?,C_AIM,47.1,0.2068453
P1413L,?,C_AIM,47.2,0.1966135
P1413L,?,C_AIM,47.3,0.2000275
P1413L,?,C_AIM,47.4,0.2095829
P1413L,?,C_AIM,47.5,0.2034644
P1413L,?,C_AIM,47.6,0.1987108
P1413L,?,C_AIM,47.7,0.1991306
P1413L,?,C_AIM,47.8,0.1978841
P1413L,?,C_AIM,47.9,0.2164646
P1413L,?,C_AIM,48.0,0.2065065
P1413L,?,C_AIM,48.1,0.2036958
P1413L,?,C_AIM,48.2,0.2143667
P1413L,?,C_AIM,48.3,0.2150185
P1413L,?,C_AIM,48.4,0.2062159
P1413L,?,C_AIM,48.5,0.2113883
P1413L,?,C_AIM,48.6,0.2053388
P1413L,?,C_AIM,48.7,0.1982925
P1413L,?,C_AIM,48.8,0.2208935
P1413L,?,C_AIM,48.9,0.1985296
P1413L,?,C_AIM,49.0,0.2112392
P1413L,?,C_AIM,49.1,0.1937266
P1413L,?,C_AIM,49.2,0.1744992
P1413L,?,C_AIM,49.3,0.2175435
P1413L,?,C_AIM,49.4,0.2070991
P1413L,?,C_AIM,49.5,0.2049852
P1413L,?,C_AIM,49.6,0.196273
P1413L,?,C_AIM,49.7,0.1867485
P1413L,?,C_AIM,49.8,0.2206241
P1413L,?,C_AIM,49.9,0.2100214
P1413L,?,C_AIM,50.0,0.2219505
P1413L,?,N_AIM,0.0,0.1728293
P1413L,?,N_AIM,0.1,0.1616074
P1413L,?,N_AIM,0.2,0.1681845
P1413L,?,N_AIM,0.3,0.171654
P1413L,?,N_AIM,0.4,0.167514
P1413L,?,N_AIM,0.5,0.1616723
P1413L,?,N_AIM,0.6,0.1616729
P1413L,?,N_AIM,0.7,0.16847
P1413L,?,N_AIM,0.8,0.172505
P1413L,?,N_AIM,0.9,0.1856501
P1413L,?,N_AIM,1.0,0.1637988
P1413L,?,N_AIM,1.1,0.1622776
P1413L,?,N_AIM,1.2,0.1701913
P1413L,?,N_AIM,1.3,0.1670388
P1413L,?,N_AIM,1.4,0.1821454
P1413L,?,N_AIM,1.5,0.1615675
P1413L,?,N_AIM,1.6,0.1663908
P1413L,?,N_AIM,1.7,0.1690948
P1413L,?,N_AIM,1.8,0.1675231
P1413L,?,N_AIM,1.9,0.1674183
P1413L,?,N_AIM,2.0,0.1596184
P1413L,?,N_AIM,2.1,0.1737128
P1413L,?,N_AIM,2.2,0.1654235
P1413L,?,N_AIM,2.3,0.1641739
P1413L,?,N_AIM,2.4,0.1601343
P1413L,?,N_AIM,2.5,0.1759034
P1413L,?,N_AIM,2.6,0.1627022
P1413L,?,N_AIM,2.7,0.1650638
P1413L,?,N_AIM,2.8,0.1678366
P1413L,?,N_AIM,2.9,0.1653902
P1413L,?,N_AIM,3.0,0.1586756
P1413L,?,N_AIM,3.1,0.1762213
P1413L,?,N_AIM,3.2,0.1626224
P1413L,?,N_AIM,3.3,0.1667124
P1413L,?,N_AIM,3.4,0.1682469
P1413L,?,N_AIM,3.5,0.1802499
P1413L,?,N_AIM,3.6,0.1630982
P1413L,?,N_AIM,3.7,0.1770198
P1413L,?,N_AIM,3.8,0.1759939
P1413L,?,N_AIM,3.9,0.1689913
P1413L,?,N_AIM,4.0,0.1657259
P1413L,?,N_AIM,4.1,0.1658671
P1413L,?,N_AIM,4.2,0.173075
P1413L,?,N_AIM,4.3,0.1779074
P1413L,?,N_AIM,4.4,0.1740143
P1413L,?,N_AIM,4.5,0.2021952
P1413L,?,N_AIM,4.6,0.172641
P1413L,?,N_AIM,4.7,0.1688198
P1413L,?,N_AIM,4.8,0.1613043
P1413L,?,N_AIM,4.9,0.1650727
P1413L,?,N_AIM,5.0,0.1600816
P1413L,?,N_AIM,5.1,0.1856961
P1413L,?,N_AIM,5.2,0.1689054
P1413L,?,N_AIM,5.3,0.167562
P1413L,?,N_AIM,5.4,0.1675262
P1413L,?,N_AIM,5.5,0.1765276
P1413L,?,N_AIM,5.6,0.1650305
P1413L,?,N_AIM,5.7,0.1740112
P1413L,?,N_AIM,5.8,0.171715
P1413L,?,N_AIM,5.9,0.1725373
P1413L,?,N_AIM,6.0,0.1660302
P1413L,?,N_AIM,6.1,0.1753424
P1413L,?,N_AIM,6.2,0.1744334
P1413L,?,N_AIM,6.3,0.1812261
P1413L,?,N_AIM,6.4,0.1613506
P1413L,?,N_AIM,6.5,0.1722379
P1413L,?,N_AIM,6.6,0.1813646
P1413L,?,N_AIM,6.7,0.1720466
P1413L,?,N_AIM,6.8,0.1674993
P1413L,?,N_AIM,6.9,0.161719
P1413L,?,N_AIM,7.0,0.1789691
P1413L,?,N_AIM,7.1,0.177916
P1413L,?,N_AIM,7.2,0.1730144
P1413L,?,N_AIM,7.3,0.1741524
P1413L,?,N_AIM,7.400001,0.1712458
P1413L,?,N_AIM,7.5,0.1732659
P1413L,?,N_AIM,7.6,0.1653509
P1413L,?,N_AIM,7.7,0.1791365
P1413L,?,N_AIM,7.8,0.1822609
P1413L,?,N_AIM,7.900001,0.175097
P1413L,?,N_AIM,8.0,0.1762272
P1413L,?,N_AIM,8.1,0.1661836
P1413L,?,N_AIM,8.200001,0.1724354
P1413L,?,N_AIM,8.3,0.1714584
P1413L,?,N_AIM,8.400001,0.1732194
P1413L,?,N_AIM,8.5,0.1822168
P1413L,?,N_AIM,8.6,0.1594024
P1413L,?,N_AIM,8.700001,0.1594021
P1413L,?,N_AIM,8.8,0.1720148
P1413L,?,N_AIM,8.900001,0.1807211
P1413L,?,N_AIM,9.0,0.1761363
P1413L,?,N_AIM,9.1,0.1826911
P1413L,?,N_AIM,9.200001,0.1669884
P1413L,?,N_AIM,9.3,0.1750801
P1413L,?,N_AIM,9.400001,0.1660394
P1413L,?,N_AIM,9.5,0.1617282
P1413L,?,N_AIM,9.6,0.1723167
P1413L,?,N_AIM,9.700001,0.1760031
P1413L,?,N_AIM,9.8,0.1861988
P1413L,?,N_AIM,9.900001,0.1845565
P1413L,?,N_AIM,10.0,0.1661388
P1413L,?,N_AIM,10.1,0.178586
P1413L,?,N_AIM,10.2,0.1631044
P1413L,?,N_AIM,10.3,0.1525811
P1413L,?,N_AIM,10.4,0.1775078
P1413L,?,N_AIM,10.5,0.1767851
P1413L,?,N_AIM,10.6,0.1733148
P1413L,?,N_AIM,10.7,0.1688193
P1413L,?,N_AIM,10.8,0.1616478
P1413L,?,N_AIM,10.9,0.1835018
P1413L,?,N_AIM,11.0,0.1628927
P1413L,?,N_AIM,11.1,0.1732891
P1413L,?,N_AIM,11.2,0.1768305
P1413L,?,N_AIM,11.3,0.1603184
P1413L,?,N_AIM,11.4,0.1747799
P1413L,?,N_AIM,11.5,0.1653238
P1413L,?,N_AIM,11.6,0.1720812
P1413L,?,N_AIM,11.7,0.1681844
P1413L,?,N_AIM,11.8,0.1634197
P1413L,?,N_AIM,11.9,0.1601935
P1413L,?,N_AIM,12.0,0.1586126
P1413L,?,N_AIM,12.1,0.1764794
P1413L,?,N_AIM,12.2,0.1708157
P1413L,?,N_AIM,12.3,0.163811
P1413L,?,N_AIM,12.4,0.1760086
P1413L,?,N_AIM,12.5,0.1737728
P1413L,?,N_AIM,12.6,0.1735367
P1413L,?,N_AIM,12.7,0.1644659
P1413L,?,N_AIM,12.8,0.1752627
P1413L,?,N_AIM,12.9,0.1628651
P1413L,?,N_AIM,13.0,0.1692423
P1413L,?,N_AIM,13.1,0.1653785
P1413L,?,N_AIM,13.2,0.1673468
P1413L,?,N_AIM,13.3,0.1655203
P1413L,?,N_AIM,13.4,0.1724442
P1413L,?,N_AIM,13.5,0.1742242
P1413L,?,N_AIM,13.6,0.1757641
P1413L,?,N_AIM,13.7,0.172064
P1413L,?,N_AIM,13.8,0.1822251
P1413L,?,N_AIM,13.9,0.1604432
P1413L,?,N_AIM,14.0,0.1776317
P1413L,?,N_AIM,14.1,0.1738333
P1413L,?,N_AIM,14.2,0.16109
P1413L,?,N_AIM,14.3,0.1762216
P1413L,?,N_AIM,14.4,0.1702645
P1413L,?,N_AIM,14.5,0.1769153
P1413L,?,N_AIM,14.6,0.1601938
P1413L,?,N_AIM,14.7,0.1705315
P1413L,?,N_AIM,14.8,0.1792708
P1413L,?,N_AIM,14.9,0.1682646
P1413L,?,N_AIM,15.0,0.167039
P1413L,?,N_AIM,15.1,0.1694018
P1413L,?,N_AIM,15.2,0.1658281
P1413L,?,N_AIM,15.3,0.1744649
P1413L,?,N_AIM,15.4,0.1750685
P1413L,?,N_AIM,15.5,0.1826964
P1413L,?,N_AIM,15.6,0.1726296
P1413L,?,N_AIM,15.7,0.1620153
P1413L,?,N_AIM,15.8,0.1732337
P1413L,?,N_AIM,15.9,0.1535284
P1413L,?,N_AIM,16.0,0.1750972
P1413L,?,N_AIM,16.1,0.1645418
P1413L,?,N_AIM,16.2,0.17119
P1413L,?,N_AIM,16.3,0.1634779
P1413L,?,N_AIM,16.4,0.1577498
P1413L,?,N_AIM,16.5,0.1769323
P1413L,?,N_AIM,16.6,0.1710527
P1413L,?,N_AIM,16.7,0.1663161
P1413L,?,N_AIM,16.8,0.1792456
P1413L,?,N_AIM,16.9,0.1802083
P1413L,?,N_AIM,17.0,0.1760284
P1413L,?,N_AIM,17.1,0.1686893
P1413L,?,N_AIM,17.2,0.1632208
P1413L,?,N_AIM,17.3,0.1665113
P1413L,?,N_AIM,17.4,0.1709094
P1413L,?,N_AIM,17.5,0.1657019
P1413L,?,N_AIM,17.6,0.193972
P1413L,?,N_AIM,17.7,0.16772
P1413L,?,N_AIM,17.8,0.1867219
P1413L,?,N_AIM,17.9,0.1835864
P1413L,?,N_AIM,18.0,0.1771129
P1413L,?,N_AIM,18.1,0.1668352
P1413L,?,N_AIM,18.2,0.1583021
P1413L,?,N_AIM,18.3,0.1643554
P1413L,?,N_AIM,18.4,0.1710535
P1413L,?,N_AIM,18.5,0.1647597
P1413L,?,N_AIM,18.6,0.1715634
P1413L,?,N_AIM,18.7,0.1617592
P1413L,?,N_AIM,18.8,0.1856744
P1413L,?,N_AIM,18.9,0.205937
P1413L,?,N_AIM,19.0,0.1805384
P1413L,?,N_AIM,19.1,0.1837467
P1413L,?,N_AIM,19.2,0.2131923
P1413L,?,N_AIM,19.3,0.2055844
P1413L,?,N_AIM,19.4,0.1856178
P1413L,?,N_AIM,19.5,0.1692957
P1413L,?,N_AIM,19.6,0.1782162
P1413L,?,N_AIM,19.7,0.1745212
P1413L,?,N_AIM,19.8,0.1731213
P1413L,?,N_AIM,19.9,0.1781714
P1413L,?,N_AIM,20.0,0.1946124
P1413L,?,N_AIM,20.1,0.175946
P1413L,?,N_AIM,20.2,0.1862631
P1413L,?,N_AIM,20.3,0.1804963
P1413L,?,N_AIM,20.4,0.1759855
P1413L,?,N_AIM,20.5,0.1825871
P1413L,?,N_AIM,20.6,0.1868528
P1413L,?,N_AIM,20.7,0.192398
P1413L,?,N_AIM,20.8,0.1829618
P1413L,?,N_AIM,20.9,0.2058858
P1413L,?,N_AIM,21.0,0.1818876
P1413L,?,N_AIM,21.1,0.1649636
P1413L,?,N_AIM,21.2,0.1767512
P1413L,?,N_AIM,21.3,0.1678809
P1413L,?,N_AIM,21.4,0.1722879
P1413L,?,N_AIM,21.5,0.1932071
P1413L,?,N_AIM,21.6,0.1914264
P1413L,?,N_AIM,21.7,0.1757385
P1413L,?,N_AIM,21.8,0.1907196
P1413L,?,N_AIM,21.9,0.1969419
P1413L,?,N_AIM,22.0,0.1906857
P1413L,?,N_AIM,22.1,0.1676008
P1413L,?,N_AIM,22.2,0.1946588
P1413L,?,N_AIM,22.3,0.1647818
P1413L,?,N_AIM,22.4,0.1829891
P1413L,?,N_AIM,22.5,0.1841573
P1413L,?,N_AIM,22.6,0.1760967
P1413L,?,N_AIM,22.7,0.1581644
P1413L,?,N_AIM,22.8,0.1737525
P1413L,?,N_AIM,22.9,0.1763859
P1413L,?,N_AIM,23.0,0.1829097
P1413L,?,N_AIM,23.1,0.1917029
P1413L,?,N_AIM,23.2,0.1780618
P1413L,?,N_AIM,23.3,0.214098
P1413L,?,N_AIM,23.4,0.1775894
P1413L,?,N_AIM,23.5,0.1780814
P1413L,?,N_AIM,23.6,0.1795855
P1413L,?,N_AIM,23.7,0.1851323
P1413L,?,N_AIM,23.8,0.1970205
P1413L,?,N_AIM,23.9,0.1726991
P1413L,?,N_AIM,24.0,0.1829015
P1413L,?,N_AIM,24.1,0.1809697
P1413L,?,N_AIM,24.2,0.1961863
P1413L,?,N_AIM,24.3,0.1830438
P1413L,?,N_AIM,24.4,0.1794045
P1413L,?,N_AIM,24.5,0.1906357
P1413L,?,N_AIM,24.6,0.1732081
P1413L,?,N_AIM,24.7,0.194394
P1413L,?,N_AIM,24.8,0.1636032
P1413L,?,N_AIM,24.9,0.1846643
P1413L,?,N_AIM,25.0,0.1644233
P1413L,?,N_AIM,25.1,0.178533
P1413L,?,N_AIM,25.2,0.1818707
P1413L,?,N_AIM,25.3,0.1973241
P1413L,?,N_AIM,25.4,0.2039608
P1413L,?,N_AIM,25.5,0.1752771
P1413L,?,N_AIM,25.6,0.1725167
P1413L,?,N_AIM,25.7,0.2261284
P1413L,?,N_AIM,25.8,0.1955353
P1413L,?,N_AIM,25.9,0.2022474
P1413L,?,N_AIM,26.0,0.192026
P1413L,?,N_AIM,26.1,0.1698854
P1413L,?,N_AIM,26.2,0.1921275
P1413L,?,N_AIM,26.3,0.1715488
P1413L,?,N_AIM,26.4,0.181937
P1413L,?,N_AIM,26.5,0.19272
P1413L,?,N_AIM,26.6,0.1633982
P1413L,?,N_AIM,26.7,0.1748429
P1413L,?,N_AIM,26.8,0.2009925
P1413L,?,N_AIM,26.9,0.1782723
P1413L,?,N_AIM,27.0,0.1839647
P1413L,?,N_AIM,27.1,0.176539
P1413L,?,N_AIM,27.2,0.1733234
P1413L,?,N_AIM,27.3,0.1766041
P1413L,?,N_AIM,27.4,0.185766
P1413L,?,N_AIM,27.5,0.1825814
P1413L,?,N_AIM,27.6,0.1827183
P1413L,?,N_AIM,27.7,0.192172
P1413L,?,N_AIM,27.8,0.1775219
P1413L,?,N_AIM,27.9,0.2078535
P1413L,?,N_AIM,28.0,0.1700443
P1413L,?,N_AIM,28.1,0.1849107
P1413L,?,N_AIM,28.2,0.2104424
P1413L,?,N_AIM,28.3,0.1699234
P1413L,?,N_AIM,28.4,0.2001525
P1413L,?,N_AIM,28.5,0.1899077
P1413L,?,N_AIM,28.6,0.1877046
P1413L,?,N_AIM,28.7,0.1786759
P1413L,?,N_AIM,28.8,0.1738104
P1413L,?,N_AIM,28.9,0.1899921
P1413L,?,N_AIM,29.0,0.2052708
P1413L,?,N_AIM,29.1,0.199572
P1413L,?,N_AIM,29.2,0.1726094
P1413L,?,N_AIM,29.3,0.1835895
P1413L,?,N_AIM,29.4,0.1975373
P1413L,?,N_AIM,29.5,0.1830438
P1413L,?,N_AIM,29.6,0.1765564
P1413L,?,N_AIM,29.7,0.1845294
P1413L,?,N_AIM,29.8,0.2025167
P1413L,?,N_AIM,29.9,0.1836029
P1413L,?,N_AIM,30.0,0.1519015
P1413L,?,N_AIM,30.1,0.1854674
P1413L,?,N_AIM,30.2,0.1753111
P1413L,?,N_AIM,30.3,0.1628097
P1413L,?,N_AIM,30.4,0.1947327
P1413L,?,N_AIM,30.5,0.1740516
P1413L,?,N_AIM,30.6,0.1811104
P1413L,?,N_AIM,30.7,0.1912333
P1413L,?,N_AIM,30.8,0.1858332
P1413L,?,N_AIM,30.9,0.1857551
P1413L,?,N_AIM,31.0,0.186794
P1413L,?,N_AIM,31.1,0.176213
P1413L,?,N_AIM,31.2,0.1770002
P1413L,?,N_AIM,31.3,0.1868556
P1413L,?,N_AIM,31.4,0.1784556
P1413L,?,N_AIM,31.5,0.2080868
P1413L,?,N_AIM,31.6,0.1921334
P1413L,?,N_AIM,31.7,0.2112203
P1413L,?,N_AIM,31.8,0.1747027
P1413L,?,N_AIM,31.9,0.1851432
P1413L,?,N_AIM,32.0,0.1730838
P1413L,?,N_AIM,32.1,0.1699587
P1413L,?,N_AIM,32.2,0.1806157
P1413L,?,N_AIM,32.3,0.1810358
P1413L,?,N_AIM,32.4,0.1990101
P1413L,?,N_AIM,32.5,0.1956962
P1413L,?,N_AIM,32.6,0.1749114
P1413L,?,N_AIM,32.7,0.1618055
P1413L,?,N_AIM,32.8,0.1879362
P1413L,?,N_AIM,32.9,0.1813008
P1413L,?,N_AIM,33.0,0.16578
P1413L,?,N_AIM,33.1,0.1689853
P1413L,?,N_AIM,33.2,0.1693694
P1413L,?,N_AIM,33.3,0.1746625
P1413L,?,N_AIM,33.4,0.1699353
P1413L,?,N_AIM,33.5,0.1766692
P1413L,?,N_AIM,33.6,0.1674544
P1413L,?,N_AIM,33.7,0.1720873
P1413L,?,N_AIM,33.8,0.1820136
P1413L,?,N_AIM,33.9,0.1830957
P1413L,?,N_AIM,34.0,0.1858675
P1413L,?,N_AIM,34.1,0.1876753
P1413L,?,N_AIM,34.2,0.1870347
P1413L,?,N_AIM,34.3,0.1777498
P1413L,?,N_AIM,34.4,0.1752941
P1413L,?,N_AIM,34.5,0.169142
P1413L,?,N_AIM,34.6,0.1974766
P1413L,?,N_AIM,34.7,0.1698529
P1413L,?,N_AIM,34.8,0.1893936
P1413L,?,N_AIM,34.9,0.1745251
P1413L,?,N_AIM,35.0,0.1812291
P1413L,?,N_AIM,35.1,0.1832184
P1413L,?,N_AIM,35.2,0.1776092
P1413L,?,N_AIM,35.3,0.1623514
P1413L,?,N_AIM,35.4,0.173842
P1413L,?,N_AIM,35.5,0.1855748
P1413L,?,N_AIM,35.6,0.1678451
P1413L,?,N_AIM,35.7,0.1710528
P1413L,?,N_AIM,35.8,0.1721336
P1413L,?,N_AIM,35.9,0.1805712
P1413L,?,N_AIM,36.0,0.1682706
P1413L,?,N_AIM,36.1,0.1757414
P1413L,?,N_AIM,36.2,0.1841004
P1413L,?,N_AIM,36.3,0.171645
P1413L,?,N_AIM,36.4,0.172334
P1413L,?,N_AIM,36.5,0.166331
P1413L,?,N_AIM,36.6,0.1907196
P1413L,?,N_AIM,36.7,0.1710935
P1413L,?,N_AIM,36.8,0.1848268
P1413L,?,N_AIM,36.9,0.1790811
P1413L,?,N_AIM,37.0,0.1649728
P1413L,?,N_AIM,37.1,0.1868579
P1413L,?,N_AIM,37.2,0.1782415
P1413L,?,N_AIM,37.3,0.1833494
P1413L,?,N_AIM,37.4,0.1750271
P1413L,?,N_AIM,37.5,0.1827185
P1413L,?,N_AIM,37.6,0.1960333
P1413L,?,N_AIM,37.7,0.1833739
P1413L,?,N_AIM,37.8,0.1608757
P1413L,?,N_AIM,37.9,0.1625998
P1413L,?,N_AIM,38.0,0.1793795
P1413L,?,N_AIM,38.1,0.1588365
P1413L,?,N_AIM,38.2,0.1633004
P1413L,?,N_AIM,38.3,0.1868583
P1413L,?,N_AIM,38.4,0.165475
P1413L,?,N_AIM,38.5,0.1760708
P1413L,?,N_AIM,38.6,0.1727946
P1413L,?,N_AIM,38.7,0.1682885
P1413L,?,N_AIM,38.8,0.1666763
P1413L,?,N_AIM,38.9,0.168113
P1413L,?,N_AIM,39.0,0.1641951
P1413L,?,N_AIM,39.1,0.1626039
P1413L,?,N_AIM,39.2,0.1800057
P1413L,?,N_AIM,39.3,0.1698294
P1413L,?,N_AIM,39.4,0.1700971
P1413L,?,N_AIM,39.5,0.1797915
P1413L,?,N_AIM,39.6,0.1721337
P1413L,?,N_AIM,39.7,0.1777104
P1413L,?,N_AIM,39.8,0.1695348
P1413L,?,N_AIM,39.9,0.1635879
P1413L,?,N_AIM,40.0,0.1752371
P1413L,?,N_AIM,40.1,0.1637712
P1413L,?,N_AIM,40.2,0.1823951
P1413L,?,N_AIM,40.3,0.1619538
P1413L,?,N_AIM,40.4,0.1772175
P1413L,?,N_AIM,40.5,0.172273
P1413L,?,N_AIM,40.6,0.165351
P1413L,?,N_AIM,40.7,0.1692366
P1413L,?,N_AIM,40.8,0.1895101
P1413L,?,N_AIM,40.9,0.1776824
P1413L,?,N_AIM,41.0,0.1787763
P1413L,?,N_AIM,41.1,0.172424
P1413L,?,N_AIM,41.2,0.1642132
P1413L,?,N_AIM,41.3,0.1754022
P1413L,?,N_AIM,41.4,0.1625978
P1413L,?,N_AIM,41.5,0.1755591
P1413L,?,N_AIM,41.6,0.1696731
P1413L,?,N_AIM,41.7,0.1757298
P1413L,?,N_AIM,41.8,0.1939229
P1413L,?,N_AIM,41.9,0.1699321
P1413L,?,N_AIM,42.0,0.1740258
P1413L,?,N_AIM,42.1,0.1792793
P1413L,?,N_AIM,42.2,0.1642255
P1413L,?,N_AIM,42.3,0.1665954
P1413L,?,N_AIM,42.4,0.1744794
P1413L,?,N_AIM,42.5,0.1696055
P1413L,?,N_AIM,42.6,0.1772907
P1413L,?,N_AIM,42.7,0.1640914
P1413L,?,N_AIM,42.8,0.175596
P1413L,?,N_AIM,42.9,0.1668831
P1413L,?,N_AIM,43.0,0.1766578
P1413L,?,N_AIM,43.1,0.1955226
P1413L,?,N_AIM,43.2,0.1859947
P1413L,?,N_AIM,43.3,0.1956348
P1413L,?,N_AIM,43.4,0.1706988
P1413L,?,N_AIM,43.5,0.1718778
P1413L,?,N_AIM,43.6,0.1787874
P1413L,?,N_AIM,43.7,0.1688224
P1413L,?,N_AIM,43.8,0.1807846
P1413L,?,N_AIM,43.9,0.1704258
P1413L,?,N_AIM,44.0,0.1906856
P1413L,?,N_AIM,44.1,0.1677766
P1413L,?,N_AIM,44.2,0.1734847
P1413L,?,N_AIM,44.3,0.1667002
P1413L,?,N_AIM,44.4,0.1929406
P1413L,?,N_AIM,44.5,0.1643958
P1413L,?,N_AIM,44.6,0.1730607
P1413L,?,N_AIM,44.7,0.1815076
P1413L,?,N_AIM,44.8,0.1894993
P1413L,?,N_AIM,44.9,0.172893
P1413L,?,N_AIM,45.0,0.1865745
P1413L,?,N_AIM,45.1,0.2060342
P1413L,?,N_AIM,45.2,0.1933751
P1413L,?,N_AIM,45.3,0.2026253
P1413L,?,N_AIM,45.4,0.1652455
P1413L,?,N_AIM,45.5,0.2036885
P1413L,?,N_AIM,45.6,0.1862953
P1413L,?,N_AIM,45.7,0.1736232
P1413L,?,N_AIM,45.8,0.1729047
P1413L,?,N_AIM,45.9,0.2035238
P1413L,?,N_AIM,46.0,0.189531
P1413L,?,N_AIM,46.1,0.1764312
P1413L,?,N_AIM,46.2,0.1721772
P1413L,?,N_AIM,46.3,0.1852001
P1413L,?,N_AIM,46.4,0.1678364
P1413L,?,N_AIM,46.5,0.1772509
P1413L,?,N_AIM,46.6,0.1680893
P1413L,?,N_AIM,46.7,0.1870698
P1413L,?,N_AIM,46.8,0.1595619
P1413L,?,N_AIM,46.9,0.1819696
P1413L,?,N_AIM,47.0,0.1931554
P1413L,?,N_AIM,47.1,0.1629386
P1413L,?,N_AIM,47.2,0.2017946
P1413L,?,N_AIM,47.3,0.1769325
P1413L,?,N_AIM,47.4,0.1781515
P1413L,?,N_AIM,47.5,0.1969036
P1413L,?,N_AIM,47.6,0.185054
P1413L,?,N_AIM,47.7,0.1925437
P1413L,?,N_AIM,47.8,0.1876673
P1413L,?,N_AIM,47.9,0.2268324
P1413L,?,N_AIM,48.0,0.1978534
P1413L,?,N_AIM,48.1,0.1774628
P1413L,?,N_AIM,48.2,0.1883559
P1413L,?,N_AIM,48.3,0.1839401
P1413L,?,N_AIM,48.4,0.1613536
P1413L,?,N_AIM,48.5,0.2176694
P1413L,?,N_AIM,48.6,0.1800056
P1413L,?,N_AIM,48.7,0.1993338
P1413L,?,N_AIM,48.8,0.1780252
P1413L,?,N_AIM,48.9,0.1644963
P1413L,?,N_AIM,49.0,0.1676338
P1413L,?,N_AIM,49.1,0.1803139
P1413L,?,N_AIM,49.2,0.2132696
P1413L,?,N_AIM,49.3,0.2045947
P1413L,?,N_AIM,49.4,0.217175
P1413L,?,N_AIM,49.5,0.2326091
P1413L,?,N_AIM,49.6,0.2131806
P1413L,?,N_AIM,49.7,0.2190914
P1413L,?,N_AIM,49.8,0.2267357
P1413L,?,N_AIM,49.9,0.1779835
P1413L,?,N_AIM,50.0,0.2142429
PANEL_WT_MATCHED,?,AIM_all,0.0,0.1743416
PANEL_WT_MATCHED,?,AIM_all,0.1,0.1556955
PANEL_WT_MATCHED,?,AIM_all,0.2,0.1730345
PANEL_WT_MATCHED,?,AIM_all,0.3,0.1600688
PANEL_WT_MATCHED,?,AIM_all,0.4,0.1734674
PANEL_WT_MATCHED,?,AIM_all,0.5,0.1743388
PANEL_WT_MATCHED,?,AIM_all,0.6,0.1727373
PANEL_WT_MATCHED,?,AIM_all,0.7,0.1717207
PANEL_WT_MATCHED,?,AIM_all,0.8,0.1775385
PANEL_WT_MATCHED,?,AIM_all,0.9,0.1834418
PANEL_WT_MATCHED,?,AIM_all,1.0,0.1714087
PANEL_WT_MATCHED,?,AIM_all,1.1,0.1632451
PANEL_WT_MATCHED,?,AIM_all,1.2,0.1674607
PANEL_WT_MATCHED,?,AIM_all,1.3,0.1647453
PANEL_WT_MATCHED,?,AIM_all,1.4,0.1616354
PANEL_WT_MATCHED,?,AIM_all,1.5,0.1730749
PANEL_WT_MATCHED,?,AIM_all,1.6,0.164003
PANEL_WT_MATCHED,?,AIM_all,1.7,0.1628772
PANEL_WT_MATCHED,?,AIM_all,1.8,0.1708389
PANEL_WT_MATCHED,?,AIM_all,1.9,0.1628833
PANEL_WT_MATCHED,?,AIM_all,2.0,0.1632574
PANEL_WT_MATCHED,?,AIM_all,2.1,0.1828577
PANEL_WT_MATCHED,?,AIM_all,2.2,0.1754678
PANEL_WT_MATCHED,?,AIM_all,2.3,0.1835238
PANEL_WT_MATCHED,?,AIM_all,2.4,0.1661747
PANEL_WT_MATCHED,?,AIM_all,2.5,0.1648667
PANEL_WT_MATCHED,?,AIM_all,2.6,0.1717441
PANEL_WT_MATCHED,?,AIM_all,2.7,0.165991
PANEL_WT_MATCHED,?,AIM_all,2.8,0.1727687
PANEL_WT_MATCHED,?,AIM_all,2.9,0.161716
PANEL_WT_MATCHED,?,AIM_all,3.0,0.1553159
PANEL_WT_MATCHED,?,AIM_all,3.1,0.1684548
PANEL_WT_MATCHED,?,AIM_all,3.2,0.174608
PANEL_WT_MATCHED,?,AIM_all,3.3,0.1742558
PANEL_WT_MATCHED,?,AIM_all,3.4,0.1704259
PANEL_WT_MATCHED,?,AIM_all,3.5,0.1630277
PANEL_WT_MATCHED,?,AIM_all,3.6,0.1757214
PANEL_WT_MATCHED,?,AIM_all,3.7,0.1746684
PANEL_WT_MATCHED,?,AIM_all,3.8,0.1627819
PANEL_WT_MATCHED,?,AIM_all,3.9,0.1702083
PANEL_WT_MATCHED,?,AIM_all,4.0,0.1718922
PANEL_WT_MATCHED,?,AIM_all,4.1,0.1676245
PANEL_WT_MATCHED,?,AIM_all,4.2,0.1695347
PANEL_WT_MATCHED,?,AIM_all,4.3,0.1768782
PANEL_WT_MATCHED,?,AIM_all,4.4,0.1724352
PANEL_WT_MATCHED,?,AIM_all,4.5,0.1613196
PANEL_WT_MATCHED,?,AIM_all,4.6,0.1764485
PANEL_WT_MATCHED,?,AIM_all,4.7,0.1734158
PANEL_WT_MATCHED,?,AIM_all,4.8,0.1744709
PANEL_WT_MATCHED,?,AIM_all,4.9,0.1617932
PANEL_WT_MATCHED,?,AIM_all,5.0,0.1799725
PANEL_WT_MATCHED,?,AIM_all,5.1,0.1748999
PANEL_WT_MATCHED,?,AIM_all,5.2,0.1845725
PANEL_WT_MATCHED,?,AIM_all,5.3,0.1691093
PANEL_WT_MATCHED,?,AIM_all,5.4,0.1671585
PANEL_WT_MATCHED,?,AIM_all,5.5,0.1694935
PANEL_WT_MATCHED,?,AIM_all,5.6,0.1743361
PANEL_WT_MATCHED,?,AIM_all,5.7,0.1696055
PANEL_WT_MATCHED,?,AIM_all,5.8,0.1565185
PANEL_WT_MATCHED,?,AIM_all,5.9,0.1784237
PANEL_WT_MATCHED,?,AIM_all,6.0,0.1650549
PANEL_WT_MATCHED,?,AIM_all,6.1,0.1735568
PANEL_WT_MATCHED,?,AIM_all,6.2,0.1708038
PANEL_WT_MATCHED,?,AIM_all,6.3,0.1700061
PANEL_WT_MATCHED,?,AIM_all,6.4,0.1671436
PANEL_WT_MATCHED,?,AIM_all,6.5,0.1730462
PANEL_WT_MATCHED,?,AIM_all,6.6,0.1726616
PANEL_WT_MATCHED,?,AIM_all,6.7,0.1652575
PANEL_WT_MATCHED,?,AIM_all,6.8,0.1676901
PANEL_WT_MATCHED,?,AIM_all,6.9,0.1669759
PANEL_WT_MATCHED,?,AIM_all,7.0,0.1661355
PANEL_WT_MATCHED,?,AIM_all,7.1,0.1883081
PANEL_WT_MATCHED,?,AIM_all,7.2,0.1664483
PANEL_WT_MATCHED,?,AIM_all,7.3,0.1707247
PANEL_WT_MATCHED,?,AIM_all,7.400001,0.1565566
PANEL_WT_MATCHED,?,AIM_all,7.5,0.1782192
PANEL_WT_MATCHED,?,AIM_all,7.6,0.1682291
PANEL_WT_MATCHED,?,AIM_all,7.7,0.1874515
PANEL_WT_MATCHED,?,AIM_all,7.8,0.1612359
PANEL_WT_MATCHED,?,AIM_all,7.900001,0.1821509
PANEL_WT_MATCHED,?,AIM_all,8.0,0.1750285
PANEL_WT_MATCHED,?,AIM_all,8.1,0.1835373
PANEL_WT_MATCHED,?,AIM_all,8.200001,0.189362
PANEL_WT_MATCHED,?,AIM_all,8.3,0.1880981
PANEL_WT_MATCHED,?,AIM_all,8.400001,0.1780591
PANEL_WT_MATCHED,?,AIM_all,8.5,0.1697556
PANEL_WT_MATCHED,?,AIM_all,8.6,0.1705786
PANEL_WT_MATCHED,?,AIM_all,8.700001,0.1966342
PANEL_WT_MATCHED,?,AIM_all,8.8,0.1900236
PANEL_WT_MATCHED,?,AIM_all,8.900001,0.1678123
PANEL_WT_MATCHED,?,AIM_all,9.0,0.1729883
PANEL_WT_MATCHED,?,AIM_all,9.1,0.1725719
PANEL_WT_MATCHED,?,AIM_all,9.200001,0.1746939
PANEL_WT_MATCHED,?,AIM_all,9.3,0.1761844
PANEL_WT_MATCHED,?,AIM_all,9.400001,0.1810278
PANEL_WT_MATCHED,?,AIM_all,9.5,0.1685497
PANEL_WT_MATCHED,?,AIM_all,9.6,0.190331
PANEL_WT_MATCHED,?,AIM_all,9.700001,0.1840786
PANEL_WT_MATCHED,?,AIM_all,9.8,0.1917031
PANEL_WT_MATCHED,?,AIM_all,9.900001,0.1942495
PANEL_WT_MATCHED,?,AIM_all,10.0,0.2014671
PANEL_WT_MATCHED,?,AIM_all,10.1,0.172537
PANEL_WT_MATCHED,?,AIM_all,10.2,0.1854024
PANEL_WT_MATCHED,?,AIM_all,10.3,0.1640304
PANEL_WT_MATCHED,?,AIM_all,10.4,0.1977399
PANEL_WT_MATCHED,?,AIM_all,10.5,0.202042
PANEL_WT_MATCHED,?,AIM_all,10.6,0.1832185
PANEL_WT_MATCHED,?,AIM_all,10.7,0.1763801
PANEL_WT_MATCHED,?,AIM_all,10.8,0.1877257
PANEL_WT_MATCHED,?,AIM_all,10.9,0.1803219
PANEL_WT_MATCHED,?,AIM_all,11.0,0.2079327
PANEL_WT_MATCHED,?,AIM_all,11.1,0.1852729
PANEL_WT_MATCHED,?,AIM_all,11.2,0.1702879
PANEL_WT_MATCHED,?,AIM_all,11.3,0.1712336
PANEL_WT_MATCHED,?,AIM_all,11.4,0.1944968
PANEL_WT_MATCHED,?,AIM_all,11.5,0.1909057
PANEL_WT_MATCHED,?,AIM_all,11.6,0.176108
PANEL_WT_MATCHED,?,AIM_all,11.7,0.182694
PANEL_WT_MATCHED,?,AIM_all,11.8,0.2067027
PANEL_WT_MATCHED,?,AIM_all,11.9,0.1712922
PANEL_WT_MATCHED,?,AIM_all,12.0,0.2036885
PANEL_WT_MATCHED,?,AIM_all,12.1,0.18217
PANEL_WT_MATCHED,?,AIM_all,12.2,0.2047535
PANEL_WT_MATCHED,?,AIM_all,12.3,0.1883003
PANEL_WT_MATCHED,?,AIM_all,12.4,0.160633
PANEL_WT_MATCHED,?,AIM_all,12.5,0.1675857
PANEL_WT_MATCHED,?,AIM_all,12.6,0.1790476
PANEL_WT_MATCHED,?,AIM_all,12.7,0.1827594
PANEL_WT_MATCHED,?,AIM_all,12.8,0.1750745
PANEL_WT_MATCHED,?,AIM_all,12.9,0.195287
PANEL_WT_MATCHED,?,AIM_all,13.0,0.191802
PANEL_WT_MATCHED,?,AIM_all,13.1,0.1745966
PANEL_WT_MATCHED,?,AIM_all,13.2,0.1852295
PANEL_WT_MATCHED,?,AIM_all,13.3,0.1956194
PANEL_WT_MATCHED,?,AIM_all,13.4,0.1656112
PANEL_WT_MATCHED,?,AIM_all,13.5,0.1888704
PANEL_WT_MATCHED,?,AIM_all,13.6,0.181243
PANEL_WT_MATCHED,?,AIM_all,13.7,0.1531469
PANEL_WT_MATCHED,?,AIM_all,13.8,0.2078341
PANEL_WT_MATCHED,?,AIM_all,13.9,0.1984764
PANEL_WT_MATCHED,?,AIM_all,14.0,0.1827048
PANEL_WT_MATCHED,?,AIM_all,14.1,0.1832867
PANEL_WT_MATCHED,?,AIM_all,14.2,0.1779466
PANEL_WT_MATCHED,?,AIM_all,14.3,0.1984464
PANEL_WT_MATCHED,?,AIM_all,14.4,0.2094969
PANEL_WT_MATCHED,?,AIM_all,14.5,0.1850134
PANEL_WT_MATCHED,?,AIM_all,14.6,0.2045605
PANEL_WT_MATCHED,?,AIM_all,14.7,0.1909791
PANEL_WT_MATCHED,?,AIM_all,14.8,0.2039142
PANEL_WT_MATCHED,?,AIM_all,14.9,0.1946613
PANEL_WT_MATCHED,?,AIM_all,15.0,0.1900184
PANEL_WT_MATCHED,?,AIM_all,15.1,0.1606519
PANEL_WT_MATCHED,?,AIM_all,15.2,0.1894468
PANEL_WT_MATCHED,?,AIM_all,15.3,0.1970408
PANEL_WT_MATCHED,?,AIM_all,15.4,0.1909896
PANEL_WT_MATCHED,?,AIM_all,15.5,0.1795161
PANEL_WT_MATCHED,?,AIM_all,15.6,0.182642
PANEL_WT_MATCHED,?,AIM_all,15.7,0.1797805
PANEL_WT_MATCHED,?,AIM_all,15.8,0.1815517
PANEL_WT_MATCHED,?,AIM_all,15.9,0.1857797
PANEL_WT_MATCHED,?,AIM_all,16.0,0.201767
PANEL_WT_MATCHED,?,AIM_all,16.1,0.1971751
PANEL_WT_MATCHED,?,AIM_all,16.2,0.1927798
PANEL_WT_MATCHED,?,AIM_all,16.3,0.1966671
PANEL_WT_MATCHED,?,AIM_all,16.4,0.1825486
PANEL_WT_MATCHED,?,AIM_all,16.5,0.193662
PANEL_WT_MATCHED,?,AIM_all,16.6,0.1928574
PANEL_WT_MATCHED,?,AIM_all,16.7,0.2139741
PANEL_WT_MATCHED,?,AIM_all,16.8,0.1842554
PANEL_WT_MATCHED,?,AIM_all,16.9,0.1943968
PANEL_WT_MATCHED,?,AIM_all,17.0,0.1864242
PANEL_WT_MATCHED,?,AIM_all,17.1,0.1989221
PANEL_WT_MATCHED,?,AIM_all,17.2,0.1916478
PANEL_WT_MATCHED,?,AIM_all,17.3,0.2251599
PANEL_WT_MATCHED,?,AIM_all,17.4,0.1981944
PANEL_WT_MATCHED,?,AIM_all,17.5,0.1857552
PANEL_WT_MATCHED,?,AIM_all,17.6,0.2077907
PANEL_WT_MATCHED,?,AIM_all,17.7,0.1840924
PANEL_WT_MATCHED,?,AIM_all,17.8,0.1994316
PANEL_WT_MATCHED,?,AIM_all,17.9,0.2025487
PANEL_WT_MATCHED,?,AIM_all,18.0,0.203718
PANEL_WT_MATCHED,?,AIM_all,18.1,0.183663
PANEL_WT_MATCHED,?,AIM_all,18.2,0.2120705
PANEL_WT_MATCHED,?,AIM_all,18.3,0.1892778
PANEL_WT_MATCHED,?,AIM_all,18.4,0.2293883
PANEL_WT_MATCHED,?,AIM_all,18.5,0.1950462
PANEL_WT_MATCHED,?,AIM_all,18.6,0.1952358
PANEL_WT_MATCHED,?,AIM_all,18.7,0.2219256
PANEL_WT_MATCHED,?,AIM_all,18.8,0.1924941
PANEL_WT_MATCHED,?,AIM_all,18.9,0.1887036
PANEL_WT_MATCHED,?,AIM_all,19.0,0.2150929
PANEL_WT_MATCHED,?,AIM_all,19.1,0.2095474
PANEL_WT_MATCHED,?,AIM_all,19.2,0.1717063
PANEL_WT_MATCHED,?,AIM_all,19.3,0.1924528
PANEL_WT_MATCHED,?,AIM_all,19.4,0.1888624
PANEL_WT_MATCHED,?,AIM_all,19.5,0.1714702
PANEL_WT_MATCHED,?,AIM_all,19.6,0.1772257
PANEL_WT_MATCHED,?,AIM_all,19.7,0.1599406
PANEL_WT_MATCHED,?,AIM_all,19.8,0.2050221
PANEL_WT_MATCHED,?,AIM_all,19.9,0.1754935
PANEL_WT_MATCHED,?,AIM_all,20.0,0.1850704
PANEL_WT_MATCHED,?,AIM_all,20.1,0.1805105
PANEL_WT_MATCHED,?,AIM_all,20.2,0.1948076
PANEL_WT_MATCHED,?,AIM_all,20.3,0.1674754
PANEL_WT_MATCHED,?,AIM_all,20.4,0.1745079
PANEL_WT_MATCHED,?,AIM_all,20.5,0.1761079
PANEL_WT_MATCHED,?,AIM_all,20.6,0.2012583
PANEL_WT_MATCHED,?,AIM_all,20.7,0.1862393
PANEL_WT_MATCHED,?,AIM_all,20.8,0.1740748
PANEL_WT_MATCHED,?,AIM_all,20.9,0.1998452
PANEL_WT_MATCHED,?,AIM_all,21.0,0.1797418
PANEL_WT_MATCHED,?,AIM_all,21.1,0.1818488
PANEL_WT_MATCHED,?,AIM_all,21.2,0.213087
PANEL_WT_MATCHED,?,AIM_all,21.3,0.1730725
PANEL_WT_MATCHED,?,AIM_all,21.4,0.2068069
PANEL_WT_MATCHED,?,AIM_all,21.5,0.1838423
PANEL_WT_MATCHED,?,AIM_all,21.6,0.1927927
PANEL_WT_MATCHED,?,AIM_all,21.7,0.1898449
PANEL_WT_MATCHED,?,AIM_all,21.8,0.1983608
PANEL_WT_MATCHED,?,AIM_all,21.9,0.179836
PANEL_WT_MATCHED,?,AIM_all,22.0,0.1953176
PANEL_WT_MATCHED,?,AIM_all,22.1,0.2076848
PANEL_WT_MATCHED,?,AIM_all,22.2,0.1711316
PANEL_WT_MATCHED,?,AIM_all,22.3,0.1914576
PANEL_WT_MATCHED,?,AIM_all,22.4,0.1720754
PANEL_WT_MATCHED,?,AIM_all,22.5,0.1716188
PANEL_WT_MATCHED,?,AIM_all,22.6,0.180322
PANEL_WT_MATCHED,?,AIM_all,22.7,0.1746711
PANEL_WT_MATCHED,?,AIM_all,22.8,0.1909819
PANEL_WT_MATCHED,?,AIM_all,22.9,0.1764173
PANEL_WT_MATCHED,?,AIM_all,23.0,0.1761985
PANEL_WT_MATCHED,?,AIM_all,23.1,0.1726064
PANEL_WT_MATCHED,?,AIM_all,23.2,0.2034255
PANEL_WT_MATCHED,?,AIM_all,23.3,0.1657861
PANEL_WT_MATCHED,?,AIM_all,23.4,0.1961786
PANEL_WT_MATCHED,?,AIM_all,23.5,0.1781402
PANEL_WT_MATCHED,?,AIM_all,23.6,0.2199298
PANEL_WT_MATCHED,?,AIM_all,23.7,0.2095066
PANEL_WT_MATCHED,?,AIM_all,23.8,0.1972462
PANEL_WT_MATCHED,?,AIM_all,23.9,0.1988516
PANEL_WT_MATCHED,?,AIM_all,24.0,0.1878855
PANEL_WT_MATCHED,?,AIM_all,24.1,0.2018935
PANEL_WT_MATCHED,?,AIM_all,24.2,0.196797
PANEL_WT_MATCHED,?,AIM_all,24.3,0.2141892
PANEL_WT_MATCHED,?,AIM_all,24.4,0.1895179
PANEL_WT_MATCHED,?,AIM_all,24.5,0.1941184
PANEL_WT_MATCHED,?,AIM_all,24.6,0.1902552
PANEL_WT_MATCHED,?,AIM_all,24.7,0.1878138
PANEL_WT_MATCHED,?,AIM_all,24.8,0.1894889
PANEL_WT_MATCHED,?,AIM_all,24.9,0.1753881
PANEL_WT_MATCHED,?,AIM_all,25.0,0.1763093
PANEL_WT_MATCHED,?,AIM_all,25.1,0.180671
PANEL_WT_MATCHED,?,AIM_all,25.2,0.1741522
PANEL_WT_MATCHED,?,AIM_all,25.3,0.1703203
PANEL_WT_MATCHED,?,AIM_all,25.4,0.2030395
PANEL_WT_MATCHED,?,AIM_all,25.5,0.2015986
PANEL_WT_MATCHED,?,AIM_all,25.6,0.1931838
PANEL_WT_MATCHED,?,AIM_all,25.7,0.1557465
PANEL_WT_MATCHED,?,AIM_all,25.8,0.1773387
PANEL_WT_MATCHED,?,AIM_all,25.9,0.2134618
PANEL_WT_MATCHED,?,AIM_all,26.0,0.2080482
PANEL_WT_MATCHED,?,AIM_all,26.1,0.1678625
PANEL_WT_MATCHED,?,AIM_all,26.2,0.1875366
PANEL_WT_MATCHED,?,AIM_all,26.3,0.1910028
PANEL_WT_MATCHED,?,AIM_all,26.4,0.1884914
PANEL_WT_MATCHED,?,AIM_all,26.5,0.1846349
PANEL_WT_MATCHED,?,AIM_all,26.6,0.1752426
PANEL_WT_MATCHED,?,AIM_all,26.7,0.1744535
PANEL_WT_MATCHED,?,AIM_all,26.8,0.1914913
PANEL_WT_MATCHED,?,AIM_all,26.9,0.1904363
PANEL_WT_MATCHED,?,AIM_all,27.0,0.1866576
PANEL_WT_MATCHED,?,AIM_all,27.1,0.180674
PANEL_WT_MATCHED,?,AIM_all,27.2,0.1845509
PANEL_WT_MATCHED,?,AIM_all,27.3,0.1994944
PANEL_WT_MATCHED,?,AIM_all,27.4,0.1975119
PANEL_WT_MATCHED,?,AIM_all,27.5,0.1778088
PANEL_WT_MATCHED,?,AIM_all,27.6,0.1964614
PANEL_WT_MATCHED,?,AIM_all,27.7,0.1934788
PANEL_WT_MATCHED,?,AIM_all,27.8,0.1754937
PANEL_WT_MATCHED,?,AIM_all,27.9,0.1854133
PANEL_WT_MATCHED,?,AIM_all,28.0,0.1946278
PANEL_WT_MATCHED,?,AIM_all,28.1,0.2124618
PANEL_WT_MATCHED,?,AIM_all,28.2,0.1720493
PANEL_WT_MATCHED,?,AIM_all,28.3,0.1764626
PANEL_WT_MATCHED,?,AIM_all,28.4,0.181956
PANEL_WT_MATCHED,?,AIM_all,28.5,0.1982854
PANEL_WT_MATCHED,?,AIM_all,28.6,0.1674037
PANEL_WT_MATCHED,?,AIM_all,28.7,0.1950846
PANEL_WT_MATCHED,?,AIM_all,28.8,0.186569
PANEL_WT_MATCHED,?,AIM_all,28.9,0.1543825
PANEL_WT_MATCHED,?,AIM_all,29.0,0.1782415
PANEL_WT_MATCHED,?,AIM_all,29.1,0.1948588
PANEL_WT_MATCHED,?,AIM_all,29.2,0.1716217
PANEL_WT_MATCHED,?,AIM_all,29.3,0.2033395
PANEL_WT_MATCHED,?,AIM_all,29.4,0.1965502
PANEL_WT_MATCHED,?,AIM_all,29.5,0.1723367
PANEL_WT_MATCHED,?,AIM_all,29.6,0.1851973
PANEL_WT_MATCHED,?,AIM_all,29.7,0.1847024
PANEL_WT_MATCHED,?,AIM_all,29.8,0.1921354
PANEL_WT_MATCHED,?,AIM_all,29.9,0.1950923
PANEL_WT_MATCHED,?,AIM_all,30.0,0.1810468
PANEL_WT_MATCHED,?,AIM_all,30.1,0.1711988
PANEL_WT_MATCHED,?,AIM_all,30.2,0.1677916
PANEL_WT_MATCHED,?,AIM_all,30.3,0.189172
PANEL_WT_MATCHED,?,AIM_all,30.4,0.1776091
PANEL_WT_MATCHED,?,AIM_all,30.5,0.1908769
PANEL_WT_MATCHED,?,AIM_all,30.6,0.1779129
PANEL_WT_MATCHED,?,AIM_all,30.7,0.1984061
PANEL_WT_MATCHED,?,AIM_all,30.8,0.1842036
PANEL_WT_MATCHED,?,AIM_all,30.9,0.1866281
PANEL_WT_MATCHED,?,AIM_all,31.0,0.2219774
PANEL_WT_MATCHED,?,AIM_all,31.1,0.1702851
PANEL_WT_MATCHED,?,AIM_all,31.2,0.1961095
PANEL_WT_MATCHED,?,AIM_all,31.3,0.1816728
PANEL_WT_MATCHED,?,AIM_all,31.4,0.1879362
PANEL_WT_MATCHED,?,AIM_all,31.5,0.1977321
PANEL_WT_MATCHED,?,AIM_all,31.6,0.2180115
PANEL_WT_MATCHED,?,AIM_all,31.7,0.2110971
PANEL_WT_MATCHED,?,AIM_all,31.8,0.1731155
PANEL_WT_MATCHED,?,AIM_all,31.9,0.1767203
PANEL_WT_MATCHED,?,AIM_all,32.0,0.1760825
PANEL_WT_MATCHED,?,AIM_all,32.1,0.2023019
PANEL_WT_MATCHED,?,AIM_all,32.2,0.171146
PANEL_WT_MATCHED,?,AIM_all,32.3,0.1820825
PANEL_WT_MATCHED,?,AIM_all,32.4,0.1742583
PANEL_WT_MATCHED,?,AIM_all,32.5,0.1900973
PANEL_WT_MATCHED,?,AIM_all,32.6,0.1700617
PANEL_WT_MATCHED,?,AIM_all,32.7,0.1659517
PANEL_WT_MATCHED,?,AIM_all,32.8,0.196441
PANEL_WT_MATCHED,?,AIM_all,32.9,0.1716421
PANEL_WT_MATCHED,?,AIM_all,33.0,0.1907904
PANEL_WT_MATCHED,?,AIM_all,33.1,0.1911991
PANEL_WT_MATCHED,?,AIM_all,33.2,0.1608383
PANEL_WT_MATCHED,?,AIM_all,33.3,0.1972486
PANEL_WT_MATCHED,?,AIM_all,33.4,0.1876006
PANEL_WT_MATCHED,?,AIM_all,33.5,0.1862526
PANEL_WT_MATCHED,?,AIM_all,33.6,0.1690236
PANEL_WT_MATCHED,?,AIM_all,33.7,0.1838587
PANEL_WT_MATCHED,?,AIM_all,33.8,0.1855532
PANEL_WT_MATCHED,?,AIM_all,33.9,0.206102
PANEL_WT_MATCHED,?,AIM_all,34.0,0.189391
PANEL_WT_MATCHED,?,AIM_all,34.1,0.1935691
PANEL_WT_MATCHED,?,AIM_all,34.2,0.1836682
PANEL_WT_MATCHED,?,AIM_all,34.3,0.2153183
PANEL_WT_MATCHED,?,AIM_all,34.4,0.2009527
PANEL_WT_MATCHED,?,AIM_all,34.5,0.1798805
PANEL_WT_MATCHED,?,AIM_all,34.6,0.1853321
PANEL_WT_MATCHED,?,AIM_all,34.7,0.189792
PANEL_WT_MATCHED,?,AIM_all,34.8,0.1982247
PANEL_WT_MATCHED,?,AIM_all,34.9,0.1741062
PANEL_WT_MATCHED,?,AIM_all,35.0,0.1687217
PANEL_WT_MATCHED,?,AIM_all,35.1,0.1855397
PANEL_WT_MATCHED,?,AIM_all,35.2,0.1748314
PANEL_WT_MATCHED,?,AIM_all,35.3,0.206463
PANEL_WT_MATCHED,?,AIM_all,35.4,0.1910131
PANEL_WT_MATCHED,?,AIM_all,35.5,0.2090981
PANEL_WT_MATCHED,?,AIM_all,35.6,0.2040244
PANEL_WT_MATCHED,?,AIM_all,35.7,0.2131995
PANEL_WT_MATCHED,?,AIM_all,35.8,0.1763349
PANEL_WT_MATCHED,?,AIM_all,35.9,0.2003721
PANEL_WT_MATCHED,?,AIM_all,36.0,0.1977398
PANEL_WT_MATCHED,?,AIM_all,36.1,0.2040416
PANEL_WT_MATCHED,?,AIM_all,36.2,0.2094901
PANEL_WT_MATCHED,?,AIM_all,36.3,0.2234144
PANEL_WT_MATCHED,?,AIM_all,36.4,0.2114758
PANEL_WT_MATCHED,?,AIM_all,36.5,0.1965145
PANEL_WT_MATCHED,?,AIM_all,36.6,0.2089858
PANEL_WT_MATCHED,?,AIM_all,36.7,0.198144
PANEL_WT_MATCHED,?,AIM_all,36.8,0.2069807
PANEL_WT_MATCHED,?,AIM_all,36.9,0.1753681
PANEL_WT_MATCHED,?,AIM_all,37.0,0.1847457
PANEL_WT_MATCHED,?,AIM_all,37.1,0.1995245
PANEL_WT_MATCHED,?,AIM_all,37.2,0.1705666
PANEL_WT_MATCHED,?,AIM_all,37.3,0.1847538
PANEL_WT_MATCHED,?,AIM_all,37.4,0.2088587
PANEL_WT_MATCHED,?,AIM_all,37.5,0.2167995
PANEL_WT_MATCHED,?,AIM_all,37.6,0.186102
PANEL_WT_MATCHED,?,AIM_all,37.7,0.1760852
PANEL_WT_MATCHED,?,AIM_all,37.8,0.2035754
PANEL_WT_MATCHED,?,AIM_all,37.9,0.1801694
PANEL_WT_MATCHED,?,AIM_all,38.0,0.171837
PANEL_WT_MATCHED,?,AIM_all,38.1,0.2066908
PANEL_WT_MATCHED,?,AIM_all,38.2,0.1641616
PANEL_WT_MATCHED,?,AIM_all,38.3,0.1732685
PANEL_WT_MATCHED,?,AIM_all,38.4,0.1971117
PANEL_WT_MATCHED,?,AIM_all,38.5,0.2181215
PANEL_WT_MATCHED,?,AIM_all,38.6,0.1890846
PANEL_WT_MATCHED,?,AIM_all,38.7,0.1667333
PANEL_WT_MATCHED,?,AIM_all,38.8,0.2117192
PANEL_WT_MATCHED,?,AIM_all,38.9,0.2233339
PANEL_WT_MATCHED,?,AIM_all,39.0,0.2054995
PANEL_WT_MATCHED,?,AIM_all,39.1,0.1720553
PANEL_WT_MATCHED,?,AIM_all,39.2,0.1775105
PANEL_WT_MATCHED,?,AIM_all,39.3,0.1865289
PANEL_WT_MATCHED,?,AIM_all,39.4,0.182269
PANEL_WT_MATCHED,?,AIM_all,39.5,0.1897683
PANEL_WT_MATCHED,?,AIM_all,39.6,0.1656169
PANEL_WT_MATCHED,?,AIM_all,39.7,0.1996848
PANEL_WT_MATCHED,?,AIM_all,39.8,0.2052999
PANEL_WT_MATCHED,?,AIM_all,39.9,0.2012436
PANEL_WT_MATCHED,?,AIM_all,40.0,0.2074535
PANEL_WT_MATCHED,?,AIM_all,40.1,0.1962474
PANEL_WT_MATCHED,?,AIM_all,40.2,0.2166979
PANEL_WT_MATCHED,?,AIM_all,40.3,0.199098
PANEL_WT_MATCHED,?,AIM_all,40.4,0.2035926
PANEL_WT_MATCHED,?,AIM_all,40.5,0.1665353
PANEL_WT_MATCHED,?,AIM_all,40.6,0.1888545
PANEL_WT_MATCHED,?,AIM_all,40.7,0.2056331
PANEL_WT_MATCHED,?,AIM_all,40.8,0.1868822
PANEL_WT_MATCHED,?,AIM_all,40.9,0.2102047
PANEL_WT_MATCHED,?,AIM_all,41.0,0.1959822
PANEL_WT_MATCHED,?,AIM_all,41.1,0.1830463
PANEL_WT_MATCHED,?,AIM_all,41.2,0.1759574
PANEL_WT_MATCHED,?,AIM_all,41.3,0.1690238
PANEL_WT_MATCHED,?,AIM_all,41.4,0.1942292
PANEL_WT_MATCHED,?,AIM_all,41.5,0.194219
PANEL_WT_MATCHED,?,AIM_all,41.6,0.1862149
PANEL_WT_MATCHED,?,AIM_all,41.7,0.1950231
PANEL_WT_MATCHED,?,AIM_all,41.8,0.1859732
PANEL_WT_MATCHED,?,AIM_all,41.9,0.2003421
PANEL_WT_MATCHED,?,AIM_all,42.0,0.2048635
PANEL_WT_MATCHED,?,AIM_all,42.1,0.2076944
PANEL_WT_MATCHED,?,AIM_all,42.2,0.1759147
PANEL_WT_MATCHED,?,AIM_all,42.3,0.2164208
PANEL_WT_MATCHED,?,AIM_all,42.4,0.1960154
PANEL_WT_MATCHED,?,AIM_all,42.5,0.1786728
PANEL_WT_MATCHED,?,AIM_all,42.6,0.1748914
PANEL_WT_MATCHED,?,AIM_all,42.7,0.196774
PANEL_WT_MATCHED,?,AIM_all,42.8,0.2294165
PANEL_WT_MATCHED,?,AIM_all,42.9,0.2053729
PANEL_WT_MATCHED,?,AIM_all,43.0,0.1905492
PANEL_WT_MATCHED,?,AIM_all,43.1,0.2274511
PANEL_WT_MATCHED,?,AIM_all,43.2,0.1965301
PANEL_WT_MATCHED,?,AIM_all,43.3,0.2143339
PANEL_WT_MATCHED,?,AIM_all,43.4,0.1966138
PANEL_WT_MATCHED,?,AIM_all,43.5,0.1894625
PANEL_WT_MATCHED,?,AIM_all,43.6,0.195576
PANEL_WT_MATCHED,?,AIM_all,43.7,0.2119127
PANEL_WT_MATCHED,?,AIM_all,43.8,0.2078655
PANEL_WT_MATCHED,?,AIM_all,43.9,0.2019134
PANEL_WT_MATCHED,?,AIM_all,44.0,0.2106276
PANEL_WT_MATCHED,?,AIM_all,44.1,0.2057207
PANEL_WT_MATCHED,?,AIM_all,44.2,0.1899974
PANEL_WT_MATCHED,?,AIM_all,44.3,0.2251244
PANEL_WT_MATCHED,?,AIM_all,44.4,0.208108
PANEL_WT_MATCHED,?,AIM_all,44.5,0.214595
PANEL_WT_MATCHED,?,AIM_all,44.6,0.2071569
PANEL_WT_MATCHED,?,AIM_all,44.7,0.1942317
PANEL_WT_MATCHED,?,AIM_all,44.8,0.1962525
PANEL_WT_MATCHED,?,AIM_all,44.9,0.2090047
PANEL_WT_MATCHED,?,AIM_all,45.0,0.1996348
PANEL_WT_MATCHED,?,AIM_all,45.1,0.1838207
PANEL_WT_MATCHED,?,AIM_all,45.2,0.175522
PANEL_WT_MATCHED,?,AIM_all,45.3,0.1591006
PANEL_WT_MATCHED,?,AIM_all,45.4,0.1713884
PANEL_WT_MATCHED,?,AIM_all,45.5,0.2037696
PANEL_WT_MATCHED,?,AIM_all,45.6,0.1753938
PANEL_WT_MATCHED,?,AIM_all,45.7,0.1734733
PANEL_WT_MATCHED,?,AIM_all,45.8,0.1802692
PANEL_WT_MATCHED,?,AIM_all,45.9,0.210012
PANEL_WT_MATCHED,?,AIM_all,46.0,0.1760398
PANEL_WT_MATCHED,?,AIM_all,46.1,0.165979
PANEL_WT_MATCHED,?,AIM_all,46.2,0.1948154
PANEL_WT_MATCHED,?,AIM_all,46.3,0.1872592
PANEL_WT_MATCHED,?,AIM_all,46.4,0.164335
PANEL_WT_MATCHED,?,AIM_all,46.5,0.1985219
PANEL_WT_MATCHED,?,AIM_all,46.6,0.2266031
PANEL_WT_MATCHED,?,AIM_all,46.7,0.1846022
PANEL_WT_MATCHED,?,AIM_all,46.8,0.2124971
PANEL_WT_MATCHED,?,AIM_all,46.9,0.2083338
PANEL_WT_MATCHED,?,AIM_all,47.0,0.2116057
PANEL_WT_MATCHED,?,AIM_all,47.1,0.2166101
PANEL_WT_MATCHED,?,AIM_all,47.2,0.2002524
PANEL_WT_MATCHED,?,AIM_all,47.3,0.2197111
PANEL_WT_MATCHED,?,AIM_all,47.4,0.2179267
PANEL_WT_MATCHED,?,AIM_all,47.5,0.2049464
PANEL_WT_MATCHED,?,AIM_all,47.6,0.2002524
PANEL_WT_MATCHED,?,AIM_all,47.7,0.2057013
PANEL_WT_MATCHED,?,AIM_all,47.8,0.1904206
PANEL_WT_MATCHED,?,AIM_all,47.9,0.2076583
PANEL_WT_MATCHED,?,AIM_all,48.0,0.2027116
PANEL_WT_MATCHED,?,AIM_all,48.1,0.1997248
PANEL_WT_MATCHED,?,AIM_all,48.2,0.2046069
PANEL_WT_MATCHED,?,AIM_all,48.3,0.2122853
PANEL_WT_MATCHED,?,AIM_all,48.4,0.2106964
PANEL_WT_MATCHED,?,AIM_all,48.5,0.2185886
PANEL_WT_MATCHED,?,AIM_all,48.6,0.2004248
PANEL_WT_MATCHED,?,AIM_all,48.7,0.1857956
PANEL_WT_MATCHED,?,AIM_all,48.8,0.2061334
PANEL_WT_MATCHED,?,AIM_all,48.9,0.1567261
PANEL_WT_MATCHED,?,AIM_all,49.0,0.2088373
PANEL_WT_MATCHED,?,AIM_all,49.1,0.156189
PANEL_WT_MATCHED,?,AIM_all,49.2,0.2010024
PANEL_WT_MATCHED,?,AIM_all,49.3,0.1897367
PANEL_WT_MATCHED,?,AIM_all,49.4,0.2020248
PANEL_WT_MATCHED,?,AIM_all,49.5,0.2031871
PANEL_WT_MATCHED,?,AIM_all,49.6,0.2017821
PANEL_WT_MATCHED,?,AIM_all,49.7,0.1844725
PANEL_WT_MATCHED,?,AIM_all,49.8,0.1993213
PANEL_WT_MATCHED,?,AIM_all,49.9,0.2155667
PANEL_WT_MATCHED,?,AIM_all,50.0,0.2078484
PANEL_WT_MATCHED,?,C_AIM,0.0,0.2092583
PANEL_WT_MATCHED,?,C_AIM,0.1,0.2099259
PANEL_WT_MATCHED,?,C_AIM,0.2,0.1983152
PANEL_WT_MATCHED,?,C_AIM,0.3,0.1922343
PANEL_WT_MATCHED,?,C_AIM,0.4,0.2179841
PANEL_WT_MATCHED,?,C_AIM,0.5,0.184743
PANEL_WT_MATCHED,?,C_AIM,0.6,0.2161044
PANEL_WT_MATCHED,?,C_AIM,0.7,0.2306101
PANEL_WT_MATCHED,?,C_AIM,0.8,0.2332383
PANEL_WT_MATCHED,?,C_AIM,0.9,0.2089929
PANEL_WT_MATCHED,?,C_AIM,1.0,0.1885367
PANEL_WT_MATCHED,?,C_AIM,1.1,0.2094611
PANEL_WT_MATCHED,?,C_AIM,1.2,0.2442662
PANEL_WT_MATCHED,?,C_AIM,1.3,0.2130049
PANEL_WT_MATCHED,?,C_AIM,1.4,0.1825868
PANEL_WT_MATCHED,?,C_AIM,1.5,0.2047121
PANEL_WT_MATCHED,?,C_AIM,1.6,0.1866816
PANEL_WT_MATCHED,?,C_AIM,1.7,0.208641
PANEL_WT_MATCHED,?,C_AIM,1.8,0.1934477
PANEL_WT_MATCHED,?,C_AIM,1.9,0.1869785
PANEL_WT_MATCHED,?,C_AIM,2.0,0.2240313
PANEL_WT_MATCHED,?,C_AIM,2.1,0.202766
PANEL_WT_MATCHED,?,C_AIM,2.2,0.2054774
PANEL_WT_MATCHED,?,C_AIM,2.3,0.2168689
PANEL_WT_MATCHED,?,C_AIM,2.4,0.2042033
PANEL_WT_MATCHED,?,C_AIM,2.5,0.2196044
PANEL_WT_MATCHED,?,C_AIM,2.6,0.2300869
PANEL_WT_MATCHED,?,C_AIM,2.7,0.2046975
PANEL_WT_MATCHED,?,C_AIM,2.8,0.2016157
PANEL_WT_MATCHED,?,C_AIM,2.9,0.2331652
PANEL_WT_MATCHED,?,C_AIM,3.0,0.2048168
PANEL_WT_MATCHED,?,C_AIM,3.1,0.2125301
PANEL_WT_MATCHED,?,C_AIM,3.2,0.2164024
PANEL_WT_MATCHED,?,C_AIM,3.3,0.2027607
PANEL_WT_MATCHED,?,C_AIM,3.4,0.2181055
PANEL_WT_MATCHED,?,C_AIM,3.5,0.2012436
PANEL_WT_MATCHED,?,C_AIM,3.6,0.2138645
PANEL_WT_MATCHED,?,C_AIM,3.7,0.2198207
PANEL_WT_MATCHED,?,C_AIM,3.8,0.2083222
PANEL_WT_MATCHED,?,C_AIM,3.9,0.2067584
PANEL_WT_MATCHED,?,C_AIM,4.0,0.2064677
PANEL_WT_MATCHED,?,C_AIM,4.1,0.2179473
PANEL_WT_MATCHED,?,C_AIM,4.2,0.2052146
PANEL_WT_MATCHED,?,C_AIM,4.3,0.2037476
PANEL_WT_MATCHED,?,C_AIM,4.4,0.1827455
PANEL_WT_MATCHED,?,C_AIM,4.5,0.2152902
PANEL_WT_MATCHED,?,C_AIM,4.6,0.2010794
PANEL_WT_MATCHED,?,C_AIM,4.7,0.204365
PANEL_WT_MATCHED,?,C_AIM,4.8,0.2039436
PANEL_WT_MATCHED,?,C_AIM,4.9,0.2214202
PANEL_WT_MATCHED,?,C_AIM,5.0,0.2019185
PANEL_WT_MATCHED,?,C_AIM,5.1,0.1994719
PANEL_WT_MATCHED,?,C_AIM,5.2,0.1952719
PANEL_WT_MATCHED,?,C_AIM,5.3,0.1921274
PANEL_WT_MATCHED,?,C_AIM,5.4,0.2108103
PANEL_WT_MATCHED,?,C_AIM,5.5,0.2276511
PANEL_WT_MATCHED,?,C_AIM,5.6,0.2039263
PANEL_WT_MATCHED,?,C_AIM,5.7,0.2220315
PANEL_WT_MATCHED,?,C_AIM,5.8,0.2034059
PANEL_WT_MATCHED,?,C_AIM,5.9,0.2273566
PANEL_WT_MATCHED,?,C_AIM,6.0,0.201445
PANEL_WT_MATCHED,?,C_AIM,6.1,0.2076654
PANEL_WT_MATCHED,?,C_AIM,6.2,0.2123348
PANEL_WT_MATCHED,?,C_AIM,6.3,0.2116342
PANEL_WT_MATCHED,?,C_AIM,6.4,0.2101764
PANEL_WT_MATCHED,?,C_AIM,6.5,0.1992887
PANEL_WT_MATCHED,?,C_AIM,6.6,0.2096808
PANEL_WT_MATCHED,?,C_AIM,6.7,0.2103093
PANEL_WT_MATCHED,?,C_AIM,6.8,0.1984993
PANEL_WT_MATCHED,?,C_AIM,6.9,0.2014376
PANEL_WT_MATCHED,?,C_AIM,7.0,0.1972866
PANEL_WT_MATCHED,?,C_AIM,7.1,0.1953306
PANEL_WT_MATCHED,?,C_AIM,7.2,0.2190457
PANEL_WT_MATCHED,?,C_AIM,7.3,0.2010597
PANEL_WT_MATCHED,?,C_AIM,7.400001,0.2114094
PANEL_WT_MATCHED,?,C_AIM,7.5,0.2085136
PANEL_WT_MATCHED,?,C_AIM,7.6,0.2001277
PANEL_WT_MATCHED,?,C_AIM,7.7,0.2136002
PANEL_WT_MATCHED,?,C_AIM,7.8,0.214047
PANEL_WT_MATCHED,?,C_AIM,7.900001,0.1905229
PANEL_WT_MATCHED,?,C_AIM,8.0,0.1984967
PANEL_WT_MATCHED,?,C_AIM,8.1,0.1835373
PANEL_WT_MATCHED,?,C_AIM,8.200001,0.2240757
PANEL_WT_MATCHED,?,C_AIM,8.3,0.1880981
PANEL_WT_MATCHED,?,C_AIM,8.400001,0.187454
PANEL_WT_MATCHED,?,C_AIM,8.5,0.2316787
PANEL_WT_MATCHED,?,C_AIM,8.6,0.2217859
PANEL_WT_MATCHED,?,C_AIM,8.700001,0.2093539
PANEL_WT_MATCHED,?,C_AIM,8.8,0.1900236
PANEL_WT_MATCHED,?,C_AIM,8.900001,0.201616
PANEL_WT_MATCHED,?,C_AIM,9.0,0.2017052
PANEL_WT_MATCHED,?,C_AIM,9.1,0.2214181
PANEL_WT_MATCHED,?,C_AIM,9.200001,0.2011792
PANEL_WT_MATCHED,?,C_AIM,9.3,0.2172578
PANEL_WT_MATCHED,?,C_AIM,9.400001,0.1810278
PANEL_WT_MATCHED,?,C_AIM,9.5,0.2084897
PANEL_WT_MATCHED,?,C_AIM,9.6,0.190331
PANEL_WT_MATCHED,?,C_AIM,9.700001,0.1977804
PANEL_WT_MATCHED,?,C_AIM,9.8,0.2142568
PANEL_WT_MATCHED,?,C_AIM,9.900001,0.1942495
PANEL_WT_MATCHED,?,C_AIM,10.0,0.222605
PANEL_WT_MATCHED,?,C_AIM,10.1,0.2127114
PANEL_WT_MATCHED,?,C_AIM,10.2,0.212125
PANEL_WT_MATCHED,?,C_AIM,10.3,0.1640304
PANEL_WT_MATCHED,?,C_AIM,10.4,0.2161133
PANEL_WT_MATCHED,?,C_AIM,10.5,0.2189974
PANEL_WT_MATCHED,?,C_AIM,10.6,0.2022399
PANEL_WT_MATCHED,?,C_AIM,10.7,0.2184421
PANEL_WT_MATCHED,?,C_AIM,10.8,0.2211201
PANEL_WT_MATCHED,?,C_AIM,10.9,0.204961
PANEL_WT_MATCHED,?,C_AIM,11.0,0.2079327
PANEL_WT_MATCHED,?,C_AIM,11.1,0.1938378
PANEL_WT_MATCHED,?,C_AIM,11.2,0.1702879
PANEL_WT_MATCHED,?,C_AIM,11.3,0.2051803
PANEL_WT_MATCHED,?,C_AIM,11.4,0.2163285
PANEL_WT_MATCHED,?,C_AIM,11.5,0.1953356
PANEL_WT_MATCHED,?,C_AIM,11.6,0.2076559
PANEL_WT_MATCHED,?,C_AIM,11.7,0.197952
PANEL_WT_MATCHED,?,C_AIM,11.8,0.2076294
PANEL_WT_MATCHED,?,C_AIM,11.9,0.2178578
PANEL_WT_MATCHED,?,C_AIM,12.0,0.2240778
PANEL_WT_MATCHED,?,C_AIM,12.1,0.2098998
PANEL_WT_MATCHED,?,C_AIM,12.2,0.2100428
PANEL_WT_MATCHED,?,C_AIM,12.3,0.20479
PANEL_WT_MATCHED,?,C_AIM,12.4,0.1977146
PANEL_WT_MATCHED,?,C_AIM,12.5,0.1985802
PANEL_WT_MATCHED,?,C_AIM,12.6,0.2116933
PANEL_WT_MATCHED,?,C_AIM,12.7,0.1991509
PANEL_WT_MATCHED,?,C_AIM,12.8,0.1750745
PANEL_WT_MATCHED,?,C_AIM,12.9,0.1959516
PANEL_WT_MATCHED,?,C_AIM,13.0,0.2010621
PANEL_WT_MATCHED,?,C_AIM,13.1,0.2067971
PANEL_WT_MATCHED,?,C_AIM,13.2,0.2083194
PANEL_WT_MATCHED,?,C_AIM,13.3,0.1956194
PANEL_WT_MATCHED,?,C_AIM,13.4,0.2074533
PANEL_WT_MATCHED,?,C_AIM,13.5,0.2155665
PANEL_WT_MATCHED,?,C_AIM,13.6,0.1971649
PANEL_WT_MATCHED,?,C_AIM,13.7,0.1531469
PANEL_WT_MATCHED,?,C_AIM,13.8,0.2078341
PANEL_WT_MATCHED,?,C_AIM,13.9,0.2185908
PANEL_WT_MATCHED,?,C_AIM,14.0,0.2178326
PANEL_WT_MATCHED,?,C_AIM,14.1,0.2008309
PANEL_WT_MATCHED,?,C_AIM,14.2,0.2027564
PANEL_WT_MATCHED,?,C_AIM,14.3,0.1984464
PANEL_WT_MATCHED,?,C_AIM,14.4,0.2095065
PANEL_WT_MATCHED,?,C_AIM,14.5,0.2231725
PANEL_WT_MATCHED,?,C_AIM,14.6,0.2045605
PANEL_WT_MATCHED,?,C_AIM,14.7,0.192398
PANEL_WT_MATCHED,?,C_AIM,14.8,0.2039142
PANEL_WT_MATCHED,?,C_AIM,14.9,0.2114287
PANEL_WT_MATCHED,?,C_AIM,15.0,0.1979518
PANEL_WT_MATCHED,?,C_AIM,15.1,0.2018465
PANEL_WT_MATCHED,?,C_AIM,15.2,0.2253909
PANEL_WT_MATCHED,?,C_AIM,15.3,0.1998099
PANEL_WT_MATCHED,?,C_AIM,15.4,0.2094112
PANEL_WT_MATCHED,?,C_AIM,15.5,0.2178395
PANEL_WT_MATCHED,?,C_AIM,15.6,0.1917421
PANEL_WT_MATCHED,?,C_AIM,15.7,0.211291
PANEL_WT_MATCHED,?,C_AIM,15.8,0.2170553
PANEL_WT_MATCHED,?,C_AIM,15.9,0.2005545
PANEL_WT_MATCHED,?,C_AIM,16.0,0.2069613
PANEL_WT_MATCHED,?,C_AIM,16.1,0.1971751
PANEL_WT_MATCHED,?,C_AIM,16.2,0.1997024
PANEL_WT_MATCHED,?,C_AIM,16.3,0.2183348
PANEL_WT_MATCHED,?,C_AIM,16.4,0.1825486
PANEL_WT_MATCHED,?,C_AIM,16.5,0.2259957
PANEL_WT_MATCHED,?,C_AIM,16.6,0.2062184
PANEL_WT_MATCHED,?,C_AIM,16.7,0.2402956
PANEL_WT_MATCHED,?,C_AIM,16.8,0.2222477
PANEL_WT_MATCHED,?,C_AIM,16.9,0.1943968
PANEL_WT_MATCHED,?,C_AIM,17.0,0.2233386
PANEL_WT_MATCHED,?,C_AIM,17.1,0.201725
PANEL_WT_MATCHED,?,C_AIM,17.2,0.1916478
PANEL_WT_MATCHED,?,C_AIM,17.3,0.2251599
PANEL_WT_MATCHED,?,C_AIM,17.4,0.1981944
PANEL_WT_MATCHED,?,C_AIM,17.5,0.1857552
PANEL_WT_MATCHED,?,C_AIM,17.6,0.2077907
PANEL_WT_MATCHED,?,C_AIM,17.7,0.1840924
PANEL_WT_MATCHED,?,C_AIM,17.8,0.1994316
PANEL_WT_MATCHED,?,C_AIM,17.9,0.2025487
PANEL_WT_MATCHED,?,C_AIM,18.0,0.203718
PANEL_WT_MATCHED,?,C_AIM,18.1,0.2072223
PANEL_WT_MATCHED,?,C_AIM,18.2,0.2143477
PANEL_WT_MATCHED,?,C_AIM,18.3,0.2140726
PANEL_WT_MATCHED,?,C_AIM,18.4,0.2293883
PANEL_WT_MATCHED,?,C_AIM,18.5,0.1970942
PANEL_WT_MATCHED,?,C_AIM,18.6,0.2267886
PANEL_WT_MATCHED,?,C_AIM,18.7,0.2219256
PANEL_WT_MATCHED,?,C_AIM,18.8,0.218497
PANEL_WT_MATCHED,?,C_AIM,18.9,0.2189976
PANEL_WT_MATCHED,?,C_AIM,19.0,0.2150929
PANEL_WT_MATCHED,?,C_AIM,19.1,0.2205199
PANEL_WT_MATCHED,?,C_AIM,19.2,0.2054677
PANEL_WT_MATCHED,?,C_AIM,19.3,0.1924528
PANEL_WT_MATCHED,?,C_AIM,19.4,0.1902102
PANEL_WT_MATCHED,?,C_AIM,19.5,0.2034181
PANEL_WT_MATCHED,?,C_AIM,19.6,0.2050808
PANEL_WT_MATCHED,?,C_AIM,19.7,0.2047682
PANEL_WT_MATCHED,?,C_AIM,19.8,0.2190113
PANEL_WT_MATCHED,?,C_AIM,19.9,0.2319246
PANEL_WT_MATCHED,?,C_AIM,20.0,0.1905833
PANEL_WT_MATCHED,?,C_AIM,20.1,0.2079087
PANEL_WT_MATCHED,?,C_AIM,20.2,0.2137051
PANEL_WT_MATCHED,?,C_AIM,20.3,0.2205743
PANEL_WT_MATCHED,?,C_AIM,20.4,0.213021
PANEL_WT_MATCHED,?,C_AIM,20.5,0.1994744
PANEL_WT_MATCHED,?,C_AIM,20.6,0.2012583
PANEL_WT_MATCHED,?,C_AIM,20.7,0.2125088
PANEL_WT_MATCHED,?,C_AIM,20.8,0.2024871
PANEL_WT_MATCHED,?,C_AIM,20.9,0.1999623
PANEL_WT_MATCHED,?,C_AIM,21.0,0.2010001
PANEL_WT_MATCHED,?,C_AIM,21.1,0.1967971
PANEL_WT_MATCHED,?,C_AIM,21.2,0.213087
PANEL_WT_MATCHED,?,C_AIM,21.3,0.2079948
PANEL_WT_MATCHED,?,C_AIM,21.4,0.2269645
PANEL_WT_MATCHED,?,C_AIM,21.5,0.200654
PANEL_WT_MATCHED,?,C_AIM,21.6,0.2146135
PANEL_WT_MATCHED,?,C_AIM,21.7,0.2078173
PANEL_WT_MATCHED,?,C_AIM,21.8,0.1983608
PANEL_WT_MATCHED,?,C_AIM,21.9,0.1956066
PANEL_WT_MATCHED,?,C_AIM,22.0,0.2109833
PANEL_WT_MATCHED,?,C_AIM,22.1,0.2076848
PANEL_WT_MATCHED,?,C_AIM,22.2,0.2018144
PANEL_WT_MATCHED,?,C_AIM,22.3,0.1914576
PANEL_WT_MATCHED,?,C_AIM,22.4,0.2361374
PANEL_WT_MATCHED,?,C_AIM,22.5,0.2382165
PANEL_WT_MATCHED,?,C_AIM,22.6,0.1904443
PANEL_WT_MATCHED,?,C_AIM,22.7,0.2265636
PANEL_WT_MATCHED,?,C_AIM,22.8,0.2229371
PANEL_WT_MATCHED,?,C_AIM,22.9,0.1764173
PANEL_WT_MATCHED,?,C_AIM,23.0,0.1761985
PANEL_WT_MATCHED,?,C_AIM,23.1,0.235
PANEL_WT_MATCHED,?,C_AIM,23.2,0.2034255
PANEL_WT_MATCHED,?,C_AIM,23.3,0.1789974
PANEL_WT_MATCHED,?,C_AIM,23.4,0.1961786
PANEL_WT_MATCHED,?,C_AIM,23.5,0.1812015
PANEL_WT_MATCHED,?,C_AIM,23.6,0.2210904
PANEL_WT_MATCHED,?,C_AIM,23.7,0.2095066
PANEL_WT_MATCHED,?,C_AIM,23.8,0.1972462
PANEL_WT_MATCHED,?,C_AIM,23.9,0.2101477
PANEL_WT_MATCHED,?,C_AIM,24.0,0.1878855
PANEL_WT_MATCHED,?,C_AIM,24.1,0.2018935
PANEL_WT_MATCHED,?,C_AIM,24.2,0.2262077
PANEL_WT_MATCHED,?,C_AIM,24.3,0.2141892
PANEL_WT_MATCHED,?,C_AIM,24.4,0.1895179
PANEL_WT_MATCHED,?,C_AIM,24.5,0.2222815
PANEL_WT_MATCHED,?,C_AIM,24.6,0.2025365
PANEL_WT_MATCHED,?,C_AIM,24.7,0.217814
PANEL_WT_MATCHED,?,C_AIM,24.8,0.2110876
PANEL_WT_MATCHED,?,C_AIM,24.9,0.1909266
PANEL_WT_MATCHED,?,C_AIM,25.0,0.2109714
PANEL_WT_MATCHED,?,C_AIM,25.1,0.207668
PANEL_WT_MATCHED,?,C_AIM,25.2,0.199211
PANEL_WT_MATCHED,?,C_AIM,25.3,0.2243613
PANEL_WT_MATCHED,?,C_AIM,25.4,0.2030395
PANEL_WT_MATCHED,?,C_AIM,25.5,0.2015986
PANEL_WT_MATCHED,?,C_AIM,25.6,0.1975727
PANEL_WT_MATCHED,?,C_AIM,25.7,0.2146207
PANEL_WT_MATCHED,?,C_AIM,25.8,0.197914
PANEL_WT_MATCHED,?,C_AIM,25.9,0.2134618
PANEL_WT_MATCHED,?,C_AIM,26.0,0.2148629
PANEL_WT_MATCHED,?,C_AIM,26.1,0.1678625
PANEL_WT_MATCHED,?,C_AIM,26.2,0.2057692
PANEL_WT_MATCHED,?,C_AIM,26.3,0.2037375
PANEL_WT_MATCHED,?,C_AIM,26.4,0.2231521
PANEL_WT_MATCHED,?,C_AIM,26.5,0.2039242
PANEL_WT_MATCHED,?,C_AIM,26.6,0.2154901
PANEL_WT_MATCHED,?,C_AIM,26.7,0.2034626
PANEL_WT_MATCHED,?,C_AIM,26.8,0.1914913
PANEL_WT_MATCHED,?,C_AIM,26.9,0.2195381
PANEL_WT_MATCHED,?,C_AIM,27.0,0.2118136
PANEL_WT_MATCHED,?,C_AIM,27.1,0.180674
PANEL_WT_MATCHED,?,C_AIM,27.2,0.2237275
PANEL_WT_MATCHED,?,C_AIM,27.3,0.1994944
PANEL_WT_MATCHED,?,C_AIM,27.4,0.1975119
PANEL_WT_MATCHED,?,C_AIM,27.5,0.1919663
PANEL_WT_MATCHED,?,C_AIM,27.6,0.2054143
PANEL_WT_MATCHED,?,C_AIM,27.7,0.1994318
PANEL_WT_MATCHED,?,C_AIM,27.8,0.1960638
PANEL_WT_MATCHED,?,C_AIM,27.9,0.2077572
PANEL_WT_MATCHED,?,C_AIM,28.0,0.2206827
PANEL_WT_MATCHED,?,C_AIM,28.1,0.2124618
PANEL_WT_MATCHED,?,C_AIM,28.2,0.1819039
PANEL_WT_MATCHED,?,C_AIM,28.3,0.1985093
PANEL_WT_MATCHED,?,C_AIM,28.4,0.2073911
PANEL_WT_MATCHED,?,C_AIM,28.5,0.227616
PANEL_WT_MATCHED,?,C_AIM,28.6,0.2036002
PANEL_WT_MATCHED,?,C_AIM,28.7,0.2223445
PANEL_WT_MATCHED,?,C_AIM,28.8,0.1962677
PANEL_WT_MATCHED,?,C_AIM,28.9,0.1543825
PANEL_WT_MATCHED,?,C_AIM,29.0,0.1782415
PANEL_WT_MATCHED,?,C_AIM,29.1,0.1948588
PANEL_WT_MATCHED,?,C_AIM,29.2,0.2273083
PANEL_WT_MATCHED,?,C_AIM,29.3,0.2033395
PANEL_WT_MATCHED,?,C_AIM,29.4,0.2203022
PANEL_WT_MATCHED,?,C_AIM,29.5,0.1723367
PANEL_WT_MATCHED,?,C_AIM,29.6,0.2192852
PANEL_WT_MATCHED,?,C_AIM,29.7,0.1847024
PANEL_WT_MATCHED,?,C_AIM,29.8,0.2280132
PANEL_WT_MATCHED,?,C_AIM,29.9,0.1950923
PANEL_WT_MATCHED,?,C_AIM,30.0,0.2401541
PANEL_WT_MATCHED,?,C_AIM,30.1,0.1808039
PANEL_WT_MATCHED,?,C_AIM,30.2,0.1937912
PANEL_WT_MATCHED,?,C_AIM,30.3,0.2218127
PANEL_WT_MATCHED,?,C_AIM,30.4,0.1776091
PANEL_WT_MATCHED,?,C_AIM,30.5,0.2074704
PANEL_WT_MATCHED,?,C_AIM,30.6,0.213806
PANEL_WT_MATCHED,?,C_AIM,30.7,0.1987561
PANEL_WT_MATCHED,?,C_AIM,30.8,0.2056356
PANEL_WT_MATCHED,?,C_AIM,30.9,0.1940232
PANEL_WT_MATCHED,?,C_AIM,31.0,0.2219774
PANEL_WT_MATCHED,?,C_AIM,31.1,0.1979167
PANEL_WT_MATCHED,?,C_AIM,31.2,0.1961095
PANEL_WT_MATCHED,?,C_AIM,31.3,0.1990025
PANEL_WT_MATCHED,?,C_AIM,31.4,0.2229752
PANEL_WT_MATCHED,?,C_AIM,31.5,0.2070241
PANEL_WT_MATCHED,?,C_AIM,31.6,0.2180115
PANEL_WT_MATCHED,?,C_AIM,31.7,0.2110971
PANEL_WT_MATCHED,?,C_AIM,31.8,0.2067388
PANEL_WT_MATCHED,?,C_AIM,31.9,0.2226861
PANEL_WT_MATCHED,?,C_AIM,32.0,0.1760825
PANEL_WT_MATCHED,?,C_AIM,32.1,0.2082353
PANEL_WT_MATCHED,?,C_AIM,32.2,0.2145346
PANEL_WT_MATCHED,?,C_AIM,32.3,0.1950538
PANEL_WT_MATCHED,?,C_AIM,32.4,0.1989223
PANEL_WT_MATCHED,?,C_AIM,32.5,0.2023585
PANEL_WT_MATCHED,?,C_AIM,32.6,0.1700617
PANEL_WT_MATCHED,?,C_AIM,32.7,0.1921744
PANEL_WT_MATCHED,?,C_AIM,32.8,0.196441
PANEL_WT_MATCHED,?,C_AIM,32.9,0.214695
PANEL_WT_MATCHED,?,C_AIM,33.0,0.1907904
PANEL_WT_MATCHED,?,C_AIM,33.1,0.1911991
PANEL_WT_MATCHED,?,C_AIM,33.2,0.2114473
PANEL_WT_MATCHED,?,C_AIM,33.3,0.1972486
PANEL_WT_MATCHED,?,C_AIM,33.4,0.1894993
PANEL_WT_MATCHED,?,C_AIM,33.5,0.189742
PANEL_WT_MATCHED,?,C_AIM,33.6,0.221901
PANEL_WT_MATCHED,?,C_AIM,33.7,0.2545919
PANEL_WT_MATCHED,?,C_AIM,33.8,0.2250801
PANEL_WT_MATCHED,?,C_AIM,33.9,0.206102
PANEL_WT_MATCHED,?,C_AIM,34.0,0.189391
PANEL_WT_MATCHED,?,C_AIM,34.1,0.2166863
PANEL_WT_MATCHED,?,C_AIM,34.2,0.2069081
PANEL_WT_MATCHED,?,C_AIM,34.3,0.2197406
PANEL_WT_MATCHED,?,C_AIM,34.4,0.2009527
PANEL_WT_MATCHED,?,C_AIM,34.5,0.1993289
PANEL_WT_MATCHED,?,C_AIM,34.6,0.2303953
PANEL_WT_MATCHED,?,C_AIM,34.7,0.207716
PANEL_WT_MATCHED,?,C_AIM,34.8,0.1982247
PANEL_WT_MATCHED,?,C_AIM,34.9,0.1741062
PANEL_WT_MATCHED,?,C_AIM,35.0,0.1916403
PANEL_WT_MATCHED,?,C_AIM,35.1,0.2122664
PANEL_WT_MATCHED,?,C_AIM,35.2,0.1748314
PANEL_WT_MATCHED,?,C_AIM,35.3,0.206463
PANEL_WT_MATCHED,?,C_AIM,35.4,0.204338
PANEL_WT_MATCHED,?,C_AIM,35.5,0.2148069
PANEL_WT_MATCHED,?,C_AIM,35.6,0.2040244
PANEL_WT_MATCHED,?,C_AIM,35.7,0.2176372
PANEL_WT_MATCHED,?,C_AIM,35.8,0.2084659
PANEL_WT_MATCHED,?,C_AIM,35.9,0.2244128
PANEL_WT_MATCHED,?,C_AIM,36.0,0.2212282
PANEL_WT_MATCHED,?,C_AIM,36.1,0.2040416
PANEL_WT_MATCHED,?,C_AIM,36.2,0.2094901
PANEL_WT_MATCHED,?,C_AIM,36.3,0.2234144
PANEL_WT_MATCHED,?,C_AIM,36.4,0.2114758
PANEL_WT_MATCHED,?,C_AIM,36.5,0.1965145
PANEL_WT_MATCHED,?,C_AIM,36.6,0.2089858
PANEL_WT_MATCHED,?,C_AIM,36.7,0.2202021
PANEL_WT_MATCHED,?,C_AIM,36.8,0.2069807
PANEL_WT_MATCHED,?,C_AIM,36.9,0.2106017
PANEL_WT_MATCHED,?,C_AIM,37.0,0.2204495
PANEL_WT_MATCHED,?,C_AIM,37.1,0.1995245
PANEL_WT_MATCHED,?,C_AIM,37.2,0.2117664
PANEL_WT_MATCHED,?,C_AIM,37.3,0.1847538
PANEL_WT_MATCHED,?,C_AIM,37.4,0.2088587
PANEL_WT_MATCHED,?,C_AIM,37.5,0.2272798
PANEL_WT_MATCHED,?,C_AIM,37.6,0.2085689
PANEL_WT_MATCHED,?,C_AIM,37.7,0.20608
PANEL_WT_MATCHED,?,C_AIM,37.8,0.2116789
PANEL_WT_MATCHED,?,C_AIM,37.9,0.1899974
PANEL_WT_MATCHED,?,C_AIM,38.0,0.2014797
PANEL_WT_MATCHED,?,C_AIM,38.1,0.2066908
PANEL_WT_MATCHED,?,C_AIM,38.2,0.2048413
PANEL_WT_MATCHED,?,C_AIM,38.3,0.2085303
PANEL_WT_MATCHED,?,C_AIM,38.4,0.2156154
PANEL_WT_MATCHED,?,C_AIM,38.5,0.2181215
PANEL_WT_MATCHED,?,C_AIM,38.6,0.1890846
PANEL_WT_MATCHED,?,C_AIM,38.7,0.1986051
PANEL_WT_MATCHED,?,C_AIM,38.8,0.2260863
PANEL_WT_MATCHED,?,C_AIM,38.9,0.2233339
PANEL_WT_MATCHED,?,C_AIM,39.0,0.2054995
PANEL_WT_MATCHED,?,C_AIM,39.1,0.2247376
PANEL_WT_MATCHED,?,C_AIM,39.2,0.193889
PANEL_WT_MATCHED,?,C_AIM,39.3,0.1865289
PANEL_WT_MATCHED,?,C_AIM,39.4,0.2068745
PANEL_WT_MATCHED,?,C_AIM,39.5,0.1898554
PANEL_WT_MATCHED,?,C_AIM,39.6,0.1814083
PANEL_WT_MATCHED,?,C_AIM,39.7,0.209633
PANEL_WT_MATCHED,?,C_AIM,39.8,0.2052999
PANEL_WT_MATCHED,?,C_AIM,39.9,0.2063614
PANEL_WT_MATCHED,?,C_AIM,40.0,0.2074535
PANEL_WT_MATCHED,?,C_AIM,40.1,0.1962474
PANEL_WT_MATCHED,?,C_AIM,40.2,0.2166979
PANEL_WT_MATCHED,?,C_AIM,40.3,0.233583
PANEL_WT_MATCHED,?,C_AIM,40.4,0.2035926
PANEL_WT_MATCHED,?,C_AIM,40.5,0.1665353
PANEL_WT_MATCHED,?,C_AIM,40.6,0.1954123
PANEL_WT_MATCHED,?,C_AIM,40.7,0.228869
PANEL_WT_MATCHED,?,C_AIM,40.8,0.2133282
PANEL_WT_MATCHED,?,C_AIM,40.9,0.2102047
PANEL_WT_MATCHED,?,C_AIM,41.0,0.2169354
PANEL_WT_MATCHED,?,C_AIM,41.1,0.2169676
PANEL_WT_MATCHED,?,C_AIM,41.2,0.1935923
PANEL_WT_MATCHED,?,C_AIM,41.3,0.1690238
PANEL_WT_MATCHED,?,C_AIM,41.4,0.1942292
PANEL_WT_MATCHED,?,C_AIM,41.5,0.194219
PANEL_WT_MATCHED,?,C_AIM,41.6,0.186636
PANEL_WT_MATCHED,?,C_AIM,41.7,0.1950231
PANEL_WT_MATCHED,?,C_AIM,41.8,0.2137732
PANEL_WT_MATCHED,?,C_AIM,41.9,0.2086097
PANEL_WT_MATCHED,?,C_AIM,42.0,0.2048635
PANEL_WT_MATCHED,?,C_AIM,42.1,0.2076944
PANEL_WT_MATCHED,?,C_AIM,42.2,0.1759147
PANEL_WT_MATCHED,?,C_AIM,42.3,0.2164208
PANEL_WT_MATCHED,?,C_AIM,42.4,0.1960154
PANEL_WT_MATCHED,?,C_AIM,42.5,0.1786728
PANEL_WT_MATCHED,?,C_AIM,42.6,0.1748914
PANEL_WT_MATCHED,?,C_AIM,42.7,0.2013479
PANEL_WT_MATCHED,?,C_AIM,42.8,0.2330858
PANEL_WT_MATCHED,?,C_AIM,42.9,0.2054678
PANEL_WT_MATCHED,?,C_AIM,43.0,0.2327639
PANEL_WT_MATCHED,?,C_AIM,43.1,0.2315945
PANEL_WT_MATCHED,?,C_AIM,43.2,0.1965301
PANEL_WT_MATCHED,?,C_AIM,43.3,0.2405723
PANEL_WT_MATCHED,?,C_AIM,43.4,0.1966138
PANEL_WT_MATCHED,?,C_AIM,43.5,0.1894625
PANEL_WT_MATCHED,?,C_AIM,43.6,0.195576
PANEL_WT_MATCHED,?,C_AIM,43.7,0.2119127
PANEL_WT_MATCHED,?,C_AIM,43.8,0.2078655
PANEL_WT_MATCHED,?,C_AIM,43.9,0.2019134
PANEL_WT_MATCHED,?,C_AIM,44.0,0.2435448
PANEL_WT_MATCHED,?,C_AIM,44.1,0.2057207
PANEL_WT_MATCHED,?,C_AIM,44.2,0.1899974
PANEL_WT_MATCHED,?,C_AIM,44.3,0.2251244
PANEL_WT_MATCHED,?,C_AIM,44.4,0.208108
PANEL_WT_MATCHED,?,C_AIM,44.5,0.214595
PANEL_WT_MATCHED,?,C_AIM,44.6,0.2209277
PANEL_WT_MATCHED,?,C_AIM,44.7,0.2044432
PANEL_WT_MATCHED,?,C_AIM,44.8,0.1962525
PANEL_WT_MATCHED,?,C_AIM,44.9,0.2090047
PANEL_WT_MATCHED,?,C_AIM,45.0,0.2214634
PANEL_WT_MATCHED,?,C_AIM,45.1,0.1838207
PANEL_WT_MATCHED,?,C_AIM,45.2,0.1766068
PANEL_WT_MATCHED,?,C_AIM,45.3,0.1591006
PANEL_WT_MATCHED,?,C_AIM,45.4,0.1713884
PANEL_WT_MATCHED,?,C_AIM,45.5,0.2037696
PANEL_WT_MATCHED,?,C_AIM,45.6,0.1753938
PANEL_WT_MATCHED,?,C_AIM,45.7,0.1734733
PANEL_WT_MATCHED,?,C_AIM,45.8,0.216564
PANEL_WT_MATCHED,?,C_AIM,45.9,0.210012
PANEL_WT_MATCHED,?,C_AIM,46.0,0.1760398
PANEL_WT_MATCHED,?,C_AIM,46.1,0.1666164
PANEL_WT_MATCHED,?,C_AIM,46.2,0.2142731
PANEL_WT_MATCHED,?,C_AIM,46.3,0.199246
PANEL_WT_MATCHED,?,C_AIM,46.4,0.2198476
PANEL_WT_MATCHED,?,C_AIM,46.5,0.1985219
PANEL_WT_MATCHED,?,C_AIM,46.6,0.2364086
PANEL_WT_MATCHED,?,C_AIM,46.7,0.1846022
PANEL_WT_MATCHED,?,C_AIM,46.8,0.2124971
PANEL_WT_MATCHED,?,C_AIM,46.9,0.2083338
PANEL_WT_MATCHED,?,C_AIM,47.0,0.2116057
PANEL_WT_MATCHED,?,C_AIM,47.1,0.2166101
PANEL_WT_MATCHED,?,C_AIM,47.2,0.2002524
PANEL_WT_MATCHED,?,C_AIM,47.3,0.2197111
PANEL_WT_MATCHED,?,C_AIM,47.4,0.2179267
PANEL_WT_MATCHED,?,C_AIM,47.5,0.2049464
PANEL_WT_MATCHED,?,C_AIM,47.6,0.2002524
PANEL_WT_MATCHED,?,C_AIM,47.7,0.2057013
PANEL_WT_MATCHED,?,C_AIM,47.8,0.1904206
PANEL_WT_MATCHED,?,C_AIM,47.9,0.2076583
PANEL_WT_MATCHED,?,C_AIM,48.0,0.2027116
PANEL_WT_MATCHED,?,C_AIM,48.1,0.1997248
PANEL_WT_MATCHED,?,C_AIM,48.2,0.2046069
PANEL_WT_MATCHED,?,C_AIM,48.3,0.2241538
PANEL_WT_MATCHED,?,C_AIM,48.4,0.2106964
PANEL_WT_MATCHED,?,C_AIM,48.5,0.2305211
PANEL_WT_MATCHED,?,C_AIM,48.6,0.2004248
PANEL_WT_MATCHED,?,C_AIM,48.7,0.1857956
PANEL_WT_MATCHED,?,C_AIM,48.8,0.2383485
PANEL_WT_MATCHED,?,C_AIM,48.9,0.1567261
PANEL_WT_MATCHED,?,C_AIM,49.0,0.2088373
PANEL_WT_MATCHED,?,C_AIM,49.1,0.156189
PANEL_WT_MATCHED,?,C_AIM,49.2,0.2010024
PANEL_WT_MATCHED,?,C_AIM,49.3,0.1897367
PANEL_WT_MATCHED,?,C_AIM,49.4,0.2020248
PANEL_WT_MATCHED,?,C_AIM,49.5,0.2031871
PANEL_WT_MATCHED,?,C_AIM,49.6,0.2070388
PANEL_WT_MATCHED,?,C_AIM,49.7,0.2154739
PANEL_WT_MATCHED,?,C_AIM,49.8,0.1993213
PANEL_WT_MATCHED,?,C_AIM,49.9,0.2155667
PANEL_WT_MATCHED,?,C_AIM,50.0,0.2078484
PANEL_WT_MATCHED,?,N_AIM,0.0,0.1743416
PANEL_WT_MATCHED,?,N_AIM,0.1,0.1556955
PANEL_WT_MATCHED,?,N_AIM,0.2,0.1730345
PANEL_WT_MATCHED,?,N_AIM,0.3,0.1600688
PANEL_WT_MATCHED,?,N_AIM,0.4,0.1734674
PANEL_WT_MATCHED,?,N_AIM,0.5,0.1743388
PANEL_WT_MATCHED,?,N_AIM,0.6,0.1727373
PANEL_WT_MATCHED,?,N_AIM,0.7,0.1717207
PANEL_WT_MATCHED,?,N_AIM,0.8,0.1775385
PANEL_WT_MATCHED,?,N_AIM,0.9,0.1834418
PANEL_WT_MATCHED,?,N_AIM,1.0,0.1714087
PANEL_WT_MATCHED,?,N_AIM,1.1,0.1632451
PANEL_WT_MATCHED,?,N_AIM,1.2,0.1674607
PANEL_WT_MATCHED,?,N_AIM,1.3,0.1647453
PANEL_WT_MATCHED,?,N_AIM,1.4,0.1616354
PANEL_WT_MATCHED,?,N_AIM,1.5,0.1730749
PANEL_WT_MATCHED,?,N_AIM,1.6,0.164003
PANEL_WT_MATCHED,?,N_AIM,1.7,0.1628772
PANEL_WT_MATCHED,?,N_AIM,1.8,0.1708389
PANEL_WT_MATCHED,?,N_AIM,1.9,0.1628833
PANEL_WT_MATCHED,?,N_AIM,2.0,0.1632574
PANEL_WT_MATCHED,?,N_AIM,2.1,0.1828577
PANEL_WT_MATCHED,?,N_AIM,2.2,0.1754678
PANEL_WT_MATCHED,?,N_AIM,2.3,0.1835238
PANEL_WT_MATCHED,?,N_AIM,2.4,0.1661747
PANEL_WT_MATCHED,?,N_AIM,2.5,0.1648667
PANEL_WT_MATCHED,?,N_AIM,2.6,0.1717441
PANEL_WT_MATCHED,?,N_AIM,2.7,0.165991
PANEL_WT_MATCHED,?,N_AIM,2.8,0.1727687
PANEL_WT_MATCHED,?,N_AIM,2.9,0.161716
PANEL_WT_MATCHED,?,N_AIM,3.0,0.1553159
PANEL_WT_MATCHED,?,N_AIM,3.1,0.1684548
PANEL_WT_MATCHED,?,N_AIM,3.2,0.174608
PANEL_WT_MATCHED,?,N_AIM,3.3,0.1742558
PANEL_WT_MATCHED,?,N_AIM,3.4,0.1704259
PANEL_WT_MATCHED,?,N_AIM,3.5,0.1630277
PANEL_WT_MATCHED,?,N_AIM,3.6,0.1757214
PANEL_WT_MATCHED,?,N_AIM,3.7,0.1746684
PANEL_WT_MATCHED,?,N_AIM,3.8,0.1627819
PANEL_WT_MATCHED,?,N_AIM,3.9,0.1702083
PANEL_WT_MATCHED,?,N_AIM,4.0,0.1718922
PANEL_WT_MATCHED,?,N_AIM,4.1,0.1676245
PANEL_WT_MATCHED,?,N_AIM,4.2,0.1695347
PANEL_WT_MATCHED,?,N_AIM,4.3,0.1768782
PANEL_WT_MATCHED,?,N_AIM,4.4,0.1724352
PANEL_WT_MATCHED,?,N_AIM,4.5,0.1613196
PANEL_WT_MATCHED,?,N_AIM,4.6,0.1764485
PANEL_WT_MATCHED,?,N_AIM,4.7,0.1734158
PANEL_WT_MATCHED,?,N_AIM,4.8,0.1744709
PANEL_WT_MATCHED,?,N_AIM,4.9,0.1617932
PANEL_WT_MATCHED,?,N_AIM,5.0,0.1799725
PANEL_WT_MATCHED,?,N_AIM,5.1,0.1748999
PANEL_WT_MATCHED,?,N_AIM,5.2,0.1845725
PANEL_WT_MATCHED,?,N_AIM,5.3,0.1691093
PANEL_WT_MATCHED,?,N_AIM,5.4,0.1671585
PANEL_WT_MATCHED,?,N_AIM,5.5,0.1694935
PANEL_WT_MATCHED,?,N_AIM,5.6,0.1743361
PANEL_WT_MATCHED,?,N_AIM,5.7,0.1696055
PANEL_WT_MATCHED,?,N_AIM,5.8,0.1565185
PANEL_WT_MATCHED,?,N_AIM,5.9,0.1784237
PANEL_WT_MATCHED,?,N_AIM,6.0,0.1650549
PANEL_WT_MATCHED,?,N_AIM,6.1,0.1735568
PANEL_WT_MATCHED,?,N_AIM,6.2,0.1708038
PANEL_WT_MATCHED,?,N_AIM,6.3,0.1700061
PANEL_WT_MATCHED,?,N_AIM,6.4,0.1671436
PANEL_WT_MATCHED,?,N_AIM,6.5,0.1730462
PANEL_WT_MATCHED,?,N_AIM,6.6,0.1726616
PANEL_WT_MATCHED,?,N_AIM,6.7,0.1652575
PANEL_WT_MATCHED,?,N_AIM,6.8,0.1676901
PANEL_WT_MATCHED,?,N_AIM,6.9,0.1669759
PANEL_WT_MATCHED,?,N_AIM,7.0,0.1661355
PANEL_WT_MATCHED,?,N_AIM,7.1,0.1883081
PANEL_WT_MATCHED,?,N_AIM,7.2,0.1664483
PANEL_WT_MATCHED,?,N_AIM,7.3,0.1707247
PANEL_WT_MATCHED,?,N_AIM,7.400001,0.1565566
PANEL_WT_MATCHED,?,N_AIM,7.5,0.1782192
PANEL_WT_MATCHED,?,N_AIM,7.6,0.1682291
PANEL_WT_MATCHED,?,N_AIM,7.7,0.1874515
PANEL_WT_MATCHED,?,N_AIM,7.8,0.1612359
PANEL_WT_MATCHED,?,N_AIM,7.900001,0.1821509
PANEL_WT_MATCHED,?,N_AIM,8.0,0.1750285
PANEL_WT_MATCHED,?,N_AIM,8.1,0.1857579
PANEL_WT_MATCHED,?,N_AIM,8.200001,0.189362
PANEL_WT_MATCHED,?,N_AIM,8.3,0.1941468
PANEL_WT_MATCHED,?,N_AIM,8.400001,0.1780591
PANEL_WT_MATCHED,?,N_AIM,8.5,0.1697556
PANEL_WT_MATCHED,?,N_AIM,8.6,0.1705786
PANEL_WT_MATCHED,?,N_AIM,8.700001,0.1966342
PANEL_WT_MATCHED,?,N_AIM,8.8,0.1971621
PANEL_WT_MATCHED,?,N_AIM,8.900001,0.1678123
PANEL_WT_MATCHED,?,N_AIM,9.0,0.1729883
PANEL_WT_MATCHED,?,N_AIM,9.1,0.1725719
PANEL_WT_MATCHED,?,N_AIM,9.200001,0.1746939
PANEL_WT_MATCHED,?,N_AIM,9.3,0.1761844
PANEL_WT_MATCHED,?,N_AIM,9.400001,0.1833137
PANEL_WT_MATCHED,?,N_AIM,9.5,0.1685497
PANEL_WT_MATCHED,?,N_AIM,9.6,0.1966139
PANEL_WT_MATCHED,?,N_AIM,9.700001,0.1840786
PANEL_WT_MATCHED,?,N_AIM,9.8,0.1917031
PANEL_WT_MATCHED,?,N_AIM,9.900001,0.2286964
PANEL_WT_MATCHED,?,N_AIM,10.0,0.2014671
PANEL_WT_MATCHED,?,N_AIM,10.1,0.172537
PANEL_WT_MATCHED,?,N_AIM,10.2,0.1854024
PANEL_WT_MATCHED,?,N_AIM,10.3,0.1879386
PANEL_WT_MATCHED,?,N_AIM,10.4,0.1977399
PANEL_WT_MATCHED,?,N_AIM,10.5,0.202042
PANEL_WT_MATCHED,?,N_AIM,10.6,0.1832185
PANEL_WT_MATCHED,?,N_AIM,10.7,0.1763801
PANEL_WT_MATCHED,?,N_AIM,10.8,0.1877257
PANEL_WT_MATCHED,?,N_AIM,10.9,0.1803219
PANEL_WT_MATCHED,?,N_AIM,11.0,0.2138691
PANEL_WT_MATCHED,?,N_AIM,11.1,0.1852729
PANEL_WT_MATCHED,?,N_AIM,11.2,0.1803135
PANEL_WT_MATCHED,?,N_AIM,11.3,0.1712336
PANEL_WT_MATCHED,?,N_AIM,11.4,0.1944968
PANEL_WT_MATCHED,?,N_AIM,11.5,0.1909057
PANEL_WT_MATCHED,?,N_AIM,11.6,0.176108
PANEL_WT_MATCHED,?,N_AIM,11.7,0.182694
PANEL_WT_MATCHED,?,N_AIM,11.8,0.2067027
PANEL_WT_MATCHED,?,N_AIM,11.9,0.1712922
PANEL_WT_MATCHED,?,N_AIM,12.0,0.2036885
PANEL_WT_MATCHED,?,N_AIM,12.1,0.18217
PANEL_WT_MATCHED,?,N_AIM,12.2,0.2047535
PANEL_WT_MATCHED,?,N_AIM,12.3,0.1883003
PANEL_WT_MATCHED,?,N_AIM,12.4,0.160633
PANEL_WT_MATCHED,?,N_AIM,12.5,0.1675857
PANEL_WT_MATCHED,?,N_AIM,12.6,0.1790476
PANEL_WT_MATCHED,?,N_AIM,12.7,0.1827594
PANEL_WT_MATCHED,?,N_AIM,12.8,0.184548
PANEL_WT_MATCHED,?,N_AIM,12.9,0.195287
PANEL_WT_MATCHED,?,N_AIM,13.0,0.191802
PANEL_WT_MATCHED,?,N_AIM,13.1,0.1745966
PANEL_WT_MATCHED,?,N_AIM,13.2,0.1852295
PANEL_WT_MATCHED,?,N_AIM,13.3,0.1970405
PANEL_WT_MATCHED,?,N_AIM,13.4,0.1656112
PANEL_WT_MATCHED,?,N_AIM,13.5,0.1888704
PANEL_WT_MATCHED,?,N_AIM,13.6,0.181243
PANEL_WT_MATCHED,?,N_AIM,13.7,0.2132651
PANEL_WT_MATCHED,?,N_AIM,13.8,0.2086
PANEL_WT_MATCHED,?,N_AIM,13.9,0.1984764
PANEL_WT_MATCHED,?,N_AIM,14.0,0.1827048
PANEL_WT_MATCHED,?,N_AIM,14.1,0.1832867
PANEL_WT_MATCHED,?,N_AIM,14.2,0.1779466
PANEL_WT_MATCHED,?,N_AIM,14.3,0.1988895
PANEL_WT_MATCHED,?,N_AIM,14.4,0.2094969
PANEL_WT_MATCHED,?,N_AIM,14.5,0.1850134
PANEL_WT_MATCHED,?,N_AIM,14.6,0.2245306
PANEL_WT_MATCHED,?,N_AIM,14.7,0.1909791
PANEL_WT_MATCHED,?,N_AIM,14.8,0.2225242
PANEL_WT_MATCHED,?,N_AIM,14.9,0.1946613
PANEL_WT_MATCHED,?,N_AIM,15.0,0.1900184
PANEL_WT_MATCHED,?,N_AIM,15.1,0.1606519
PANEL_WT_MATCHED,?,N_AIM,15.2,0.1894468
PANEL_WT_MATCHED,?,N_AIM,15.3,0.1970408
PANEL_WT_MATCHED,?,N_AIM,15.4,0.1909896
PANEL_WT_MATCHED,?,N_AIM,15.5,0.1795161
PANEL_WT_MATCHED,?,N_AIM,15.6,0.182642
PANEL_WT_MATCHED,?,N_AIM,15.7,0.1797805
PANEL_WT_MATCHED,?,N_AIM,15.8,0.1815517
PANEL_WT_MATCHED,?,N_AIM,15.9,0.1857797
PANEL_WT_MATCHED,?,N_AIM,16.0,0.201767
PANEL_WT_MATCHED,?,N_AIM,16.1,0.212645
PANEL_WT_MATCHED,?,N_AIM,16.2,0.1927798
PANEL_WT_MATCHED,?,N_AIM,16.3,0.1966671
PANEL_WT_MATCHED,?,N_AIM,16.4,0.1895603
PANEL_WT_MATCHED,?,N_AIM,16.5,0.193662
PANEL_WT_MATCHED,?,N_AIM,16.6,0.1928574
PANEL_WT_MATCHED,?,N_AIM,16.7,0.2139741
PANEL_WT_MATCHED,?,N_AIM,16.8,0.1842554
PANEL_WT_MATCHED,?,N_AIM,16.9,0.1966444
PANEL_WT_MATCHED,?,N_AIM,17.0,0.1864242
PANEL_WT_MATCHED,?,N_AIM,17.1,0.1989221
PANEL_WT_MATCHED,?,N_AIM,17.2,0.2079665
PANEL_WT_MATCHED,?,N_AIM,17.3,0.2292181
PANEL_WT_MATCHED,?,N_AIM,17.4,0.1989572
PANEL_WT_MATCHED,?,N_AIM,17.5,0.2059247
PANEL_WT_MATCHED,?,N_AIM,17.6,0.2253197
PANEL_WT_MATCHED,?,N_AIM,17.7,0.2335575
PANEL_WT_MATCHED,?,N_AIM,17.8,0.2114381
PANEL_WT_MATCHED,?,N_AIM,17.9,0.2475258
PANEL_WT_MATCHED,?,N_AIM,18.0,0.2367152
PANEL_WT_MATCHED,?,N_AIM,18.1,0.183663
PANEL_WT_MATCHED,?,N_AIM,18.2,0.2120705
PANEL_WT_MATCHED,?,N_AIM,18.3,0.1892778
PANEL_WT_MATCHED,?,N_AIM,18.4,0.2354464
PANEL_WT_MATCHED,?,N_AIM,18.5,0.1950462
PANEL_WT_MATCHED,?,N_AIM,18.6,0.1952358
PANEL_WT_MATCHED,?,N_AIM,18.7,0.2317284
PANEL_WT_MATCHED,?,N_AIM,18.8,0.1924941
PANEL_WT_MATCHED,?,N_AIM,18.9,0.1887036
PANEL_WT_MATCHED,?,N_AIM,19.0,0.2313743
PANEL_WT_MATCHED,?,N_AIM,19.1,0.2095474
PANEL_WT_MATCHED,?,N_AIM,19.2,0.1717063
PANEL_WT_MATCHED,?,N_AIM,19.3,0.223638
PANEL_WT_MATCHED,?,N_AIM,19.4,0.1888624
PANEL_WT_MATCHED,?,N_AIM,19.5,0.1714702
PANEL_WT_MATCHED,?,N_AIM,19.6,0.1772257
PANEL_WT_MATCHED,?,N_AIM,19.7,0.1599406
PANEL_WT_MATCHED,?,N_AIM,19.8,0.2050221
PANEL_WT_MATCHED,?,N_AIM,19.9,0.1754935
PANEL_WT_MATCHED,?,N_AIM,20.0,0.1850704
PANEL_WT_MATCHED,?,N_AIM,20.1,0.1805105
PANEL_WT_MATCHED,?,N_AIM,20.2,0.1948076
PANEL_WT_MATCHED,?,N_AIM,20.3,0.1674754
PANEL_WT_MATCHED,?,N_AIM,20.4,0.1745079
PANEL_WT_MATCHED,?,N_AIM,20.5,0.1761079
PANEL_WT_MATCHED,?,N_AIM,20.6,0.2128522
PANEL_WT_MATCHED,?,N_AIM,20.7,0.1862393
PANEL_WT_MATCHED,?,N_AIM,20.8,0.1740748
PANEL_WT_MATCHED,?,N_AIM,20.9,0.1998452
PANEL_WT_MATCHED,?,N_AIM,21.0,0.1797418
PANEL_WT_MATCHED,?,N_AIM,21.1,0.1818488
PANEL_WT_MATCHED,?,N_AIM,21.2,0.2165942
PANEL_WT_MATCHED,?,N_AIM,21.3,0.1730725
PANEL_WT_MATCHED,?,N_AIM,21.4,0.2068069
PANEL_WT_MATCHED,?,N_AIM,21.5,0.1838423
PANEL_WT_MATCHED,?,N_AIM,21.6,0.1927927
PANEL_WT_MATCHED,?,N_AIM,21.7,0.1898449
PANEL_WT_MATCHED,?,N_AIM,21.8,0.2166217
PANEL_WT_MATCHED,?,N_AIM,21.9,0.179836
PANEL_WT_MATCHED,?,N_AIM,22.0,0.1953176
PANEL_WT_MATCHED,?,N_AIM,22.1,0.2157477
PANEL_WT_MATCHED,?,N_AIM,22.2,0.1711316
PANEL_WT_MATCHED,?,N_AIM,22.3,0.1972434
PANEL_WT_MATCHED,?,N_AIM,22.4,0.1720754
PANEL_WT_MATCHED,?,N_AIM,22.5,0.1716188
PANEL_WT_MATCHED,?,N_AIM,22.6,0.180322
PANEL_WT_MATCHED,?,N_AIM,22.7,0.1746711
PANEL_WT_MATCHED,?,N_AIM,22.8,0.1909819
PANEL_WT_MATCHED,?,N_AIM,22.9,0.1990452
PANEL_WT_MATCHED,?,N_AIM,23.0,0.1948281
PANEL_WT_MATCHED,?,N_AIM,23.1,0.1726064
PANEL_WT_MATCHED,?,N_AIM,23.2,0.212172
PANEL_WT_MATCHED,?,N_AIM,23.3,0.1657861
PANEL_WT_MATCHED,?,N_AIM,23.4,0.1969211
PANEL_WT_MATCHED,?,N_AIM,23.5,0.1781402
PANEL_WT_MATCHED,?,N_AIM,23.6,0.2199298
PANEL_WT_MATCHED,?,N_AIM,23.7,0.216141
PANEL_WT_MATCHED,?,N_AIM,23.8,0.2074057
PANEL_WT_MATCHED,?,N_AIM,23.9,0.1988516
PANEL_WT_MATCHED,?,N_AIM,24.0,0.2013481
PANEL_WT_MATCHED,?,N_AIM,24.1,0.2203772
PANEL_WT_MATCHED,?,N_AIM,24.2,0.196797
PANEL_WT_MATCHED,?,N_AIM,24.3,0.227695
PANEL_WT_MATCHED,?,N_AIM,24.4,0.2022151
PANEL_WT_MATCHED,?,N_AIM,24.5,0.1941184
PANEL_WT_MATCHED,?,N_AIM,24.6,0.1902552
PANEL_WT_MATCHED,?,N_AIM,24.7,0.1878138
PANEL_WT_MATCHED,?,N_AIM,24.8,0.1894889
PANEL_WT_MATCHED,?,N_AIM,24.9,0.1753881
PANEL_WT_MATCHED,?,N_AIM,25.0,0.1763093
PANEL_WT_MATCHED,?,N_AIM,25.1,0.180671
PANEL_WT_MATCHED,?,N_AIM,25.2,0.1741522
PANEL_WT_MATCHED,?,N_AIM,25.3,0.1703203
PANEL_WT_MATCHED,?,N_AIM,25.4,0.2240671
PANEL_WT_MATCHED,?,N_AIM,25.5,0.2068745
PANEL_WT_MATCHED,?,N_AIM,25.6,0.1931838
PANEL_WT_MATCHED,?,N_AIM,25.7,0.1557465
PANEL_WT_MATCHED,?,N_AIM,25.8,0.1773387
PANEL_WT_MATCHED,?,N_AIM,25.9,0.2350188
PANEL_WT_MATCHED,?,N_AIM,26.0,0.2080482
PANEL_WT_MATCHED,?,N_AIM,26.1,0.1758012
PANEL_WT_MATCHED,?,N_AIM,26.2,0.1875366
PANEL_WT_MATCHED,?,N_AIM,26.3,0.1910028
PANEL_WT_MATCHED,?,N_AIM,26.4,0.1884914
PANEL_WT_MATCHED,?,N_AIM,26.5,0.1846349
PANEL_WT_MATCHED,?,N_AIM,26.6,0.1752426
PANEL_WT_MATCHED,?,N_AIM,26.7,0.1744535
PANEL_WT_MATCHED,?,N_AIM,26.8,0.1915856
PANEL_WT_MATCHED,?,N_AIM,26.9,0.1904363
PANEL_WT_MATCHED,?,N_AIM,27.0,0.1866576
PANEL_WT_MATCHED,?,N_AIM,27.1,0.1899052
PANEL_WT_MATCHED,?,N_AIM,27.2,0.1845509
PANEL_WT_MATCHED,?,N_AIM,27.3,0.2143364
PANEL_WT_MATCHED,?,N_AIM,27.4,0.2357922
PANEL_WT_MATCHED,?,N_AIM,27.5,0.1778088
PANEL_WT_MATCHED,?,N_AIM,27.6,0.1964614
PANEL_WT_MATCHED,?,N_AIM,27.7,0.1934788
PANEL_WT_MATCHED,?,N_AIM,27.8,0.1754937
PANEL_WT_MATCHED,?,N_AIM,27.9,0.1854133
PANEL_WT_MATCHED,?,N_AIM,28.0,0.1946278
PANEL_WT_MATCHED,?,N_AIM,28.1,0.2195929
PANEL_WT_MATCHED,?,N_AIM,28.2,0.1720493
PANEL_WT_MATCHED,?,N_AIM,28.3,0.1764626
PANEL_WT_MATCHED,?,N_AIM,28.4,0.181956
PANEL_WT_MATCHED,?,N_AIM,28.5,0.1982854
PANEL_WT_MATCHED,?,N_AIM,28.6,0.1674037
PANEL_WT_MATCHED,?,N_AIM,28.7,0.1950846
PANEL_WT_MATCHED,?,N_AIM,28.8,0.186569
PANEL_WT_MATCHED,?,N_AIM,28.9,0.1683003
PANEL_WT_MATCHED,?,N_AIM,29.0,0.2083412
PANEL_WT_MATCHED,?,N_AIM,29.1,0.2004447
PANEL_WT_MATCHED,?,N_AIM,29.2,0.1716217
PANEL_WT_MATCHED,?,N_AIM,29.3,0.2200046
PANEL_WT_MATCHED,?,N_AIM,29.4,0.1965502
PANEL_WT_MATCHED,?,N_AIM,29.5,0.1843338
PANEL_WT_MATCHED,?,N_AIM,29.6,0.1851973
PANEL_WT_MATCHED,?,N_AIM,29.7,0.219438
PANEL_WT_MATCHED,?,N_AIM,29.8,0.1921354
PANEL_WT_MATCHED,?,N_AIM,29.9,0.2033937
PANEL_WT_MATCHED,?,N_AIM,30.0,0.1810468
PANEL_WT_MATCHED,?,N_AIM,30.1,0.1711988
PANEL_WT_MATCHED,?,N_AIM,30.2,0.1677916
PANEL_WT_MATCHED,?,N_AIM,30.3,0.189172
PANEL_WT_MATCHED,?,N_AIM,30.4,0.2113505
PANEL_WT_MATCHED,?,N_AIM,30.5,0.1908769
PANEL_WT_MATCHED,?,N_AIM,30.6,0.1779129
PANEL_WT_MATCHED,?,N_AIM,30.7,0.1984061
PANEL_WT_MATCHED,?,N_AIM,30.8,0.1842036
PANEL_WT_MATCHED,?,N_AIM,30.9,0.1866281
PANEL_WT_MATCHED,?,N_AIM,31.0,0.2277236
PANEL_WT_MATCHED,?,N_AIM,31.1,0.1702851
PANEL_WT_MATCHED,?,N_AIM,31.2,0.2005643
PANEL_WT_MATCHED,?,N_AIM,31.3,0.1816728
PANEL_WT_MATCHED,?,N_AIM,31.4,0.1879362
PANEL_WT_MATCHED,?,N_AIM,31.5,0.1977321
PANEL_WT_MATCHED,?,N_AIM,31.6,0.2316076
PANEL_WT_MATCHED,?,N_AIM,31.7,0.2240961
PANEL_WT_MATCHED,?,N_AIM,31.8,0.1731155
PANEL_WT_MATCHED,?,N_AIM,31.9,0.1767203
PANEL_WT_MATCHED,?,N_AIM,32.0,0.2013107
PANEL_WT_MATCHED,?,N_AIM,32.1,0.2023019
PANEL_WT_MATCHED,?,N_AIM,32.2,0.171146
PANEL_WT_MATCHED,?,N_AIM,32.3,0.1820825
PANEL_WT_MATCHED,?,N_AIM,32.4,0.1742583
PANEL_WT_MATCHED,?,N_AIM,32.5,0.1900973
PANEL_WT_MATCHED,?,N_AIM,32.6,0.1728667
PANEL_WT_MATCHED,?,N_AIM,32.7,0.1659517
PANEL_WT_MATCHED,?,N_AIM,32.8,0.2015886
PANEL_WT_MATCHED,?,N_AIM,32.9,0.1716421
PANEL_WT_MATCHED,?,N_AIM,33.0,0.2013778
PANEL_WT_MATCHED,?,N_AIM,33.1,0.1972005
PANEL_WT_MATCHED,?,N_AIM,33.2,0.1608383
PANEL_WT_MATCHED,?,N_AIM,33.3,0.197813
PANEL_WT_MATCHED,?,N_AIM,33.4,0.1876006
PANEL_WT_MATCHED,?,N_AIM,33.5,0.1862526
PANEL_WT_MATCHED,?,N_AIM,33.6,0.1690236
PANEL_WT_MATCHED,?,N_AIM,33.7,0.1838587
PANEL_WT_MATCHED,?,N_AIM,33.8,0.1855532
PANEL_WT_MATCHED,?,N_AIM,33.9,0.2120968
PANEL_WT_MATCHED,?,N_AIM,34.0,0.1980529
PANEL_WT_MATCHED,?,N_AIM,34.1,0.1935691
PANEL_WT_MATCHED,?,N_AIM,34.2,0.1836682
PANEL_WT_MATCHED,?,N_AIM,34.3,0.2153183
PANEL_WT_MATCHED,?,N_AIM,34.4,0.2014225
PANEL_WT_MATCHED,?,N_AIM,34.5,0.1798805
PANEL_WT_MATCHED,?,N_AIM,34.6,0.1853321
PANEL_WT_MATCHED,?,N_AIM,34.7,0.189792
PANEL_WT_MATCHED,?,N_AIM,34.8,0.2304453
PANEL_WT_MATCHED,?,N_AIM,34.9,0.1807844
PANEL_WT_MATCHED,?,N_AIM,35.0,0.1687217
PANEL_WT_MATCHED,?,N_AIM,35.1,0.1855397
PANEL_WT_MATCHED,?,N_AIM,35.2,0.2164002
PANEL_WT_MATCHED,?,N_AIM,35.3,0.2119883
PANEL_WT_MATCHED,?,N_AIM,35.4,0.1910131
PANEL_WT_MATCHED,?,N_AIM,35.5,0.2090981
PANEL_WT_MATCHED,?,N_AIM,35.6,0.2236538
PANEL_WT_MATCHED,?,N_AIM,35.7,0.2131995
PANEL_WT_MATCHED,?,N_AIM,35.8,0.1763349
PANEL_WT_MATCHED,?,N_AIM,35.9,0.2003721
PANEL_WT_MATCHED,?,N_AIM,36.0,0.1977398
PANEL_WT_MATCHED,?,N_AIM,36.1,0.2093275
PANEL_WT_MATCHED,?,N_AIM,36.2,0.2224635
PANEL_WT_MATCHED,?,N_AIM,36.3,0.2240178
PANEL_WT_MATCHED,?,N_AIM,36.4,0.2370739
PANEL_WT_MATCHED,?,N_AIM,36.5,0.2097689
PANEL_WT_MATCHED,?,N_AIM,36.6,0.2199022
PANEL_WT_MATCHED,?,N_AIM,36.7,0.198144
PANEL_WT_MATCHED,?,N_AIM,36.8,0.2218762
PANEL_WT_MATCHED,?,N_AIM,36.9,0.1753681
PANEL_WT_MATCHED,?,N_AIM,37.0,0.1847457
PANEL_WT_MATCHED,?,N_AIM,37.1,0.2129156
PANEL_WT_MATCHED,?,N_AIM,37.2,0.1705666
PANEL_WT_MATCHED,?,N_AIM,37.3,0.2263316
PANEL_WT_MATCHED,?,N_AIM,37.4,0.2452468
PANEL_WT_MATCHED,?,N_AIM,37.5,0.2167995
PANEL_WT_MATCHED,?,N_AIM,37.6,0.186102
PANEL_WT_MATCHED,?,N_AIM,37.7,0.1760852
PANEL_WT_MATCHED,?,N_AIM,37.8,0.2035754
PANEL_WT_MATCHED,?,N_AIM,37.9,0.1801694
PANEL_WT_MATCHED,?,N_AIM,38.0,0.171837
PANEL_WT_MATCHED,?,N_AIM,38.1,0.2289848
PANEL_WT_MATCHED,?,N_AIM,38.2,0.1641616
PANEL_WT_MATCHED,?,N_AIM,38.3,0.1732685
PANEL_WT_MATCHED,?,N_AIM,38.4,0.1971117
PANEL_WT_MATCHED,?,N_AIM,38.5,0.2214949
PANEL_WT_MATCHED,?,N_AIM,38.6,0.2023168
PANEL_WT_MATCHED,?,N_AIM,38.7,0.1667333
PANEL_WT_MATCHED,?,N_AIM,38.8,0.2117192
PANEL_WT_MATCHED,?,N_AIM,38.9,0.2323853
PANEL_WT_MATCHED,?,N_AIM,39.0,0.2092416
PANEL_WT_MATCHED,?,N_AIM,39.1,0.1720553
PANEL_WT_MATCHED,?,N_AIM,39.2,0.1775105
PANEL_WT_MATCHED,?,N_AIM,39.3,0.2081658
PANEL_WT_MATCHED,?,N_AIM,39.4,0.182269
PANEL_WT_MATCHED,?,N_AIM,39.5,0.1897683
PANEL_WT_MATCHED,?,N_AIM,39.6,0.1656169
PANEL_WT_MATCHED,?,N_AIM,39.7,0.1996848
PANEL_WT_MATCHED,?,N_AIM,39.8,0.2057718
PANEL_WT_MATCHED,?,N_AIM,39.9,0.2012436
PANEL_WT_MATCHED,?,N_AIM,40.0,0.2194288
PANEL_WT_MATCHED,?,N_AIM,40.1,0.1989095
PANEL_WT_MATCHED,?,N_AIM,40.2,0.2172993
PANEL_WT_MATCHED,?,N_AIM,40.3,0.199098
PANEL_WT_MATCHED,?,N_AIM,40.4,0.2133473
PANEL_WT_MATCHED,?,N_AIM,40.5,0.1781321
PANEL_WT_MATCHED,?,N_AIM,40.6,0.1888545
PANEL_WT_MATCHED,?,N_AIM,40.7,0.2056331
PANEL_WT_MATCHED,?,N_AIM,40.8,0.1868822
PANEL_WT_MATCHED,?,N_AIM,40.9,0.2211652
PANEL_WT_MATCHED,?,N_AIM,41.0,0.1959822
PANEL_WT_MATCHED,?,N_AIM,41.1,0.1830463
PANEL_WT_MATCHED,?,N_AIM,41.2,0.1759574
PANEL_WT_MATCHED,?,N_AIM,41.3,0.2110236
PANEL_WT_MATCHED,?,N_AIM,41.4,0.2120637
PANEL_WT_MATCHED,?,N_AIM,41.5,0.2083697
PANEL_WT_MATCHED,?,N_AIM,41.6,0.1862149
PANEL_WT_MATCHED,?,N_AIM,41.7,0.2267444
PANEL_WT_MATCHED,?,N_AIM,41.8,0.1859732
PANEL_WT_MATCHED,?,N_AIM,41.9,0.2003421
PANEL_WT_MATCHED,?,N_AIM,42.0,0.2159768
PANEL_WT_MATCHED,?,N_AIM,42.1,0.2324995
PANEL_WT_MATCHED,?,N_AIM,42.2,0.2188287
PANEL_WT_MATCHED,?,N_AIM,42.3,0.2359406
PANEL_WT_MATCHED,?,N_AIM,42.4,0.2205538
PANEL_WT_MATCHED,?,N_AIM,42.5,0.2030839
PANEL_WT_MATCHED,?,N_AIM,42.6,0.2252198
PANEL_WT_MATCHED,?,N_AIM,42.7,0.196774
PANEL_WT_MATCHED,?,N_AIM,42.8,0.2294165
PANEL_WT_MATCHED,?,N_AIM,42.9,0.2053729
PANEL_WT_MATCHED,?,N_AIM,43.0,0.1905492
PANEL_WT_MATCHED,?,N_AIM,43.1,0.2274511
PANEL_WT_MATCHED,?,N_AIM,43.2,0.238021
PANEL_WT_MATCHED,?,N_AIM,43.3,0.2143339
PANEL_WT_MATCHED,?,N_AIM,43.4,0.236565
PANEL_WT_MATCHED,?,N_AIM,43.5,0.2230717
PANEL_WT_MATCHED,?,N_AIM,43.6,0.1999849
PANEL_WT_MATCHED,?,N_AIM,43.7,0.2231591
PANEL_WT_MATCHED,?,N_AIM,43.8,0.2266341
PANEL_WT_MATCHED,?,N_AIM,43.9,0.2105255
PANEL_WT_MATCHED,?,N_AIM,44.0,0.2106276
PANEL_WT_MATCHED,?,N_AIM,44.1,0.2288951
PANEL_WT_MATCHED,?,N_AIM,44.2,0.2324091
PANEL_WT_MATCHED,?,N_AIM,44.3,0.2408505
PANEL_WT_MATCHED,?,N_AIM,44.4,0.2343801
PANEL_WT_MATCHED,?,N_AIM,44.5,0.2445281
PANEL_WT_MATCHED,?,N_AIM,44.6,0.2071569
PANEL_WT_MATCHED,?,N_AIM,44.7,0.1942317
PANEL_WT_MATCHED,?,N_AIM,44.8,0.2046508
PANEL_WT_MATCHED,?,N_AIM,44.9,0.220009
PANEL_WT_MATCHED,?,N_AIM,45.0,0.1996348
PANEL_WT_MATCHED,?,N_AIM,45.1,0.2195654
PANEL_WT_MATCHED,?,N_AIM,45.2,0.175522
PANEL_WT_MATCHED,?,N_AIM,45.3,0.2176258
PANEL_WT_MATCHED,?,N_AIM,45.4,0.1991532
PANEL_WT_MATCHED,?,N_AIM,45.5,0.2511892
PANEL_WT_MATCHED,?,N_AIM,45.6,0.2014397
PANEL_WT_MATCHED,?,N_AIM,45.7,0.1972436
PANEL_WT_MATCHED,?,N_AIM,45.8,0.1802692
PANEL_WT_MATCHED,?,N_AIM,45.9,0.211816
PANEL_WT_MATCHED,?,N_AIM,46.0,0.1972082
PANEL_WT_MATCHED,?,N_AIM,46.1,0.165979
PANEL_WT_MATCHED,?,N_AIM,46.2,0.1948154
PANEL_WT_MATCHED,?,N_AIM,46.3,0.1872592
PANEL_WT_MATCHED,?,N_AIM,46.4,0.164335
PANEL_WT_MATCHED,?,N_AIM,46.5,0.2335745
PANEL_WT_MATCHED,?,N_AIM,46.6,0.2266031
PANEL_WT_MATCHED,?,N_AIM,46.7,0.2030789
PANEL_WT_MATCHED,?,N_AIM,46.8,0.2226792
PANEL_WT_MATCHED,?,N_AIM,46.9,0.2152465
PANEL_WT_MATCHED,?,N_AIM,47.0,0.2262343
PANEL_WT_MATCHED,?,N_AIM,47.1,0.2224813
PANEL_WT_MATCHED,?,N_AIM,47.2,0.2402915
PANEL_WT_MATCHED,?,N_AIM,47.3,0.2287752
PANEL_WT_MATCHED,?,N_AIM,47.4,0.2193831
PANEL_WT_MATCHED,?,N_AIM,47.5,0.214637
PANEL_WT_MATCHED,?,N_AIM,47.6,0.2309915
PANEL_WT_MATCHED,?,N_AIM,47.7,0.2414748
PANEL_WT_MATCHED,?,N_AIM,47.8,0.2121556
PANEL_WT_MATCHED,?,N_AIM,47.9,0.2433702
PANEL_WT_MATCHED,?,N_AIM,48.0,0.2184856
PANEL_WT_MATCHED,?,N_AIM,48.1,0.2306686
PANEL_WT_MATCHED,?,N_AIM,48.2,0.2289301
PANEL_WT_MATCHED,?,N_AIM,48.3,0.2122853
PANEL_WT_MATCHED,?,N_AIM,48.4,0.2314368
PANEL_WT_MATCHED,?,N_AIM,48.5,0.2185886
PANEL_WT_MATCHED,?,N_AIM,48.6,0.2389728
PANEL_WT_MATCHED,?,N_AIM,48.7,0.2120614
PANEL_WT_MATCHED,?,N_AIM,48.8,0.2061334
PANEL_WT_MATCHED,?,N_AIM,48.9,0.2311557
PANEL_WT_MATCHED,?,N_AIM,49.0,0.23053
PANEL_WT_MATCHED,?,N_AIM,49.1,0.2256436
PANEL_WT_MATCHED,?,N_AIM,49.2,0.2215897
PANEL_WT_MATCHED,?,N_AIM,49.3,0.2381281
PANEL_WT_MATCHED,?,N_AIM,49.4,0.2145251
PANEL_WT_MATCHED,?,N_AIM,49.5,0.2412239
PANEL_WT_MATCHED,?,N_AIM,49.6,0.2017821
PANEL_WT_MATCHED,?,N_AIM,49.7,0.1844725
PANEL_WT_MATCHED,?,N_AIM,49.8,0.2408733
PANEL_WT_MATCHED,?,N_AIM,49.9,0.2441577
PANEL_WT_MATCHED,?,N_AIM,50.0,0.2335015
R1308C,2B,AIM_all,0.0,0.1805935
R1308C,2B,AIM_all,0.1,0.1687926
R1308C,2B,AIM_all,0.2,0.1688464
R1308C,2B,AIM_all,0.3,0.1781541
R1308C,2B,AIM_all,0.4,0.16575
R1308C,2B,AIM_all,0.5,0.1663551
R1308C,2B,AIM_all,0.6,0.1624868
R1308C,2B,AIM_all,0.7,0.1696733
R1308C,2B,AIM_all,0.8,0.1620959
R1308C,2B,AIM_all,0.9,0.1683482
R1308C,2B,AIM_all,1.0,0.1715428
R1308C,2B,AIM_all,1.1,0.1657133
R1308C,2B,AIM_all,1.2,0.1720494
R1308C,2B,AIM_all,1.3,0.1757331
R1308C,2B,AIM_all,1.4,0.1752543
R1308C,2B,AIM_all,1.5,0.1629079
R1308C,2B,AIM_all,1.6,0.1624223
R1308C,2B,AIM_all,1.7,0.1681014
R1308C,2B,AIM_all,1.8,0.1755674
R1308C,2B,AIM_all,1.9,0.1639816
R1308C,2B,AIM_all,2.0,0.1657985
R1308C,2B,AIM_all,2.1,0.1663763
R1308C,2B,AIM_all,2.2,0.1694316
R1308C,2B,AIM_all,2.3,0.1715519
R1308C,2B,AIM_all,2.4,0.169956
R1308C,2B,AIM_all,2.5,0.1710849
R1308C,2B,AIM_all,2.6,0.1652452
R1308C,2B,AIM_all,2.7,0.175414
R1308C,2B,AIM_all,2.8,0.1742043
R1308C,2B,AIM_all,2.9,0.1628895
R1308C,2B,AIM_all,3.0,0.1666552
R1308C,2B,AIM_all,3.1,0.1822585
R1308C,2B,AIM_all,3.2,0.174937
R1308C,2B,AIM_all,3.3,0.1694374
R1308C,2B,AIM_all,3.4,0.1617189
R1308C,2B,AIM_all,3.5,0.1648363
R1308C,2B,AIM_all,3.6,0.1607794
R1308C,2B,AIM_all,3.7,0.1721076
R1308C,2B,AIM_all,3.8,0.1747023
R1308C,2B,AIM_all,3.9,0.1635205
R1308C,2B,AIM_all,4.0,0.170593
R1308C,2B,AIM_all,4.1,0.1714963
R1308C,2B,AIM_all,4.2,0.1674933
R1308C,2B,AIM_all,4.3,0.1521611
R1308C,2B,AIM_all,4.4,0.1641037
R1308C,2B,AIM_all,4.5,0.1695642
R1308C,2B,AIM_all,4.6,0.167344
R1308C,2B,AIM_all,4.7,0.1630032
R1308C,2B,AIM_all,4.8,0.1770734
R1308C,2B,AIM_all,4.9,0.1601782
R1308C,2B,AIM_all,5.0,0.1701089
R1308C,2B,AIM_all,5.1,0.166015
R1308C,2B,AIM_all,5.2,0.1689882
R1308C,2B,AIM_all,5.3,0.1677887
R1308C,2B,AIM_all,5.4,0.1682765
R1308C,2B,AIM_all,5.5,0.1593549
R1308C,2B,AIM_all,5.6,0.1689556
R1308C,2B,AIM_all,5.7,0.179925
R1308C,2B,AIM_all,5.8,0.1593519
R1308C,2B,AIM_all,5.9,0.1647816
R1308C,2B,AIM_all,6.0,0.1644749
R1308C,2B,AIM_all,6.1,0.1920055
R1308C,2B,AIM_all,6.2,0.1616942
R1308C,2B,AIM_all,6.3,0.1662468
R1308C,2B,AIM_all,6.4,0.172644
R1308C,2B,AIM_all,6.5,0.1657105
R1308C,2B,AIM_all,6.6,0.1773583
R1308C,2B,AIM_all,6.7,0.172482
R1308C,2B,AIM_all,6.8,0.1639326
R1308C,2B,AIM_all,6.9,0.1736604
R1308C,2B,AIM_all,7.0,0.1729742
R1308C,2B,AIM_all,7.1,0.1803111
R1308C,2B,AIM_all,7.2,0.1657287
R1308C,2B,AIM_all,7.3,0.1680773
R1308C,2B,AIM_all,7.400001,0.1773217
R1308C,2B,AIM_all,7.5,0.1780803
R1308C,2B,AIM_all,7.6,0.1587859
R1308C,2B,AIM_all,7.7,0.1633248
R1308C,2B,AIM_all,7.8,0.1561185
R1308C,2B,AIM_all,7.900001,0.1726123
R1308C,2B,AIM_all,8.0,0.170085
R1308C,2B,AIM_all,8.1,0.173043
R1308C,2B,AIM_all,8.200001,0.1742355
R1308C,2B,AIM_all,8.3,0.1769665
R1308C,2B,AIM_all,8.400001,0.1735999
R1308C,2B,AIM_all,8.5,0.1581488
R1308C,2B,AIM_all,8.6,0.1643564
R1308C,2B,AIM_all,8.700001,0.1717584
R1308C,2B,AIM_all,8.8,0.1599844
R1308C,2B,AIM_all,8.900001,0.1914978
R1308C,2B,AIM_all,9.0,0.1777103
R1308C,2B,AIM_all,9.1,0.1801413
R1308C,2B,AIM_all,9.200001,0.1739253
R1308C,2B,AIM_all,9.3,0.1876083
R1308C,2B,AIM_all,9.400001,0.1765135
R1308C,2B,AIM_all,9.5,0.1625239
R1308C,2B,AIM_all,9.6,0.1692897
R1308C,2B,AIM_all,9.700001,0.1859057
R1308C,2B,AIM_all,9.8,0.1612889
R1308C,2B,AIM_all,9.900001,0.1738532
R1308C,2B,AIM_all,10.0,0.2023734
R1308C,2B,AIM_all,10.1,0.1949591
R1308C,2B,AIM_all,10.2,0.1984163
R1308C,2B,AIM_all,10.3,0.1900054
R1308C,2B,AIM_all,10.4,0.182258
R1308C,2B,AIM_all,10.5,0.1781096
R1308C,2B,AIM_all,10.6,0.1928471
R1308C,2B,AIM_all,10.7,0.1812182
R1308C,2B,AIM_all,10.8,0.1717789
R1308C,2B,AIM_all,10.9,0.1811796
R1308C,2B,AIM_all,11.0,0.1732367
R1308C,2B,AIM_all,11.1,0.1775077
R1308C,2B,AIM_all,11.2,0.1874325
R1308C,2B,AIM_all,11.3,0.1890185
R1308C,2B,AIM_all,11.4,0.1713503
R1308C,2B,AIM_all,11.5,0.18087
R1308C,2B,AIM_all,11.6,0.2054898
R1308C,2B,AIM_all,11.7,0.1921377
R1308C,2B,AIM_all,11.8,0.1704759
R1308C,2B,AIM_all,11.9,0.1805684
R1308C,2B,AIM_all,12.0,0.1668805
R1308C,2B,AIM_all,12.1,0.2289498
R1308C,2B,AIM_all,12.2,0.1840136
R1308C,2B,AIM_all,12.3,0.1880374
R1308C,2B,AIM_all,12.4,0.1911306
R1308C,2B,AIM_all,12.5,0.1904572
R1308C,2B,AIM_all,12.6,0.1893251
R1308C,2B,AIM_all,12.7,0.1907512
R1308C,2B,AIM_all,12.8,0.1887589
R1308C,2B,AIM_all,12.9,0.1833385
R1308C,2B,AIM_all,13.0,0.1731415
R1308C,2B,AIM_all,13.1,0.1685792
R1308C,2B,AIM_all,13.2,0.1929844
R1308C,2B,AIM_all,13.3,0.2001874
R1308C,2B,AIM_all,13.4,0.1571656
R1308C,2B,AIM_all,13.5,0.2131621
R1308C,2B,AIM_all,13.6,0.207432
R1308C,2B,AIM_all,13.7,0.2090694
R1308C,2B,AIM_all,13.8,0.1723543
R1308C,2B,AIM_all,13.9,0.1735885
R1308C,2B,AIM_all,14.0,0.1615705
R1308C,2B,AIM_all,14.1,0.1713359
R1308C,2B,AIM_all,14.2,0.1756304
R1308C,2B,AIM_all,14.3,0.1921822
R1308C,2B,AIM_all,14.4,0.1944301
R1308C,2B,AIM_all,14.5,0.2153158
R1308C,2B,AIM_all,14.6,0.1685792
R1308C,2B,AIM_all,14.7,0.1829891
R1308C,2B,AIM_all,14.8,0.1687452
R1308C,2B,AIM_all,14.9,0.1675142
R1308C,2B,AIM_all,15.0,0.1928264
R1308C,2B,AIM_all,15.1,0.1597685
R1308C,2B,AIM_all,15.2,0.1705315
R1308C,2B,AIM_all,15.3,0.1585371
R1308C,2B,AIM_all,15.4,0.1642376
R1308C,2B,AIM_all,15.5,0.1743243
R1308C,2B,AIM_all,15.6,0.1687274
R1308C,2B,AIM_all,15.7,0.1762102
R1308C,2B,AIM_all,15.8,0.180039
R1308C,2B,AIM_all,15.9,0.1593799
R1308C,2B,AIM_all,16.0,0.1603122
R1308C,2B,AIM_all,16.1,0.1654963
R1308C,2B,AIM_all,16.2,0.1629049
R1308C,2B,AIM_all,16.3,0.1861909
R1308C,2B,AIM_all,16.4,0.1496028
R1308C,2B,AIM_all,16.5,0.1680059
R1308C,2B,AIM_all,16.6,0.1846755
R1308C,2B,AIM_all,16.7,0.1681219
R1308C,2B,AIM_all,16.8,0.1592733
R1308C,2B,AIM_all,16.9,0.170038
R1308C,2B,AIM_all,17.0,0.1757897
R1308C,2B,AIM_all,17.1,0.1642195
R1308C,2B,AIM_all,17.2,0.1641524
R1308C,2B,AIM_all,17.3,0.1473431
R1308C,2B,AIM_all,17.4,0.1848078
R1308C,2B,AIM_all,17.5,0.1618206
R1308C,2B,AIM_all,17.6,0.1768416
R1308C,2B,AIM_all,17.7,0.158953
R1308C,2B,AIM_all,17.8,0.1719361
R1308C,2B,AIM_all,17.9,0.183363
R1308C,2B,AIM_all,18.0,0.1756012
R1308C,2B,AIM_all,18.1,0.1749171
R1308C,2B,AIM_all,18.2,0.1685526
R1308C,2B,AIM_all,18.3,0.1689053
R1308C,2B,AIM_all,18.4,0.1804496
R1308C,2B,AIM_all,18.5,0.1807401
R1308C,2B,AIM_all,18.6,0.1853294
R1308C,2B,AIM_all,18.7,0.1863035
R1308C,2B,AIM_all,18.8,0.1875877
R1308C,2B,AIM_all,18.9,0.1943042
R1308C,2B,AIM_all,19.0,0.1790114
R1308C,2B,AIM_all,19.1,0.1756476
R1308C,2B,AIM_all,19.2,0.1751742
R1308C,2B,AIM_all,19.3,0.1899714
R1308C,2B,AIM_all,19.4,0.1886664
R1308C,2B,AIM_all,19.5,0.1766416
R1308C,2B,AIM_all,19.6,0.1628155
R1308C,2B,AIM_all,19.7,0.1773386
R1308C,2B,AIM_all,19.8,0.1834421
R1308C,2B,AIM_all,19.9,0.1693785
R1308C,2B,AIM_all,20.0,0.1732371
R1308C,2B,AIM_all,20.1,0.189808
R1308C,2B,AIM_all,20.2,0.1796024
R1308C,2B,AIM_all,20.3,0.1735538
R1308C,2B,AIM_all,20.4,0.1768021
R1308C,2B,AIM_all,20.5,0.1720613
R1308C,2B,AIM_all,20.6,0.1735341
R1308C,2B,AIM_all,20.7,0.1772935
R1308C,2B,AIM_all,20.8,0.1558525
R1308C,2B,AIM_all,20.9,0.1654721
R1308C,2B,AIM_all,21.0,0.1630031
R1308C,2B,AIM_all,21.1,0.1665021
R1308C,2B,AIM_all,21.2,0.1687423
R1308C,2B,AIM_all,21.3,0.1765049
R1308C,2B,AIM_all,21.4,0.1596685
R1308C,2B,AIM_all,21.5,0.1569904
R1308C,2B,AIM_all,21.6,0.1718631
R1308C,2B,AIM_all,21.7,0.175639
R1308C,2B,AIM_all,21.8,0.1803876
R1308C,2B,AIM_all,21.9,0.1763324
R1308C,2B,AIM_all,22.0,0.1659668
R1308C,2B,AIM_all,22.1,0.16811
R1308C,2B,AIM_all,22.2,0.175676
R1308C,2B,AIM_all,22.3,0.1665592
R1308C,2B,AIM_all,22.4,0.1760992
R1308C,2B,AIM_all,22.5,0.1764114
R1308C,2B,AIM_all,22.6,0.1633985
R1308C,2B,AIM_all,22.7,0.1641399
R1308C,2B,AIM_all,22.8,0.1659035
R1308C,2B,AIM_all,22.9,0.1668685
R1308C,2B,AIM_all,23.0,0.174267
R1308C,2B,AIM_all,23.1,0.1737641
R1308C,2B,AIM_all,23.2,0.1606549
R1308C,2B,AIM_all,23.3,0.1667965
R1308C,2B,AIM_all,23.4,0.1816068
R1308C,2B,AIM_all,23.5,0.1576896
R1308C,2B,AIM_all,23.6,0.1718982
R1308C,2B,AIM_all,23.7,0.1815956
R1308C,2B,AIM_all,23.8,0.1649394
R1308C,2B,AIM_all,23.9,0.1695439
R1308C,2B,AIM_all,24.0,0.1742553
R1308C,2B,AIM_all,24.1,0.1624594
R1308C,2B,AIM_all,24.2,0.1605397
R1308C,2B,AIM_all,24.3,0.1672961
R1308C,2B,AIM_all,24.4,0.1734186
R1308C,2B,AIM_all,24.5,0.1722934
R1308C,2B,AIM_all,24.6,0.1582593
R1308C,2B,AIM_all,24.7,0.1675142
R1308C,2B,AIM_all,24.8,0.1714351
R1308C,2B,AIM_all,24.9,0.1671735
R1308C,2B,AIM_all,25.0,0.164906
R1308C,2B,AIM_all,25.1,0.1754338
R1308C,2B,AIM_all,25.2,0.1594678
R1308C,2B,AIM_all,25.3,0.1783144
R1308C,2B,AIM_all,25.4,0.1732859
R1308C,2B,AIM_all,25.5,0.1755591
R1308C,2B,AIM_all,25.6,0.1850189
R1308C,2B,AIM_all,25.7,0.1736001
R1308C,2B,AIM_all,25.8,0.1701881
R1308C,2B,AIM_all,25.9,0.1634933
R1308C,2B,AIM_all,26.0,0.1784154
R1308C,2B,AIM_all,26.1,0.1687878
R1308C,2B,AIM_all,26.2,0.1602466
R1308C,2B,AIM_all,26.3,0.166003
R1308C,2B,AIM_all,26.4,0.1700117
R1308C,2B,AIM_all,26.5,0.1727049
R1308C,2B,AIM_all,26.6,0.1685735
R1308C,2B,AIM_all,26.7,0.163878
R1308C,2B,AIM_all,26.8,0.1746368
R1308C,2B,AIM_all,26.9,0.1669071
R1308C,2B,AIM_all,27.0,0.1649879
R1308C,2B,AIM_all,27.1,0.1747971
R1308C,2B,AIM_all,27.2,0.1686743
R1308C,2B,AIM_all,27.3,0.1627084
R1308C,2B,AIM_all,27.4,0.1722121
R1308C,2B,AIM_all,27.5,0.174485
R1308C,2B,AIM_all,27.6,0.1664452
R1308C,2B,AIM_all,27.7,0.1655718
R1308C,2B,AIM_all,27.8,0.1787177
R1308C,2B,AIM_all,27.9,0.1580983
R1308C,2B,AIM_all,28.0,0.1599188
R1308C,2B,AIM_all,28.1,0.164405
R1308C,2B,AIM_all,28.2,0.1633677
R1308C,2B,AIM_all,28.3,0.1687543
R1308C,2B,AIM_all,28.4,0.1496698
R1308C,2B,AIM_all,28.5,0.1782442
R1308C,2B,AIM_all,28.6,0.1817961
R1308C,2B,AIM_all,28.7,0.1807622
R1308C,2B,AIM_all,28.8,0.1654508
R1308C,2B,AIM_all,28.9,0.1728644
R1308C,2B,AIM_all,29.0,0.1585782
R1308C,2B,AIM_all,29.1,0.1799639
R1308C,2B,AIM_all,29.2,0.1776683
R1308C,2B,AIM_all,29.3,0.1815654
R1308C,2B,AIM_all,29.4,0.1744277
R1308C,2B,AIM_all,29.5,0.1702029
R1308C,2B,AIM_all,29.6,0.1772485
R1308C,2B,AIM_all,29.7,0.1694373
R1308C,2B,AIM_all,29.8,0.1710525
R1308C,2B,AIM_all,29.9,0.1733837
R1308C,2B,AIM_all,30.0,0.1779272
R1308C,2B,AIM_all,30.1,0.15617
R1308C,2B,AIM_all,30.2,0.1636277
R1308C,2B,AIM_all,30.3,0.1669492
R1308C,2B,AIM_all,30.4,0.1638203
R1308C,2B,AIM_all,30.5,0.1505293
R1308C,2B,AIM_all,30.6,0.1637834
R1308C,2B,AIM_all,30.7,0.168339
R1308C,2B,AIM_all,30.8,0.1695703
R1308C,2B,AIM_all,30.9,0.1691923
R1308C,2B,AIM_all,31.0,0.1669794
R1308C,2B,AIM_all,31.1,0.1703791
R1308C,2B,AIM_all,31.2,0.1720638
R1308C,2B,AIM_all,31.3,0.1696704
R1308C,2B,AIM_all,31.4,0.1619288
R1308C,2B,AIM_all,31.5,0.1716102
R1308C,2B,AIM_all,31.6,0.1743644
R1308C,2B,AIM_all,31.7,0.1741377
R1308C,2B,AIM_all,31.8,0.1699559
R1308C,2B,AIM_all,31.9,0.1724037
R1308C,2B,AIM_all,32.0,0.1658945
R1308C,2B,AIM_all,32.1,0.1761222
R1308C,2B,AIM_all,32.2,0.1837332
R1308C,2B,AIM_all,32.3,0.1734476
R1308C,2B,AIM_all,32.4,0.1631104
R1308C,2B,AIM_all,32.5,0.1775924
R1308C,2B,AIM_all,32.6,0.1727137
R1308C,2B,AIM_all,32.7,0.1716886
R1308C,2B,AIM_all,32.8,0.1653423
R1308C,2B,AIM_all,32.9,0.1706547
R1308C,2B,AIM_all,33.0,0.1858736
R1308C,2B,AIM_all,33.1,0.1698619
R1308C,2B,AIM_all,33.2,0.1662229
R1308C,2B,AIM_all,33.3,0.1877925
R1308C,2B,AIM_all,33.4,0.1682082
R1308C,2B,AIM_all,33.5,0.1775558
R1308C,2B,AIM_all,33.6,0.199025
R1308C,2B,AIM_all,33.7,0.1878003
R1308C,2B,AIM_all,33.8,0.1923043
R1308C,2B,AIM_all,33.9,0.1840051
R1308C,2B,AIM_all,34.0,0.1923486
R1308C,2B,AIM_all,34.1,0.1712396
R1308C,2B,AIM_all,34.2,0.1845915
R1308C,2B,AIM_all,34.3,0.1609316
R1308C,2B,AIM_all,34.4,0.1830465
R1308C,2B,AIM_all,34.5,0.2105991
R1308C,2B,AIM_all,34.6,0.1993715
R1308C,2B,AIM_all,34.7,0.1675622
R1308C,2B,AIM_all,34.8,0.1857792
R1308C,2B,AIM_all,34.9,0.1892085
R1308C,2B,AIM_all,35.0,0.1816508
R1308C,2B,AIM_all,35.1,0.1959744
R1308C,2B,AIM_all,35.2,0.1734474
R1308C,2B,AIM_all,35.3,0.1722498
R1308C,2B,AIM_all,35.4,0.170294
R1308C,2B,AIM_all,35.5,0.186786
R1308C,2B,AIM_all,35.6,0.1838478
R1308C,2B,AIM_all,35.7,0.1809089
R1308C,2B,AIM_all,35.8,0.1725198
R1308C,2B,AIM_all,35.9,0.1660241
R1308C,2B,AIM_all,36.0,0.1909162
R1308C,2B,AIM_all,36.1,0.1896814
R1308C,2B,AIM_all,36.2,0.1853378
R1308C,2B,AIM_all,36.3,0.181846
R1308C,2B,AIM_all,36.4,0.1725514
R1308C,2B,AIM_all,36.5,0.1858118
R1308C,2B,AIM_all,36.6,0.1876326
R1308C,2B,AIM_all,36.7,0.1744213
R1308C,2B,AIM_all,36.8,0.1882153
R1308C,2B,AIM_all,36.9,0.1780142
R1308C,2B,AIM_all,37.0,0.1693104
R1308C,2B,AIM_all,37.1,0.1859167
R1308C,2B,AIM_all,37.2,0.1887697
R1308C,2B,AIM_all,37.3,0.1989827
R1308C,2B,AIM_all,37.4,0.1660391
R1308C,2B,AIM_all,37.5,0.1741867
R1308C,2B,AIM_all,37.6,0.1704436
R1308C,2B,AIM_all,37.7,0.1655958
R1308C,2B,AIM_all,37.8,0.1783536
R1308C,2B,AIM_all,37.9,0.1655627
R1308C,2B,AIM_all,38.0,0.1717352
R1308C,2B,AIM_all,38.1,0.1692011
R1308C,2B,AIM_all,38.2,0.1606021
R1308C,2B,AIM_all,38.3,0.1649423
R1308C,2B,AIM_all,38.4,0.1758696
R1308C,2B,AIM_all,38.5,0.1614714
R1308C,2B,AIM_all,38.6,0.186984
R1308C,2B,AIM_all,38.7,0.1830246
R1308C,2B,AIM_all,38.8,0.1718197
R1308C,2B,AIM_all,38.9,0.1716916
R1308C,2B,AIM_all,39.0,0.1684904
R1308C,2B,AIM_all,39.1,0.1644689
R1308C,2B,AIM_all,39.2,0.1738419
R1308C,2B,AIM_all,39.3,0.1612982
R1308C,2B,AIM_all,39.4,0.164384
R1308C,2B,AIM_all,39.5,0.182825
R1308C,2B,AIM_all,39.6,0.1838533
R1308C,2B,AIM_all,39.7,0.1750685
R1308C,2B,AIM_all,39.8,0.188587
R1308C,2B,AIM_all,39.9,0.172537
R1308C,2B,AIM_all,40.0,0.16772
R1308C,2B,AIM_all,40.1,0.1602032
R1308C,2B,AIM_all,40.2,0.1719681
R1308C,2B,AIM_all,40.3,0.1793625
R1308C,2B,AIM_all,40.4,0.1794074
R1308C,2B,AIM_all,40.5,0.1776115
R1308C,2B,AIM_all,40.6,0.1905153
R1308C,2B,AIM_all,40.7,0.1713388
R1308C,2B,AIM_all,40.8,0.1763464
R1308C,2B,AIM_all,40.9,0.1721656
R1308C,2B,AIM_all,41.0,0.1679643
R1308C,2B,AIM_all,41.1,0.1585244
R1308C,2B,AIM_all,41.2,0.1964472
R1308C,2B,AIM_all,41.3,0.1757328
R1308C,2B,AIM_all,41.4,0.1728988
R1308C,2B,AIM_all,41.5,0.1757442
R1308C,2B,AIM_all,41.6,0.1631715
R1308C,2B,AIM_all,41.7,0.1706254
R1308C,2B,AIM_all,41.8,0.1695935
R1308C,2B,AIM_all,41.9,0.169791
R1308C,2B,AIM_all,42.0,0.1788014
R1308C,2B,AIM_all,42.1,0.1784407
R1308C,2B,AIM_all,42.2,0.1759688
R1308C,2B,AIM_all,42.3,0.1648666
R1308C,2B,AIM_all,42.4,0.1718898
R1308C,2B,AIM_all,42.5,0.1676784
R1308C,2B,AIM_all,42.6,0.1650608
R1308C,2B,AIM_all,42.7,0.170936
R1308C,2B,AIM_all,42.8,0.1663821
R1308C,2B,AIM_all,42.9,0.1606674
R1308C,2B,AIM_all,43.0,0.1741551
R1308C,2B,AIM_all,43.1,0.1670029
R1308C,2B,AIM_all,43.2,0.1758325
R1308C,2B,AIM_all,43.3,0.1749885
R1308C,2B,AIM_all,43.4,0.1821096
R1308C,2B,AIM_all,43.5,0.1676766
R1308C,2B,AIM_all,43.6,0.172482
R1308C,2B,AIM_all,43.7,0.1922214
R1308C,2B,AIM_all,43.8,0.1816536
R1308C,2B,AIM_all,43.9,0.1709504
R1308C,2B,AIM_all,44.0,0.168621
R1308C,2B,AIM_all,44.1,0.1630336
R1308C,2B,AIM_all,44.2,0.1878459
R1308C,2B,AIM_all,44.3,0.1697086
R1308C,2B,AIM_all,44.4,0.1781711
R1308C,2B,AIM_all,44.5,0.1667515
R1308C,2B,AIM_all,44.6,0.1784068
R1308C,2B,AIM_all,44.7,0.1775334
R1308C,2B,AIM_all,44.8,0.1757414
R1308C,2B,AIM_all,44.9,0.1961177
R1308C,2B,AIM_all,45.0,0.1809393
R1308C,2B,AIM_all,45.1,0.1757416
R1308C,2B,AIM_all,45.2,0.1669251
R1308C,2B,AIM_all,45.3,0.1673976
R1308C,2B,AIM_all,45.4,0.1526859
R1308C,2B,AIM_all,45.5,0.1632792
R1308C,2B,AIM_all,45.6,0.1617748
R1308C,2B,AIM_all,45.7,0.1698263
R1308C,2B,AIM_all,45.8,0.164885
R1308C,2B,AIM_all,45.9,0.1667125
R1308C,2B,AIM_all,46.0,0.1733148
R1308C,2B,AIM_all,46.1,0.1862956
R1308C,2B,AIM_all,46.2,0.169077
R1308C,2B,AIM_all,46.3,0.1623606
R1308C,2B,AIM_all,46.4,0.1768843
R1308C,2B,AIM_all,46.5,0.1711722
R1308C,2B,AIM_all,46.6,0.1841549
R1308C,2B,AIM_all,46.7,0.1882658
R1308C,2B,AIM_all,46.8,0.1802886
R1308C,2B,AIM_all,46.9,0.1736605
R1308C,2B,AIM_all,47.0,0.1711782
R1308C,2B,AIM_all,47.1,0.1910422
R1308C,2B,AIM_all,47.2,0.1885525
R1308C,2B,AIM_all,47.3,0.1860375
R1308C,2B,AIM_all,47.4,0.1793601
R1308C,2B,AIM_all,47.5,0.1698264
R1308C,2B,AIM_all,47.6,0.1748886
R1308C,2B,AIM_all,47.7,0.1861047
R1308C,2B,AIM_all,47.8,0.1864565
R1308C,2B,AIM_all,47.9,0.1817992
R1308C,2B,AIM_all,48.0,0.169806
R1308C,2B,AIM_all,48.1,0.1733234
R1308C,2B,AIM_all,48.2,0.175687
R1308C,2B,AIM_all,48.3,0.1574927
R1308C,2B,AIM_all,48.4,0.1698646
R1308C,2B,AIM_all,48.5,0.1656534
R1308C,2B,AIM_all,48.6,0.1802305
R1308C,2B,AIM_all,48.7,0.176193
R1308C,2B,AIM_all,48.8,0.1702061
R1308C,2B,AIM_all,48.9,0.1780026
R1308C,2B,AIM_all,49.0,0.1850027
R1308C,2B,AIM_all,49.1,0.1681725
R1308C,2B,AIM_all,49.2,0.171187
R1308C,2B,AIM_all,49.3,0.1617593
R1308C,2B,AIM_all,49.4,0.1803275
R1308C,2B,AIM_all,49.5,0.1943734
R1308C,2B,AIM_all,49.6,0.1860323
R1308C,2B,AIM_all,49.7,0.1781264
R1308C,2B,AIM_all,49.8,0.1731907
R1308C,2B,AIM_all,49.9,0.1941804
R1308C,2B,AIM_all,50.0,0.1805433
R1308C,2B,C_AIM,0.0,0.1907826
R1308C,2B,C_AIM,0.1,0.1730893
R1308C,2B,C_AIM,0.2,0.2065772
R1308C,2B,C_AIM,0.3,0.1846322
R1308C,2B,C_AIM,0.4,0.2224701
R1308C,2B,C_AIM,0.5,0.2017379
R1308C,2B,C_AIM,0.6,0.199281
R1308C,2B,C_AIM,0.7,0.1916794
R1308C,2B,C_AIM,0.8,0.2290264
R1308C,2B,C_AIM,0.9,0.2113456
R1308C,2B,C_AIM,1.0,0.2198496
R1308C,2B,C_AIM,1.1,0.2234751
R1308C,2B,C_AIM,1.2,0.2185476
R1308C,2B,C_AIM,1.3,0.2096022
R1308C,2B,C_AIM,1.4,0.2183253
R1308C,2B,C_AIM,1.5,0.2290391
R1308C,2B,C_AIM,1.6,0.2046072
R1308C,2B,C_AIM,1.7,0.2305904
R1308C,2B,C_AIM,1.8,0.206257
R1308C,2B,C_AIM,1.9,0.2106015
R1308C,2B,C_AIM,2.0,0.204536
R1308C,2B,C_AIM,2.1,0.235894
R1308C,2B,C_AIM,2.2,0.214965
R1308C,2B,C_AIM,2.3,0.2368185
R1308C,2B,C_AIM,2.4,0.2178027
R1308C,2B,C_AIM,2.5,0.2055968
R1308C,2B,C_AIM,2.6,0.1937267
R1308C,2B,C_AIM,2.7,0.2057087
R1308C,2B,C_AIM,2.8,0.2256568
R1308C,2B,C_AIM,2.9,0.2039263
R1308C,2B,C_AIM,3.0,0.2071933
R1308C,2B,C_AIM,3.1,0.2259779
R1308C,2B,C_AIM,3.2,0.2137333
R1308C,2B,C_AIM,3.3,0.2274247
R1308C,2B,C_AIM,3.4,0.2272159
R1308C,2B,C_AIM,3.5,0.2117972
R1308C,2B,C_AIM,3.6,0.2155553
R1308C,2B,C_AIM,3.7,0.2209161
R1308C,2B,C_AIM,3.8,0.2213845
R1308C,2B,C_AIM,3.9,0.2091579
R1308C,2B,C_AIM,4.0,0.2150278
R1308C,2B,C_AIM,4.1,0.2111565
R1308C,2B,C_AIM,4.2,0.1902474
R1308C,2B,C_AIM,4.3,0.2186255
R1308C,2B,C_AIM,4.4,0.2373688
R1308C,2B,C_AIM,4.5,0.1861476
R1308C,2B,C_AIM,4.6,0.2319094
R1308C,2B,C_AIM,4.7,0.2328907
R1308C,2B,C_AIM,4.8,0.2055819
R1308C,2B,C_AIM,4.9,0.2101524
R1308C,2B,C_AIM,5.0,0.2155808
R1308C,2B,C_AIM,5.1,0.1790504
R1308C,2B,C_AIM,5.2,0.2224773
R1308C,2B,C_AIM,5.3,0.222124
R1308C,2B,C_AIM,5.4,0.2286875
R1308C,2B,C_AIM,5.5,0.2177638
R1308C,2B,C_AIM,5.6,0.220057
R1308C,2B,C_AIM,5.7,0.2300543
R1308C,2B,C_AIM,5.8,0.2101736
R1308C,2B,C_AIM,5.9,0.2157335
R1308C,2B,C_AIM,6.0,0.2106826
R1308C,2B,C_AIM,6.1,0.2095923
R1308C,2B,C_AIM,6.2,0.2060608
R1308C,2B,C_AIM,6.3,0.1895629
R1308C,2B,C_AIM,6.4,0.1988619
R1308C,2B,C_AIM,6.5,0.1979948
R1308C,2B,C_AIM,6.6,0.2171752
R1308C,2B,C_AIM,6.7,0.1830683
R1308C,2B,C_AIM,6.8,0.2211853
R1308C,2B,C_AIM,6.9,0.2151141
R1308C,2B,C_AIM,7.0,0.2165594
R1308C,2B,C_AIM,7.1,0.2056234
R1308C,2B,C_AIM,7.2,0.2170578
R1308C,2B,C_AIM,7.3,0.2188584
R1308C,2B,C_AIM,7.400001,0.1914938
R1308C,2B,C_AIM,7.5,0.2221827
R1308C,2B,C_AIM,7.6,0.2041129
R1308C,2B,C_AIM,7.7,0.2075787
R1308C,2B,C_AIM,7.8,0.2091432
R1308C,2B,C_AIM,7.900001,0.2309459
R1308C,2B,C_AIM,8.0,0.2029976
R1308C,2B,C_AIM,8.1,0.2181216
R1308C,2B,C_AIM,8.200001,0.2089256
R1308C,2B,C_AIM,8.3,0.2043673
R1308C,2B,C_AIM,8.400001,0.1938892
R1308C,2B,C_AIM,8.5,0.2112653
R1308C,2B,C_AIM,8.6,0.2164393
R1308C,2B,C_AIM,8.700001,0.2141426
R1308C,2B,C_AIM,8.8,0.2159377
R1308C,2B,C_AIM,8.900001,0.1936234
R1308C,2B,C_AIM,9.0,0.2027732
R1308C,2B,C_AIM,9.1,0.2139765
R1308C,2B,C_AIM,9.200001,0.1993342
R1308C,2B,C_AIM,9.3,0.1989498
R1308C,2B,C_AIM,9.400001,0.2180575
R1308C,2B,C_AIM,9.5,0.2177818
R1308C,2B,C_AIM,9.6,0.2430927
R1308C,2B,C_AIM,9.700001,0.2170921
R1308C,2B,C_AIM,9.8,0.2048366
R1308C,2B,C_AIM,9.900001,0.2459024
R1308C,2B,C_AIM,10.0,0.2255263
R1308C,2B,C_AIM,10.1,0.2087822
R1308C,2B,C_AIM,10.2,0.2017249
R1308C,2B,C_AIM,10.3,0.2212577
R1308C,2B,C_AIM,10.4,0.1963898
R1308C,2B,C_AIM,10.5,0.2212553
R1308C,2B,C_AIM,10.6,0.2311469
R1308C,2B,C_AIM,10.7,0.2184789
R1308C,2B,C_AIM,10.8,0.2032682
R1308C,2B,C_AIM,10.9,0.2148394
R1308C,2B,C_AIM,11.0,0.1732367
R1308C,2B,C_AIM,11.1,0.2118679
R1308C,2B,C_AIM,11.2,0.2128709
R1308C,2B,C_AIM,11.3,0.1938555
R1308C,2B,C_AIM,11.4,0.2048144
R1308C,2B,C_AIM,11.5,0.2194422
R1308C,2B,C_AIM,11.6,0.2054898
R1308C,2B,C_AIM,11.7,0.1921377
R1308C,2B,C_AIM,11.8,0.2169123
R1308C,2B,C_AIM,11.9,0.1969213
R1308C,2B,C_AIM,12.0,0.1668805
R1308C,2B,C_AIM,12.1,0.2527785
R1308C,2B,C_AIM,12.2,0.1926601
R1308C,2B,C_AIM,12.3,0.2204474
R1308C,2B,C_AIM,12.4,0.1911306
R1308C,2B,C_AIM,12.5,0.201303
R1308C,2B,C_AIM,12.6,0.2007062
R1308C,2B,C_AIM,12.7,0.1907512
R1308C,2B,C_AIM,12.8,0.232667
R1308C,2B,C_AIM,12.9,0.2138831
R1308C,2B,C_AIM,13.0,0.2175129
R1308C,2B,C_AIM,13.1,0.1963517
R1308C,2B,C_AIM,13.2,0.2252337
R1308C,2B,C_AIM,13.3,0.2001874
R1308C,2B,C_AIM,13.4,0.2118891
R1308C,2B,C_AIM,13.5,0.2131621
R1308C,2B,C_AIM,13.6,0.207432
R1308C,2B,C_AIM,13.7,0.2140348
R1308C,2B,C_AIM,13.8,0.2084348
R1308C,2B,C_AIM,13.9,0.2130351
R1308C,2B,C_AIM,14.0,0.2102309
R1308C,2B,C_AIM,14.1,0.2242231
R1308C,2B,C_AIM,14.2,0.2059925
R1308C,2B,C_AIM,14.3,0.1941701
R1308C,2B,C_AIM,14.4,0.1965986
R1308C,2B,C_AIM,14.5,0.2192578
R1308C,2B,C_AIM,14.6,0.2071445
R1308C,2B,C_AIM,14.7,0.2339424
R1308C,2B,C_AIM,14.8,0.209714
R1308C,2B,C_AIM,14.9,0.1981164
R1308C,2B,C_AIM,15.0,0.219194
R1308C,2B,C_AIM,15.1,0.2109144
R1308C,2B,C_AIM,15.2,0.2386758
R1308C,2B,C_AIM,15.3,0.1838723
R1308C,2B,C_AIM,15.4,0.1701352
R1308C,2B,C_AIM,15.5,0.2025067
R1308C,2B,C_AIM,15.6,0.191609
R1308C,2B,C_AIM,15.7,0.2060437
R1308C,2B,C_AIM,15.8,0.2133002
R1308C,2B,C_AIM,15.9,0.207685
R1308C,2B,C_AIM,16.0,0.2005745
R1308C,2B,C_AIM,16.1,0.1776372
R1308C,2B,C_AIM,16.2,0.2095354
R1308C,2B,C_AIM,16.3,0.193662
R1308C,2B,C_AIM,16.4,0.198575
R1308C,2B,C_AIM,16.5,0.210307
R1308C,2B,C_AIM,16.6,0.2216734
R1308C,2B,C_AIM,16.7,0.2146207
R1308C,2B,C_AIM,16.8,0.2025067
R1308C,2B,C_AIM,16.9,0.2190183
R1308C,2B,C_AIM,17.0,0.2148859
R1308C,2B,C_AIM,17.1,0.1871845
R1308C,2B,C_AIM,17.2,0.1646176
R1308C,2B,C_AIM,17.3,0.2027337
R1308C,2B,C_AIM,17.4,0.2077377
R1308C,2B,C_AIM,17.5,0.1618206
R1308C,2B,C_AIM,17.6,0.2151161
R1308C,2B,C_AIM,17.7,0.158953
R1308C,2B,C_AIM,17.8,0.1719361
R1308C,2B,C_AIM,17.9,0.1983056
R1308C,2B,C_AIM,18.0,0.1978633
R1308C,2B,C_AIM,18.1,0.1749171
R1308C,2B,C_AIM,18.2,0.2092986
R1308C,2B,C_AIM,18.3,0.2023982
R1308C,2B,C_AIM,18.4,0.1987688
R1308C,2B,C_AIM,18.5,0.2147671
R1308C,2B,C_AIM,18.6,0.2002403
R1308C,2B,C_AIM,18.7,0.2041963
R1308C,2B,C_AIM,18.8,0.1875877
R1308C,2B,C_AIM,18.9,0.2200047
R1308C,2B,C_AIM,19.0,0.1924212
R1308C,2B,C_AIM,19.1,0.2137872
R1308C,2B,C_AIM,19.2,0.2236131
R1308C,2B,C_AIM,19.3,0.1899714
R1308C,2B,C_AIM,19.4,0.198237
R1308C,2B,C_AIM,19.5,0.1972005
R1308C,2B,C_AIM,19.6,0.180172
R1308C,2B,C_AIM,19.7,0.22492
R1308C,2B,C_AIM,19.8,0.2096902
R1308C,2B,C_AIM,19.9,0.2039535
R1308C,2B,C_AIM,20.0,0.2260752
R1308C,2B,C_AIM,20.1,0.2019827
R1308C,2B,C_AIM,20.2,0.2151507
R1308C,2B,C_AIM,20.3,0.2049485
R1308C,2B,C_AIM,20.4,0.2097546
R1308C,2B,C_AIM,20.5,0.2065381
R1308C,2B,C_AIM,20.6,0.2134926
R1308C,2B,C_AIM,20.7,0.2214723
R1308C,2B,C_AIM,20.8,0.2001152
R1308C,2B,C_AIM,20.9,0.1654721
R1308C,2B,C_AIM,21.0,0.1828279
R1308C,2B,C_AIM,21.1,0.1734964
R1308C,2B,C_AIM,21.2,0.1687423
R1308C,2B,C_AIM,21.3,0.1890846
R1308C,2B,C_AIM,21.4,0.1596685
R1308C,2B,C_AIM,21.5,0.1569904
R1308C,2B,C_AIM,21.6,0.1873203
R1308C,2B,C_AIM,21.7,0.229194
R1308C,2B,C_AIM,21.8,0.2545016
R1308C,2B,C_AIM,21.9,0.2106895
R1308C,2B,C_AIM,22.0,0.1659668
R1308C,2B,C_AIM,22.1,0.2142656
R1308C,2B,C_AIM,22.2,0.2274842
R1308C,2B,C_AIM,22.3,0.2094446
R1308C,2B,C_AIM,22.4,0.2271961
R1308C,2B,C_AIM,22.5,0.1870453
R1308C,2B,C_AIM,22.6,0.1660995
R1308C,2B,C_AIM,22.7,0.2098476
R1308C,2B,C_AIM,22.8,0.1659035
R1308C,2B,C_AIM,22.9,0.2057205
R1308C,2B,C_AIM,23.0,0.2214791
R1308C,2B,C_AIM,23.1,0.2406554
R1308C,2B,C_AIM,23.2,0.2044505
R1308C,2B,C_AIM,23.3,0.2160046
R1308C,2B,C_AIM,23.4,0.2183898
R1308C,2B,C_AIM,23.5,0.2134903
R1308C,2B,C_AIM,23.6,0.2068673
R1308C,2B,C_AIM,23.7,0.2264993
R1308C,2B,C_AIM,23.8,0.2028599
R1308C,2B,C_AIM,23.9,0.1906564
R1308C,2B,C_AIM,24.0,0.2043527
R1308C,2B,C_AIM,24.1,0.2066445
R1308C,2B,C_AIM,24.2,0.2162429
R1308C,2B,C_AIM,24.3,0.2307854
R1308C,2B,C_AIM,24.4,0.1979017
R1308C,2B,C_AIM,24.5,0.2053558
R1308C,2B,C_AIM,24.6,0.2060946
R1308C,2B,C_AIM,24.7,0.2113907
R1308C,2B,C_AIM,24.8,0.210345
R1308C,2B,C_AIM,24.9,0.1978485
R1308C,2B,C_AIM,25.0,0.1870989
R1308C,2B,C_AIM,25.1,0.1871924
R1308C,2B,C_AIM,25.2,0.1969237
R1308C,2B,C_AIM,25.3,0.2209389
R1308C,2B,C_AIM,25.4,0.2144436
R1308C,2B,C_AIM,25.5,0.2046019
R1308C,2B,C_AIM,25.6,0.2152535
R1308C,2B,C_AIM,25.7,0.2017799
R1308C,2B,C_AIM,25.8,0.2219505
R1308C,2B,C_AIM,25.9,0.1798249
R1308C,2B,C_AIM,26.0,0.1939019
R1308C,2B,C_AIM,26.1,0.2136608
R1308C,2B,C_AIM,26.2,0.2049998
R1308C,2B,C_AIM,26.3,0.1709562
R1308C,2B,C_AIM,26.4,0.1700117
R1308C,2B,C_AIM,26.5,0.1950718
R1308C,2B,C_AIM,26.6,0.1891242
R1308C,2B,C_AIM,26.7,0.2034552
R1308C,2B,C_AIM,26.8,0.1998124
R1308C,2B,C_AIM,26.9,0.2119743
R1308C,2B,C_AIM,27.0,0.1862955
R1308C,2B,C_AIM,27.1,0.1831775
R1308C,2B,C_AIM,27.2,0.2464732
R1308C,2B,C_AIM,27.3,0.1627084
R1308C,2B,C_AIM,27.4,0.2169149
R1308C,2B,C_AIM,27.5,0.2021358
R1308C,2B,C_AIM,27.6,0.2178188
R1308C,2B,C_AIM,27.7,0.2004642
R1308C,2B,C_AIM,27.8,0.1833742
R1308C,2B,C_AIM,27.9,0.1580983
R1308C,2B,C_AIM,28.0,0.1599188
R1308C,2B,C_AIM,28.1,0.164405
R1308C,2B,C_AIM,28.2,0.2140958
R1308C,2B,C_AIM,28.3,0.1713884
R1308C,2B,C_AIM,28.4,0.1496698
R1308C,2B,C_AIM,28.5,0.1861208
R1308C,2B,C_AIM,28.6,0.2077886
R1308C,2B,C_AIM,28.7,0.2221083
R1308C,2B,C_AIM,28.8,0.2026302
R1308C,2B,C_AIM,28.9,0.2122192
R1308C,2B,C_AIM,29.0,0.2087942
R1308C,2B,C_AIM,29.1,0.2186642
R1308C,2B,C_AIM,29.2,0.2050607
R1308C,2B,C_AIM,29.3,0.2059756
R1308C,2B,C_AIM,29.4,0.2104492
R1308C,2B,C_AIM,29.5,0.184354
R1308C,2B,C_AIM,29.6,0.2212439
R1308C,2B,C_AIM,29.7,0.2038283
R1308C,2B,C_AIM,29.8,0.1972738
R1308C,2B,C_AIM,29.9,0.2251602
R1308C,2B,C_AIM,30.0,0.2126641
R1308C,2B,C_AIM,30.1,0.2105824
R1308C,2B,C_AIM,30.2,0.2064389
R1308C,2B,C_AIM,30.3,0.1976537
R1308C,2B,C_AIM,30.4,0.2134714
R1308C,2B,C_AIM,30.5,0.1505293
R1308C,2B,C_AIM,30.6,0.1655446
R1308C,2B,C_AIM,30.7,0.187755
R1308C,2B,C_AIM,30.8,0.1695703
R1308C,2B,C_AIM,30.9,0.2173338
R1308C,2B,C_AIM,31.0,0.1927849
R1308C,2B,C_AIM,31.1,0.1863384
R1308C,2B,C_AIM,31.2,0.209802
R1308C,2B,C_AIM,31.3,0.2126594
R1308C,2B,C_AIM,31.4,0.1907278
R1308C,2B,C_AIM,31.5,0.1716102
R1308C,2B,C_AIM,31.6,0.2097329
R1308C,2B,C_AIM,31.7,0.223549
R1308C,2B,C_AIM,31.8,0.1855633
R1308C,2B,C_AIM,31.9,0.2196859
R1308C,2B,C_AIM,32.0,0.2161043
R1308C,2B,C_AIM,32.1,0.2174901
R1308C,2B,C_AIM,32.2,0.2120518
R1308C,2B,C_AIM,32.3,0.2382016
R1308C,2B,C_AIM,32.4,0.2056523
R1308C,2B,C_AIM,32.5,0.2029876
R1308C,2B,C_AIM,32.6,0.227451
R1308C,2B,C_AIM,32.7,0.2160298
R1308C,2B,C_AIM,32.8,0.2221757
R1308C,2B,C_AIM,32.9,0.2051002
R1308C,2B,C_AIM,33.0,0.2074414
R1308C,2B,C_AIM,33.1,0.2128875
R1308C,2B,C_AIM,33.2,0.2242943
R1308C,2B,C_AIM,33.3,0.2390839
R1308C,2B,C_AIM,33.4,0.2238148
R1308C,2B,C_AIM,33.5,0.2204221
R1308C,2B,C_AIM,33.6,0.2300742
R1308C,2B,C_AIM,33.7,0.2112913
R1308C,2B,C_AIM,33.8,0.2040932
R1308C,2B,C_AIM,33.9,0.2365124
R1308C,2B,C_AIM,34.0,0.2158289
R1308C,2B,C_AIM,34.1,0.2108319
R1308C,2B,C_AIM,34.2,0.1952844
R1308C,2B,C_AIM,34.3,0.2276158
R1308C,2B,C_AIM,34.4,0.1933312
R1308C,2B,C_AIM,34.5,0.2139862
R1308C,2B,C_AIM,34.6,0.2068648
R1308C,2B,C_AIM,34.7,0.2077526
R1308C,2B,C_AIM,34.8,0.2113787
R1308C,2B,C_AIM,34.9,0.1892085
R1308C,2B,C_AIM,35.0,0.2296149
R1308C,2B,C_AIM,35.1,0.233981
R1308C,2B,C_AIM,35.2,0.2170368
R1308C,2B,C_AIM,35.3,0.2096331
R1308C,2B,C_AIM,35.4,0.2171292
R1308C,2B,C_AIM,35.5,0.2255838
R1308C,2B,C_AIM,35.6,0.198397
R1308C,2B,C_AIM,35.7,0.208137
R1308C,2B,C_AIM,35.8,0.1725198
R1308C,2B,C_AIM,35.9,0.1941907
R1308C,2B,C_AIM,36.0,0.206354
R1308C,2B,C_AIM,36.1,0.2085665
R1308C,2B,C_AIM,36.2,0.2211902
R1308C,2B,C_AIM,36.3,0.191133
R1308C,2B,C_AIM,36.4,0.2110307
R1308C,2B,C_AIM,36.5,0.1982174
R1308C,2B,C_AIM,36.6,0.2015414
R1308C,2B,C_AIM,36.7,0.1744213
R1308C,2B,C_AIM,36.8,0.2229104
R1308C,2B,C_AIM,36.9,0.2096223
R1308C,2B,C_AIM,37.0,0.1964232
R1308C,2B,C_AIM,37.1,0.2037085
R1308C,2B,C_AIM,37.2,0.2157269
R1308C,2B,C_AIM,37.3,0.1989827
R1308C,2B,C_AIM,37.4,0.1660391
R1308C,2B,C_AIM,37.5,0.1741867
R1308C,2B,C_AIM,37.6,0.2167073
R1308C,2B,C_AIM,37.7,0.1693339
R1308C,2B,C_AIM,37.8,0.2125702
R1308C,2B,C_AIM,37.9,0.2021607
R1308C,2B,C_AIM,38.0,0.2150861
R1308C,2B,C_AIM,38.1,0.2007734
R1308C,2B,C_AIM,38.2,0.2003747
R1308C,2B,C_AIM,38.3,0.2362118
R1308C,2B,C_AIM,38.4,0.2058034
R1308C,2B,C_AIM,38.5,0.2004046
R1308C,2B,C_AIM,38.6,0.186984
R1308C,2B,C_AIM,38.7,0.227932
R1308C,2B,C_AIM,38.8,0.2036591
R1308C,2B,C_AIM,38.9,0.2164901
R1308C,2B,C_AIM,39.0,0.2220947
R1308C,2B,C_AIM,39.1,0.1932693
R1308C,2B,C_AIM,39.2,0.2094301
R1308C,2B,C_AIM,39.3,0.1612982
R1308C,2B,C_AIM,39.4,0.164384
R1308C,2B,C_AIM,39.5,0.182825
R1308C,2B,C_AIM,39.6,0.1847108
R1308C,2B,C_AIM,39.7,0.1780571
R1308C,2B,C_AIM,39.8,0.1990927
R1308C,2B,C_AIM,39.9,0.172537
R1308C,2B,C_AIM,40.0,0.1724703
R1308C,2B,C_AIM,40.1,0.1602032
R1308C,2B,C_AIM,40.2,0.1788799
R1308C,2B,C_AIM,40.3,0.1894939
R1308C,2B,C_AIM,40.4,0.1794074
R1308C,2B,C_AIM,40.5,0.1776115
R1308C,2B,C_AIM,40.6,0.1905153
R1308C,2B,C_AIM,40.7,0.1808086
R1308C,2B,C_AIM,40.8,0.1764658
R1308C,2B,C_AIM,40.9,0.1767222
R1308C,2B,C_AIM,41.0,0.1679643
R1308C,2B,C_AIM,41.1,0.1585244
R1308C,2B,C_AIM,41.2,0.1964472
R1308C,2B,C_AIM,41.3,0.1802054
R1308C,2B,C_AIM,41.4,0.1772598
R1308C,2B,C_AIM,41.5,0.1757442
R1308C,2B,C_AIM,41.6,0.1631715
R1308C,2B,C_AIM,41.7,0.1706254
R1308C,2B,C_AIM,41.8,0.1710237
R1308C,2B,C_AIM,41.9,0.169791
R1308C,2B,C_AIM,42.0,0.1910966
R1308C,2B,C_AIM,42.1,0.1842743
R1308C,2B,C_AIM,42.2,0.1904548
R1308C,2B,C_AIM,42.3,0.1735425
R1308C,2B,C_AIM,42.4,0.1718898
R1308C,2B,C_AIM,42.5,0.1676784
R1308C,2B,C_AIM,42.6,0.1717816
R1308C,2B,C_AIM,42.7,0.170936
R1308C,2B,C_AIM,42.8,0.1818046
R1308C,2B,C_AIM,42.9,0.1606674
R1308C,2B,C_AIM,43.0,0.1809032
R1308C,2B,C_AIM,43.1,0.1670029
R1308C,2B,C_AIM,43.2,0.1758325
R1308C,2B,C_AIM,43.3,0.1860457
R1308C,2B,C_AIM,43.4,0.1821096
R1308C,2B,C_AIM,43.5,0.1816287
R1308C,2B,C_AIM,43.6,0.172482
R1308C,2B,C_AIM,43.7,0.1922214
R1308C,2B,C_AIM,43.8,0.1833056
R1308C,2B,C_AIM,43.9,0.1709504
R1308C,2B,C_AIM,44.0,0.168621
R1308C,2B,C_AIM,44.1,0.1630336
R1308C,2B,C_AIM,44.2,0.2063249
R1308C,2B,C_AIM,44.3,0.1891401
R1308C,2B,C_AIM,44.4,0.1891798
R1308C,2B,C_AIM,44.5,0.1667515
R1308C,2B,C_AIM,44.6,0.2079737
R1308C,2B,C_AIM,44.7,0.1910445
R1308C,2B,C_AIM,44.8,0.1769774
R1308C,2B,C_AIM,44.9,0.1961177
R1308C,2B,C_AIM,45.0,0.1878029
R1308C,2B,C_AIM,45.1,0.1943605
R1308C,2B,C_AIM,45.2,0.1704611
R1308C,2B,C_AIM,45.3,0.1710936
R1308C,2B,C_AIM,45.4,0.1526859
R1308C,2B,C_AIM,45.5,0.1632792
R1308C,2B,C_AIM,45.6,0.1617748
R1308C,2B,C_AIM,45.7,0.1782189
R1308C,2B,C_AIM,45.8,0.164885
R1308C,2B,C_AIM,45.9,0.1667125
R1308C,2B,C_AIM,46.0,0.1733148
R1308C,2B,C_AIM,46.1,0.1938712
R1308C,2B,C_AIM,46.2,0.169077
R1308C,2B,C_AIM,46.3,0.1623606
R1308C,2B,C_AIM,46.4,0.2116857
R1308C,2B,C_AIM,46.5,0.2089592
R1308C,2B,C_AIM,46.6,0.1937886
R1308C,2B,C_AIM,46.7,0.201715
R1308C,2B,C_AIM,46.8,0.1997448
R1308C,2B,C_AIM,46.9,0.1900659
R1308C,2B,C_AIM,47.0,0.2275721
R1308C,2B,C_AIM,47.1,0.1989701
R1308C,2B,C_AIM,47.2,0.2101118
R1308C,2B,C_AIM,47.3,0.2266737
R1308C,2B,C_AIM,47.4,0.1989522
R1308C,2B,C_AIM,47.5,0.196525
R1308C,2B,C_AIM,47.6,0.2178304
R1308C,2B,C_AIM,47.7,0.2117384
R1308C,2B,C_AIM,47.8,0.2112887
R1308C,2B,C_AIM,47.9,0.2252909
R1308C,2B,C_AIM,48.0,0.2163448
R1308C,2B,C_AIM,48.1,0.2165408
R1308C,2B,C_AIM,48.2,0.1880505
R1308C,2B,C_AIM,48.3,0.1914184
R1308C,2B,C_AIM,48.4,0.2106084
R1308C,2B,C_AIM,48.5,0.1858335
R1308C,2B,C_AIM,48.6,0.1979193
R1308C,2B,C_AIM,48.7,0.2219055
R1308C,2B,C_AIM,48.8,0.2071377
R1308C,2B,C_AIM,48.9,0.2117308
R1308C,2B,C_AIM,49.0,0.2037866
R1308C,2B,C_AIM,49.1,0.2129105
R1308C,2B,C_AIM,49.2,0.2147695
R1308C,2B,C_AIM,49.3,0.1970405
R1308C,2B,C_AIM,49.4,0.1986025
R1308C,2B,C_AIM,49.5,0.2180089
R1308C,2B,C_AIM,49.6,0.2112108
R1308C,2B,C_AIM,49.7,0.1919217
R1308C,2B,C_AIM,49.8,0.1999352
R1308C,2B,C_AIM,49.9,0.2099859
R1308C,2B,C_AIM,50.0,0.1940156
R1308C,2B,N_AIM,0.0,0.1805935
R1308C,2B,N_AIM,0.1,0.1687926
R1308C,2B,N_AIM,0.2,0.1688464
R1308C,2B,N_AIM,0.3,0.1781541
R1308C,2B,N_AIM,0.4,0.16575
R1308C,2B,N_AIM,0.5,0.1663551
R1308C,2B,N_AIM,0.6,0.1624868
R1308C,2B,N_AIM,0.7,0.1696733
R1308C,2B,N_AIM,0.8,0.1620959
R1308C,2B,N_AIM,0.9,0.1683482
R1308C,2B,N_AIM,1.0,0.1715428
R1308C,2B,N_AIM,1.1,0.1657133
R1308C,2B,N_AIM,1.2,0.1720494
R1308C,2B,N_AIM,1.3,0.1757331
R1308C,2B,N_AIM,1.4,0.1752543
R1308C,2B,N_AIM,1.5,0.1629079
R1308C,2B,N_AIM,1.6,0.1624223
R1308C,2B,N_AIM,1.7,0.1681014
R1308C,2B,N_AIM,1.8,0.1755674
R1308C,2B,N_AIM,1.9,0.1639816
R1308C,2B,N_AIM,2.0,0.1657985
R1308C,2B,N_AIM,2.1,0.1663763
R1308C,2B,N_AIM,2.2,0.1694316
R1308C,2B,N_AIM,2.3,0.1715519
R1308C,2B,N_AIM,2.4,0.169956
R1308C,2B,N_AIM,2.5,0.1710849
R1308C,2B,N_AIM,2.6,0.1652452
R1308C,2B,N_AIM,2.7,0.175414
R1308C,2B,N_AIM,2.8,0.1742043
R1308C,2B,N_AIM,2.9,0.1628895
R1308C,2B,N_AIM,3.0,0.1666552
R1308C,2B,N_AIM,3.1,0.1822585
R1308C,2B,N_AIM,3.2,0.174937
R1308C,2B,N_AIM,3.3,0.1694374
R1308C,2B,N_AIM,3.4,0.1617189
R1308C,2B,N_AIM,3.5,0.1648363
R1308C,2B,N_AIM,3.6,0.1607794
R1308C,2B,N_AIM,3.7,0.1721076
R1308C,2B,N_AIM,3.8,0.1747023
R1308C,2B,N_AIM,3.9,0.1635205
R1308C,2B,N_AIM,4.0,0.170593
R1308C,2B,N_AIM,4.1,0.1714963
R1308C,2B,N_AIM,4.2,0.1674933
R1308C,2B,N_AIM,4.3,0.1521611
R1308C,2B,N_AIM,4.4,0.1641037
R1308C,2B,N_AIM,4.5,0.1695642
R1308C,2B,N_AIM,4.6,0.167344
R1308C,2B,N_AIM,4.7,0.1630032
R1308C,2B,N_AIM,4.8,0.1770734
R1308C,2B,N_AIM,4.9,0.1601782
R1308C,2B,N_AIM,5.0,0.1701089
R1308C,2B,N_AIM,5.1,0.166015
R1308C,2B,N_AIM,5.2,0.1689882
R1308C,2B,N_AIM,5.3,0.1677887
R1308C,2B,N_AIM,5.4,0.1682765
R1308C,2B,N_AIM,5.5,0.1593549
R1308C,2B,N_AIM,5.6,0.1689556
R1308C,2B,N_AIM,5.7,0.179925
R1308C,2B,N_AIM,5.8,0.1593519
R1308C,2B,N_AIM,5.9,0.1647816
R1308C,2B,N_AIM,6.0,0.1644749
R1308C,2B,N_AIM,6.1,0.1920055
R1308C,2B,N_AIM,6.2,0.1616942
R1308C,2B,N_AIM,6.3,0.1662468
R1308C,2B,N_AIM,6.4,0.172644
R1308C,2B,N_AIM,6.5,0.1657105
R1308C,2B,N_AIM,6.6,0.1773583
R1308C,2B,N_AIM,6.7,0.172482
R1308C,2B,N_AIM,6.8,0.1639326
R1308C,2B,N_AIM,6.9,0.1736604
R1308C,2B,N_AIM,7.0,0.1729742
R1308C,2B,N_AIM,7.1,0.1803111
R1308C,2B,N_AIM,7.2,0.1657287
R1308C,2B,N_AIM,7.3,0.1680773
R1308C,2B,N_AIM,7.400001,0.1773217
R1308C,2B,N_AIM,7.5,0.1780803
R1308C,2B,N_AIM,7.6,0.1587859
R1308C,2B,N_AIM,7.7,0.1633248
R1308C,2B,N_AIM,7.8,0.1561185
R1308C,2B,N_AIM,7.900001,0.1726123
R1308C,2B,N_AIM,8.0,0.170085
R1308C,2B,N_AIM,8.1,0.173043
R1308C,2B,N_AIM,8.200001,0.1742355
R1308C,2B,N_AIM,8.3,0.1769665
R1308C,2B,N_AIM,8.400001,0.1735999
R1308C,2B,N_AIM,8.5,0.1581488
R1308C,2B,N_AIM,8.6,0.1643564
R1308C,2B,N_AIM,8.700001,0.1717584
R1308C,2B,N_AIM,8.8,0.1599844
R1308C,2B,N_AIM,8.900001,0.1914978
R1308C,2B,N_AIM,9.0,0.1777103
R1308C,2B,N_AIM,9.1,0.1801413
R1308C,2B,N_AIM,9.200001,0.1739253
R1308C,2B,N_AIM,9.3,0.1876083
R1308C,2B,N_AIM,9.400001,0.1765135
R1308C,2B,N_AIM,9.5,0.1625239
R1308C,2B,N_AIM,9.6,0.1692897
R1308C,2B,N_AIM,9.700001,0.1859057
R1308C,2B,N_AIM,9.8,0.1612889
R1308C,2B,N_AIM,9.900001,0.1738532
R1308C,2B,N_AIM,10.0,0.2023734
R1308C,2B,N_AIM,10.1,0.1949591
R1308C,2B,N_AIM,10.2,0.1984163
R1308C,2B,N_AIM,10.3,0.1900054
R1308C,2B,N_AIM,10.4,0.182258
R1308C,2B,N_AIM,10.5,0.1781096
R1308C,2B,N_AIM,10.6,0.1928471
R1308C,2B,N_AIM,10.7,0.1812182
R1308C,2B,N_AIM,10.8,0.1717789
R1308C,2B,N_AIM,10.9,0.1811796
R1308C,2B,N_AIM,11.0,0.1965248
R1308C,2B,N_AIM,11.1,0.1775077
R1308C,2B,N_AIM,11.2,0.1874325
R1308C,2B,N_AIM,11.3,0.1890185
R1308C,2B,N_AIM,11.4,0.1713503
R1308C,2B,N_AIM,11.5,0.18087
R1308C,2B,N_AIM,11.6,0.217775
R1308C,2B,N_AIM,11.7,0.2064099
R1308C,2B,N_AIM,11.8,0.1704759
R1308C,2B,N_AIM,11.9,0.1805684
R1308C,2B,N_AIM,12.0,0.1991005
R1308C,2B,N_AIM,12.1,0.2289498
R1308C,2B,N_AIM,12.2,0.1840136
R1308C,2B,N_AIM,12.3,0.1880374
R1308C,2B,N_AIM,12.4,0.2031698
R1308C,2B,N_AIM,12.5,0.1904572
R1308C,2B,N_AIM,12.6,0.1893251
R1308C,2B,N_AIM,12.7,0.1925145
R1308C,2B,N_AIM,12.8,0.1887589
R1308C,2B,N_AIM,12.9,0.1833385
R1308C,2B,N_AIM,13.0,0.1731415
R1308C,2B,N_AIM,13.1,0.1685792
R1308C,2B,N_AIM,13.2,0.1929844
R1308C,2B,N_AIM,13.3,0.2406119
R1308C,2B,N_AIM,13.4,0.1571656
R1308C,2B,N_AIM,13.5,0.2291398
R1308C,2B,N_AIM,13.6,0.215235
R1308C,2B,N_AIM,13.7,0.2090694
R1308C,2B,N_AIM,13.8,0.1723543
R1308C,2B,N_AIM,13.9,0.1735885
R1308C,2B,N_AIM,14.0,0.1615705
R1308C,2B,N_AIM,14.1,0.1713359
R1308C,2B,N_AIM,14.2,0.1756304
R1308C,2B,N_AIM,14.3,0.1921822
R1308C,2B,N_AIM,14.4,0.1944301
R1308C,2B,N_AIM,14.5,0.2153158
R1308C,2B,N_AIM,14.6,0.1685792
R1308C,2B,N_AIM,14.7,0.1829891
R1308C,2B,N_AIM,14.8,0.1687452
R1308C,2B,N_AIM,14.9,0.1675142
R1308C,2B,N_AIM,15.0,0.1928264
R1308C,2B,N_AIM,15.1,0.1597685
R1308C,2B,N_AIM,15.2,0.1705315
R1308C,2B,N_AIM,15.3,0.1585371
R1308C,2B,N_AIM,15.4,0.1642376
R1308C,2B,N_AIM,15.5,0.1743243
R1308C,2B,N_AIM,15.6,0.1687274
R1308C,2B,N_AIM,15.7,0.1762102
R1308C,2B,N_AIM,15.8,0.180039
R1308C,2B,N_AIM,15.9,0.1593799
R1308C,2B,N_AIM,16.0,0.1603122
R1308C,2B,N_AIM,16.1,0.1654963
R1308C,2B,N_AIM,16.2,0.1629049
R1308C,2B,N_AIM,16.3,0.1861909
R1308C,2B,N_AIM,16.4,0.1496028
R1308C,2B,N_AIM,16.5,0.1680059
R1308C,2B,N_AIM,16.6,0.1846755
R1308C,2B,N_AIM,16.7,0.1681219
R1308C,2B,N_AIM,16.8,0.1592733
R1308C,2B,N_AIM,16.9,0.170038
R1308C,2B,N_AIM,17.0,0.1757897
R1308C,2B,N_AIM,17.1,0.1642195
R1308C,2B,N_AIM,17.2,0.1641524
R1308C,2B,N_AIM,17.3,0.1473431
R1308C,2B,N_AIM,17.4,0.1848078
R1308C,2B,N_AIM,17.5,0.1939743
R1308C,2B,N_AIM,17.6,0.1768416
R1308C,2B,N_AIM,17.7,0.1589967
R1308C,2B,N_AIM,17.8,0.186925
R1308C,2B,N_AIM,17.9,0.183363
R1308C,2B,N_AIM,18.0,0.1756012
R1308C,2B,N_AIM,18.1,0.1784404
R1308C,2B,N_AIM,18.2,0.1685526
R1308C,2B,N_AIM,18.3,0.1689053
R1308C,2B,N_AIM,18.4,0.1804496
R1308C,2B,N_AIM,18.5,0.1807401
R1308C,2B,N_AIM,18.6,0.1853294
R1308C,2B,N_AIM,18.7,0.1863035
R1308C,2B,N_AIM,18.8,0.1914263
R1308C,2B,N_AIM,18.9,0.1943042
R1308C,2B,N_AIM,19.0,0.1790114
R1308C,2B,N_AIM,19.1,0.1756476
R1308C,2B,N_AIM,19.2,0.1751742
R1308C,2B,N_AIM,19.3,0.1931475
R1308C,2B,N_AIM,19.4,0.1886664
R1308C,2B,N_AIM,19.5,0.1766416
R1308C,2B,N_AIM,19.6,0.1628155
R1308C,2B,N_AIM,19.7,0.1773386
R1308C,2B,N_AIM,19.8,0.1834421
R1308C,2B,N_AIM,19.9,0.1693785
R1308C,2B,N_AIM,20.0,0.1732371
R1308C,2B,N_AIM,20.1,0.189808
R1308C,2B,N_AIM,20.2,0.1796024
R1308C,2B,N_AIM,20.3,0.1735538
R1308C,2B,N_AIM,20.4,0.1768021
R1308C,2B,N_AIM,20.5,0.1720613
R1308C,2B,N_AIM,20.6,0.1735341
R1308C,2B,N_AIM,20.7,0.1772935
R1308C,2B,N_AIM,20.8,0.1558525
R1308C,2B,N_AIM,20.9,0.1655868
R1308C,2B,N_AIM,21.0,0.1630031
R1308C,2B,N_AIM,21.1,0.1665021
R1308C,2B,N_AIM,21.2,0.1782159
R1308C,2B,N_AIM,21.3,0.1765049
R1308C,2B,N_AIM,21.4,0.1676512
R1308C,2B,N_AIM,21.5,0.1718546
R1308C,2B,N_AIM,21.6,0.1718631
R1308C,2B,N_AIM,21.7,0.175639
R1308C,2B,N_AIM,21.8,0.1803876
R1308C,2B,N_AIM,21.9,0.1763324
R1308C,2B,N_AIM,22.0,0.1706752
R1308C,2B,N_AIM,22.1,0.16811
R1308C,2B,N_AIM,22.2,0.175676
R1308C,2B,N_AIM,22.3,0.1665592
R1308C,2B,N_AIM,22.4,0.1760992
R1308C,2B,N_AIM,22.5,0.1764114
R1308C,2B,N_AIM,22.6,0.1633985
R1308C,2B,N_AIM,22.7,0.1641399
R1308C,2B,N_AIM,22.8,0.1905446
R1308C,2B,N_AIM,22.9,0.1668685
R1308C,2B,N_AIM,23.0,0.174267
R1308C,2B,N_AIM,23.1,0.1737641
R1308C,2B,N_AIM,23.2,0.1606549
R1308C,2B,N_AIM,23.3,0.1667965
R1308C,2B,N_AIM,23.4,0.1816068
R1308C,2B,N_AIM,23.5,0.1576896
R1308C,2B,N_AIM,23.6,0.1718982
R1308C,2B,N_AIM,23.7,0.1815956
R1308C,2B,N_AIM,23.8,0.1649394
R1308C,2B,N_AIM,23.9,0.1695439
R1308C,2B,N_AIM,24.0,0.1742553
R1308C,2B,N_AIM,24.1,0.1624594
R1308C,2B,N_AIM,24.2,0.1605397
R1308C,2B,N_AIM,24.3,0.1672961
R1308C,2B,N_AIM,24.4,0.1734186
R1308C,2B,N_AIM,24.5,0.1722934
R1308C,2B,N_AIM,24.6,0.1582593
R1308C,2B,N_AIM,24.7,0.1675142
R1308C,2B,N_AIM,24.8,0.1714351
R1308C,2B,N_AIM,24.9,0.1671735
R1308C,2B,N_AIM,25.0,0.164906
R1308C,2B,N_AIM,25.1,0.1754338
R1308C,2B,N_AIM,25.2,0.1594678
R1308C,2B,N_AIM,25.3,0.1783144
R1308C,2B,N_AIM,25.4,0.1732859
R1308C,2B,N_AIM,25.5,0.1755591
R1308C,2B,N_AIM,25.6,0.1850189
R1308C,2B,N_AIM,25.7,0.1736001
R1308C,2B,N_AIM,25.8,0.1701881
R1308C,2B,N_AIM,25.9,0.1634933
R1308C,2B,N_AIM,26.0,0.1784154
R1308C,2B,N_AIM,26.1,0.1687878
R1308C,2B,N_AIM,26.2,0.1602466
R1308C,2B,N_AIM,26.3,0.166003
R1308C,2B,N_AIM,26.4,0.1718546
R1308C,2B,N_AIM,26.5,0.1727049
R1308C,2B,N_AIM,26.6,0.1685735
R1308C,2B,N_AIM,26.7,0.163878
R1308C,2B,N_AIM,26.8,0.1746368
R1308C,2B,N_AIM,26.9,0.1669071
R1308C,2B,N_AIM,27.0,0.1649879
R1308C,2B,N_AIM,27.1,0.1747971
R1308C,2B,N_AIM,27.2,0.1686743
R1308C,2B,N_AIM,27.3,0.1726991
R1308C,2B,N_AIM,27.4,0.1722121
R1308C,2B,N_AIM,27.5,0.174485
R1308C,2B,N_AIM,27.6,0.1664452
R1308C,2B,N_AIM,27.7,0.1655718
R1308C,2B,N_AIM,27.8,0.1787177
R1308C,2B,N_AIM,27.9,0.1679137
R1308C,2B,N_AIM,28.0,0.1642376
R1308C,2B,N_AIM,28.1,0.1794241
R1308C,2B,N_AIM,28.2,0.1633677
R1308C,2B,N_AIM,28.3,0.1687543
R1308C,2B,N_AIM,28.4,0.1649818
R1308C,2B,N_AIM,28.5,0.1782442
R1308C,2B,N_AIM,28.6,0.1817961
R1308C,2B,N_AIM,28.7,0.1807622
R1308C,2B,N_AIM,28.8,0.1654508
R1308C,2B,N_AIM,28.9,0.1728644
R1308C,2B,N_AIM,29.0,0.1585782
R1308C,2B,N_AIM,29.1,0.1799639
R1308C,2B,N_AIM,29.2,0.1776683
R1308C,2B,N_AIM,29.3,0.1815654
R1308C,2B,N_AIM,29.4,0.1744277
R1308C,2B,N_AIM,29.5,0.1702029
R1308C,2B,N_AIM,29.6,0.1772485
R1308C,2B,N_AIM,29.7,0.1694373
R1308C,2B,N_AIM,29.8,0.1710525
R1308C,2B,N_AIM,29.9,0.1733837
R1308C,2B,N_AIM,30.0,0.1779272
R1308C,2B,N_AIM,30.1,0.15617
R1308C,2B,N_AIM,30.2,0.1636277
R1308C,2B,N_AIM,30.3,0.1669492
R1308C,2B,N_AIM,30.4,0.1638203
R1308C,2B,N_AIM,30.5,0.1714087
R1308C,2B,N_AIM,30.6,0.1637834
R1308C,2B,N_AIM,30.7,0.168339
R1308C,2B,N_AIM,30.8,0.1752427
R1308C,2B,N_AIM,30.9,0.1691923
R1308C,2B,N_AIM,31.0,0.1669794
R1308C,2B,N_AIM,31.1,0.1703791
R1308C,2B,N_AIM,31.2,0.1720638
R1308C,2B,N_AIM,31.3,0.1696704
R1308C,2B,N_AIM,31.4,0.1619288
R1308C,2B,N_AIM,31.5,0.1772992
R1308C,2B,N_AIM,31.6,0.1743644
R1308C,2B,N_AIM,31.7,0.1741377
R1308C,2B,N_AIM,31.8,0.1699559
R1308C,2B,N_AIM,31.9,0.1724037
R1308C,2B,N_AIM,32.0,0.1658945
R1308C,2B,N_AIM,32.1,0.1761222
R1308C,2B,N_AIM,32.2,0.1837332
R1308C,2B,N_AIM,32.3,0.1734476
R1308C,2B,N_AIM,32.4,0.1631104
R1308C,2B,N_AIM,32.5,0.1775924
R1308C,2B,N_AIM,32.6,0.1727137
R1308C,2B,N_AIM,32.7,0.1716886
R1308C,2B,N_AIM,32.8,0.1653423
R1308C,2B,N_AIM,32.9,0.1706547
R1308C,2B,N_AIM,33.0,0.1858736
R1308C,2B,N_AIM,33.1,0.1698619
R1308C,2B,N_AIM,33.2,0.1662229
R1308C,2B,N_AIM,33.3,0.1877925
R1308C,2B,N_AIM,33.4,0.1682082
R1308C,2B,N_AIM,33.5,0.1775558
R1308C,2B,N_AIM,33.6,0.199025
R1308C,2B,N_AIM,33.7,0.1878003
R1308C,2B,N_AIM,33.8,0.1923043
R1308C,2B,N_AIM,33.9,0.1840051
R1308C,2B,N_AIM,34.0,0.1923486
R1308C,2B,N_AIM,34.1,0.1712396
R1308C,2B,N_AIM,34.2,0.1845915
R1308C,2B,N_AIM,34.3,0.1609316
R1308C,2B,N_AIM,34.4,0.1830465
R1308C,2B,N_AIM,34.5,0.2105991
R1308C,2B,N_AIM,34.6,0.1993715
R1308C,2B,N_AIM,34.7,0.1675622
R1308C,2B,N_AIM,34.8,0.1857792
R1308C,2B,N_AIM,34.9,0.1990327
R1308C,2B,N_AIM,35.0,0.1816508
R1308C,2B,N_AIM,35.1,0.1959744
R1308C,2B,N_AIM,35.2,0.1734474
R1308C,2B,N_AIM,35.3,0.1722498
R1308C,2B,N_AIM,35.4,0.170294
R1308C,2B,N_AIM,35.5,0.186786
R1308C,2B,N_AIM,35.6,0.1838478
R1308C,2B,N_AIM,35.7,0.1809089
R1308C,2B,N_AIM,35.8,0.1837743
R1308C,2B,N_AIM,35.9,0.1660241
R1308C,2B,N_AIM,36.0,0.1909162
R1308C,2B,N_AIM,36.1,0.1896814
R1308C,2B,N_AIM,36.2,0.1853378
R1308C,2B,N_AIM,36.3,0.181846
R1308C,2B,N_AIM,36.4,0.1725514
R1308C,2B,N_AIM,36.5,0.1858118
R1308C,2B,N_AIM,36.6,0.1876326
R1308C,2B,N_AIM,36.7,0.1948438
R1308C,2B,N_AIM,36.8,0.1882153
R1308C,2B,N_AIM,36.9,0.1780142
R1308C,2B,N_AIM,37.0,0.1693104
R1308C,2B,N_AIM,37.1,0.1859167
R1308C,2B,N_AIM,37.2,0.1887697
R1308C,2B,N_AIM,37.3,0.2056163
R1308C,2B,N_AIM,37.4,0.1769212
R1308C,2B,N_AIM,37.5,0.1786731
R1308C,2B,N_AIM,37.6,0.1704436
R1308C,2B,N_AIM,37.7,0.1655958
R1308C,2B,N_AIM,37.8,0.1783536
R1308C,2B,N_AIM,37.9,0.1655627
R1308C,2B,N_AIM,38.0,0.1717352
R1308C,2B,N_AIM,38.1,0.1692011
R1308C,2B,N_AIM,38.2,0.1606021
R1308C,2B,N_AIM,38.3,0.1649423
R1308C,2B,N_AIM,38.4,0.1758696
R1308C,2B,N_AIM,38.5,0.1614714
R1308C,2B,N_AIM,38.6,0.188263
R1308C,2B,N_AIM,38.7,0.1830246
R1308C,2B,N_AIM,38.8,0.1718197
R1308C,2B,N_AIM,38.9,0.1716916
R1308C,2B,N_AIM,39.0,0.1684904
R1308C,2B,N_AIM,39.1,0.1644689
R1308C,2B,N_AIM,39.2,0.1738419
R1308C,2B,N_AIM,39.3,0.1765276
R1308C,2B,N_AIM,39.4,0.1838068
R1308C,2B,N_AIM,39.5,0.1835565
R1308C,2B,N_AIM,39.6,0.1838533
R1308C,2B,N_AIM,39.7,0.1750685
R1308C,2B,N_AIM,39.8,0.188587
R1308C,2B,N_AIM,39.9,0.1748686
R1308C,2B,N_AIM,40.0,0.16772
R1308C,2B,N_AIM,40.1,0.1784992
R1308C,2B,N_AIM,40.2,0.1719681
R1308C,2B,N_AIM,40.3,0.1793625
R1308C,2B,N_AIM,40.4,0.1875312
R1308C,2B,N_AIM,40.5,0.2074752
R1308C,2B,N_AIM,40.6,0.2072413
R1308C,2B,N_AIM,40.7,0.1713388
R1308C,2B,N_AIM,40.8,0.1763464
R1308C,2B,N_AIM,40.9,0.1721656
R1308C,2B,N_AIM,41.0,0.1808203
R1308C,2B,N_AIM,41.1,0.1971548
R1308C,2B,N_AIM,41.2,0.2046118
R1308C,2B,N_AIM,41.3,0.1757328
R1308C,2B,N_AIM,41.4,0.1728988
R1308C,2B,N_AIM,41.5,0.1831993
R1308C,2B,N_AIM,41.6,0.2047703
R1308C,2B,N_AIM,41.7,0.1733151
R1308C,2B,N_AIM,41.8,0.1695935
R1308C,2B,N_AIM,41.9,0.177992
R1308C,2B,N_AIM,42.0,0.1788014
R1308C,2B,N_AIM,42.1,0.1784407
R1308C,2B,N_AIM,42.2,0.1759688
R1308C,2B,N_AIM,42.3,0.1648666
R1308C,2B,N_AIM,42.4,0.1945482
R1308C,2B,N_AIM,42.5,0.200811
R1308C,2B,N_AIM,42.6,0.1650608
R1308C,2B,N_AIM,42.7,0.1861211
R1308C,2B,N_AIM,42.8,0.1663821
R1308C,2B,N_AIM,42.9,0.1849484
R1308C,2B,N_AIM,43.0,0.1741551
R1308C,2B,N_AIM,43.1,0.1820027
R1308C,2B,N_AIM,43.2,0.1937343
R1308C,2B,N_AIM,43.3,0.1749885
R1308C,2B,N_AIM,43.4,0.1981442
R1308C,2B,N_AIM,43.5,0.1676766
R1308C,2B,N_AIM,43.6,0.1870669
R1308C,2B,N_AIM,43.7,0.1923877
R1308C,2B,N_AIM,43.8,0.1816536
R1308C,2B,N_AIM,43.9,0.179583
R1308C,2B,N_AIM,44.0,0.1707189
R1308C,2B,N_AIM,44.1,0.1740949
R1308C,2B,N_AIM,44.2,0.1878459
R1308C,2B,N_AIM,44.3,0.1697086
R1308C,2B,N_AIM,44.4,0.1781711
R1308C,2B,N_AIM,44.5,0.1742125
R1308C,2B,N_AIM,44.6,0.1784068
R1308C,2B,N_AIM,44.7,0.1775334
R1308C,2B,N_AIM,44.8,0.1757414
R1308C,2B,N_AIM,44.9,0.200826
R1308C,2B,N_AIM,45.0,0.1809393
R1308C,2B,N_AIM,45.1,0.1757416
R1308C,2B,N_AIM,45.2,0.1669251
R1308C,2B,N_AIM,45.3,0.1673976
R1308C,2B,N_AIM,45.4,0.1780647
R1308C,2B,N_AIM,45.5,0.1779355
R1308C,2B,N_AIM,45.6,0.1820025
R1308C,2B,N_AIM,45.7,0.1698263
R1308C,2B,N_AIM,45.8,0.1732629
R1308C,2B,N_AIM,45.9,0.1833303
R1308C,2B,N_AIM,46.0,0.2072946
R1308C,2B,N_AIM,46.1,0.1862956
R1308C,2B,N_AIM,46.2,0.1797914
R1308C,2B,N_AIM,46.3,0.1724587
R1308C,2B,N_AIM,46.4,0.1768843
R1308C,2B,N_AIM,46.5,0.1711722
R1308C,2B,N_AIM,46.6,0.1841549
R1308C,2B,N_AIM,46.7,0.1882658
R1308C,2B,N_AIM,46.8,0.1802886
R1308C,2B,N_AIM,46.9,0.1736605
R1308C,2B,N_AIM,47.0,0.1711782
R1308C,2B,N_AIM,47.1,0.1910422
R1308C,2B,N_AIM,47.2,0.1885525
R1308C,2B,N_AIM,47.3,0.1860375
R1308C,2B,N_AIM,47.4,0.1793601
R1308C,2B,N_AIM,47.5,0.1698264
R1308C,2B,N_AIM,47.6,0.1748886
R1308C,2B,N_AIM,47.7,0.1861047
R1308C,2B,N_AIM,47.8,0.1864565
R1308C,2B,N_AIM,47.9,0.1817992
R1308C,2B,N_AIM,48.0,0.169806
R1308C,2B,N_AIM,48.1,0.1733234
R1308C,2B,N_AIM,48.2,0.175687
R1308C,2B,N_AIM,48.3,0.1574927
R1308C,2B,N_AIM,48.4,0.1698646
R1308C,2B,N_AIM,48.5,0.1656534
R1308C,2B,N_AIM,48.6,0.1802305
R1308C,2B,N_AIM,48.7,0.176193
R1308C,2B,N_AIM,48.8,0.1702061
R1308C,2B,N_AIM,48.9,0.1780026
R1308C,2B,N_AIM,49.0,0.1850027
R1308C,2B,N_AIM,49.1,0.1681725
R1308C,2B,N_AIM,49.2,0.171187
R1308C,2B,N_AIM,49.3,0.1617593
R1308C,2B,N_AIM,49.4,0.1803275
R1308C,2B,N_AIM,49.5,0.1943734
R1308C,2B,N_AIM,49.6,0.1860323
R1308C,2B,N_AIM,49.7,0.1781264
R1308C,2B,N_AIM,49.8,0.1731907
R1308C,2B,N_AIM,49.9,0.1941804
R1308C,2B,N_AIM,50.0,0.1805433
R1341W,?,AIM_all,0.0,0.1736376
R1341W,?,AIM_all,0.1,0.1889258
R1341W,?,AIM_all,0.2,0.1816977
R1341W,?,AIM_all,0.3,0.1910129
R1341W,?,AIM_all,0.4,0.1756416
R1341W,?,AIM_all,0.5,0.1793628
R1341W,?,AIM_all,0.6,0.2069128
R1341W,?,AIM_all,0.7,0.1931889
R1341W,?,AIM_all,0.8,0.1680892
R1341W,?,AIM_all,0.9,0.1979998
R1341W,?,AIM_all,1.0,0.1981944
R1341W,?,AIM_all,1.1,0.1933753
R1341W,?,AIM_all,1.2,0.1944966
R1341W,?,AIM_all,1.3,0.1764454
R1341W,?,AIM_all,1.4,0.1700264
R1341W,?,AIM_all,1.5,0.1732889
R1341W,?,AIM_all,1.6,0.203143
R1341W,?,AIM_all,1.7,0.1600403
R1341W,?,AIM_all,1.8,0.1718549
R1341W,?,AIM_all,1.9,0.1770026
R1341W,?,AIM_all,2.0,0.1781122
R1341W,?,AIM_all,2.1,0.1784097
R1341W,?,AIM_all,2.2,0.1788018
R1341W,?,AIM_all,2.3,0.1655625
R1341W,?,AIM_all,2.4,0.2000598
R1341W,?,AIM_all,2.5,0.1852245
R1341W,?,AIM_all,2.6,0.1690978
R1341W,?,AIM_all,2.7,0.1769094
R1341W,?,AIM_all,2.8,0.1767287
R1341W,?,AIM_all,2.9,0.1924811
R1341W,?,AIM_all,3.0,0.2064606
R1341W,?,AIM_all,3.1,0.2155018
R1341W,?,AIM_all,3.2,0.192211
R1341W,?,AIM_all,3.3,0.2010422
R1341W,?,AIM_all,3.4,0.2041958
R1341W,?,AIM_all,3.5,0.1877367
R1341W,?,AIM_all,3.6,0.1926369
R1341W,?,AIM_all,3.7,0.2062377
R1341W,?,AIM_all,3.8,0.2195654
R1341W,?,AIM_all,3.9,0.2055678
R1341W,?,AIM_all,4.0,0.2272093
R1341W,?,AIM_all,4.1,0.1894149
R1341W,?,AIM_all,4.2,0.2042864
R1341W,?,AIM_all,4.3,0.2198477
R1341W,?,AIM_all,4.4,0.209012
R1341W,?,AIM_all,4.5,0.2348299
R1341W,?,AIM_all,4.6,0.2293928
R1341W,?,AIM_all,4.7,0.1967791
R1341W,?,AIM_all,4.8,0.2166796
R1341W,?,AIM_all,4.9,0.1912853
R1341W,?,AIM_all,5.0,0.1762641
R1341W,?,AIM_all,5.1,0.1708743
R1341W,?,AIM_all,5.2,0.1882049
R1341W,?,AIM_all,5.3,0.2032018
R1341W,?,AIM_all,5.4,0.2093063
R1341W,?,AIM_all,5.5,0.2149746
R1341W,?,AIM_all,5.6,0.2033347
R1341W,?,AIM_all,5.7,0.213347
R1341W,?,AIM_all,5.8,0.2253127
R1341W,?,AIM_all,5.9,0.2091818
R1341W,?,AIM_all,6.0,0.189852
R1341W,?,AIM_all,6.1,0.1981136
R1341W,?,AIM_all,6.2,0.210763
R1341W,?,AIM_all,6.3,0.192026
R1341W,?,AIM_all,6.4,0.2068309
R1341W,?,AIM_all,6.5,0.2045336
R1341W,?,AIM_all,6.6,0.2144156
R1341W,?,AIM_all,6.7,0.2195017
R1341W,?,AIM_all,6.8,0.2243991
R1341W,?,AIM_all,6.9,0.2172877
R1341W,?,AIM_all,7.0,0.2090598
R1341W,?,AIM_all,7.1,0.2070679
R1341W,?,AIM_all,7.2,0.1937447
R1341W,?,AIM_all,7.3,0.2020172
R1341W,?,AIM_all,7.400001,0.2086983
R1341W,?,AIM_all,7.5,0.2003518
R1341W,?,AIM_all,7.6,0.2223265
R1341W,?,AIM_all,7.7,0.2111365
R1341W,?,AIM_all,7.8,0.2019729
R1341W,?,AIM_all,7.900001,0.1998751
R1341W,?,AIM_all,8.0,0.2070989
R1341W,?,AIM_all,8.1,0.195297
R1341W,?,AIM_all,8.200001,0.2160813
R1341W,?,AIM_all,8.3,0.1905806
R1341W,?,AIM_all,8.400001,0.2063807
R1341W,?,AIM_all,8.5,0.2130025
R1341W,?,AIM_all,8.6,0.2024996
R1341W,?,AIM_all,8.700001,0.186121
R1341W,?,AIM_all,8.8,0.2064828
R1341W,?,AIM_all,8.900001,0.1837228
R1341W,?,AIM_all,9.0,0.1890661
R1341W,?,AIM_all,9.1,0.1995864
R1341W,?,AIM_all,9.200001,0.2174788
R1341W,?,AIM_all,9.3,0.2006838
R1341W,?,AIM_all,9.400001,0.2003123
R1341W,?,AIM_all,9.5,0.210675
R1341W,?,AIM_all,9.6,0.1910731
R1341W,?,AIM_all,9.700001,0.1958799
R1341W,?,AIM_all,9.8,0.2051219
R1341W,?,AIM_all,9.900001,0.2055165
R1341W,?,AIM_all,10.0,0.1992912
R1341W,?,AIM_all,10.1,0.2159721
R1341W,?,AIM_all,10.2,0.2019949
R1341W,?,AIM_all,10.3,0.2153417
R1341W,?,AIM_all,10.4,0.2222141
R1341W,?,AIM_all,10.5,0.2091744
R1341W,?,AIM_all,10.6,0.2107701
R1341W,?,AIM_all,10.7,0.2088564
R1341W,?,AIM_all,10.8,0.1952076
R1341W,?,AIM_all,10.9,0.2005244
R1341W,?,AIM_all,11.0,0.184532
R1341W,?,AIM_all,11.1,0.1935175
R1341W,?,AIM_all,11.2,0.193804
R1341W,?,AIM_all,11.3,0.1869465
R1341W,?,AIM_all,11.4,0.1997223
R1341W,?,AIM_all,11.5,0.2107324
R1341W,?,AIM_all,11.6,0.2019923
R1341W,?,AIM_all,11.7,0.1708829
R1341W,?,AIM_all,11.8,0.1964687
R1341W,?,AIM_all,11.9,0.2083965
R1341W,?,AIM_all,12.0,0.1834151
R1341W,?,AIM_all,12.1,0.2080889
R1341W,?,AIM_all,12.2,0.1927761
R1341W,?,AIM_all,12.3,0.2068357
R1341W,?,AIM_all,12.4,0.2206105
R1341W,?,AIM_all,12.5,0.2039754
R1341W,?,AIM_all,12.6,0.1992837
R1341W,?,AIM_all,12.7,0.2015789
R1341W,?,AIM_all,12.8,0.2049514
R1341W,?,AIM_all,12.9,0.1916716
R1341W,?,AIM_all,13.0,0.234427
R1341W,?,AIM_all,13.1,0.216125
R1341W,?,AIM_all,13.2,0.1902787
R1341W,?,AIM_all,13.3,0.2315902
R1341W,?,AIM_all,13.4,0.211988
R1341W,?,AIM_all,13.5,0.2033639
R1341W,?,AIM_all,13.6,0.2144318
R1341W,?,AIM_all,13.7,0.1990227
R1341W,?,AIM_all,13.8,0.199742
R1341W,?,AIM_all,13.9,0.2207577
R1341W,?,AIM_all,14.0,0.202005
R1341W,?,AIM_all,14.1,0.171639
R1341W,?,AIM_all,14.2,0.1798723
R1341W,?,AIM_all,14.3,0.1717673
R1341W,?,AIM_all,14.4,0.1997724
R1341W,?,AIM_all,14.5,0.1762781
R1341W,?,AIM_all,14.6,0.1745191
R1341W,?,AIM_all,14.7,0.171712
R1341W,?,AIM_all,14.8,0.178087
R1341W,?,AIM_all,14.9,0.1894336
R1341W,?,AIM_all,15.0,0.1736749
R1341W,?,AIM_all,15.1,0.1770054
R1341W,?,AIM_all,15.2,0.2039953
R1341W,?,AIM_all,15.3,0.194869
R1341W,?,AIM_all,15.4,0.1730718
R1341W,?,AIM_all,15.5,0.1642225
R1341W,?,AIM_all,15.6,0.1654628
R1341W,?,AIM_all,15.7,0.1654361
R1341W,?,AIM_all,15.8,0.1924214
R1341W,?,AIM_all,15.9,0.1771917
R1341W,?,AIM_all,16.0,0.1712165
R1341W,?,AIM_all,16.1,0.173231
R1341W,?,AIM_all,16.2,0.1875581
R1341W,?,AIM_all,16.3,0.1782638
R1341W,?,AIM_all,16.4,0.1873316
R1341W,?,AIM_all,16.5,0.1848402
R1341W,?,AIM_all,16.6,0.1830573
R1341W,?,AIM_all,16.7,0.1890447
R1341W,?,AIM_all,16.8,0.2061551
R1341W,?,AIM_all,16.9,0.1748003
R1341W,?,AIM_all,17.0,0.1844069
R1341W,?,AIM_all,17.1,0.1749999
R1341W,?,AIM_all,17.2,0.1797163
R1341W,?,AIM_all,17.3,0.1655686
R1341W,?,AIM_all,17.4,0.1778654
R1341W,?,AIM_all,17.5,0.175365
R1341W,?,AIM_all,17.6,0.1830434
R1341W,?,AIM_all,17.7,0.1729823
R1341W,?,AIM_all,17.8,0.1861022
R1341W,?,AIM_all,17.9,0.1660392
R1341W,?,AIM_all,18.0,0.1866976
R1341W,?,AIM_all,18.1,0.1903945
R1341W,?,AIM_all,18.2,0.1890055
R1341W,?,AIM_all,18.3,0.1723106
R1341W,?,AIM_all,18.4,0.1703966
R1341W,?,AIM_all,18.5,0.1709883
R1341W,?,AIM_all,18.6,0.172725
R1341W,?,AIM_all,18.7,0.1675052
R1341W,?,AIM_all,18.8,0.1861447
R1341W,?,AIM_all,18.9,0.1765815
R1341W,?,AIM_all,19.0,0.1959031
R1341W,?,AIM_all,19.1,0.1750058
R1341W,?,AIM_all,19.2,0.1677288
R1341W,?,AIM_all,19.3,0.1652969
R1341W,?,AIM_all,19.4,0.1732918
R1341W,?,AIM_all,19.5,0.1773529
R1341W,?,AIM_all,19.6,0.1763777
R1341W,?,AIM_all,19.7,0.1762528
R1341W,?,AIM_all,19.8,0.1748745
R1341W,?,AIM_all,19.9,0.1666885
R1341W,?,AIM_all,20.0,0.1789666
R1341W,?,AIM_all,20.1,0.1922214
R1341W,?,AIM_all,20.2,0.1928652
R1341W,?,AIM_all,20.3,0.2000609
R1341W,?,AIM_all,20.4,0.1575405
R1341W,?,AIM_all,20.5,0.2081084
R1341W,?,AIM_all,20.6,0.1858873
R1341W,?,AIM_all,20.7,0.1699822
R1341W,?,AIM_all,20.8,0.1891798
R1341W,?,AIM_all,20.9,0.216909
R1341W,?,AIM_all,21.0,0.1937987
R1341W,?,AIM_all,21.1,0.2137779
R1341W,?,AIM_all,21.2,0.1981163
R1341W,?,AIM_all,21.3,0.230344
R1341W,?,AIM_all,21.4,0.196723
R1341W,?,AIM_all,21.5,0.1771357
R1341W,?,AIM_all,21.6,0.1898443
R1341W,?,AIM_all,21.7,0.1949437
R1341W,?,AIM_all,21.8,0.2174262
R1341W,?,AIM_all,21.9,0.1797246
R1341W,?,AIM_all,22.0,0.2047779
R1341W,?,AIM_all,22.1,0.2078726
R1341W,?,AIM_all,22.2,0.1808785
R1341W,?,AIM_all,22.3,0.1967663
R1341W,?,AIM_all,22.4,0.185467
R1341W,?,AIM_all,22.5,0.2042887
R1341W,?,AIM_all,22.6,0.2033052
R1341W,?,AIM_all,22.7,0.2095186
R1341W,?,AIM_all,22.8,0.1867751
R1341W,?,AIM_all,22.9,0.1970585
R1341W,?,AIM_all,23.0,0.1936001
R1341W,?,AIM_all,23.1,0.2027657
R1341W,?,AIM_all,23.2,0.1940025
R1341W,?,AIM_all,23.3,0.1822604
R1341W,?,AIM_all,23.4,0.1984087
R1341W,?,AIM_all,23.5,0.2015095
R1341W,?,AIM_all,23.6,0.2033003
R1341W,?,AIM_all,23.7,0.2222074
R1341W,?,AIM_all,23.8,0.1931296
R1341W,?,AIM_all,23.9,0.2077765
R1341W,?,AIM_all,24.0,0.1739797
R1341W,?,AIM_all,24.1,0.2000325
R1341W,?,AIM_all,24.2,0.2188813
R1341W,?,AIM_all,24.3,0.1779019
R1341W,?,AIM_all,24.4,0.1955042
R1341W,?,AIM_all,24.5,0.2057524
R1341W,?,AIM_all,24.6,0.1659939
R1341W,?,AIM_all,24.7,0.20678
R1341W,?,AIM_all,24.8,0.2171267
R1341W,?,AIM_all,24.9,0.185553
R1341W,?,AIM_all,25.0,0.2127675
R1341W,?,AIM_all,25.1,0.1972538
R1341W,?,AIM_all,25.2,0.2120991
R1341W,?,AIM_all,25.3,0.2042549
R1341W,?,AIM_all,25.4,0.1820194
R1341W,?,AIM_all,25.5,0.1956399
R1341W,?,AIM_all,25.6,0.1889023
R1341W,?,AIM_all,25.7,0.20905
R1341W,?,AIM_all,25.8,0.1814635
R1341W,?,AIM_all,25.9,0.1929664
R1341W,?,AIM_all,26.0,0.2265414
R1341W,?,AIM_all,26.1,0.1838997
R1341W,?,AIM_all,26.2,0.1801807
R1341W,?,AIM_all,26.3,0.2040857
R1341W,?,AIM_all,26.4,0.2046292
R1341W,?,AIM_all,26.5,0.2121441
R1341W,?,AIM_all,26.6,0.197436
R1341W,?,AIM_all,26.7,0.221813
R1341W,?,AIM_all,26.8,0.190347
R1341W,?,AIM_all,26.9,0.1955454
R1341W,?,AIM_all,27.0,0.2099095
R1341W,?,AIM_all,27.1,0.1835449
R1341W,?,AIM_all,27.2,0.2028028
R1341W,?,AIM_all,27.3,0.1880266
R1341W,?,AIM_all,27.4,0.1817469
R1341W,?,AIM_all,27.5,0.1806128
R1341W,?,AIM_all,27.6,0.199492
R1341W,?,AIM_all,27.7,0.2013105
R1341W,?,AIM_all,27.8,0.1945688
R1341W,?,AIM_all,27.9,0.1902447
R1341W,?,AIM_all,28.0,0.2017773
R1341W,?,AIM_all,28.1,0.1965349
R1341W,?,AIM_all,28.2,0.191609
R1341W,?,AIM_all,28.3,0.209281
R1341W,?,AIM_all,28.4,0.173813
R1341W,?,AIM_all,28.5,0.1745051
R1341W,?,AIM_all,28.6,0.2089283
R1341W,?,AIM_all,28.7,0.181088
R1341W,?,AIM_all,28.8,0.1895029
R1341W,?,AIM_all,28.9,0.1729857
R1341W,?,AIM_all,29.0,0.2016013
R1341W,?,AIM_all,29.1,0.2014596
R1341W,?,AIM_all,29.2,0.1942601
R1341W,?,AIM_all,29.3,0.2013976
R1341W,?,AIM_all,29.4,0.2255439
R1341W,?,AIM_all,29.5,0.2185177
R1341W,?,AIM_all,29.6,0.1897709
R1341W,?,AIM_all,29.7,0.1710001
R1341W,?,AIM_all,29.8,0.1996474
R1341W,?,AIM_all,29.9,0.1857337
R1341W,?,AIM_all,30.0,0.1700882
R1341W,?,AIM_all,30.1,0.2022424
R1341W,?,AIM_all,30.2,0.1707455
R1341W,?,AIM_all,30.3,0.2083315
R1341W,?,AIM_all,30.4,0.1813448
R1341W,?,AIM_all,30.5,0.2084849
R1341W,?,AIM_all,30.6,0.2220112
R1341W,?,AIM_all,30.7,0.1859596
R1341W,?,AIM_all,30.8,0.1788966
R1341W,?,AIM_all,30.9,0.2146021
R1341W,?,AIM_all,31.0,0.1961554
R1341W,?,AIM_all,31.1,0.1989221
R1341W,?,AIM_all,31.2,0.1731677
R1341W,?,AIM_all,31.3,0.2047782
R1341W,?,AIM_all,31.4,0.2042107
R1341W,?,AIM_all,31.5,0.1822197
R1341W,?,AIM_all,31.6,0.2052367
R1341W,?,AIM_all,31.7,0.2113506
R1341W,?,AIM_all,31.8,0.2053607
R1341W,?,AIM_all,31.9,0.1945985
R1341W,?,AIM_all,32.0,0.2055697
R1341W,?,AIM_all,32.1,0.2143853
R1341W,?,AIM_all,32.2,0.1815847
R1341W,?,AIM_all,32.3,0.1827951
R1341W,?,AIM_all,32.4,0.20529
R1341W,?,AIM_all,32.5,0.2090049
R1341W,?,AIM_all,32.6,0.2081084
R1341W,?,AIM_all,32.7,0.2133798
R1341W,?,AIM_all,32.8,0.1598811
R1341W,?,AIM_all,32.9,0.1651575
R1341W,?,AIM_all,33.0,0.2006141
R1341W,?,AIM_all,33.1,0.1969821
R1341W,?,AIM_all,33.2,0.1666883
R1341W,?,AIM_all,33.3,0.2203656
R1341W,?,AIM_all,33.4,0.2120048
R1341W,?,AIM_all,33.5,0.2083003
R1341W,?,AIM_all,33.6,0.1998322
R1341W,?,AIM_all,33.7,0.1918173
R1341W,?,AIM_all,33.8,0.2085686
R1341W,?,AIM_all,33.9,0.2197659
R1341W,?,AIM_all,34.0,0.2248668
R1341W,?,AIM_all,34.1,0.2005119
R1341W,?,AIM_all,34.2,0.2013874
R1341W,?,AIM_all,34.3,0.2175754
R1341W,?,AIM_all,34.4,0.2182226
R1341W,?,AIM_all,34.5,0.2051951
R1341W,?,AIM_all,34.6,0.2020496
R1341W,?,AIM_all,34.7,0.2095542
R1341W,?,AIM_all,34.8,0.2086266
R1341W,?,AIM_all,34.9,0.1922238
R1341W,?,AIM_all,35.0,0.2301172
R1341W,?,AIM_all,35.1,0.2012411
R1341W,?,AIM_all,35.2,0.2026325
R1341W,?,AIM_all,35.3,0.1792233
R1341W,?,AIM_all,35.4,0.205594
R1341W,?,AIM_all,35.5,0.1989371
R1341W,?,AIM_all,35.6,0.1990628
R1341W,?,AIM_all,35.7,0.216171
R1341W,?,AIM_all,35.8,0.2254639
R1341W,?,AIM_all,35.9,0.2034748
R1341W,?,AIM_all,36.0,0.2017273
R1341W,?,AIM_all,36.1,0.1973248
R1341W,?,AIM_all,36.2,0.1908586
R1341W,?,AIM_all,36.3,0.2070023
R1341W,?,AIM_all,36.4,0.1947023
R1341W,?,AIM_all,36.5,0.2151046
R1341W,?,AIM_all,36.6,0.1953998
R1341W,?,AIM_all,36.7,0.2042452
R1341W,?,AIM_all,36.8,0.2068672
R1341W,?,AIM_all,36.9,0.2160691
R1341W,?,AIM_all,37.0,0.2133027
R1341W,?,AIM_all,37.1,0.1992862
R1341W,?,AIM_all,37.2,0.1964764
R1341W,?,AIM_all,37.3,0.1845805
R1341W,?,AIM_all,37.4,0.2263317
R1341W,?,AIM_all,37.5,0.1899948
R1341W,?,AIM_all,37.6,0.2140868
R1341W,?,AIM_all,37.7,0.2065814
R1341W,?,AIM_all,37.8,0.2149489
R1341W,?,AIM_all,37.9,0.2097308
R1341W,?,AIM_all,38.0,0.1791702
R1341W,?,AIM_all,38.1,0.2227666
R1341W,?,AIM_all,38.2,0.1872056
R1341W,?,AIM_all,38.3,0.2006092
R1341W,?,AIM_all,38.4,0.1972764
R1341W,?,AIM_all,38.5,0.2096688
R1341W,?,AIM_all,38.6,0.218408
R1341W,?,AIM_all,38.7,0.1852808
R1341W,?,AIM_all,38.8,0.1934399
R1341W,?,AIM_all,38.9,0.196316
R1341W,?,AIM_all,39.0,0.2069734
R1341W,?,AIM_all,39.1,0.1915229
R1341W,?,AIM_all,39.2,0.2311991
R1341W,?,AIM_all,39.3,0.2114735
R1341W,?,AIM_all,39.4,0.2257719
R1341W,?,AIM_all,39.5,0.2270089
R1341W,?,AIM_all,39.6,0.1939433
R1341W,?,AIM_all,39.7,0.2149676
R1341W,?,AIM_all,39.8,0.2014498
R1341W,?,AIM_all,39.9,0.1750713
R1341W,?,AIM_all,40.0,0.2029507
R1341W,?,AIM_all,40.1,0.2182888
R1341W,?,AIM_all,40.2,0.2244238
R1341W,?,AIM_all,40.3,0.2146393
R1341W,?,AIM_all,40.4,0.2060025
R1341W,?,AIM_all,40.5,0.2143781
R1341W,?,AIM_all,40.6,0.2096401
R1341W,?,AIM_all,40.7,0.1993214
R1341W,?,AIM_all,40.8,0.2189886
R1341W,?,AIM_all,40.9,0.2146393
R1341W,?,AIM_all,41.0,0.2208848
R1341W,?,AIM_all,41.1,0.1991204
R1341W,?,AIM_all,41.2,0.2016854
R1341W,?,AIM_all,41.3,0.1794325
R1341W,?,AIM_all,41.4,0.2145903
R1341W,?,AIM_all,41.5,0.2037106
R1341W,?,AIM_all,41.6,0.2102999
R1341W,?,AIM_all,41.7,0.1858549
R1341W,?,AIM_all,41.8,0.1979143
R1341W,?,AIM_all,41.9,0.212824
R1341W,?,AIM_all,42.0,0.1809809
R1341W,?,AIM_all,42.1,0.2050829
R1341W,?,AIM_all,42.2,0.1687751
R1341W,?,AIM_all,42.3,0.1749114
R1341W,?,AIM_all,42.4,0.2200863
R1341W,?,AIM_all,42.5,0.218156
R1341W,?,AIM_all,42.6,0.1883321
R1341W,?,AIM_all,42.7,0.2162406
R1341W,?,AIM_all,42.8,0.2061311
R1341W,?,AIM_all,42.9,0.2072244
R1341W,?,AIM_all,43.0,0.1935771
R1341W,?,AIM_all,43.1,0.1924371
R1341W,?,AIM_all,43.2,0.2062424
R1341W,?,AIM_all,43.3,0.2021509
R1341W,?,AIM_all,43.4,0.1929482
R1341W,?,AIM_all,43.5,0.2011119
R1341W,?,AIM_all,43.6,0.1931658
R1341W,?,AIM_all,43.7,0.2106514
R1341W,?,AIM_all,43.8,0.1960051
R1341W,?,AIM_all,43.9,0.1979315
R1341W,?,AIM_all,44.0,0.2213727
R1341W,?,AIM_all,44.1,0.2017152
R1341W,?,AIM_all,44.2,0.2170576
R1341W,?,AIM_all,44.3,0.1896048
R1341W,?,AIM_all,44.4,0.200781
R1341W,?,AIM_all,44.5,0.1811698
R1341W,?,AIM_all,44.6,0.2043747
R1341W,?,AIM_all,44.7,0.2125793
R1341W,?,AIM_all,44.8,0.1862123
R1341W,?,AIM_all,44.9,0.197588
R1341W,?,AIM_all,45.0,0.1944065
R1341W,?,AIM_all,45.1,0.2143712
R1341W,?,AIM_all,45.2,0.2221576
R1341W,?,AIM_all,45.3,0.1842826
R1341W,?,AIM_all,45.4,0.2061727
R1341W,?,AIM_all,45.5,0.2061867
R1341W,?,AIM_all,45.6,0.1959107
R1341W,?,AIM_all,45.7,0.1996047
R1341W,?,AIM_all,45.8,0.2032879
R1341W,?,AIM_all,45.9,0.1843746
R1341W,?,AIM_all,46.0,0.1925437
R1341W,?,AIM_all,46.1,0.2019579
R1341W,?,AIM_all,46.2,0.1977195
R1341W,?,AIM_all,46.3,0.2175822
R1341W,?,AIM_all,46.4,0.2065841
R1341W,?,AIM_all,46.5,0.2001849
R1341W,?,AIM_all,46.6,0.2037916
R1341W,?,AIM_all,46.7,0.2082449
R1341W,?,AIM_all,46.8,0.2340534
R1341W,?,AIM_all,46.9,0.1824006
R1341W,?,AIM_all,47.0,0.1994717
R1341W,?,AIM_all,47.1,0.2132511
R1341W,?,AIM_all,47.2,0.2080119
R1341W,?,AIM_all,47.3,0.1912642
R1341W,?,AIM_all,47.4,0.1930651
R1341W,?,AIM_all,47.5,0.2112321
R1341W,?,AIM_all,47.6,0.1793851
R1341W,?,AIM_all,47.7,0.201072
R1341W,?,AIM_all,47.8,0.2050414
R1341W,?,AIM_all,47.9,0.1909295
R1341W,?,AIM_all,48.0,0.1821509
R1341W,?,AIM_all,48.1,0.2127271
R1341W,?,AIM_all,48.2,0.1972766
R1341W,?,AIM_all,48.3,0.208127
R1341W,?,AIM_all,48.4,0.2100596
R1341W,?,AIM_all,48.5,0.2046363
R1341W,?,AIM_all,48.6,0.2071377
R1341W,?,AIM_all,48.7,0.2130396
R1341W,?,AIM_all,48.8,0.2004147
R1341W,?,AIM_all,48.9,0.215467
R1341W,?,AIM_all,49.0,0.2200932
R1341W,?,AIM_all,49.1,0.192546
R1341W,?,AIM_all,49.2,0.1917422
R1341W,?,AIM_all,49.3,0.1867459
R1341W,?,AIM_all,49.4,0.196255
R1341W,?,AIM_all,49.5,0.190423
R1341W,?,AIM_all,49.6,0.2109881
R1341W,?,AIM_all,49.7,0.2100713
R1341W,?,AIM_all,49.8,0.186869
R1341W,?,AIM_all,49.9,0.2287445
R1341W,?,AIM_all,50.0,0.2019057
R1341W,?,C_AIM,0.0,0.2152162
R1341W,?,C_AIM,0.1,0.2190183
R1341W,?,C_AIM,0.2,0.2284842
R1341W,?,C_AIM,0.3,0.1910129
R1341W,?,C_AIM,0.4,0.1874086
R1341W,?,C_AIM,0.5,0.1793628
R1341W,?,C_AIM,0.6,0.2069128
R1341W,?,C_AIM,0.7,0.2133684
R1341W,?,C_AIM,0.8,0.1999725
R1341W,?,C_AIM,0.9,0.1979998
R1341W,?,C_AIM,1.0,0.2242632
R1341W,?,C_AIM,1.1,0.2069444
R1341W,?,C_AIM,1.2,0.1944966
R1341W,?,C_AIM,1.3,0.2099262
R1341W,?,C_AIM,1.4,0.2103187
R1341W,?,C_AIM,1.5,0.1732889
R1341W,?,C_AIM,1.6,0.203143
R1341W,?,C_AIM,1.7,0.1643472
R1341W,?,C_AIM,1.8,0.2050027
R1341W,?,C_AIM,1.9,0.1965932
R1341W,?,C_AIM,2.0,0.2244307
R1341W,?,C_AIM,2.1,0.2151232
R1341W,?,C_AIM,2.2,0.1901632
R1341W,?,C_AIM,2.3,0.2281118
R1341W,?,C_AIM,2.4,0.2042693
R1341W,?,C_AIM,2.5,0.212483
R1341W,?,C_AIM,2.6,0.188624
R1341W,?,C_AIM,2.7,0.2086576
R1341W,?,C_AIM,2.8,0.207087
R1341W,?,C_AIM,2.9,0.2069397
R1341W,?,C_AIM,3.0,0.2064606
R1341W,?,C_AIM,3.1,0.2178095
R1341W,?,C_AIM,3.2,0.2130471
R1341W,?,C_AIM,3.3,0.2010422
R1341W,?,C_AIM,3.4,0.2073381
R1341W,?,C_AIM,3.5,0.1904232
R1341W,?,C_AIM,3.6,0.1926369
R1341W,?,C_AIM,3.7,0.2062377
R1341W,?,C_AIM,3.8,0.2239532
R1341W,?,C_AIM,3.9,0.2055678
R1341W,?,C_AIM,4.0,0.2272093
R1341W,?,C_AIM,4.1,0.2046461
R1341W,?,C_AIM,4.2,0.2042864
R1341W,?,C_AIM,4.3,0.2198477
R1341W,?,C_AIM,4.4,0.2204315
R1341W,?,C_AIM,4.5,0.2348299
R1341W,?,C_AIM,4.6,0.2293928
R1341W,?,C_AIM,4.7,0.2107249
R1341W,?,C_AIM,4.8,0.2166796
R1341W,?,C_AIM,4.9,0.1912853
R1341W,?,C_AIM,5.0,0.1775414
R1341W,?,C_AIM,5.1,0.2169563
R1341W,?,C_AIM,5.2,0.2129107
R1341W,?,C_AIM,5.3,0.2032018
R1341W,?,C_AIM,5.4,0.2093063
R1341W,?,C_AIM,5.5,0.2205675
R1341W,?,C_AIM,5.6,0.2033347
R1341W,?,C_AIM,5.7,0.213347
R1341W,?,C_AIM,5.8,0.2253127
R1341W,?,C_AIM,5.9,0.2097761
R1341W,?,C_AIM,6.0,0.189852
R1341W,?,C_AIM,6.1,0.1981136
R1341W,?,C_AIM,6.2,0.210763
R1341W,?,C_AIM,6.3,0.192026
R1341W,?,C_AIM,6.4,0.2068309
R1341W,?,C_AIM,6.5,0.2045336
R1341W,?,C_AIM,6.6,0.2144156
R1341W,?,C_AIM,6.7,0.2195671
R1341W,?,C_AIM,6.8,0.2243991
R1341W,?,C_AIM,6.9,0.2172877
R1341W,?,C_AIM,7.0,0.2090598
R1341W,?,C_AIM,7.1,0.2070679
R1341W,?,C_AIM,7.2,0.1937447
R1341W,?,C_AIM,7.3,0.2020172
R1341W,?,C_AIM,7.400001,0.2086983
R1341W,?,C_AIM,7.5,0.2003518
R1341W,?,C_AIM,7.6,0.2223265
R1341W,?,C_AIM,7.7,0.2111365
R1341W,?,C_AIM,7.8,0.2019729
R1341W,?,C_AIM,7.900001,0.1998751
R1341W,?,C_AIM,8.0,0.2070989
R1341W,?,C_AIM,8.1,0.195297
R1341W,?,C_AIM,8.200001,0.2160813
R1341W,?,C_AIM,8.3,0.2156461
R1341W,?,C_AIM,8.400001,0.2063807
R1341W,?,C_AIM,8.5,0.2130025
R1341W,?,C_AIM,8.6,0.2203836
R1341W,?,C_AIM,8.700001,0.2252955
R1341W,?,C_AIM,8.8,0.214021
R1341W,?,C_AIM,8.900001,0.200322
R1341W,?,C_AIM,9.0,0.1890661
R1341W,?,C_AIM,9.1,0.2110829
R1341W,?,C_AIM,9.200001,0.2174788
R1341W,?,C_AIM,9.3,0.200699
R1341W,?,C_AIM,9.400001,0.2003123
R1341W,?,C_AIM,9.5,0.210675
R1341W,?,C_AIM,9.6,0.2042769
R1341W,?,C_AIM,9.700001,0.1958799
R1341W,?,C_AIM,9.8,0.229669
R1341W,?,C_AIM,9.900001,0.2055165
R1341W,?,C_AIM,10.0,0.2033349
R1341W,?,C_AIM,10.1,0.2159721
R1341W,?,C_AIM,10.2,0.2019949
R1341W,?,C_AIM,10.3,0.2153417
R1341W,?,C_AIM,10.4,0.2334052
R1341W,?,C_AIM,10.5,0.2091744
R1341W,?,C_AIM,10.6,0.2107701
R1341W,?,C_AIM,10.7,0.2169874
R1341W,?,C_AIM,10.8,0.2026469
R1341W,?,C_AIM,10.9,0.2005244
R1341W,?,C_AIM,11.0,0.212643
R1341W,?,C_AIM,11.1,0.2327833
R1341W,?,C_AIM,11.2,0.2242165
R1341W,?,C_AIM,11.3,0.2117286
R1341W,?,C_AIM,11.4,0.1997223
R1341W,?,C_AIM,11.5,0.2180963
R1341W,?,C_AIM,11.6,0.2211131
R1341W,?,C_AIM,11.7,0.203524
R1341W,?,C_AIM,11.8,0.1964687
R1341W,?,C_AIM,11.9,0.2083965
R1341W,?,C_AIM,12.0,0.1939743
R1341W,?,C_AIM,12.1,0.2203519
R1341W,?,C_AIM,12.2,0.1927761
R1341W,?,C_AIM,12.3,0.2068357
R1341W,?,C_AIM,12.4,0.2206105
R1341W,?,C_AIM,12.5,0.2039754
R1341W,?,C_AIM,12.6,0.1992837
R1341W,?,C_AIM,12.7,0.2015789
R1341W,?,C_AIM,12.8,0.2049514
R1341W,?,C_AIM,12.9,0.2136374
R1341W,?,C_AIM,13.0,0.234427
R1341W,?,C_AIM,13.1,0.2475486
R1341W,?,C_AIM,13.2,0.1902787
R1341W,?,C_AIM,13.3,0.2315902
R1341W,?,C_AIM,13.4,0.2243747
R1341W,?,C_AIM,13.5,0.206882
R1341W,?,C_AIM,13.6,0.2144318
R1341W,?,C_AIM,13.7,0.205239
R1341W,?,C_AIM,13.8,0.2078485
R1341W,?,C_AIM,13.9,0.2256237
R1341W,?,C_AIM,14.0,0.202005
R1341W,?,C_AIM,14.1,0.2354358
R1341W,?,C_AIM,14.2,0.1980368
R1341W,?,C_AIM,14.3,0.2095782
R1341W,?,C_AIM,14.4,0.2009378
R1341W,?,C_AIM,14.5,0.205419
R1341W,?,C_AIM,14.6,0.2096878
R1341W,?,C_AIM,14.7,0.2094637
R1341W,?,C_AIM,14.8,0.2052925
R1341W,?,C_AIM,14.9,0.2107817
R1341W,?,C_AIM,15.0,0.1928551
R1341W,?,C_AIM,15.1,0.197527
R1341W,?,C_AIM,15.2,0.2127205
R1341W,?,C_AIM,15.3,0.2078146
R1341W,?,C_AIM,15.4,0.1730718
R1341W,?,C_AIM,15.5,0.1642225
R1341W,?,C_AIM,15.6,0.1654628
R1341W,?,C_AIM,15.7,0.1654361
R1341W,?,C_AIM,15.8,0.1924214
R1341W,?,C_AIM,15.9,0.2093989
R1341W,?,C_AIM,16.0,0.1724821
R1341W,?,C_AIM,16.1,0.1740917
R1341W,?,C_AIM,16.2,0.2150579
R1341W,?,C_AIM,16.3,0.2009231
R1341W,?,C_AIM,16.4,0.1953354
R1341W,?,C_AIM,16.5,0.2066903
R1341W,?,C_AIM,16.6,0.2145506
R1341W,?,C_AIM,16.7,0.1954304
R1341W,?,C_AIM,16.8,0.2192438
R1341W,?,C_AIM,16.9,0.2152161
R1341W,?,C_AIM,17.0,0.2107818
R1341W,?,C_AIM,17.1,0.1950536
R1341W,?,C_AIM,17.2,0.2227333
R1341W,?,C_AIM,17.3,0.204022
R1341W,?,C_AIM,17.4,0.2162271
R1341W,?,C_AIM,17.5,0.2070483
R1341W,?,C_AIM,17.6,0.1909056
R1341W,?,C_AIM,17.7,0.2135227
R1341W,?,C_AIM,17.8,0.2143177
R1341W,?,C_AIM,17.9,0.2244836
R1341W,?,C_AIM,18.0,0.208041
R1341W,?,C_AIM,18.1,0.2160579
R1341W,?,C_AIM,18.2,0.2081176
R1341W,?,C_AIM,18.3,0.2041297
R1341W,?,C_AIM,18.4,0.208322
R1341W,?,C_AIM,18.5,0.2109267
R1341W,?,C_AIM,18.6,0.2119575
R1341W,?,C_AIM,18.7,0.2117096
R1341W,?,C_AIM,18.8,0.1943452
R1341W,?,C_AIM,18.9,0.195612
R1341W,?,C_AIM,19.0,0.2073549
R1341W,?,C_AIM,19.1,0.1953536
R1341W,?,C_AIM,19.2,0.1976183
R1341W,?,C_AIM,19.3,0.190688
R1341W,?,C_AIM,19.4,0.2157403
R1341W,?,C_AIM,19.5,0.1910051
R1341W,?,C_AIM,19.6,0.1984766
R1341W,?,C_AIM,19.7,0.2060436
R1341W,?,C_AIM,19.8,0.1851352
R1341W,?,C_AIM,19.9,0.2135626
R1341W,?,C_AIM,20.0,0.1789666
R1341W,?,C_AIM,20.1,0.2021633
R1341W,?,C_AIM,20.2,0.2027436
R1341W,?,C_AIM,20.3,0.2000609
R1341W,?,C_AIM,20.4,0.2093548
R1341W,?,C_AIM,20.5,0.2208369
R1341W,?,C_AIM,20.6,0.1858873
R1341W,?,C_AIM,20.7,0.1941159
R1341W,?,C_AIM,20.8,0.1891798
R1341W,?,C_AIM,20.9,0.216909
R1341W,?,C_AIM,21.0,0.1937987
R1341W,?,C_AIM,21.1,0.2137779
R1341W,?,C_AIM,21.2,0.204093
R1341W,?,C_AIM,21.3,0.230344
R1341W,?,C_AIM,21.4,0.2277432
R1341W,?,C_AIM,21.5,0.2241184
R1341W,?,C_AIM,21.6,0.2030838
R1341W,?,C_AIM,21.7,0.1949437
R1341W,?,C_AIM,21.8,0.2196042
R1341W,?,C_AIM,21.9,0.2080242
R1341W,?,C_AIM,22.0,0.2047779
R1341W,?,C_AIM,22.1,0.2126455
R1341W,?,C_AIM,22.2,0.2205675
R1341W,?,C_AIM,22.3,0.2133097
R1341W,?,C_AIM,22.4,0.2275103
R1341W,?,C_AIM,22.5,0.2080051
R1341W,?,C_AIM,22.6,0.2033052
R1341W,?,C_AIM,22.7,0.2284556
R1341W,?,C_AIM,22.8,0.2018761
R1341W,?,C_AIM,22.9,0.1970585
R1341W,?,C_AIM,23.0,0.2181419
R1341W,?,C_AIM,23.1,0.2146881
R1341W,?,C_AIM,23.2,0.2258207
R1341W,?,C_AIM,23.3,0.196051
R1341W,?,C_AIM,23.4,0.2188447
R1341W,?,C_AIM,23.5,0.2015095
R1341W,?,C_AIM,23.6,0.2266715
R1341W,?,C_AIM,23.7,0.2311427
R1341W,?,C_AIM,23.8,0.2230269
R1341W,?,C_AIM,23.9,0.2303606
R1341W,?,C_AIM,24.0,0.2177063
R1341W,?,C_AIM,24.1,0.2042058
R1341W,?,C_AIM,24.2,0.2430412
R1341W,?,C_AIM,24.3,0.2228206
R1341W,?,C_AIM,24.4,0.1955042
R1341W,?,C_AIM,24.5,0.2057524
R1341W,?,C_AIM,24.6,0.2007512
R1341W,?,C_AIM,24.7,0.2212073
R1341W,?,C_AIM,24.8,0.2171267
R1341W,?,C_AIM,24.9,0.2151488
R1341W,?,C_AIM,25.0,0.2127675
R1341W,?,C_AIM,25.1,0.1972538
R1341W,?,C_AIM,25.2,0.2120991
R1341W,?,C_AIM,25.3,0.2292619
R1341W,?,C_AIM,25.4,0.2221644
R1341W,?,C_AIM,25.5,0.2231456
R1341W,?,C_AIM,25.6,0.2167812
R1341W,?,C_AIM,25.7,0.20905
R1341W,?,C_AIM,25.8,0.2175362
R1341W,?,C_AIM,25.9,0.2274667
R1341W,?,C_AIM,26.0,0.2265414
R1341W,?,C_AIM,26.1,0.2348105
R1341W,?,C_AIM,26.2,0.2098905
R1341W,?,C_AIM,26.3,0.2040857
R1341W,?,C_AIM,26.4,0.2361905
R1341W,?,C_AIM,26.5,0.2209459
R1341W,?,C_AIM,26.6,0.197436
R1341W,?,C_AIM,26.7,0.2356177
R1341W,?,C_AIM,26.8,0.198338
R1341W,?,C_AIM,26.9,0.1955454
R1341W,?,C_AIM,27.0,0.2099095
R1341W,?,C_AIM,27.1,0.2237139
R1341W,?,C_AIM,27.2,0.2152115
R1341W,?,C_AIM,27.3,0.2098526
R1341W,?,C_AIM,27.4,0.2212188
R1341W,?,C_AIM,27.5,0.1806128
R1341W,?,C_AIM,27.6,0.2049683
R1341W,?,C_AIM,27.7,0.2051999
R1341W,?,C_AIM,27.8,0.1945688
R1341W,?,C_AIM,27.9,0.209643
R1341W,?,C_AIM,28.0,0.2188852
R1341W,?,C_AIM,28.1,0.1965349
R1341W,?,C_AIM,28.2,0.2069783
R1341W,?,C_AIM,28.3,0.209281
R1341W,?,C_AIM,28.4,0.1937782
R1341W,?,C_AIM,28.5,0.1745051
R1341W,?,C_AIM,28.6,0.2089283
R1341W,?,C_AIM,28.7,0.1900371
R1341W,?,C_AIM,28.8,0.2258782
R1341W,?,C_AIM,28.9,0.2364254
R1341W,?,C_AIM,29.0,0.2016013
R1341W,?,C_AIM,29.1,0.2104542
R1341W,?,C_AIM,29.2,0.1942601
R1341W,?,C_AIM,29.3,0.2013976
R1341W,?,C_AIM,29.4,0.2255439
R1341W,?,C_AIM,29.5,0.2203839
R1341W,?,C_AIM,29.6,0.1951078
R1341W,?,C_AIM,29.7,0.1992612
R1341W,?,C_AIM,29.8,0.1996474
R1341W,?,C_AIM,29.9,0.2198475
R1341W,?,C_AIM,30.0,0.213469
R1341W,?,C_AIM,30.1,0.2074753
R1341W,?,C_AIM,30.2,0.2185544
R1341W,?,C_AIM,30.3,0.2083315
R1341W,?,C_AIM,30.4,0.2154205
R1341W,?,C_AIM,30.5,0.2084849
R1341W,?,C_AIM,30.6,0.2220112
R1341W,?,C_AIM,30.7,0.1990326
R1341W,?,C_AIM,30.8,0.2120967
R1341W,?,C_AIM,30.9,0.2146021
R1341W,?,C_AIM,31.0,0.1961554
R1341W,?,C_AIM,31.1,0.2027609
R1341W,?,C_AIM,31.2,0.1993354
R1341W,?,C_AIM,31.3,0.2047782
R1341W,?,C_AIM,31.4,0.2042107
R1341W,?,C_AIM,31.5,0.1822197
R1341W,?,C_AIM,31.6,0.2052367
R1341W,?,C_AIM,31.7,0.2113506
R1341W,?,C_AIM,31.8,0.2183531
R1341W,?,C_AIM,31.9,0.2212918
R1341W,?,C_AIM,32.0,0.2055697
R1341W,?,C_AIM,32.1,0.2143853
R1341W,?,C_AIM,32.2,0.1815847
R1341W,?,C_AIM,32.3,0.1827951
R1341W,?,C_AIM,32.4,0.2087702
R1341W,?,C_AIM,32.5,0.2090049
R1341W,?,C_AIM,32.6,0.2081084
R1341W,?,C_AIM,32.7,0.2170186
R1341W,?,C_AIM,32.8,0.1598811
R1341W,?,C_AIM,32.9,0.1651575
R1341W,?,C_AIM,33.0,0.2006141
R1341W,?,C_AIM,33.1,0.2167579
R1341W,?,C_AIM,33.2,0.1666883
R1341W,?,C_AIM,33.3,0.2203656
R1341W,?,C_AIM,33.4,0.218573
R1341W,?,C_AIM,33.5,0.2083003
R1341W,?,C_AIM,33.6,0.1998322
R1341W,?,C_AIM,33.7,0.1918173
R1341W,?,C_AIM,33.8,0.2085686
R1341W,?,C_AIM,33.9,0.2197659
R1341W,?,C_AIM,34.0,0.2248668
R1341W,?,C_AIM,34.1,0.2005119
R1341W,?,C_AIM,34.2,0.2013874
R1341W,?,C_AIM,34.3,0.2175754
R1341W,?,C_AIM,34.4,0.2182226
R1341W,?,C_AIM,34.5,0.2051951
R1341W,?,C_AIM,34.6,0.2020496
R1341W,?,C_AIM,34.7,0.2095542
R1341W,?,C_AIM,34.8,0.2086266
R1341W,?,C_AIM,34.9,0.2246264
R1341W,?,C_AIM,35.0,0.2301172
R1341W,?,C_AIM,35.1,0.2012411
R1341W,?,C_AIM,35.2,0.2026325
R1341W,?,C_AIM,35.3,0.1792233
R1341W,?,C_AIM,35.4,0.2074852
R1341W,?,C_AIM,35.5,0.1989371
R1341W,?,C_AIM,35.6,0.1990628
R1341W,?,C_AIM,35.7,0.216171
R1341W,?,C_AIM,35.8,0.2317456
R1341W,?,C_AIM,35.9,0.2034748
R1341W,?,C_AIM,36.0,0.2102973
R1341W,?,C_AIM,36.1,0.1992259
R1341W,?,C_AIM,36.2,0.1908586
R1341W,?,C_AIM,36.3,0.2070023
R1341W,?,C_AIM,36.4,0.1947023
R1341W,?,C_AIM,36.5,0.2151046
R1341W,?,C_AIM,36.6,0.1953998
R1341W,?,C_AIM,36.7,0.230378
R1341W,?,C_AIM,36.8,0.2225175
R1341W,?,C_AIM,36.9,0.2163586
R1341W,?,C_AIM,37.0,0.2133027
R1341W,?,C_AIM,37.1,0.1998625
R1341W,?,C_AIM,37.2,0.2110473
R1341W,?,C_AIM,37.3,0.2010595
R1341W,?,C_AIM,37.4,0.2263317
R1341W,?,C_AIM,37.5,0.1899948
R1341W,?,C_AIM,37.6,0.2140868
R1341W,?,C_AIM,37.7,0.2065814
R1341W,?,C_AIM,37.8,0.2149489
R1341W,?,C_AIM,37.9,0.2097308
R1341W,?,C_AIM,38.0,0.1987084
R1341W,?,C_AIM,38.1,0.2227666
R1341W,?,C_AIM,38.2,0.1872056
R1341W,?,C_AIM,38.3,0.2006092
R1341W,?,C_AIM,38.4,0.2216957
R1341W,?,C_AIM,38.5,0.2096688
R1341W,?,C_AIM,38.6,0.218408
R1341W,?,C_AIM,38.7,0.1852808
R1341W,?,C_AIM,38.8,0.1934399
R1341W,?,C_AIM,38.9,0.196316
R1341W,?,C_AIM,39.0,0.2069734
R1341W,?,C_AIM,39.1,0.1915229
R1341W,?,C_AIM,39.2,0.2311991
R1341W,?,C_AIM,39.3,0.2114735
R1341W,?,C_AIM,39.4,0.2257719
R1341W,?,C_AIM,39.5,0.2270089
R1341W,?,C_AIM,39.6,0.1939433
R1341W,?,C_AIM,39.7,0.2238995
R1341W,?,C_AIM,39.8,0.2117877
R1341W,?,C_AIM,39.9,0.1750713
R1341W,?,C_AIM,40.0,0.2029507
R1341W,?,C_AIM,40.1,0.2182888
R1341W,?,C_AIM,40.2,0.2244238
R1341W,?,C_AIM,40.3,0.2146393
R1341W,?,C_AIM,40.4,0.2060025
R1341W,?,C_AIM,40.5,0.2143781
R1341W,?,C_AIM,40.6,0.2096401
R1341W,?,C_AIM,40.7,0.1993214
R1341W,?,C_AIM,40.8,0.2189886
R1341W,?,C_AIM,40.9,0.231588
R1341W,?,C_AIM,41.0,0.2208848
R1341W,?,C_AIM,41.1,0.1994642
R1341W,?,C_AIM,41.2,0.2262236
R1341W,?,C_AIM,41.3,0.2016062
R1341W,?,C_AIM,41.4,0.2145903
R1341W,?,C_AIM,41.5,0.2037106
R1341W,?,C_AIM,41.6,0.2102999
R1341W,?,C_AIM,41.7,0.2040513
R1341W,?,C_AIM,41.8,0.2148606
R1341W,?,C_AIM,41.9,0.212824
R1341W,?,C_AIM,42.0,0.2209073
R1341W,?,C_AIM,42.1,0.2050829
R1341W,?,C_AIM,42.2,0.2051074
R1341W,?,C_AIM,42.3,0.2160948
R1341W,?,C_AIM,42.4,0.2200863
R1341W,?,C_AIM,42.5,0.2349639
R1341W,?,C_AIM,42.6,0.196209
R1341W,?,C_AIM,42.7,0.2162406
R1341W,?,C_AIM,42.8,0.2061311
R1341W,?,C_AIM,42.9,0.2072244
R1341W,?,C_AIM,43.0,0.2209752
R1341W,?,C_AIM,43.1,0.1924371
R1341W,?,C_AIM,43.2,0.2062424
R1341W,?,C_AIM,43.3,0.2193511
R1341W,?,C_AIM,43.4,0.1929482
R1341W,?,C_AIM,43.5,0.2011119
R1341W,?,C_AIM,43.6,0.2165318
R1341W,?,C_AIM,43.7,0.2106514
R1341W,?,C_AIM,43.8,0.1960051
R1341W,?,C_AIM,43.9,0.1979315
R1341W,?,C_AIM,44.0,0.238646
R1341W,?,C_AIM,44.1,0.2148582
R1341W,?,C_AIM,44.2,0.2170576
R1341W,?,C_AIM,44.3,0.1896048
R1341W,?,C_AIM,44.4,0.200781
R1341W,?,C_AIM,44.5,0.2041813
R1341W,?,C_AIM,44.6,0.2043747
R1341W,?,C_AIM,44.7,0.2125793
R1341W,?,C_AIM,44.8,0.1862123
R1341W,?,C_AIM,44.9,0.197588
R1341W,?,C_AIM,45.0,0.1944065
R1341W,?,C_AIM,45.1,0.2143712
R1341W,?,C_AIM,45.2,0.2221576
R1341W,?,C_AIM,45.3,0.1842826
R1341W,?,C_AIM,45.4,0.2073308
R1341W,?,C_AIM,45.5,0.2061867
R1341W,?,C_AIM,45.6,0.1959107
R1341W,?,C_AIM,45.7,0.1996047
R1341W,?,C_AIM,45.8,0.2032879
R1341W,?,C_AIM,45.9,0.1992134
R1341W,?,C_AIM,46.0,0.1925437
R1341W,?,C_AIM,46.1,0.2019579
R1341W,?,C_AIM,46.2,0.1977195
R1341W,?,C_AIM,46.3,0.2254263
R1341W,?,C_AIM,46.4,0.210981
R1341W,?,C_AIM,46.5,0.2369239
R1341W,?,C_AIM,46.6,0.214842
R1341W,?,C_AIM,46.7,0.2082449
R1341W,?,C_AIM,46.8,0.2373077
R1341W,?,C_AIM,46.9,0.1824006
R1341W,?,C_AIM,47.0,0.1994717
R1341W,?,C_AIM,47.1,0.2132511
R1341W,?,C_AIM,47.2,0.2080119
R1341W,?,C_AIM,47.3,0.1912642
R1341W,?,C_AIM,47.4,0.1930651
R1341W,?,C_AIM,47.5,0.2112321
R1341W,?,C_AIM,47.6,0.194291
R1341W,?,C_AIM,47.7,0.201072
R1341W,?,C_AIM,47.8,0.2050414
R1341W,?,C_AIM,47.9,0.1909295
R1341W,?,C_AIM,48.0,0.2256391
R1341W,?,C_AIM,48.1,0.2245464
R1341W,?,C_AIM,48.2,0.1972766
R1341W,?,C_AIM,48.3,0.208127
R1341W,?,C_AIM,48.4,0.2100596
R1341W,?,C_AIM,48.5,0.2046363
R1341W,?,C_AIM,48.6,0.2071377
R1341W,?,C_AIM,48.7,0.2130396
R1341W,?,C_AIM,48.8,0.2004147
R1341W,?,C_AIM,48.9,0.2240112
R1341W,?,C_AIM,49.0,0.2200932
R1341W,?,C_AIM,49.1,0.2032263
R1341W,?,C_AIM,49.2,0.1917422
R1341W,?,C_AIM,49.3,0.1867459
R1341W,?,C_AIM,49.4,0.196255
R1341W,?,C_AIM,49.5,0.190423
R1341W,?,C_AIM,49.6,0.2109881
R1341W,?,C_AIM,49.7,0.2100713
R1341W,?,C_AIM,49.8,0.186869
R1341W,?,C_AIM,49.9,0.2287445
R1341W,?,C_AIM,50.0,0.2019057
R1341W,?,N_AIM,0.0,0.1736376
R1341W,?,N_AIM,0.1,0.1889258
R1341W,?,N_AIM,0.2,0.1816977
R1341W,?,N_AIM,0.3,0.1996021
R1341W,?,N_AIM,0.4,0.1756416
R1341W,?,N_AIM,0.5,0.2363306
R1341W,?,N_AIM,0.6,0.2388368
R1341W,?,N_AIM,0.7,0.1931889
R1341W,?,N_AIM,0.8,0.1680892
R1341W,?,N_AIM,0.9,0.2168524
R1341W,?,N_AIM,1.0,0.1981944
R1341W,?,N_AIM,1.1,0.1933753
R1341W,?,N_AIM,1.2,0.2157454
R1341W,?,N_AIM,1.3,0.1764454
R1341W,?,N_AIM,1.4,0.1700264
R1341W,?,N_AIM,1.5,0.1999799
R1341W,?,N_AIM,1.6,0.2092582
R1341W,?,N_AIM,1.7,0.1600403
R1341W,?,N_AIM,1.8,0.1718549
R1341W,?,N_AIM,1.9,0.1770026
R1341W,?,N_AIM,2.0,0.1781122
R1341W,?,N_AIM,2.1,0.1784097
R1341W,?,N_AIM,2.2,0.1788018
R1341W,?,N_AIM,2.3,0.1655625
R1341W,?,N_AIM,2.4,0.2000598
R1341W,?,N_AIM,2.5,0.1852245
R1341W,?,N_AIM,2.6,0.1690978
R1341W,?,N_AIM,2.7,0.1769094
R1341W,?,N_AIM,2.8,0.1767287
R1341W,?,N_AIM,2.9,0.1924811
R1341W,?,N_AIM,3.0,0.2125842
R1341W,?,N_AIM,3.1,0.2155018
R1341W,?,N_AIM,3.2,0.192211
R1341W,?,N_AIM,3.3,0.2030984
R1341W,?,N_AIM,3.4,0.2041958
R1341W,?,N_AIM,3.5,0.1877367
R1341W,?,N_AIM,3.6,0.2323553
R1341W,?,N_AIM,3.7,0.2088204
R1341W,?,N_AIM,3.8,0.2195654
R1341W,?,N_AIM,3.9,0.2464672
R1341W,?,N_AIM,4.0,0.2499978
R1341W,?,N_AIM,4.1,0.1894149
R1341W,?,N_AIM,4.2,0.2085785
R1341W,?,N_AIM,4.3,0.2268503
R1341W,?,N_AIM,4.4,0.209012
R1341W,?,N_AIM,4.5,0.2480446
R1341W,?,N_AIM,4.6,0.2610445
R1341W,?,N_AIM,4.7,0.1967791
R1341W,?,N_AIM,4.8,0.2492568
R1341W,?,N_AIM,4.9,0.2184628
R1341W,?,N_AIM,5.0,0.1762641
R1341W,?,N_AIM,5.1,0.1708743
R1341W,?,N_AIM,5.2,0.1882049
R1341W,?,N_AIM,5.3,0.2455872
R1341W,?,N_AIM,5.4,0.244037
R1341W,?,N_AIM,5.5,0.2149746
R1341W,?,N_AIM,5.6,0.2331719
R1341W,?,N_AIM,5.7,0.2513601
R1341W,?,N_AIM,5.8,0.2257165
R1341W,?,N_AIM,5.9,0.2091818
R1341W,?,N_AIM,6.0,0.2541141
R1341W,?,N_AIM,6.1,0.2437501
R1341W,?,N_AIM,6.2,0.2338721
R1341W,?,N_AIM,6.3,0.2344653
R1341W,?,N_AIM,6.4,0.2073476
R1341W,?,N_AIM,6.5,0.2286525
R1341W,?,N_AIM,6.6,0.2160232
R1341W,?,N_AIM,6.7,0.2195017
R1341W,?,N_AIM,6.8,0.2265763
R1341W,?,N_AIM,6.9,0.2641517
R1341W,?,N_AIM,7.0,0.2651735
R1341W,?,N_AIM,7.1,0.2484775
R1341W,?,N_AIM,7.2,0.2713282
R1341W,?,N_AIM,7.3,0.215859
R1341W,?,N_AIM,7.400001,0.2400998
R1341W,?,N_AIM,7.5,0.261419
R1341W,?,N_AIM,7.6,0.2713285
R1341W,?,N_AIM,7.7,0.2304649
R1341W,?,N_AIM,7.8,0.2132043
R1341W,?,N_AIM,7.900001,0.2095951
R1341W,?,N_AIM,8.0,0.2130635
R1341W,?,N_AIM,8.1,0.2061991
R1341W,?,N_AIM,8.200001,0.222153
R1341W,?,N_AIM,8.3,0.1905806
R1341W,?,N_AIM,8.400001,0.2376764
R1341W,?,N_AIM,8.5,0.2692971
R1341W,?,N_AIM,8.6,0.2024996
R1341W,?,N_AIM,8.700001,0.186121
R1341W,?,N_AIM,8.8,0.2064828
R1341W,?,N_AIM,8.900001,0.1837228
R1341W,?,N_AIM,9.0,0.2221552
R1341W,?,N_AIM,9.1,0.1995864
R1341W,?,N_AIM,9.200001,0.2708174
R1341W,?,N_AIM,9.3,0.2006838
R1341W,?,N_AIM,9.400001,0.2833399
R1341W,?,N_AIM,9.5,0.2590502
R1341W,?,N_AIM,9.6,0.1910731
R1341W,?,N_AIM,9.700001,0.2413069
R1341W,?,N_AIM,9.8,0.2051219
R1341W,?,N_AIM,9.900001,0.2119762
R1341W,?,N_AIM,10.0,0.1992912
R1341W,?,N_AIM,10.1,0.2389663
R1341W,?,N_AIM,10.2,0.2109362
R1341W,?,N_AIM,10.3,0.2561964
R1341W,?,N_AIM,10.4,0.2222141
R1341W,?,N_AIM,10.5,0.2162151
R1341W,?,N_AIM,10.6,0.2517716
R1341W,?,N_AIM,10.7,0.2088564
R1341W,?,N_AIM,10.8,0.1952076
R1341W,?,N_AIM,10.9,0.205497
R1341W,?,N_AIM,11.0,0.184532
R1341W,?,N_AIM,11.1,0.1935175
R1341W,?,N_AIM,11.2,0.193804
R1341W,?,N_AIM,11.3,0.1869465
R1341W,?,N_AIM,11.4,0.2224299
R1341W,?,N_AIM,11.5,0.2107324
R1341W,?,N_AIM,11.6,0.2019923
R1341W,?,N_AIM,11.7,0.1708829
R1341W,?,N_AIM,11.8,0.2008854
R1341W,?,N_AIM,11.9,0.2280091
R1341W,?,N_AIM,12.0,0.1834151
R1341W,?,N_AIM,12.1,0.2080889
R1341W,?,N_AIM,12.2,0.2078511
R1341W,?,N_AIM,12.3,0.2315188
R1341W,?,N_AIM,12.4,0.2209209
R1341W,?,N_AIM,12.5,0.2397499
R1341W,?,N_AIM,12.6,0.2200663
R1341W,?,N_AIM,12.7,0.2094014
R1341W,?,N_AIM,12.8,0.2224905
R1341W,?,N_AIM,12.9,0.1916716
R1341W,?,N_AIM,13.0,0.2465304
R1341W,?,N_AIM,13.1,0.216125
R1341W,?,N_AIM,13.2,0.247463
R1341W,?,N_AIM,13.3,0.2476286
R1341W,?,N_AIM,13.4,0.211988
R1341W,?,N_AIM,13.5,0.2033639
R1341W,?,N_AIM,13.6,0.2144834
R1341W,?,N_AIM,13.7,0.1990227
R1341W,?,N_AIM,13.8,0.199742
R1341W,?,N_AIM,13.9,0.2207577
R1341W,?,N_AIM,14.0,0.2301543
R1341W,?,N_AIM,14.1,0.171639
R1341W,?,N_AIM,14.2,0.1798723
R1341W,?,N_AIM,14.3,0.1717673
R1341W,?,N_AIM,14.4,0.1997724
R1341W,?,N_AIM,14.5,0.1762781
R1341W,?,N_AIM,14.6,0.1745191
R1341W,?,N_AIM,14.7,0.171712
R1341W,?,N_AIM,14.8,0.178087
R1341W,?,N_AIM,14.9,0.1894336
R1341W,?,N_AIM,15.0,0.1736749
R1341W,?,N_AIM,15.1,0.1770054
R1341W,?,N_AIM,15.2,0.2039953
R1341W,?,N_AIM,15.3,0.194869
R1341W,?,N_AIM,15.4,0.1855178
R1341W,?,N_AIM,15.5,0.1793403
R1341W,?,N_AIM,15.6,0.1905624
R1341W,?,N_AIM,15.7,0.1748745
R1341W,?,N_AIM,15.8,0.2002724
R1341W,?,N_AIM,15.9,0.1771917
R1341W,?,N_AIM,16.0,0.1712165
R1341W,?,N_AIM,16.1,0.173231
R1341W,?,N_AIM,16.2,0.1875581
R1341W,?,N_AIM,16.3,0.1782638
R1341W,?,N_AIM,16.4,0.1873316
R1341W,?,N_AIM,16.5,0.1848402
R1341W,?,N_AIM,16.6,0.1830573
R1341W,?,N_AIM,16.7,0.1890447
R1341W,?,N_AIM,16.8,0.2061551
R1341W,?,N_AIM,16.9,0.1748003
R1341W,?,N_AIM,17.0,0.1844069
R1341W,?,N_AIM,17.1,0.1749999
R1341W,?,N_AIM,17.2,0.1797163
R1341W,?,N_AIM,17.3,0.1655686
R1341W,?,N_AIM,17.4,0.1778654
R1341W,?,N_AIM,17.5,0.175365
R1341W,?,N_AIM,17.6,0.1830434
R1341W,?,N_AIM,17.7,0.1729823
R1341W,?,N_AIM,17.8,0.1861022
R1341W,?,N_AIM,17.9,0.1660392
R1341W,?,N_AIM,18.0,0.1866976
R1341W,?,N_AIM,18.1,0.1903945
R1341W,?,N_AIM,18.2,0.1890055
R1341W,?,N_AIM,18.3,0.1723106
R1341W,?,N_AIM,18.4,0.1703966
R1341W,?,N_AIM,18.5,0.1709883
R1341W,?,N_AIM,18.6,0.172725
R1341W,?,N_AIM,18.7,0.1675052
R1341W,?,N_AIM,18.8,0.1861447
R1341W,?,N_AIM,18.9,0.1765815
R1341W,?,N_AIM,19.0,0.1959031
R1341W,?,N_AIM,19.1,0.1750058
R1341W,?,N_AIM,19.2,0.1677288
R1341W,?,N_AIM,19.3,0.1652969
R1341W,?,N_AIM,19.4,0.1732918
R1341W,?,N_AIM,19.5,0.1773529
R1341W,?,N_AIM,19.6,0.1763777
R1341W,?,N_AIM,19.7,0.1762528
R1341W,?,N_AIM,19.8,0.1748745
R1341W,?,N_AIM,19.9,0.1666885
R1341W,?,N_AIM,20.0,0.1839403
R1341W,?,N_AIM,20.1,0.1922214
R1341W,?,N_AIM,20.2,0.1928652
R1341W,?,N_AIM,20.3,0.2057038
R1341W,?,N_AIM,20.4,0.1575405
R1341W,?,N_AIM,20.5,0.2081084
R1341W,?,N_AIM,20.6,0.212617
R1341W,?,N_AIM,20.7,0.1699822
R1341W,?,N_AIM,20.8,0.2228837
R1341W,?,N_AIM,20.9,0.2540312
R1341W,?,N_AIM,21.0,0.2402186
R1341W,?,N_AIM,21.1,0.2521709
R1341W,?,N_AIM,21.2,0.1981163
R1341W,?,N_AIM,21.3,0.2378779
R1341W,?,N_AIM,21.4,0.196723
R1341W,?,N_AIM,21.5,0.1771357
R1341W,?,N_AIM,21.6,0.1898443
R1341W,?,N_AIM,21.7,0.1992811
R1341W,?,N_AIM,21.8,0.2174262
R1341W,?,N_AIM,21.9,0.1797246
R1341W,?,N_AIM,22.0,0.2287485
R1341W,?,N_AIM,22.1,0.2078726
R1341W,?,N_AIM,22.2,0.1808785
R1341W,?,N_AIM,22.3,0.1967663
R1341W,?,N_AIM,22.4,0.185467
R1341W,?,N_AIM,22.5,0.2042887
R1341W,?,N_AIM,22.6,0.2040052
R1341W,?,N_AIM,22.7,0.2095186
R1341W,?,N_AIM,22.8,0.1867751
R1341W,?,N_AIM,22.9,0.2151162
R1341W,?,N_AIM,23.0,0.1936001
R1341W,?,N_AIM,23.1,0.2027657
R1341W,?,N_AIM,23.2,0.1940025
R1341W,?,N_AIM,23.3,0.1822604
R1341W,?,N_AIM,23.4,0.1984087
R1341W,?,N_AIM,23.5,0.2029532
R1341W,?,N_AIM,23.6,0.2033003
R1341W,?,N_AIM,23.7,0.2222074
R1341W,?,N_AIM,23.8,0.1931296
R1341W,?,N_AIM,23.9,0.2077765
R1341W,?,N_AIM,24.0,0.1739797
R1341W,?,N_AIM,24.1,0.2000325
R1341W,?,N_AIM,24.2,0.2188813
R1341W,?,N_AIM,24.3,0.1779019
R1341W,?,N_AIM,24.4,0.2264287
R1341W,?,N_AIM,24.5,0.2097665
R1341W,?,N_AIM,24.6,0.1659939
R1341W,?,N_AIM,24.7,0.20678
R1341W,?,N_AIM,24.8,0.2190049
R1341W,?,N_AIM,24.9,0.185553
R1341W,?,N_AIM,25.0,0.2207171
R1341W,?,N_AIM,25.1,0.208962
R1341W,?,N_AIM,25.2,0.2263737
R1341W,?,N_AIM,25.3,0.2042549
R1341W,?,N_AIM,25.4,0.1820194
R1341W,?,N_AIM,25.5,0.1956399
R1341W,?,N_AIM,25.6,0.1889023
R1341W,?,N_AIM,25.7,0.2115538
R1341W,?,N_AIM,25.8,0.1814635
R1341W,?,N_AIM,25.9,0.1929664
R1341W,?,N_AIM,26.0,0.2409504
R1341W,?,N_AIM,26.1,0.1838997
R1341W,?,N_AIM,26.2,0.1801807
R1341W,?,N_AIM,26.3,0.2362437
R1341W,?,N_AIM,26.4,0.2046292
R1341W,?,N_AIM,26.5,0.2121441
R1341W,?,N_AIM,26.6,0.2063404
R1341W,?,N_AIM,26.7,0.221813
R1341W,?,N_AIM,26.8,0.190347
R1341W,?,N_AIM,26.9,0.2075234
R1341W,?,N_AIM,27.0,0.2152906
R1341W,?,N_AIM,27.1,0.1835449
R1341W,?,N_AIM,27.2,0.2028028
R1341W,?,N_AIM,27.3,0.1880266
R1341W,?,N_AIM,27.4,0.1817469
R1341W,?,N_AIM,27.5,0.2257897
R1341W,?,N_AIM,27.6,0.199492
R1341W,?,N_AIM,27.7,0.2013105
R1341W,?,N_AIM,27.8,0.1967586
R1341W,?,N_AIM,27.9,0.1902447
R1341W,?,N_AIM,28.0,0.2017773
R1341W,?,N_AIM,28.1,0.1969491
R1341W,?,N_AIM,28.2,0.191609
R1341W,?,N_AIM,28.3,0.2577013
R1341W,?,N_AIM,28.4,0.173813
R1341W,?,N_AIM,28.5,0.1975882
R1341W,?,N_AIM,28.6,0.2348192
R1341W,?,N_AIM,28.7,0.181088
R1341W,?,N_AIM,28.8,0.1895029
R1341W,?,N_AIM,28.9,0.1729857
R1341W,?,N_AIM,29.0,0.212603
R1341W,?,N_AIM,29.1,0.2014596
R1341W,?,N_AIM,29.2,0.2320195
R1341W,?,N_AIM,29.3,0.2032683
R1341W,?,N_AIM,29.4,0.227976
R1341W,?,N_AIM,29.5,0.2185177
R1341W,?,N_AIM,29.6,0.1897709
R1341W,?,N_AIM,29.7,0.1710001
R1341W,?,N_AIM,29.8,0.2082259
R1341W,?,N_AIM,29.9,0.1857337
R1341W,?,N_AIM,30.0,0.1700882
R1341W,?,N_AIM,30.1,0.2022424
R1341W,?,N_AIM,30.2,0.1707455
R1341W,?,N_AIM,30.3,0.2184263
R1341W,?,N_AIM,30.4,0.1813448
R1341W,?,N_AIM,30.5,0.2158657
R1341W,?,N_AIM,30.6,0.2314304
R1341W,?,N_AIM,30.7,0.1859596
R1341W,?,N_AIM,30.8,0.1788966
R1341W,?,N_AIM,30.9,0.2179716
R1341W,?,N_AIM,31.0,0.2243301
R1341W,?,N_AIM,31.1,0.1989221
R1341W,?,N_AIM,31.2,0.1731677
R1341W,?,N_AIM,31.3,0.2330965
R1341W,?,N_AIM,31.4,0.2093563
R1341W,?,N_AIM,31.5,0.2398852
R1341W,?,N_AIM,31.6,0.2116906
R1341W,?,N_AIM,31.7,0.2350659
R1341W,?,N_AIM,31.8,0.2053607
R1341W,?,N_AIM,31.9,0.1945985
R1341W,?,N_AIM,32.0,0.2163355
R1341W,?,N_AIM,32.1,0.2321686
R1341W,?,N_AIM,32.2,0.221547
R1341W,?,N_AIM,32.3,0.2172303
R1341W,?,N_AIM,32.4,0.20529
R1341W,?,N_AIM,32.5,0.2248223
R1341W,?,N_AIM,32.6,0.2203043
R1341W,?,N_AIM,32.7,0.2133798
R1341W,?,N_AIM,32.8,0.1992714
R1341W,?,N_AIM,32.9,0.2288297
R1341W,?,N_AIM,33.0,0.2093991
R1341W,?,N_AIM,33.1,0.1969821
R1341W,?,N_AIM,33.2,0.2388776
R1341W,?,N_AIM,33.3,0.227607
R1341W,?,N_AIM,33.4,0.2120048
R1341W,?,N_AIM,33.5,0.2329978
R1341W,?,N_AIM,33.6,0.2141984
R1341W,?,N_AIM,33.7,0.2319139
R1341W,?,N_AIM,33.8,0.2192008
R1341W,?,N_AIM,33.9,0.2409275
R1341W,?,N_AIM,34.0,0.229974
R1341W,?,N_AIM,34.1,0.2158702
R1341W,?,N_AIM,34.2,0.2445589
R1341W,?,N_AIM,34.3,0.2582885
R1341W,?,N_AIM,34.4,0.2334632
R1341W,?,N_AIM,34.5,0.2380606
R1341W,?,N_AIM,34.6,0.2251177
R1341W,?,N_AIM,34.7,0.2897914
R1341W,?,N_AIM,34.8,0.2371856
R1341W,?,N_AIM,34.9,0.1922238
R1341W,?,N_AIM,35.0,0.2798821
R1341W,?,N_AIM,35.1,0.2317781
R1341W,?,N_AIM,35.2,0.2359235
R1341W,?,N_AIM,35.3,0.2324499
R1341W,?,N_AIM,35.4,0.205594
R1341W,?,N_AIM,35.5,0.2293513
R1341W,?,N_AIM,35.6,0.2264355
R1341W,?,N_AIM,35.7,0.2594531
R1341W,?,N_AIM,35.8,0.2254639
R1341W,?,N_AIM,35.9,0.2140093
R1341W,?,N_AIM,36.0,0.2017273
R1341W,?,N_AIM,36.1,0.1973248
R1341W,?,N_AIM,36.2,0.2472366
R1341W,?,N_AIM,36.3,0.2596962
R1341W,?,N_AIM,36.4,0.2287573
R1341W,?,N_AIM,36.5,0.2242566
R1341W,?,N_AIM,36.6,0.2266142
R1341W,?,N_AIM,36.7,0.2042452
R1341W,?,N_AIM,36.8,0.2068672
R1341W,?,N_AIM,36.9,0.2160691
R1341W,?,N_AIM,37.0,0.2218314
R1341W,?,N_AIM,37.1,0.1992862
R1341W,?,N_AIM,37.2,0.1964764
R1341W,?,N_AIM,37.3,0.1845805
R1341W,?,N_AIM,37.4,0.2368988
R1341W,?,N_AIM,37.5,0.2034527
R1341W,?,N_AIM,37.6,0.216924
R1341W,?,N_AIM,37.7,0.2082044
R1341W,?,N_AIM,37.8,0.226947
R1341W,?,N_AIM,37.9,0.2329915
R1341W,?,N_AIM,38.0,0.1791702
R1341W,?,N_AIM,38.1,0.2571089
R1341W,?,N_AIM,38.2,0.2026254
R1341W,?,N_AIM,38.3,0.2152117
R1341W,?,N_AIM,38.4,0.1972764
R1341W,?,N_AIM,38.5,0.2467185
R1341W,?,N_AIM,38.6,0.2299784
R1341W,?,N_AIM,38.7,0.2135463
R1341W,?,N_AIM,38.8,0.2180481
R1341W,?,N_AIM,38.9,0.2064003
R1341W,?,N_AIM,39.0,0.2226343
R1341W,?,N_AIM,39.1,0.2560898
R1341W,?,N_AIM,39.2,0.2406593
R1341W,?,N_AIM,39.3,0.2756701
R1341W,?,N_AIM,39.4,0.2327337
R1341W,?,N_AIM,39.5,0.2597594
R1341W,?,N_AIM,39.6,0.2002424
R1341W,?,N_AIM,39.7,0.2149676
R1341W,?,N_AIM,39.8,0.2014498
R1341W,?,N_AIM,39.9,0.2012064
R1341W,?,N_AIM,40.0,0.2046387
R1341W,?,N_AIM,40.1,0.230725
R1341W,?,N_AIM,40.2,0.2276555
R1341W,?,N_AIM,40.3,0.2426397
R1341W,?,N_AIM,40.4,0.2366389
R1341W,?,N_AIM,40.5,0.2343374
R1341W,?,N_AIM,40.6,0.2204111
R1341W,?,N_AIM,40.7,0.2037991
R1341W,?,N_AIM,40.8,0.2252865
R1341W,?,N_AIM,40.9,0.2146393
R1341W,?,N_AIM,41.0,0.2397791
R1341W,?,N_AIM,41.1,0.1991204
R1341W,?,N_AIM,41.2,0.2016854
R1341W,?,N_AIM,41.3,0.1794325
R1341W,?,N_AIM,41.4,0.2188472
R1341W,?,N_AIM,41.5,0.2121625
R1341W,?,N_AIM,41.6,0.2231905
R1341W,?,N_AIM,41.7,0.1858549
R1341W,?,N_AIM,41.8,0.1979143
R1341W,?,N_AIM,41.9,0.2214974
R1341W,?,N_AIM,42.0,0.1809809
R1341W,?,N_AIM,42.1,0.2056891
R1341W,?,N_AIM,42.2,0.1687751
R1341W,?,N_AIM,42.3,0.1749114
R1341W,?,N_AIM,42.4,0.2251646
R1341W,?,N_AIM,42.5,0.218156
R1341W,?,N_AIM,42.6,0.1883321
R1341W,?,N_AIM,42.7,0.2330173
R1341W,?,N_AIM,42.8,0.2121438
R1341W,?,N_AIM,42.9,0.2113859
R1341W,?,N_AIM,43.0,0.1935771
R1341W,?,N_AIM,43.1,0.2052561
R1341W,?,N_AIM,43.2,0.2247354
R1341W,?,N_AIM,43.3,0.2021509
R1341W,?,N_AIM,43.4,0.2427221
R1341W,?,N_AIM,43.5,0.2236739
R1341W,?,N_AIM,43.6,0.1931658
R1341W,?,N_AIM,43.7,0.2307248
R1341W,?,N_AIM,43.8,0.2183139
R1341W,?,N_AIM,43.9,0.2308181
R1341W,?,N_AIM,44.0,0.2213727
R1341W,?,N_AIM,44.1,0.2017152
R1341W,?,N_AIM,44.2,0.2198431
R1341W,?,N_AIM,44.3,0.2389936
R1341W,?,N_AIM,44.4,0.2221171
R1341W,?,N_AIM,44.5,0.1811698
R1341W,?,N_AIM,44.6,0.2368332
R1341W,?,N_AIM,44.7,0.2141706
R1341W,?,N_AIM,44.8,0.2103071
R1341W,?,N_AIM,44.9,0.2279684
R1341W,?,N_AIM,45.0,0.2223982
R1341W,?,N_AIM,45.1,0.2235554
R1341W,?,N_AIM,45.2,0.2367298
R1341W,?,N_AIM,45.3,0.2028939
R1341W,?,N_AIM,45.4,0.2061727
R1341W,?,N_AIM,45.5,0.212021
R1341W,?,N_AIM,45.6,0.2082907
R1341W,?,N_AIM,45.7,0.2439446
R1341W,?,N_AIM,45.8,0.2067741
R1341W,?,N_AIM,45.9,0.1843746
R1341W,?,N_AIM,46.0,0.2236493
R1341W,?,N_AIM,46.1,0.218
R1341W,?,N_AIM,46.2,0.2115987
R1341W,?,N_AIM,46.3,0.2175822
R1341W,?,N_AIM,46.4,0.2065841
R1341W,?,N_AIM,46.5,0.2001849
R1341W,?,N_AIM,46.6,0.2037916
R1341W,?,N_AIM,46.7,0.2234121
R1341W,?,N_AIM,46.8,0.2340534
R1341W,?,N_AIM,46.9,0.2205811
R1341W,?,N_AIM,47.0,0.226177
R1341W,?,N_AIM,47.1,0.2133775
R1341W,?,N_AIM,47.2,0.2242923
R1341W,?,N_AIM,47.3,0.2511813
R1341W,?,N_AIM,47.4,0.2275698
R1341W,?,N_AIM,47.5,0.2221239
R1341W,?,N_AIM,47.6,0.1793851
R1341W,?,N_AIM,47.7,0.22936
R1341W,?,N_AIM,47.8,0.2297781
R1341W,?,N_AIM,47.9,0.2187464
R1341W,?,N_AIM,48.0,0.1821509
R1341W,?,N_AIM,48.1,0.2127271
R1341W,?,N_AIM,48.2,0.2100239
R1341W,?,N_AIM,48.3,0.231588
R1341W,?,N_AIM,48.4,0.2213618
R1341W,?,N_AIM,48.5,0.2279846
R1341W,?,N_AIM,48.6,0.2126052
R1341W,?,N_AIM,48.7,0.2336878
R1341W,?,N_AIM,48.8,0.246494
R1341W,?,N_AIM,48.9,0.215467
R1341W,?,N_AIM,49.0,0.2345763
R1341W,?,N_AIM,49.1,0.192546
R1341W,?,N_AIM,49.2,0.220134
R1341W,?,N_AIM,49.3,0.239159
R1341W,?,N_AIM,49.4,0.2101762
R1341W,?,N_AIM,49.5,0.2147818
R1341W,?,N_AIM,49.6,0.2282521
R1341W,?,N_AIM,49.7,0.2142406
R1341W,?,N_AIM,49.8,0.208825
R1341W,?,N_AIM,49.9,0.2306057
R1341W,?,N_AIM,50.0,0.2483888
S1310F,2B,AIM_all,0.0,0.1687455
S1310F,2B,AIM_all,0.1,0.1780563
S1310F,2B,AIM_all,0.2,0.1769774
S1310F,2B,AIM_all,0.3,0.1652696
S1310F,2B,AIM_all,0.4,0.1754223
S1310F,2B,AIM_all,0.5,0.1734013
S1310F,2B,AIM_all,0.6,0.1668923
S1310F,2B,AIM_all,0.7,0.1732573
S1310F,2B,AIM_all,0.8,0.1631257
S1310F,2B,AIM_all,0.9,0.1749372
S1310F,2B,AIM_all,1.0,0.1842007
S1310F,2B,AIM_all,1.1,0.1695937
S1310F,2B,AIM_all,1.2,0.1697823
S1310F,2B,AIM_all,1.3,0.1717528
S1310F,2B,AIM_all,1.4,0.1712865
S1310F,2B,AIM_all,1.5,0.1795243
S1310F,2B,AIM_all,1.6,0.1636583
S1310F,2B,AIM_all,1.7,0.1616167
S1310F,2B,AIM_all,1.8,0.1752281
S1310F,2B,AIM_all,1.9,0.1749998
S1310F,2B,AIM_all,2.0,0.1742727
S1310F,2B,AIM_all,2.1,0.1802502
S1310F,2B,AIM_all,2.2,0.1753311
S1310F,2B,AIM_all,2.3,0.1783955
S1310F,2B,AIM_all,2.4,0.175721
S1310F,2B,AIM_all,2.5,0.1775048
S1310F,2B,AIM_all,2.6,0.1649668
S1310F,2B,AIM_all,2.7,0.1757611
S1310F,2B,AIM_all,2.8,0.1771582
S1310F,2B,AIM_all,2.9,0.1689647
S1310F,2B,AIM_all,3.0,0.1562596
S1310F,2B,AIM_all,3.1,0.1589812
S1310F,2B,AIM_all,3.2,0.1753344
S1310F,2B,AIM_all,3.3,0.1605148
S1310F,2B,AIM_all,3.4,0.1711286
S1310F,2B,AIM_all,3.5,0.1730755
S1310F,2B,AIM_all,3.6,0.1781793
S1310F,2B,AIM_all,3.7,0.1737381
S1310F,2B,AIM_all,3.8,0.1824856
S1310F,2B,AIM_all,3.9,0.1886691
S1310F,2B,AIM_all,4.0,0.1763667
S1310F,2B,AIM_all,4.1,0.1762385
S1310F,2B,AIM_all,4.2,0.1652695
S1310F,2B,AIM_all,4.3,0.185154
S1310F,2B,AIM_all,4.4,0.1606365
S1310F,2B,AIM_all,4.5,0.1664004
S1310F,2B,AIM_all,4.6,0.1671076
S1310F,2B,AIM_all,4.7,0.1586317
S1310F,2B,AIM_all,4.8,0.1663759
S1310F,2B,AIM_all,4.9,0.1727341
S1310F,2B,AIM_all,5.0,0.1716304
S1310F,2B,AIM_all,5.1,0.1754688
S1310F,2B,AIM_all,5.2,0.1675287
S1310F,2B,AIM_all,5.3,0.1651861
S1310F,2B,AIM_all,5.4,0.1829402
S1310F,2B,AIM_all,5.5,0.1751969
S1310F,2B,AIM_all,5.6,0.173086
S1310F,2B,AIM_all,5.7,0.1809172
S1310F,2B,AIM_all,5.8,0.1812018
S1310F,2B,AIM_all,5.9,0.1739158
S1310F,2B,AIM_all,6.0,0.1640518
S1310F,2B,AIM_all,6.1,0.16063
S1310F,2B,AIM_all,6.2,0.1768078
S1310F,2B,AIM_all,6.3,0.1746254
S1310F,2B,AIM_all,6.4,0.1660994
S1310F,2B,AIM_all,6.5,0.17506
S1310F,2B,AIM_all,6.6,0.1763434
S1310F,2B,AIM_all,6.7,0.2020915
S1310F,2B,AIM_all,6.8,0.166039
S1310F,2B,AIM_all,6.9,0.1820387
S1310F,2B,AIM_all,7.0,0.1836567
S1310F,2B,AIM_all,7.1,0.1760511
S1310F,2B,AIM_all,7.2,0.1957013
S1310F,2B,AIM_all,7.3,0.1844585
S1310F,2B,AIM_all,7.400001,0.1984364
S1310F,2B,AIM_all,7.5,0.1710992
S1310F,2B,AIM_all,7.6,0.1912851
S1310F,2B,AIM_all,7.7,0.1777106
S1310F,2B,AIM_all,7.8,0.2317453
S1310F,2B,AIM_all,7.900001,0.2000871
S1310F,2B,AIM_all,8.0,0.1947997
S1310F,2B,AIM_all,8.1,0.1642345
S1310F,2B,AIM_all,8.200001,0.1965244
S1310F,2B,AIM_all,8.3,0.181574
S1310F,2B,AIM_all,8.400001,0.1916717
S1310F,2B,AIM_all,8.5,0.1869409
S1310F,2B,AIM_all,8.6,0.1864884
S1310F,2B,AIM_all,8.700001,0.1815122
S1310F,2B,AIM_all,8.8,0.1697558
S1310F,2B,AIM_all,8.900001,0.1668083
S1310F,2B,AIM_all,9.0,0.1634779
S1310F,2B,AIM_all,9.1,0.1957375
S1310F,2B,AIM_all,9.200001,0.2202772
S1310F,2B,AIM_all,9.3,0.1810498
S1310F,2B,AIM_all,9.400001,0.1965578
S1310F,2B,AIM_all,9.5,0.1823431
S1310F,2B,AIM_all,9.6,0.2181401
S1310F,2B,AIM_all,9.700001,0.1829591
S1310F,2B,AIM_all,9.8,0.2197681
S1310F,2B,AIM_all,9.900001,0.2060025
S1310F,2B,AIM_all,10.0,0.1996335
S1310F,2B,AIM_all,10.1,0.2026178
S1310F,2B,AIM_all,10.2,0.2252887
S1310F,2B,AIM_all,10.3,0.2117451
S1310F,2B,AIM_all,10.4,0.215919
S1310F,2B,AIM_all,10.5,0.2271806
S1310F,2B,AIM_all,10.6,0.2038747
S1310F,2B,AIM_all,10.7,0.189711
S1310F,2B,AIM_all,10.8,0.2174808
S1310F,2B,AIM_all,10.9,0.2067802
S1310F,2B,AIM_all,11.0,0.2029037
S1310F,2B,AIM_all,11.1,0.1973675
S1310F,2B,AIM_all,11.2,0.2199454
S1310F,2B,AIM_all,11.3,0.2063662
S1310F,2B,AIM_all,11.4,0.2037258
S1310F,2B,AIM_all,11.5,0.1947871
S1310F,2B,AIM_all,11.6,0.2054386
S1310F,2B,AIM_all,11.7,0.1716305
S1310F,2B,AIM_all,11.8,0.1738649
S1310F,2B,AIM_all,11.9,0.1767089
S1310F,2B,AIM_all,12.0,0.1753654
S1310F,2B,AIM_all,12.1,0.1826856
S1310F,2B,AIM_all,12.2,0.1693545
S1310F,2B,AIM_all,12.3,0.1612637
S1310F,2B,AIM_all,12.4,0.1824995
S1310F,2B,AIM_all,12.5,0.1977272
S1310F,2B,AIM_all,12.6,0.2042082
S1310F,2B,AIM_all,12.7,0.210149
S1310F,2B,AIM_all,12.8,0.1705198
S1310F,2B,AIM_all,12.9,0.1790446
S1310F,2B,AIM_all,13.0,0.2008006
S1310F,2B,AIM_all,13.1,0.1822116
S1310F,2B,AIM_all,13.2,0.2059657
S1310F,2B,AIM_all,13.3,0.2026105
S1310F,2B,AIM_all,13.4,0.2088899
S1310F,2B,AIM_all,13.5,0.2094324
S1310F,2B,AIM_all,13.6,0.2216574
S1310F,2B,AIM_all,13.7,0.1669612
S1310F,2B,AIM_all,13.8,0.1836277
S1310F,2B,AIM_all,13.9,0.1707338
S1310F,2B,AIM_all,14.0,0.1799474
S1310F,2B,AIM_all,14.1,0.180405
S1310F,2B,AIM_all,14.2,0.2016879
S1310F,2B,AIM_all,14.3,0.2027165
S1310F,2B,AIM_all,14.4,0.1800362
S1310F,2B,AIM_all,14.5,0.1694137
S1310F,2B,AIM_all,14.6,0.1753312
S1310F,2B,AIM_all,14.7,0.1964766
S1310F,2B,AIM_all,14.8,0.1986177
S1310F,2B,AIM_all,14.9,0.1543276
S1310F,2B,AIM_all,15.0,0.2165274
S1310F,2B,AIM_all,15.1,0.1716566
S1310F,2B,AIM_all,15.2,0.2056526
S1310F,2B,AIM_all,15.3,0.2090192
S1310F,2B,AIM_all,15.4,0.1734966
S1310F,2B,AIM_all,15.5,0.1750344
S1310F,2B,AIM_all,15.6,0.2174948
S1310F,2B,AIM_all,15.7,0.1993112
S1310F,2B,AIM_all,15.8,0.193817
S1310F,2B,AIM_all,15.9,0.1761537
S1310F,2B,AIM_all,16.0,0.1829808
S1310F,2B,AIM_all,16.1,0.2185474
S1310F,2B,AIM_all,16.2,0.1803995
S1310F,2B,AIM_all,16.3,0.1643927
S1310F,2B,AIM_all,16.4,0.1817967
S1310F,2B,AIM_all,16.5,0.2060921
S1310F,2B,AIM_all,16.6,0.1719214
S1310F,2B,AIM_all,16.7,0.1971654
S1310F,2B,AIM_all,16.8,0.173649
S1310F,2B,AIM_all,16.9,0.1955122
S1310F,2B,AIM_all,17.0,0.1806903
S1310F,2B,AIM_all,17.1,0.2140794
S1310F,2B,AIM_all,17.2,0.2080815
S1310F,2B,AIM_all,17.3,0.1706576
S1310F,2B,AIM_all,17.4,0.1943347
S1310F,2B,AIM_all,17.5,0.1814085
S1310F,2B,AIM_all,17.6,0.17958
S1310F,2B,AIM_all,17.7,0.1849649
S1310F,2B,AIM_all,17.8,0.1628803
S1310F,2B,AIM_all,17.9,0.201219
S1310F,2B,AIM_all,18.0,0.185262
S1310F,2B,AIM_all,18.1,0.1814662
S1310F,2B,AIM_all,18.2,0.1908241
S1310F,2B,AIM_all,18.3,0.1816095
S1310F,2B,AIM_all,18.4,0.1719709
S1310F,2B,AIM_all,18.5,0.209356
S1310F,2B,AIM_all,18.6,0.1780729
S1310F,2B,AIM_all,18.7,0.1735265
S1310F,2B,AIM_all,18.8,0.2028029
S1310F,2B,AIM_all,18.9,0.1658853
S1310F,2B,AIM_all,19.0,0.1704509
S1310F,2B,AIM_all,19.1,0.1602311
S1310F,2B,AIM_all,19.2,0.212824
S1310F,2B,AIM_all,19.3,0.1730432
S1310F,2B,AIM_all,19.4,0.1720087
S1310F,2B,AIM_all,19.5,0.196685
S1310F,2B,AIM_all,19.6,0.1733841
S1310F,2B,AIM_all,19.7,0.1749571
S1310F,2B,AIM_all,19.8,0.1791145
S1310F,2B,AIM_all,19.9,0.170921
S1310F,2B,AIM_all,20.0,0.1738431
S1310F,2B,AIM_all,20.1,0.1702275
S1310F,2B,AIM_all,20.2,0.1560256
S1310F,2B,AIM_all,20.3,0.1595089
S1310F,2B,AIM_all,20.4,0.1755136
S1310F,2B,AIM_all,20.5,0.162324
S1310F,2B,AIM_all,20.6,0.1887087
S1310F,2B,AIM_all,20.7,0.2177936
S1310F,2B,AIM_all,20.8,0.2050832
S1310F,2B,AIM_all,20.9,0.1914942
S1310F,2B,AIM_all,21.0,0.1790697
S1310F,2B,AIM_all,21.1,0.2253663
S1310F,2B,AIM_all,21.2,0.2220339
S1310F,2B,AIM_all,21.3,0.1879606
S1310F,2B,AIM_all,21.4,0.208053
S1310F,2B,AIM_all,21.5,0.188752
S1310F,2B,AIM_all,21.6,0.169635
S1310F,2B,AIM_all,21.7,0.1808368
S1310F,2B,AIM_all,21.8,0.1790561
S1310F,2B,AIM_all,21.9,0.1839979
S1310F,2B,AIM_all,22.0,0.185351
S1310F,2B,AIM_all,22.1,0.1796384
S1310F,2B,AIM_all,22.2,0.1672993
S1310F,2B,AIM_all,22.3,0.1956988
S1310F,2B,AIM_all,22.4,0.200781
S1310F,2B,AIM_all,22.5,0.2089523
S1310F,2B,AIM_all,22.6,0.1945664
S1310F,2B,AIM_all,22.7,0.1910654
S1310F,2B,AIM_all,22.8,0.1720028
S1310F,2B,AIM_all,22.9,0.1890927
S1310F,2B,AIM_all,23.0,0.181246
S1310F,2B,AIM_all,23.1,0.21741
S1310F,2B,AIM_all,23.2,0.1922862
S1310F,2B,AIM_all,23.3,0.1956935
S1310F,2B,AIM_all,23.4,0.1973782
S1310F,2B,AIM_all,23.5,0.1732106
S1310F,2B,AIM_all,23.6,0.1835293
S1310F,2B,AIM_all,23.7,0.1602776
S1310F,2B,AIM_all,23.8,0.1796496
S1310F,2B,AIM_all,23.9,0.1775558
S1310F,2B,AIM_all,24.0,0.1772232
S1310F,2B,AIM_all,24.1,0.2098118
S1310F,2B,AIM_all,24.2,0.2198796
S1310F,2B,AIM_all,24.3,0.1832019
S1310F,2B,AIM_all,24.4,0.2104612
S1310F,2B,AIM_all,24.5,0.1870346
S1310F,2B,AIM_all,24.6,0.1655233
S1310F,2B,AIM_all,24.7,0.1926264
S1310F,2B,AIM_all,24.8,0.198912
S1310F,2B,AIM_all,24.9,0.1925226
S1310F,2B,AIM_all,25.0,0.1974438
S1310F,2B,AIM_all,25.1,0.2023981
S1310F,2B,AIM_all,25.2,0.2048756
S1310F,2B,AIM_all,25.3,0.2126616
S1310F,2B,AIM_all,25.4,0.1968221
S1310F,2B,AIM_all,25.5,0.2016035
S1310F,2B,AIM_all,25.6,0.1855399
S1310F,2B,AIM_all,25.7,0.1774739
S1310F,2B,AIM_all,25.8,0.2146207
S1310F,2B,AIM_all,25.9,0.2017052
S1310F,2B,AIM_all,26.0,0.2178394
S1310F,2B,AIM_all,26.1,0.2354612
S1310F,2B,AIM_all,26.2,0.174737
S1310F,2B,AIM_all,26.3,0.1700266
S1310F,2B,AIM_all,26.4,0.1969644
S1310F,2B,AIM_all,26.5,0.200714
S1310F,2B,AIM_all,26.6,0.1651788
S1310F,2B,AIM_all,26.7,0.1685644
S1310F,2B,AIM_all,26.8,0.1763918
S1310F,2B,AIM_all,26.9,0.2107082
S1310F,2B,AIM_all,27.0,0.1968503
S1310F,2B,AIM_all,27.1,0.1734992
S1310F,2B,AIM_all,27.2,0.1880213
S1310F,2B,AIM_all,27.3,0.1800139
S1310F,2B,AIM_all,27.4,0.1712572
S1310F,2B,AIM_all,27.5,0.1725834
S1310F,2B,AIM_all,27.6,0.2062642
S1310F,2B,AIM_all,27.7,0.1887722
S1310F,2B,AIM_all,27.8,0.1909161
S1310F,2B,AIM_all,27.9,0.1924319
S1310F,2B,AIM_all,28.0,0.1930234
S1310F,2B,AIM_all,28.1,0.2015094
S1310F,2B,AIM_all,28.2,0.1831776
S1310F,2B,AIM_all,28.3,0.179371
S1310F,2B,AIM_all,28.4,0.1722151
S1310F,2B,AIM_all,28.5,0.2065648
S1310F,2B,AIM_all,28.6,0.211199
S1310F,2B,AIM_all,28.7,0.2203543
S1310F,2B,AIM_all,28.8,0.1977753
S1310F,2B,AIM_all,28.9,0.1987913
S1310F,2B,AIM_all,29.0,0.1987259
S1310F,2B,AIM_all,29.1,0.1900236
S1310F,2B,AIM_all,29.2,0.1954919
S1310F,2B,AIM_all,29.3,0.19491
S1310F,2B,AIM_all,29.4,0.2116817
S1310F,2B,AIM_all,29.5,0.2042572
S1310F,2B,AIM_all,29.6,0.2131241
S1310F,2B,AIM_all,29.7,0.2015569
S1310F,2B,AIM_all,29.8,0.2210928
S1310F,2B,AIM_all,29.9,0.1650333
S1310F,2B,AIM_all,30.0,0.1979216
S1310F,2B,AIM_all,30.1,0.186145
S1310F,2B,AIM_all,30.2,0.1829237
S1310F,2B,AIM_all,30.3,0.1736605
S1310F,2B,AIM_all,30.4,0.1977622
S1310F,2B,AIM_all,30.5,0.1945046
S1310F,2B,AIM_all,30.6,0.2006739
S1310F,2B,AIM_all,30.7,0.2123675
S1310F,2B,AIM_all,30.8,0.1877338
S1310F,2B,AIM_all,30.9,0.2268238
S1310F,2B,AIM_all,31.0,0.2053971
S1310F,2B,AIM_all,31.1,0.2025141
S1310F,2B,AIM_all,31.2,0.1802474
S1310F,2B,AIM_all,31.3,0.1998925
S1310F,2B,AIM_all,31.4,0.2088135
S1310F,2B,AIM_all,31.5,0.1925435
S1310F,2B,AIM_all,31.6,0.2155433
S1310F,2B,AIM_all,31.7,0.1954608
S1310F,2B,AIM_all,31.8,0.1962196
S1310F,2B,AIM_all,31.9,0.1837769
S1310F,2B,AIM_all,32.0,0.1959236
S1310F,2B,AIM_all,32.1,0.180804
S1310F,2B,AIM_all,32.2,0.2006889
S1310F,2B,AIM_all,32.3,0.1855289
S1310F,2B,AIM_all,32.4,0.1959235
S1310F,2B,AIM_all,32.5,0.184762
S1310F,2B,AIM_all,32.6,0.1898791
S1310F,2B,AIM_all,32.7,0.1950282
S1310F,2B,AIM_all,32.8,0.163652
S1310F,2B,AIM_all,32.9,0.2000477
S1310F,2B,AIM_all,33.0,0.1923669
S1310F,2B,AIM_all,33.1,0.1787682
S1310F,2B,AIM_all,33.2,0.1977623
S1310F,2B,AIM_all,33.3,0.1919454
S1310F,2B,AIM_all,33.4,0.1931552
S1310F,2B,AIM_all,33.5,0.1991685
S1310F,2B,AIM_all,33.6,0.1649547
S1310F,2B,AIM_all,33.7,0.2140584
S1310F,2B,AIM_all,33.8,0.2055384
S1310F,2B,AIM_all,33.9,0.2116839
S1310F,2B,AIM_all,34.0,0.1991708
S1310F,2B,AIM_all,34.1,0.1930751
S1310F,2B,AIM_all,34.2,0.1830791
S1310F,2B,AIM_all,34.3,0.200175
S1310F,2B,AIM_all,34.4,0.2001622
S1310F,2B,AIM_all,34.5,0.1911676
S1310F,2B,AIM_all,34.6,0.2019059
S1310F,2B,AIM_all,34.7,0.2300089
S1310F,2B,AIM_all,34.8,0.1952281
S1310F,2B,AIM_all,34.9,0.1839262
S1310F,2B,AIM_all,35.0,0.2288519
S1310F,2B,AIM_all,35.1,0.1888492
S1310F,2B,AIM_all,35.2,0.2040541
S1310F,2B,AIM_all,35.3,0.213778
S1310F,2B,AIM_all,35.4,0.2047974
S1310F,2B,AIM_all,35.5,0.1961862
S1310F,2B,AIM_all,35.6,0.2040244
S1310F,2B,AIM_all,35.7,0.2115867
S1310F,2B,AIM_all,35.8,0.2099429
S1310F,2B,AIM_all,35.9,0.1902236
S1310F,2B,AIM_all,36.0,0.1977977
S1310F,2B,AIM_all,36.1,0.2040489
S1310F,2B,AIM_all,36.2,0.1974389
S1310F,2B,AIM_all,36.3,0.1909894
S1310F,2B,AIM_all,36.4,0.2038649
S1310F,2B,AIM_all,36.5,0.1959438
S1310F,2B,AIM_all,36.6,0.1991103
S1310F,2B,AIM_all,36.7,0.2154391
S1310F,2B,AIM_all,36.8,0.1965836
S1310F,2B,AIM_all,36.9,0.1989801
S1310F,2B,AIM_all,37.0,0.1952691
S1310F,2B,AIM_all,37.1,0.176485
S1310F,2B,AIM_all,37.2,0.2117851
S1310F,2B,AIM_all,37.3,0.2173708
S1310F,2B,AIM_all,37.4,0.2148513
S1310F,2B,AIM_all,37.5,0.1940875
S1310F,2B,AIM_all,37.6,0.1984665
S1310F,2B,AIM_all,37.7,0.1678481
S1310F,2B,AIM_all,37.8,0.2174949
S1310F,2B,AIM_all,37.9,0.1925356
S1310F,2B,AIM_all,38.0,0.1845777
S1310F,2B,AIM_all,38.1,0.1996848
S1310F,2B,AIM_all,38.2,0.2114828
S1310F,2B,AIM_all,38.3,0.1999126
S1310F,2B,AIM_all,38.4,0.1909793
S1310F,2B,AIM_all,38.5,0.1789443
S1310F,2B,AIM_all,38.6,0.1893832
S1310F,2B,AIM_all,38.7,0.1972505
S1310F,2B,AIM_all,38.8,0.210618
S1310F,2B,AIM_all,38.9,0.1933907
S1310F,2B,AIM_all,39.0,0.2051805
S1310F,2B,AIM_all,39.1,0.1718282
S1310F,2B,AIM_all,39.2,0.2041225
S1310F,2B,AIM_all,39.3,0.1955529
S1310F,2B,AIM_all,39.4,0.2032164
S1310F,2B,AIM_all,39.5,0.2153581
S1310F,2B,AIM_all,39.6,0.1985572
S1310F,2B,AIM_all,39.7,0.1809859
S1310F,2B,AIM_all,39.8,0.1879602
S1310F,2B,AIM_all,39.9,0.1933156
S1310F,2B,AIM_all,40.0,0.1854993
S1310F,2B,AIM_all,40.1,0.1831067
S1310F,2B,AIM_all,40.2,0.2111376
S1310F,2B,AIM_all,40.3,0.1972461
S1310F,2B,AIM_all,40.4,0.1869174
S1310F,2B,AIM_all,40.5,0.1768274
S1310F,2B,AIM_all,40.6,0.1898921
S1310F,2B,AIM_all,40.7,0.1618208
S1310F,2B,AIM_all,40.8,0.2044721
S1310F,2B,AIM_all,40.9,0.1860404
S1310F,2B,AIM_all,41.0,0.2143082
S1310F,2B,AIM_all,41.1,0.1973093
S1310F,2B,AIM_all,41.2,0.1941211
S1310F,2B,AIM_all,41.3,0.2014197
S1310F,2B,AIM_all,41.4,0.1934735
S1310F,2B,AIM_all,41.5,0.1778035
S1310F,2B,AIM_all,41.6,0.1818267
S1310F,2B,AIM_all,41.7,0.186786
S1310F,2B,AIM_all,41.8,0.1942192
S1310F,2B,AIM_all,41.9,0.1882471
S1310F,2B,AIM_all,42.0,0.1660454
S1310F,2B,AIM_all,42.1,0.1894361
S1310F,2B,AIM_all,42.2,0.1817274
S1310F,2B,AIM_all,42.3,0.1781741
S1310F,2B,AIM_all,42.4,0.1804385
S1310F,2B,AIM_all,42.5,0.2036858
S1310F,2B,AIM_all,42.6,0.1623727
S1310F,2B,AIM_all,42.7,0.1787684
S1310F,2B,AIM_all,42.8,0.173188
S1310F,2B,AIM_all,42.9,0.1645053
S1310F,2B,AIM_all,43.0,0.2027142
S1310F,2B,AIM_all,43.1,0.1813116
S1310F,2B,AIM_all,43.2,0.1710234
S1310F,2B,AIM_all,43.3,0.1709035
S1310F,2B,AIM_all,43.4,0.2003522
S1310F,2B,AIM_all,43.5,0.1721977
S1310F,2B,AIM_all,43.6,0.1865929
S1310F,2B,AIM_all,43.7,0.1670117
S1310F,2B,AIM_all,43.8,0.177508
S1310F,2B,AIM_all,43.9,0.1696055
S1310F,2B,AIM_all,44.0,0.163429
S1310F,2B,AIM_all,44.1,0.1818732
S1310F,2B,AIM_all,44.2,0.1782414
S1310F,2B,AIM_all,44.3,0.1883108
S1310F,2B,AIM_all,44.4,0.2107985
S1310F,2B,AIM_all,44.5,0.2017945
S1310F,2B,AIM_all,44.6,0.2015068
S1310F,2B,AIM_all,44.7,0.180679
S1310F,2B,AIM_all,44.8,0.191888
S1310F,2B,AIM_all,44.9,0.2074322
S1310F,2B,AIM_all,45.0,0.1829044
S1310F,2B,AIM_all,45.1,0.2139301
S1310F,2B,AIM_all,45.2,0.1867779
S1310F,2B,AIM_all,45.3,0.1963698
S1310F,2B,AIM_all,45.4,0.2030221
S1310F,2B,AIM_all,45.5,0.2077501
S1310F,2B,AIM_all,45.6,0.1995595
S1310F,2B,AIM_all,45.7,0.1971551
S1310F,2B,AIM_all,45.8,0.2067393
S1310F,2B,AIM_all,45.9,0.1944761
S1310F,2B,AIM_all,46.0,0.2017349
S1310F,2B,AIM_all,46.1,0.1950923
S1310F,2B,AIM_all,46.2,0.2012464
S1310F,2B,AIM_all,46.3,0.2036665
S1310F,2B,AIM_all,46.4,0.2036613
S1310F,2B,AIM_all,46.5,0.1942423
S1310F,2B,AIM_all,46.6,0.2044529
S1310F,2B,AIM_all,46.7,0.2050754
S1310F,2B,AIM_all,46.8,0.2125604
S1310F,2B,AIM_all,46.9,0.1990201
S1310F,2B,AIM_all,47.0,0.2170461
S1310F,2B,AIM_all,47.1,0.2153952
S1310F,2B,AIM_all,47.2,0.1864406
S1310F,2B,AIM_all,47.3,0.2004294
S1310F,2B,AIM_all,47.4,0.1923566
S1310F,2B,AIM_all,47.5,0.2200204
S1310F,2B,AIM_all,47.6,0.231262
S1310F,2B,AIM_all,47.7,0.1936649
S1310F,2B,AIM_all,47.8,0.1950233
S1310F,2B,AIM_all,47.9,0.1971143
S1310F,2B,AIM_all,48.0,0.1706754
S1310F,2B,AIM_all,48.1,0.2084621
S1310F,2B,AIM_all,48.2,0.1966266
S1310F,2B,AIM_all,48.3,0.2076005
S1310F,2B,AIM_all,48.4,0.2024993
S1310F,2B,AIM_all,48.5,0.2012437
S1310F,2B,AIM_all,48.6,0.2083414
S1310F,2B,AIM_all,48.7,0.195443
S1310F,2B,AIM_all,48.8,0.2037868
S1310F,2B,AIM_all,48.9,0.2071906
S1310F,2B,AIM_all,49.0,0.1821375
S1310F,2B,AIM_all,49.1,0.174023
S1310F,2B,AIM_all,49.2,0.1790029
S1310F,2B,AIM_all,49.3,0.2010419
S1310F,2B,AIM_all,49.4,0.173029
S1310F,2B,AIM_all,49.5,0.1956681
S1310F,2B,AIM_all,49.6,0.19601
S1310F,2B,AIM_all,49.7,0.1819231
S1310F,2B,AIM_all,49.8,0.1709562
S1310F,2B,AIM_all,49.9,0.2021509
S1310F,2B,AIM_all,50.0,0.1726992
S1310F,2B,C_AIM,0.0,0.1795136
S1310F,2B,C_AIM,0.1,0.2384618
S1310F,2B,C_AIM,0.2,0.2143455
S1310F,2B,C_AIM,0.3,0.2023288
S1310F,2B,C_AIM,0.4,0.2081803
S1310F,2B,C_AIM,0.5,0.2057429
S1310F,2B,C_AIM,0.6,0.1983455
S1310F,2B,C_AIM,0.7,0.2094204
S1310F,2B,C_AIM,0.8,0.2049512
S1310F,2B,C_AIM,0.9,0.180563
S1310F,2B,C_AIM,1.0,0.1846131
S1310F,2B,C_AIM,1.1,0.1866415
S1310F,2B,C_AIM,1.2,0.2199956
S1310F,2B,C_AIM,1.3,0.2210094
S1310F,2B,C_AIM,1.4,0.2242521
S1310F,2B,C_AIM,1.5,0.1817937
S1310F,2B,C_AIM,1.6,0.1900237
S1310F,2B,C_AIM,1.7,0.1657136
S1310F,2B,C_AIM,1.8,0.2021089
S1310F,2B,C_AIM,1.9,0.2359766
S1310F,2B,C_AIM,2.0,0.2034233
S1310F,2B,C_AIM,2.1,0.2147018
S1310F,2B,C_AIM,2.2,0.2206106
S1310F,2B,C_AIM,2.3,0.1957268
S1310F,2B,C_AIM,2.4,0.1980655
S1310F,2B,C_AIM,2.5,0.2042865
S1310F,2B,C_AIM,2.6,0.2016927
S1310F,2B,C_AIM,2.7,0.2047487
S1310F,2B,C_AIM,2.8,0.2068165
S1310F,2B,C_AIM,2.9,0.2225889
S1310F,2B,C_AIM,3.0,0.1925487
S1310F,2B,C_AIM,3.1,0.1955632
S1310F,2B,C_AIM,3.2,0.2003348
S1310F,2B,C_AIM,3.3,0.1798833
S1310F,2B,C_AIM,3.4,0.2076343
S1310F,2B,C_AIM,3.5,0.2053095
S1310F,2B,C_AIM,3.6,0.2018983
S1310F,2B,C_AIM,3.7,0.2150675
S1310F,2B,C_AIM,3.8,0.1944043
S1310F,2B,C_AIM,3.9,0.2150674
S1310F,2B,C_AIM,4.0,0.2011691
S1310F,2B,C_AIM,4.1,0.2028645
S1310F,2B,C_AIM,4.2,0.2030617
S1310F,2B,C_AIM,4.3,0.2023511
S1310F,2B,C_AIM,4.4,0.2024498
S1310F,2B,C_AIM,4.5,0.2165388
S1310F,2B,C_AIM,4.6,0.187867
S1310F,2B,C_AIM,4.7,0.2083511
S1310F,2B,C_AIM,4.8,0.1984866
S1310F,2B,C_AIM,4.9,0.1920759
S1310F,2B,C_AIM,5.0,0.2176213
S1310F,2B,C_AIM,5.1,0.2071086
S1310F,2B,C_AIM,5.2,0.2222497
S1310F,2B,C_AIM,5.3,0.1909162
S1310F,2B,C_AIM,5.4,0.1990578
S1310F,2B,C_AIM,5.5,0.1972765
S1310F,2B,C_AIM,5.6,0.1950103
S1310F,2B,C_AIM,5.7,0.2112489
S1310F,2B,C_AIM,5.8,0.2063661
S1310F,2B,C_AIM,5.9,0.198179
S1310F,2B,C_AIM,6.0,0.2023213
S1310F,2B,C_AIM,6.1,0.2316789
S1310F,2B,C_AIM,6.2,0.2178991
S1310F,2B,C_AIM,6.3,0.2091555
S1310F,2B,C_AIM,6.4,0.2114002
S1310F,2B,C_AIM,6.5,0.2098118
S1310F,2B,C_AIM,6.6,0.2334371
S1310F,2B,C_AIM,6.7,0.2030293
S1310F,2B,C_AIM,6.8,0.1847185
S1310F,2B,C_AIM,6.9,0.2143106
S1310F,2B,C_AIM,7.0,0.2053728
S1310F,2B,C_AIM,7.1,0.2119724
S1310F,2B,C_AIM,7.2,0.1993213
S1310F,2B,C_AIM,7.3,0.2076776
S1310F,2B,C_AIM,7.400001,0.2004021
S1310F,2B,C_AIM,7.5,0.1911531
S1310F,2B,C_AIM,7.6,0.1912851
S1310F,2B,C_AIM,7.7,0.2102142
S1310F,2B,C_AIM,7.8,0.233223
S1310F,2B,C_AIM,7.900001,0.2000871
S1310F,2B,C_AIM,8.0,0.2278703
S1310F,2B,C_AIM,8.1,0.2131809
S1310F,2B,C_AIM,8.200001,0.2024079
S1310F,2B,C_AIM,8.3,0.1965352
S1310F,2B,C_AIM,8.400001,0.2305366
S1310F,2B,C_AIM,8.5,0.2151351
S1310F,2B,C_AIM,8.6,0.1864884
S1310F,2B,C_AIM,8.700001,0.2022232
S1310F,2B,C_AIM,8.8,0.2003185
S1310F,2B,C_AIM,8.900001,0.2065478
S1310F,2B,C_AIM,9.0,0.2059757
S1310F,2B,C_AIM,9.1,0.199394
S1310F,2B,C_AIM,9.200001,0.2213185
S1310F,2B,C_AIM,9.3,0.2202569
S1310F,2B,C_AIM,9.400001,0.2162359
S1310F,2B,C_AIM,9.5,0.2245551
S1310F,2B,C_AIM,9.6,0.2181401
S1310F,2B,C_AIM,9.700001,0.2079928
S1310F,2B,C_AIM,9.8,0.2197681
S1310F,2B,C_AIM,9.900001,0.2060243
S1310F,2B,C_AIM,10.0,0.1996335
S1310F,2B,C_AIM,10.1,0.2083866
S1310F,2B,C_AIM,10.2,0.2252887
S1310F,2B,C_AIM,10.3,0.2117451
S1310F,2B,C_AIM,10.4,0.215919
S1310F,2B,C_AIM,10.5,0.2292182
S1310F,2B,C_AIM,10.6,0.2038747
S1310F,2B,C_AIM,10.7,0.189711
S1310F,2B,C_AIM,10.8,0.2174808
S1310F,2B,C_AIM,10.9,0.2067802
S1310F,2B,C_AIM,11.0,0.2061602
S1310F,2B,C_AIM,11.1,0.1973675
S1310F,2B,C_AIM,11.2,0.2199454
S1310F,2B,C_AIM,11.3,0.210062
S1310F,2B,C_AIM,11.4,0.2037258
S1310F,2B,C_AIM,11.5,0.2233071
S1310F,2B,C_AIM,11.6,0.2054386
S1310F,2B,C_AIM,11.7,0.1716305
S1310F,2B,C_AIM,11.8,0.1738649
S1310F,2B,C_AIM,11.9,0.1767089
S1310F,2B,C_AIM,12.0,0.1753654
S1310F,2B,C_AIM,12.1,0.2150303
S1310F,2B,C_AIM,12.2,0.1693545
S1310F,2B,C_AIM,12.3,0.2136095
S1310F,2B,C_AIM,12.4,0.2060536
S1310F,2B,C_AIM,12.5,0.229055
S1310F,2B,C_AIM,12.6,0.2293164
S1310F,2B,C_AIM,12.7,0.210149
S1310F,2B,C_AIM,12.8,0.2063249
S1310F,2B,C_AIM,12.9,0.1987492
S1310F,2B,C_AIM,13.0,0.2008006
S1310F,2B,C_AIM,13.1,0.2193762
S1310F,2B,C_AIM,13.2,0.2059657
S1310F,2B,C_AIM,13.3,0.2039094
S1310F,2B,C_AIM,13.4,0.2088899
S1310F,2B,C_AIM,13.5,0.2094324
S1310F,2B,C_AIM,13.6,0.2252684
S1310F,2B,C_AIM,13.7,0.1976891
S1310F,2B,C_AIM,13.8,0.2171913
S1310F,2B,C_AIM,13.9,0.212278
S1310F,2B,C_AIM,14.0,0.2042888
S1310F,2B,C_AIM,14.1,0.2116056
S1310F,2B,C_AIM,14.2,0.2106823
S1310F,2B,C_AIM,14.3,0.2027165
S1310F,2B,C_AIM,14.4,0.2006016
S1310F,2B,C_AIM,14.5,0.212833
S1310F,2B,C_AIM,14.6,0.2138854
S1310F,2B,C_AIM,14.7,0.1964766
S1310F,2B,C_AIM,14.8,0.221495
S1310F,2B,C_AIM,14.9,0.1543276
S1310F,2B,C_AIM,15.0,0.2165274
S1310F,2B,C_AIM,15.1,0.2009975
S1310F,2B,C_AIM,15.2,0.2088155
S1310F,2B,C_AIM,15.3,0.2130398
S1310F,2B,C_AIM,15.4,0.2098952
S1310F,2B,C_AIM,15.5,0.20583
S1310F,2B,C_AIM,15.6,0.2174948
S1310F,2B,C_AIM,15.7,0.2036002
S1310F,2B,C_AIM,15.8,0.208744
S1310F,2B,C_AIM,15.9,0.1761537
S1310F,2B,C_AIM,16.0,0.1829808
S1310F,2B,C_AIM,16.1,0.2217276
S1310F,2B,C_AIM,16.2,0.2125748
S1310F,2B,C_AIM,16.3,0.1995742
S1310F,2B,C_AIM,16.4,0.2032163
S1310F,2B,C_AIM,16.5,0.2143036
S1310F,2B,C_AIM,16.6,0.2038753
S1310F,2B,C_AIM,16.7,0.2034452
S1310F,2B,C_AIM,16.8,0.196563
S1310F,2B,C_AIM,16.9,0.2023683
S1310F,2B,C_AIM,17.0,0.2013405
S1310F,2B,C_AIM,17.1,0.2177065
S1310F,2B,C_AIM,17.2,0.2260665
S1310F,2B,C_AIM,17.3,0.2160328
S1310F,2B,C_AIM,17.4,0.2171473
S1310F,2B,C_AIM,17.5,0.1904471
S1310F,2B,C_AIM,17.6,0.2026844
S1310F,2B,C_AIM,17.7,0.2135275
S1310F,2B,C_AIM,17.8,0.2029136
S1310F,2B,C_AIM,17.9,0.201219
S1310F,2B,C_AIM,18.0,0.2022329
S1310F,2B,C_AIM,18.1,0.1987814
S1310F,2B,C_AIM,18.2,0.1908241
S1310F,2B,C_AIM,18.3,0.2087153
S1310F,2B,C_AIM,18.4,0.2059588
S1310F,2B,C_AIM,18.5,0.2198043
S1310F,2B,C_AIM,18.6,0.2255126
S1310F,2B,C_AIM,18.7,0.211031
S1310F,2B,C_AIM,18.8,0.216162
S1310F,2B,C_AIM,18.9,0.2336772
S1310F,2B,C_AIM,19.0,0.231052
S1310F,2B,C_AIM,19.1,0.2141469
S1310F,2B,C_AIM,19.2,0.212824
S1310F,2B,C_AIM,19.3,0.1964918
S1310F,2B,C_AIM,19.4,0.2017225
S1310F,2B,C_AIM,19.5,0.196685
S1310F,2B,C_AIM,19.6,0.1733841
S1310F,2B,C_AIM,19.7,0.1749571
S1310F,2B,C_AIM,19.8,0.1791145
S1310F,2B,C_AIM,19.9,0.170921
S1310F,2B,C_AIM,20.0,0.1738431
S1310F,2B,C_AIM,20.1,0.1705784
S1310F,2B,C_AIM,20.2,0.1560256
S1310F,2B,C_AIM,20.3,0.1595089
S1310F,2B,C_AIM,20.4,0.1755136
S1310F,2B,C_AIM,20.5,0.162324
S1310F,2B,C_AIM,20.6,0.2365989
S1310F,2B,C_AIM,20.7,0.2177936
S1310F,2B,C_AIM,20.8,0.2050832
S1310F,2B,C_AIM,20.9,0.2127485
S1310F,2B,C_AIM,21.0,0.2248152
S1310F,2B,C_AIM,21.1,0.2253663
S1310F,2B,C_AIM,21.2,0.2226813
S1310F,2B,C_AIM,21.3,0.1879606
S1310F,2B,C_AIM,21.4,0.2096905
S1310F,2B,C_AIM,21.5,0.1906069
S1310F,2B,C_AIM,21.6,0.2002469
S1310F,2B,C_AIM,21.7,0.2224725
S1310F,2B,C_AIM,21.8,0.2218173
S1310F,2B,C_AIM,21.9,0.2143944
S1310F,2B,C_AIM,22.0,0.2132533
S1310F,2B,C_AIM,22.1,0.2156686
S1310F,2B,C_AIM,22.2,0.2120046
S1310F,2B,C_AIM,22.3,0.2186069
S1310F,2B,C_AIM,22.4,0.2066132
S1310F,2B,C_AIM,22.5,0.2089523
S1310F,2B,C_AIM,22.6,0.2043553
S1310F,2B,C_AIM,22.7,0.2070025
S1310F,2B,C_AIM,22.8,0.2244127
S1310F,2B,C_AIM,22.9,0.2354401
S1310F,2B,C_AIM,23.0,0.2208389
S1310F,2B,C_AIM,23.1,0.21741
S1310F,2B,C_AIM,23.2,0.2194222
S1310F,2B,C_AIM,23.3,0.2032069
S1310F,2B,C_AIM,23.4,0.1973782
S1310F,2B,C_AIM,23.5,0.1981185
S1310F,2B,C_AIM,23.6,0.2093658
S1310F,2B,C_AIM,23.7,0.2141704
S1310F,2B,C_AIM,23.8,0.1995421
S1310F,2B,C_AIM,23.9,0.1820852
S1310F,2B,C_AIM,24.0,0.2185657
S1310F,2B,C_AIM,24.1,0.2114381
S1310F,2B,C_AIM,24.2,0.2294515
S1310F,2B,C_AIM,24.3,0.2299673
S1310F,2B,C_AIM,24.4,0.2104612
S1310F,2B,C_AIM,24.5,0.2022127
S1310F,2B,C_AIM,24.6,0.1867537
S1310F,2B,C_AIM,24.7,0.2043867
S1310F,2B,C_AIM,24.8,0.198912
S1310F,2B,C_AIM,24.9,0.1925226
S1310F,2B,C_AIM,25.0,0.2188288
S1310F,2B,C_AIM,25.1,0.2023981
S1310F,2B,C_AIM,25.2,0.2048756
S1310F,2B,C_AIM,25.3,0.2173476
S1310F,2B,C_AIM,25.4,0.1968221
S1310F,2B,C_AIM,25.5,0.2045238
S1310F,2B,C_AIM,25.6,0.1855399
S1310F,2B,C_AIM,25.7,0.1880691
S1310F,2B,C_AIM,25.8,0.223134
S1310F,2B,C_AIM,25.9,0.2064803
S1310F,2B,C_AIM,26.0,0.2178394
S1310F,2B,C_AIM,26.1,0.2354612
S1310F,2B,C_AIM,26.2,0.2187623
S1310F,2B,C_AIM,26.3,0.1923745
S1310F,2B,C_AIM,26.4,0.2191373
S1310F,2B,C_AIM,26.5,0.200714
S1310F,2B,C_AIM,26.6,0.2043184
S1310F,2B,C_AIM,26.7,0.2240133
S1310F,2B,C_AIM,26.8,0.2109121
S1310F,2B,C_AIM,26.9,0.2107082
S1310F,2B,C_AIM,27.0,0.2010672
S1310F,2B,C_AIM,27.1,0.2183669
S1310F,2B,C_AIM,27.2,0.2083507
S1310F,2B,C_AIM,27.3,0.2103474
S1310F,2B,C_AIM,27.4,0.2043355
S1310F,2B,C_AIM,27.5,0.2076846
S1310F,2B,C_AIM,27.6,0.2062642
S1310F,2B,C_AIM,27.7,0.2160763
S1310F,2B,C_AIM,27.8,0.197661
S1310F,2B,C_AIM,27.9,0.2108463
S1310F,2B,C_AIM,28.0,0.2321897
S1310F,2B,C_AIM,28.1,0.2015094
S1310F,2B,C_AIM,28.2,0.2262078
S1310F,2B,C_AIM,28.3,0.2392175
S1310F,2B,C_AIM,28.4,0.2077713
S1310F,2B,C_AIM,28.5,0.20943
S1310F,2B,C_AIM,28.6,0.211199
S1310F,2B,C_AIM,28.7,0.2203543
S1310F,2B,C_AIM,28.8,0.2028349
S1310F,2B,C_AIM,28.9,0.1997475
S1310F,2B,C_AIM,29.0,0.20883
S1310F,2B,C_AIM,29.1,0.2098691
S1310F,2B,C_AIM,29.2,0.2081082
S1310F,2B,C_AIM,29.3,0.2049512
S1310F,2B,C_AIM,29.4,0.2116817
S1310F,2B,C_AIM,29.5,0.2042572
S1310F,2B,C_AIM,29.6,0.2131241
S1310F,2B,C_AIM,29.7,0.2015569
S1310F,2B,C_AIM,29.8,0.2210928
S1310F,2B,C_AIM,29.9,0.1897839
S1310F,2B,C_AIM,30.0,0.2247911
S1310F,2B,C_AIM,30.1,0.2234565
S1310F,2B,C_AIM,30.2,0.2213549
S1310F,2B,C_AIM,30.3,0.2044896
S1310F,2B,C_AIM,30.4,0.1977622
S1310F,2B,C_AIM,30.5,0.1945046
S1310F,2B,C_AIM,30.6,0.2006739
S1310F,2B,C_AIM,30.7,0.2252112
S1310F,2B,C_AIM,30.8,0.2345228
S1310F,2B,C_AIM,30.9,0.2283527
S1310F,2B,C_AIM,31.0,0.2282413
S1310F,2B,C_AIM,31.1,0.227326
S1310F,2B,C_AIM,31.2,0.1898789
S1310F,2B,C_AIM,31.3,0.2175038
S1310F,2B,C_AIM,31.4,0.2088135
S1310F,2B,C_AIM,31.5,0.1925435
S1310F,2B,C_AIM,31.6,0.2159214
S1310F,2B,C_AIM,31.7,0.1954608
S1310F,2B,C_AIM,31.8,0.2026942
S1310F,2B,C_AIM,31.9,0.2173616
S1310F,2B,C_AIM,32.0,0.2177407
S1310F,2B,C_AIM,32.1,0.2262698
S1310F,2B,C_AIM,32.2,0.2110095
S1310F,2B,C_AIM,32.3,0.2134903
S1310F,2B,C_AIM,32.4,0.2295605
S1310F,2B,C_AIM,32.5,0.2154877
S1310F,2B,C_AIM,32.6,0.2264354
S1310F,2B,C_AIM,32.7,0.1950282
S1310F,2B,C_AIM,32.8,0.1852297
S1310F,2B,C_AIM,32.9,0.2027807
S1310F,2B,C_AIM,33.0,0.1923669
S1310F,2B,C_AIM,33.1,0.2078892
S1310F,2B,C_AIM,33.2,0.1977623
S1310F,2B,C_AIM,33.3,0.2034576
S1310F,2B,C_AIM,33.4,0.1982398
S1310F,2B,C_AIM,33.5,0.1991685
S1310F,2B,C_AIM,33.6,0.215402
S1310F,2B,C_AIM,33.7,0.2167834
S1310F,2B,C_AIM,33.8,0.2055384
S1310F,2B,C_AIM,33.9,0.2116839
S1310F,2B,C_AIM,34.0,0.2149933
S1310F,2B,C_AIM,34.1,0.1930751
S1310F,2B,C_AIM,34.2,0.1830791
S1310F,2B,C_AIM,34.3,0.200175
S1310F,2B,C_AIM,34.4,0.2001622
S1310F,2B,C_AIM,34.5,0.2092752
S1310F,2B,C_AIM,34.6,0.2019059
S1310F,2B,C_AIM,34.7,0.2300089
S1310F,2B,C_AIM,34.8,0.1952281
S1310F,2B,C_AIM,34.9,0.1839262
S1310F,2B,C_AIM,35.0,0.2288519
S1310F,2B,C_AIM,35.1,0.1888492
S1310F,2B,C_AIM,35.2,0.2070676
S1310F,2B,C_AIM,35.3,0.2193375
S1310F,2B,C_AIM,35.4,0.2047974
S1310F,2B,C_AIM,35.5,0.2181968
S1310F,2B,C_AIM,35.6,0.2040244
S1310F,2B,C_AIM,35.7,0.2204112
S1310F,2B,C_AIM,35.8,0.2101264
S1310F,2B,C_AIM,35.9,0.2098121
S1310F,2B,C_AIM,36.0,0.1977977
S1310F,2B,C_AIM,36.1,0.2040489
S1310F,2B,C_AIM,36.2,0.2092106
S1310F,2B,C_AIM,36.3,0.1909894
S1310F,2B,C_AIM,36.4,0.2038649
S1310F,2B,C_AIM,36.5,0.2025659
S1310F,2B,C_AIM,36.6,0.1991103
S1310F,2B,C_AIM,36.7,0.2154391
S1310F,2B,C_AIM,36.8,0.2257965
S1310F,2B,C_AIM,36.9,0.1989801
S1310F,2B,C_AIM,37.0,0.1952691
S1310F,2B,C_AIM,37.1,0.2246844
S1310F,2B,C_AIM,37.2,0.2149465
S1310F,2B,C_AIM,37.3,0.2173708
S1310F,2B,C_AIM,37.4,0.2224366
S1310F,2B,C_AIM,37.5,0.2169931
S1310F,2B,C_AIM,37.6,0.1984665
S1310F,2B,C_AIM,37.7,0.1678481
S1310F,2B,C_AIM,37.8,0.2174949
S1310F,2B,C_AIM,37.9,0.1925356
S1310F,2B,C_AIM,38.0,0.2145018
S1310F,2B,C_AIM,38.1,0.1996848
S1310F,2B,C_AIM,38.2,0.2114828
S1310F,2B,C_AIM,38.3,0.1999126
S1310F,2B,C_AIM,38.4,0.1909793
S1310F,2B,C_AIM,38.5,0.2083413
S1310F,2B,C_AIM,38.6,0.1995846
S1310F,2B,C_AIM,38.7,0.2197293
S1310F,2B,C_AIM,38.8,0.210618
S1310F,2B,C_AIM,38.9,0.1933907
S1310F,2B,C_AIM,39.0,0.2051805
S1310F,2B,C_AIM,39.1,0.1718282
S1310F,2B,C_AIM,39.2,0.2041225
S1310F,2B,C_AIM,39.3,0.1955529
S1310F,2B,C_AIM,39.4,0.2253463
S1310F,2B,C_AIM,39.5,0.2153581
S1310F,2B,C_AIM,39.6,0.2047389
S1310F,2B,C_AIM,39.7,0.221673
S1310F,2B,C_AIM,39.8,0.1988794
S1310F,2B,C_AIM,39.9,0.2173685
S1310F,2B,C_AIM,40.0,0.2202949
S1310F,2B,C_AIM,40.1,0.2202746
S1310F,2B,C_AIM,40.2,0.2111376
S1310F,2B,C_AIM,40.3,0.1972461
S1310F,2B,C_AIM,40.4,0.1869174
S1310F,2B,C_AIM,40.5,0.1904127
S1310F,2B,C_AIM,40.6,0.1898921
S1310F,2B,C_AIM,40.7,0.2089616
S1310F,2B,C_AIM,40.8,0.2457253
S1310F,2B,C_AIM,40.9,0.2051489
S1310F,2B,C_AIM,41.0,0.2186596
S1310F,2B,C_AIM,41.1,0.2280243
S1310F,2B,C_AIM,41.2,0.2055453
S1310F,2B,C_AIM,41.3,0.2014197
S1310F,2B,C_AIM,41.4,0.2205812
S1310F,2B,C_AIM,41.5,0.2123889
S1310F,2B,C_AIM,41.6,0.1958035
S1310F,2B,C_AIM,41.7,0.186786
S1310F,2B,C_AIM,41.8,0.2022326
S1310F,2B,C_AIM,41.9,0.2190023
S1310F,2B,C_AIM,42.0,0.2241093
S1310F,2B,C_AIM,42.1,0.1894361
S1310F,2B,C_AIM,42.2,0.191013
S1310F,2B,C_AIM,42.3,0.1934244
S1310F,2B,C_AIM,42.4,0.2186343
S1310F,2B,C_AIM,42.5,0.2036858
S1310F,2B,C_AIM,42.6,0.2179288
S1310F,2B,C_AIM,42.7,0.2466051
S1310F,2B,C_AIM,42.8,0.2234726
S1310F,2B,C_AIM,42.9,0.2349063
S1310F,2B,C_AIM,43.0,0.2027142
S1310F,2B,C_AIM,43.1,0.2157336
S1310F,2B,C_AIM,43.2,0.2369072
S1310F,2B,C_AIM,43.3,0.2136119
S1310F,2B,C_AIM,43.4,0.2273587
S1310F,2B,C_AIM,43.5,0.206913
S1310F,2B,C_AIM,43.6,0.21375
S1310F,2B,C_AIM,43.7,0.235894
S1310F,2B,C_AIM,43.8,0.2101072
S1310F,2B,C_AIM,43.9,0.2077616
S1310F,2B,C_AIM,44.0,0.2010421
S1310F,2B,C_AIM,44.1,0.2018241
S1310F,2B,C_AIM,44.2,0.2063832
S1310F,2B,C_AIM,44.3,0.217076
S1310F,2B,C_AIM,44.4,0.2107985
S1310F,2B,C_AIM,44.5,0.2017945
S1310F,2B,C_AIM,44.6,0.2015068
S1310F,2B,C_AIM,44.7,0.2115677
S1310F,2B,C_AIM,44.8,0.191888
S1310F,2B,C_AIM,44.9,0.2188378
S1310F,2B,C_AIM,45.0,0.2136213
S1310F,2B,C_AIM,45.1,0.2139301
S1310F,2B,C_AIM,45.2,0.2177293
S1310F,2B,C_AIM,45.3,0.1963698
S1310F,2B,C_AIM,45.4,0.2093727
S1310F,2B,C_AIM,45.5,0.2112106
S1310F,2B,C_AIM,45.6,0.1995595
S1310F,2B,C_AIM,45.7,0.2206558
S1310F,2B,C_AIM,45.8,0.2067393
S1310F,2B,C_AIM,45.9,0.1952279
S1310F,2B,C_AIM,46.0,0.2050391
S1310F,2B,C_AIM,46.1,0.1950923
S1310F,2B,C_AIM,46.2,0.2149905
S1310F,2B,C_AIM,46.3,0.2220699
S1310F,2B,C_AIM,46.4,0.2148401
S1310F,2B,C_AIM,46.5,0.1942423
S1310F,2B,C_AIM,46.6,0.2103543
S1310F,2B,C_AIM,46.7,0.2054118
S1310F,2B,C_AIM,46.8,0.2125604
S1310F,2B,C_AIM,46.9,0.1990201
S1310F,2B,C_AIM,47.0,0.2170461
S1310F,2B,C_AIM,47.1,0.2163745
S1310F,2B,C_AIM,47.2,0.2219841
S1310F,2B,C_AIM,47.3,0.2004294
S1310F,2B,C_AIM,47.4,0.207584
S1310F,2B,C_AIM,47.5,0.2200204
S1310F,2B,C_AIM,47.6,0.2317308
S1310F,2B,C_AIM,47.7,0.1936649
S1310F,2B,C_AIM,47.8,0.2193536
S1310F,2B,C_AIM,47.9,0.210725
S1310F,2B,C_AIM,48.0,0.1747856
S1310F,2B,C_AIM,48.1,0.2396625
S1310F,2B,C_AIM,48.2,0.2155922
S1310F,2B,C_AIM,48.3,0.2076005
S1310F,2B,C_AIM,48.4,0.2030516
S1310F,2B,C_AIM,48.5,0.2012465
S1310F,2B,C_AIM,48.6,0.2083414
S1310F,2B,C_AIM,48.7,0.2241919
S1310F,2B,C_AIM,48.8,0.2191733
S1310F,2B,C_AIM,48.9,0.2273986
S1310F,2B,C_AIM,49.0,0.2228473
S1310F,2B,C_AIM,49.1,0.2078485
S1310F,2B,C_AIM,49.2,0.1966671
S1310F,2B,C_AIM,49.3,0.2010419
S1310F,2B,C_AIM,49.4,0.2051268
S1310F,2B,C_AIM,49.5,0.2023264
S1310F,2B,C_AIM,49.6,0.2053606
S1310F,2B,C_AIM,49.7,0.1983254
S1310F,2B,C_AIM,49.8,0.2201682
S1310F,2B,C_AIM,49.9,0.2021509
S1310F,2B,C_AIM,50.0,0.2144156
S1310F,2B,N_AIM,0.0,0.1687455
S1310F,2B,N_AIM,0.1,0.1780563
S1310F,2B,N_AIM,0.2,0.1769774
S1310F,2B,N_AIM,0.3,0.1652696
S1310F,2B,N_AIM,0.4,0.1754223
S1310F,2B,N_AIM,0.5,0.1734013
S1310F,2B,N_AIM,0.6,0.1668923
S1310F,2B,N_AIM,0.7,0.1732573
S1310F,2B,N_AIM,0.8,0.1631257
S1310F,2B,N_AIM,0.9,0.1749372
S1310F,2B,N_AIM,1.0,0.1842007
S1310F,2B,N_AIM,1.1,0.1695937
S1310F,2B,N_AIM,1.2,0.1697823
S1310F,2B,N_AIM,1.3,0.1717528
S1310F,2B,N_AIM,1.4,0.1712865
S1310F,2B,N_AIM,1.5,0.1795243
S1310F,2B,N_AIM,1.6,0.1636583
S1310F,2B,N_AIM,1.7,0.1616167
S1310F,2B,N_AIM,1.8,0.1752281
S1310F,2B,N_AIM,1.9,0.1749998
S1310F,2B,N_AIM,2.0,0.1742727
S1310F,2B,N_AIM,2.1,0.1802502
S1310F,2B,N_AIM,2.2,0.1753311
S1310F,2B,N_AIM,2.3,0.1783955
S1310F,2B,N_AIM,2.4,0.175721
S1310F,2B,N_AIM,2.5,0.1775048
S1310F,2B,N_AIM,2.6,0.1649668
S1310F,2B,N_AIM,2.7,0.1757611
S1310F,2B,N_AIM,2.8,0.1771582
S1310F,2B,N_AIM,2.9,0.1689647
S1310F,2B,N_AIM,3.0,0.1562596
S1310F,2B,N_AIM,3.1,0.1589812
S1310F,2B,N_AIM,3.2,0.1753344
S1310F,2B,N_AIM,3.3,0.1605148
S1310F,2B,N_AIM,3.4,0.1711286
S1310F,2B,N_AIM,3.5,0.1730755
S1310F,2B,N_AIM,3.6,0.1781793
S1310F,2B,N_AIM,3.7,0.1737381
S1310F,2B,N_AIM,3.8,0.1824856
S1310F,2B,N_AIM,3.9,0.1886691
S1310F,2B,N_AIM,4.0,0.1763667
S1310F,2B,N_AIM,4.1,0.1762385
S1310F,2B,N_AIM,4.2,0.1652695
S1310F,2B,N_AIM,4.3,0.185154
S1310F,2B,N_AIM,4.4,0.1606365
S1310F,2B,N_AIM,4.5,0.1664004
S1310F,2B,N_AIM,4.6,0.1671076
S1310F,2B,N_AIM,4.7,0.1586317
S1310F,2B,N_AIM,4.8,0.1663759
S1310F,2B,N_AIM,4.9,0.1727341
S1310F,2B,N_AIM,5.0,0.1716304
S1310F,2B,N_AIM,5.1,0.1754688
S1310F,2B,N_AIM,5.2,0.1675287
S1310F,2B,N_AIM,5.3,0.1651861
S1310F,2B,N_AIM,5.4,0.1829402
S1310F,2B,N_AIM,5.5,0.1751969
S1310F,2B,N_AIM,5.6,0.173086
S1310F,2B,N_AIM,5.7,0.1809172
S1310F,2B,N_AIM,5.8,0.1812018
S1310F,2B,N_AIM,5.9,0.1739158
S1310F,2B,N_AIM,6.0,0.1640518
S1310F,2B,N_AIM,6.1,0.16063
S1310F,2B,N_AIM,6.2,0.1768078
S1310F,2B,N_AIM,6.3,0.1746254
S1310F,2B,N_AIM,6.4,0.1660994
S1310F,2B,N_AIM,6.5,0.17506
S1310F,2B,N_AIM,6.6,0.1763434
S1310F,2B,N_AIM,6.7,0.2020915
S1310F,2B,N_AIM,6.8,0.166039
S1310F,2B,N_AIM,6.9,0.1820387
S1310F,2B,N_AIM,7.0,0.1836567
S1310F,2B,N_AIM,7.1,0.1760511
S1310F,2B,N_AIM,7.2,0.1957013
S1310F,2B,N_AIM,7.3,0.1844585
S1310F,2B,N_AIM,7.400001,0.1984364
S1310F,2B,N_AIM,7.5,0.1710992
S1310F,2B,N_AIM,7.6,0.1922318
S1310F,2B,N_AIM,7.7,0.1777106
S1310F,2B,N_AIM,7.8,0.2317453
S1310F,2B,N_AIM,7.900001,0.2033517
S1310F,2B,N_AIM,8.0,0.1947997
S1310F,2B,N_AIM,8.1,0.1642345
S1310F,2B,N_AIM,8.200001,0.1965244
S1310F,2B,N_AIM,8.3,0.181574
S1310F,2B,N_AIM,8.400001,0.1916717
S1310F,2B,N_AIM,8.5,0.1869409
S1310F,2B,N_AIM,8.6,0.1986581
S1310F,2B,N_AIM,8.700001,0.1815122
S1310F,2B,N_AIM,8.8,0.1697558
S1310F,2B,N_AIM,8.900001,0.1668083
S1310F,2B,N_AIM,9.0,0.1634779
S1310F,2B,N_AIM,9.1,0.1957375
S1310F,2B,N_AIM,9.200001,0.2202772
S1310F,2B,N_AIM,9.3,0.1810498
S1310F,2B,N_AIM,9.400001,0.1965578
S1310F,2B,N_AIM,9.5,0.1823431
S1310F,2B,N_AIM,9.6,0.2270286
S1310F,2B,N_AIM,9.700001,0.1829591
S1310F,2B,N_AIM,9.8,0.2265965
S1310F,2B,N_AIM,9.900001,0.2060025
S1310F,2B,N_AIM,10.0,0.2084178
S1310F,2B,N_AIM,10.1,0.2026178
S1310F,2B,N_AIM,10.2,0.2275633
S1310F,2B,N_AIM,10.3,0.226009
S1310F,2B,N_AIM,10.4,0.2163284
S1310F,2B,N_AIM,10.5,0.2271806
S1310F,2B,N_AIM,10.6,0.204863
S1310F,2B,N_AIM,10.7,0.2296716
S1310F,2B,N_AIM,10.8,0.2205492
S1310F,2B,N_AIM,10.9,0.228169
S1310F,2B,N_AIM,11.0,0.2029037
S1310F,2B,N_AIM,11.1,0.2330173
S1310F,2B,N_AIM,11.2,0.2386357
S1310F,2B,N_AIM,11.3,0.2063662
S1310F,2B,N_AIM,11.4,0.2336257
S1310F,2B,N_AIM,11.5,0.1947871
S1310F,2B,N_AIM,11.6,0.2067221
S1310F,2B,N_AIM,11.7,0.20424
S1310F,2B,N_AIM,11.8,0.2270748
S1310F,2B,N_AIM,11.9,0.2489197
S1310F,2B,N_AIM,12.0,0.1822773
S1310F,2B,N_AIM,12.1,0.1826856
S1310F,2B,N_AIM,12.2,0.2066421
S1310F,2B,N_AIM,12.3,0.1612637
S1310F,2B,N_AIM,12.4,0.1824995
S1310F,2B,N_AIM,12.5,0.1977272
S1310F,2B,N_AIM,12.6,0.2042082
S1310F,2B,N_AIM,12.7,0.2296715
S1310F,2B,N_AIM,12.8,0.1705198
S1310F,2B,N_AIM,12.9,0.1790446
S1310F,2B,N_AIM,13.0,0.2247242
S1310F,2B,N_AIM,13.1,0.1822116
S1310F,2B,N_AIM,13.2,0.2065551
S1310F,2B,N_AIM,13.3,0.2026105
S1310F,2B,N_AIM,13.4,0.2109408
S1310F,2B,N_AIM,13.5,0.2136119
S1310F,2B,N_AIM,13.6,0.2216574
S1310F,2B,N_AIM,13.7,0.1669612
S1310F,2B,N_AIM,13.8,0.1836277
S1310F,2B,N_AIM,13.9,0.1707338
S1310F,2B,N_AIM,14.0,0.1799474
S1310F,2B,N_AIM,14.1,0.180405
S1310F,2B,N_AIM,14.2,0.2016879
S1310F,2B,N_AIM,14.3,0.2221036
S1310F,2B,N_AIM,14.4,0.1800362
S1310F,2B,N_AIM,14.5,0.1694137
S1310F,2B,N_AIM,14.6,0.1753312
S1310F,2B,N_AIM,14.7,0.2070217
S1310F,2B,N_AIM,14.8,0.1986177
S1310F,2B,N_AIM,14.9,0.2125324
S1310F,2B,N_AIM,15.0,0.2222881
S1310F,2B,N_AIM,15.1,0.1716566
S1310F,2B,N_AIM,15.2,0.2056526
S1310F,2B,N_AIM,15.3,0.2090192
S1310F,2B,N_AIM,15.4,0.1734966
S1310F,2B,N_AIM,15.5,0.1750344
S1310F,2B,N_AIM,15.6,0.2351297
S1310F,2B,N_AIM,15.7,0.1993112
S1310F,2B,N_AIM,15.8,0.193817
S1310F,2B,N_AIM,15.9,0.1784292
S1310F,2B,N_AIM,16.0,0.1994844
S1310F,2B,N_AIM,16.1,0.2185474
S1310F,2B,N_AIM,16.2,0.1803995
S1310F,2B,N_AIM,16.3,0.1643927
S1310F,2B,N_AIM,16.4,0.1817967
S1310F,2B,N_AIM,16.5,0.2060921
S1310F,2B,N_AIM,16.6,0.1719214
S1310F,2B,N_AIM,16.7,0.1971654
S1310F,2B,N_AIM,16.8,0.173649
S1310F,2B,N_AIM,16.9,0.1955122
S1310F,2B,N_AIM,17.0,0.1806903
S1310F,2B,N_AIM,17.1,0.2140794
S1310F,2B,N_AIM,17.2,0.2080815
S1310F,2B,N_AIM,17.3,0.1706576
S1310F,2B,N_AIM,17.4,0.1943347
S1310F,2B,N_AIM,17.5,0.1814085
S1310F,2B,N_AIM,17.6,0.17958
S1310F,2B,N_AIM,17.7,0.1849649
S1310F,2B,N_AIM,17.8,0.1628803
S1310F,2B,N_AIM,17.9,0.2014511
S1310F,2B,N_AIM,18.0,0.185262
S1310F,2B,N_AIM,18.1,0.1814662
S1310F,2B,N_AIM,18.2,0.2008408
S1310F,2B,N_AIM,18.3,0.1816095
S1310F,2B,N_AIM,18.4,0.1719709
S1310F,2B,N_AIM,18.5,0.209356
S1310F,2B,N_AIM,18.6,0.1780729
S1310F,2B,N_AIM,18.7,0.1735265
S1310F,2B,N_AIM,18.8,0.2028029
S1310F,2B,N_AIM,18.9,0.1658853
S1310F,2B,N_AIM,19.0,0.1704509
S1310F,2B,N_AIM,19.1,0.1602311
S1310F,2B,N_AIM,19.2,0.220025
S1310F,2B,N_AIM,19.3,0.1730432
S1310F,2B,N_AIM,19.4,0.1720087
S1310F,2B,N_AIM,19.5,0.202951
S1310F,2B,N_AIM,19.6,0.1860134
S1310F,2B,N_AIM,19.7,0.1942423
S1310F,2B,N_AIM,19.8,0.1854157
S1310F,2B,N_AIM,19.9,0.2020841
S1310F,2B,N_AIM,20.0,0.1843408
S1310F,2B,N_AIM,20.1,0.1702275
S1310F,2B,N_AIM,20.2,0.1884912
S1310F,2B,N_AIM,20.3,0.2030493
S1310F,2B,N_AIM,20.4,0.2287168
S1310F,2B,N_AIM,20.5,0.1978762
S1310F,2B,N_AIM,20.6,0.1887087
S1310F,2B,N_AIM,20.7,0.2194221
S1310F,2B,N_AIM,20.8,0.2231835
S1310F,2B,N_AIM,20.9,0.1914942
S1310F,2B,N_AIM,21.0,0.1790697
S1310F,2B,N_AIM,21.1,0.2304214
S1310F,2B,N_AIM,21.2,0.2220339
S1310F,2B,N_AIM,21.3,0.215539
S1310F,2B,N_AIM,21.4,0.208053
S1310F,2B,N_AIM,21.5,0.188752
S1310F,2B,N_AIM,21.6,0.169635
S1310F,2B,N_AIM,21.7,0.1808368
S1310F,2B,N_AIM,21.8,0.1790561
S1310F,2B,N_AIM,21.9,0.1839979
S1310F,2B,N_AIM,22.0,0.185351
S1310F,2B,N_AIM,22.1,0.1796384
S1310F,2B,N_AIM,22.2,0.1672993
S1310F,2B,N_AIM,22.3,0.1956988
S1310F,2B,N_AIM,22.4,0.200781
S1310F,2B,N_AIM,22.5,0.21552
S1310F,2B,N_AIM,22.6,0.1945664
S1310F,2B,N_AIM,22.7,0.1910654
S1310F,2B,N_AIM,22.8,0.1720028
S1310F,2B,N_AIM,22.9,0.1890927
S1310F,2B,N_AIM,23.0,0.181246
S1310F,2B,N_AIM,23.1,0.2232913
S1310F,2B,N_AIM,23.2,0.1922862
S1310F,2B,N_AIM,23.3,0.1956935
S1310F,2B,N_AIM,23.4,0.2056816
S1310F,2B,N_AIM,23.5,0.1732106
S1310F,2B,N_AIM,23.6,0.1835293
S1310F,2B,N_AIM,23.7,0.1602776
S1310F,2B,N_AIM,23.8,0.1796496
S1310F,2B,N_AIM,23.9,0.1775558
S1310F,2B,N_AIM,24.0,0.1772232
S1310F,2B,N_AIM,24.1,0.2098118
S1310F,2B,N_AIM,24.2,0.2198796
S1310F,2B,N_AIM,24.3,0.1832019
S1310F,2B,N_AIM,24.4,0.2182913
S1310F,2B,N_AIM,24.5,0.1870346
S1310F,2B,N_AIM,24.6,0.1655233
S1310F,2B,N_AIM,24.7,0.1926264
S1310F,2B,N_AIM,24.8,0.2228587
S1310F,2B,N_AIM,24.9,0.1962802
S1310F,2B,N_AIM,25.0,0.1974438
S1310F,2B,N_AIM,25.1,0.2144856
S1310F,2B,N_AIM,25.2,0.2318404
S1310F,2B,N_AIM,25.3,0.2126616
S1310F,2B,N_AIM,25.4,0.2309676
S1310F,2B,N_AIM,25.5,0.2016035
S1310F,2B,N_AIM,25.6,0.2075307
S1310F,2B,N_AIM,25.7,0.1774739
S1310F,2B,N_AIM,25.8,0.2146207
S1310F,2B,N_AIM,25.9,0.2017052
S1310F,2B,N_AIM,26.0,0.2237432
S1310F,2B,N_AIM,26.1,0.255439
S1310F,2B,N_AIM,26.2,0.174737
S1310F,2B,N_AIM,26.3,0.1700266
S1310F,2B,N_AIM,26.4,0.1969644
S1310F,2B,N_AIM,26.5,0.2102478
S1310F,2B,N_AIM,26.6,0.1651788
S1310F,2B,N_AIM,26.7,0.1685644
S1310F,2B,N_AIM,26.8,0.1763918
S1310F,2B,N_AIM,26.9,0.2204111
S1310F,2B,N_AIM,27.0,0.1968503
S1310F,2B,N_AIM,27.1,0.1734992
S1310F,2B,N_AIM,27.2,0.1880213
S1310F,2B,N_AIM,27.3,0.1800139
S1310F,2B,N_AIM,27.4,0.1712572
S1310F,2B,N_AIM,27.5,0.1725834
S1310F,2B,N_AIM,27.6,0.2210974
S1310F,2B,N_AIM,27.7,0.1887722
S1310F,2B,N_AIM,27.8,0.1909161
S1310F,2B,N_AIM,27.9,0.1924319
S1310F,2B,N_AIM,28.0,0.1930234
S1310F,2B,N_AIM,28.1,0.2114048
S1310F,2B,N_AIM,28.2,0.1831776
S1310F,2B,N_AIM,28.3,0.179371
S1310F,2B,N_AIM,28.4,0.1722151
S1310F,2B,N_AIM,28.5,0.2065648
S1310F,2B,N_AIM,28.6,0.2120118
S1310F,2B,N_AIM,28.7,0.222944
S1310F,2B,N_AIM,28.8,0.1977753
S1310F,2B,N_AIM,28.9,0.1987913
S1310F,2B,N_AIM,29.0,0.1987259
S1310F,2B,N_AIM,29.1,0.1900236
S1310F,2B,N_AIM,29.2,0.1954919
S1310F,2B,N_AIM,29.3,0.19491
S1310F,2B,N_AIM,29.4,0.2183415
S1310F,2B,N_AIM,29.5,0.2239219
S1310F,2B,N_AIM,29.6,0.2228207
S1310F,2B,N_AIM,29.7,0.2263824
S1310F,2B,N_AIM,29.8,0.2228475
S1310F,2B,N_AIM,29.9,0.1650333
S1310F,2B,N_AIM,30.0,0.1979216
S1310F,2B,N_AIM,30.1,0.186145
S1310F,2B,N_AIM,30.2,0.1829237
S1310F,2B,N_AIM,30.3,0.1736605
S1310F,2B,N_AIM,30.4,0.2290718
S1310F,2B,N_AIM,30.5,0.2054605
S1310F,2B,N_AIM,30.6,0.2100404
S1310F,2B,N_AIM,30.7,0.2123675
S1310F,2B,N_AIM,30.8,0.1877338
S1310F,2B,N_AIM,30.9,0.2268238
S1310F,2B,N_AIM,31.0,0.2053971
S1310F,2B,N_AIM,31.1,0.2025141
S1310F,2B,N_AIM,31.2,0.1802474
S1310F,2B,N_AIM,31.3,0.1998925
S1310F,2B,N_AIM,31.4,0.2188537
S1310F,2B,N_AIM,31.5,0.2062061
S1310F,2B,N_AIM,31.6,0.2155433
S1310F,2B,N_AIM,31.7,0.212471
S1310F,2B,N_AIM,31.8,0.1962196
S1310F,2B,N_AIM,31.9,0.1837769
S1310F,2B,N_AIM,32.0,0.1959236
S1310F,2B,N_AIM,32.1,0.180804
S1310F,2B,N_AIM,32.2,0.2006889
S1310F,2B,N_AIM,32.3,0.1855289
S1310F,2B,N_AIM,32.4,0.1959235
S1310F,2B,N_AIM,32.5,0.184762
S1310F,2B,N_AIM,32.6,0.1898791
S1310F,2B,N_AIM,32.7,0.2204384
S1310F,2B,N_AIM,32.8,0.163652
S1310F,2B,N_AIM,32.9,0.2000477
S1310F,2B,N_AIM,33.0,0.2134338
S1310F,2B,N_AIM,33.1,0.1787682
S1310F,2B,N_AIM,33.2,0.2000927
S1310F,2B,N_AIM,33.3,0.1919454
S1310F,2B,N_AIM,33.4,0.1931552
S1310F,2B,N_AIM,33.5,0.2437254
S1310F,2B,N_AIM,33.6,0.1649547
S1310F,2B,N_AIM,33.7,0.2140584
S1310F,2B,N_AIM,33.8,0.2197637
S1310F,2B,N_AIM,33.9,0.230013
S1310F,2B,N_AIM,34.0,0.1991708
S1310F,2B,N_AIM,34.1,0.2457541
S1310F,2B,N_AIM,34.2,0.2248755
S1310F,2B,N_AIM,34.3,0.2199205
S1310F,2B,N_AIM,34.4,0.2349938
S1310F,2B,N_AIM,34.5,0.1911676
S1310F,2B,N_AIM,34.6,0.2058885
S1310F,2B,N_AIM,34.7,0.2379283
S1310F,2B,N_AIM,34.8,0.2311905
S1310F,2B,N_AIM,34.9,0.1904756
S1310F,2B,N_AIM,35.0,0.2323896
S1310F,2B,N_AIM,35.1,0.2037347
S1310F,2B,N_AIM,35.2,0.2040541
S1310F,2B,N_AIM,35.3,0.213778
S1310F,2B,N_AIM,35.4,0.2057039
S1310F,2B,N_AIM,35.5,0.1961862
S1310F,2B,N_AIM,35.6,0.2205516
S1310F,2B,N_AIM,35.7,0.2115867
S1310F,2B,N_AIM,35.8,0.2099429
S1310F,2B,N_AIM,35.9,0.1902236
S1310F,2B,N_AIM,36.0,0.2186712
S1310F,2B,N_AIM,36.1,0.2077429
S1310F,2B,N_AIM,36.2,0.1974389
S1310F,2B,N_AIM,36.3,0.2347275
S1310F,2B,N_AIM,36.4,0.2057037
S1310F,2B,N_AIM,36.5,0.1959438
S1310F,2B,N_AIM,36.6,0.2200114
S1310F,2B,N_AIM,36.7,0.2412239
S1310F,2B,N_AIM,36.8,0.1965836
S1310F,2B,N_AIM,36.9,0.2333627
S1310F,2B,N_AIM,37.0,0.2200792
S1310F,2B,N_AIM,37.1,0.176485
S1310F,2B,N_AIM,37.2,0.2117851
S1310F,2B,N_AIM,37.3,0.2293229
S1310F,2B,N_AIM,37.4,0.2148513
S1310F,2B,N_AIM,37.5,0.1940875
S1310F,2B,N_AIM,37.6,0.2526899
S1310F,2B,N_AIM,37.7,0.2041788
S1310F,2B,N_AIM,37.8,0.245571
S1310F,2B,N_AIM,37.9,0.2407946
S1310F,2B,N_AIM,38.0,0.1845777
S1310F,2B,N_AIM,38.1,0.2126641
S1310F,2B,N_AIM,38.2,0.2166432
S1310F,2B,N_AIM,38.3,0.2195995
S1310F,2B,N_AIM,38.4,0.253144
S1310F,2B,N_AIM,38.5,0.1789443
S1310F,2B,N_AIM,38.6,0.1893832
S1310F,2B,N_AIM,38.7,0.1972505
S1310F,2B,N_AIM,38.8,0.2391422
S1310F,2B,N_AIM,38.9,0.2208358
S1310F,2B,N_AIM,39.0,0.2598885
S1310F,2B,N_AIM,39.1,0.2123777
S1310F,2B,N_AIM,39.2,0.2388472
S1310F,2B,N_AIM,39.3,0.2086457
S1310F,2B,N_AIM,39.4,0.2032164
S1310F,2B,N_AIM,39.5,0.2269561
S1310F,2B,N_AIM,39.6,0.1985572
S1310F,2B,N_AIM,39.7,0.1809859
S1310F,2B,N_AIM,39.8,0.1879602
S1310F,2B,N_AIM,39.9,0.1933156
S1310F,2B,N_AIM,40.0,0.1854993
S1310F,2B,N_AIM,40.1,0.1831067
S1310F,2B,N_AIM,40.2,0.2140677
S1310F,2B,N_AIM,40.3,0.2280068
S1310F,2B,N_AIM,40.4,0.2119317
S1310F,2B,N_AIM,40.5,0.1768274
S1310F,2B,N_AIM,40.6,0.2325102
S1310F,2B,N_AIM,40.7,0.1618208
S1310F,2B,N_AIM,40.8,0.2044721
S1310F,2B,N_AIM,40.9,0.1860404
S1310F,2B,N_AIM,41.0,0.2143082
S1310F,2B,N_AIM,41.1,0.1973093
S1310F,2B,N_AIM,41.2,0.1941211
S1310F,2B,N_AIM,41.3,0.2060393
S1310F,2B,N_AIM,41.4,0.1934735
S1310F,2B,N_AIM,41.5,0.1778035
S1310F,2B,N_AIM,41.6,0.1818267
S1310F,2B,N_AIM,41.7,0.1943759
S1310F,2B,N_AIM,41.8,0.1942192
S1310F,2B,N_AIM,41.9,0.1882471
S1310F,2B,N_AIM,42.0,0.1660454
S1310F,2B,N_AIM,42.1,0.1926082
S1310F,2B,N_AIM,42.2,0.1817274
S1310F,2B,N_AIM,42.3,0.1781741
S1310F,2B,N_AIM,42.4,0.1804385
S1310F,2B,N_AIM,42.5,0.2174882
S1310F,2B,N_AIM,42.6,0.1623727
S1310F,2B,N_AIM,42.7,0.1787684
S1310F,2B,N_AIM,42.8,0.173188
S1310F,2B,N_AIM,42.9,0.1645053
S1310F,2B,N_AIM,43.0,0.2102714
S1310F,2B,N_AIM,43.1,0.1813116
S1310F,2B,N_AIM,43.2,0.1710234
S1310F,2B,N_AIM,43.3,0.1709035
S1310F,2B,N_AIM,43.4,0.2003522
S1310F,2B,N_AIM,43.5,0.1721977
S1310F,2B,N_AIM,43.6,0.1865929
S1310F,2B,N_AIM,43.7,0.1670117
S1310F,2B,N_AIM,43.8,0.177508
S1310F,2B,N_AIM,43.9,0.1696055
S1310F,2B,N_AIM,44.0,0.163429
S1310F,2B,N_AIM,44.1,0.1818732
S1310F,2B,N_AIM,44.2,0.1782414
S1310F,2B,N_AIM,44.3,0.1883108
S1310F,2B,N_AIM,44.4,0.237055
S1310F,2B,N_AIM,44.5,0.215079
S1310F,2B,N_AIM,44.6,0.2113077
S1310F,2B,N_AIM,44.7,0.180679
S1310F,2B,N_AIM,44.8,0.1928111
S1310F,2B,N_AIM,44.9,0.2074322
S1310F,2B,N_AIM,45.0,0.1829044
S1310F,2B,N_AIM,45.1,0.2272644
S1310F,2B,N_AIM,45.2,0.1867779
S1310F,2B,N_AIM,45.3,0.2228768
S1310F,2B,N_AIM,45.4,0.2030221
S1310F,2B,N_AIM,45.5,0.2077501
S1310F,2B,N_AIM,45.6,0.2221307
S1310F,2B,N_AIM,45.7,0.1971551
S1310F,2B,N_AIM,45.8,0.2366959
S1310F,2B,N_AIM,45.9,0.1944761
S1310F,2B,N_AIM,46.0,0.2017349
S1310F,2B,N_AIM,46.1,0.2033077
S1310F,2B,N_AIM,46.2,0.2012464
S1310F,2B,N_AIM,46.3,0.2036665
S1310F,2B,N_AIM,46.4,0.2036613
S1310F,2B,N_AIM,46.5,0.2400541
S1310F,2B,N_AIM,46.6,0.2044529
S1310F,2B,N_AIM,46.7,0.2050754
S1310F,2B,N_AIM,46.8,0.2146135
S1310F,2B,N_AIM,46.9,0.2001547
S1310F,2B,N_AIM,47.0,0.2248221
S1310F,2B,N_AIM,47.1,0.2153952
S1310F,2B,N_AIM,47.2,0.1864406
S1310F,2B,N_AIM,47.3,0.2105184
S1310F,2B,N_AIM,47.4,0.1923566
S1310F,2B,N_AIM,47.5,0.2310283
S1310F,2B,N_AIM,47.6,0.231262
S1310F,2B,N_AIM,47.7,0.2104568
S1310F,2B,N_AIM,47.8,0.1950233
S1310F,2B,N_AIM,47.9,0.1971143
S1310F,2B,N_AIM,48.0,0.1706754
S1310F,2B,N_AIM,48.1,0.2084621
S1310F,2B,N_AIM,48.2,0.1966266
S1310F,2B,N_AIM,48.3,0.2247666
S1310F,2B,N_AIM,48.4,0.2024993
S1310F,2B,N_AIM,48.5,0.2012437
S1310F,2B,N_AIM,48.6,0.2130399
S1310F,2B,N_AIM,48.7,0.195443
S1310F,2B,N_AIM,48.8,0.2037868
S1310F,2B,N_AIM,48.9,0.2071906
S1310F,2B,N_AIM,49.0,0.1821375
S1310F,2B,N_AIM,49.1,0.174023
S1310F,2B,N_AIM,49.2,0.1790029
S1310F,2B,N_AIM,49.3,0.2111563
S1310F,2B,N_AIM,49.4,0.173029
S1310F,2B,N_AIM,49.5,0.1956681
S1310F,2B,N_AIM,49.6,0.19601
S1310F,2B,N_AIM,49.7,0.1819231
S1310F,2B,N_AIM,49.8,0.1709562
S1310F,2B,N_AIM,49.9,0.2093297
S1310F,2B,N_AIM,50.0,0.1726992
V1316M,2B,AIM_all,0.0,0.1654356
V1316M,2B,AIM_all,0.1,0.1650788
V1316M,2B,AIM_all,0.2,0.1630032
V1316M,2B,AIM_all,0.3,0.1708038
V1316M,2B,AIM_all,0.4,0.1687869
V1316M,2B,AIM_all,0.5,0.177834
V1316M,2B,AIM_all,0.6,0.1662139
V1316M,2B,AIM_all,0.7,0.1720375
V1316M,2B,AIM_all,0.8,0.168642
V1316M,2B,AIM_all,0.9,0.1718165
V1316M,2B,AIM_all,1.0,0.1737726
V1316M,2B,AIM_all,1.1,0.1743932
V1316M,2B,AIM_all,1.2,0.1648909
V1316M,2B,AIM_all,1.3,0.1789391
V1316M,2B,AIM_all,1.4,0.170044
V1316M,2B,AIM_all,1.5,0.172922
V1316M,2B,AIM_all,1.6,0.1780425
V1316M,2B,AIM_all,1.7,0.1685412
V1316M,2B,AIM_all,1.8,0.18582
V1316M,2B,AIM_all,1.9,0.1673888
V1316M,2B,AIM_all,2.0,0.1801331
V1316M,2B,AIM_all,2.1,0.159825
V1316M,2B,AIM_all,2.2,0.1689292
V1316M,2B,AIM_all,2.3,0.1640763
V1316M,2B,AIM_all,2.4,0.172215
V1316M,2B,AIM_all,2.5,0.1785529
V1316M,2B,AIM_all,2.6,0.1591789
V1316M,2B,AIM_all,2.7,0.1745479
V1316M,2B,AIM_all,2.8,0.1700854
V1316M,2B,AIM_all,2.9,0.1614124
V1316M,2B,AIM_all,3.0,0.1720498
V1316M,2B,AIM_all,3.1,0.165517
V1316M,2B,AIM_all,3.2,0.1596684
V1316M,2B,AIM_all,3.3,0.1670716
V1316M,2B,AIM_all,3.4,0.1650273
V1316M,2B,AIM_all,3.5,0.1827837
V1316M,2B,AIM_all,3.6,0.1733753
V1316M,2B,AIM_all,3.7,0.1757549
V1316M,2B,AIM_all,3.8,0.1781711
V1316M,2B,AIM_all,3.9,0.1731527
V1316M,2B,AIM_all,4.0,0.1700734
V1316M,2B,AIM_all,4.1,0.17025
V1316M,2B,AIM_all,4.2,0.1606299
V1316M,2B,AIM_all,4.3,0.1612356
V1316M,2B,AIM_all,4.4,0.1591791
V1316M,2B,AIM_all,4.5,0.1691775
V1316M,2B,AIM_all,4.6,0.160854
V1316M,2B,AIM_all,4.7,0.1609006
V1316M,2B,AIM_all,4.8,0.1652905
V1316M,2B,AIM_all,4.9,0.1547418
V1316M,2B,AIM_all,5.0,0.1704995
V1316M,2B,AIM_all,5.1,0.1703115
V1316M,2B,AIM_all,5.2,0.1852294
V1316M,2B,AIM_all,5.3,0.1719594
V1316M,2B,AIM_all,5.4,0.1626316
V1316M,2B,AIM_all,5.5,0.1670745
V1316M,2B,AIM_all,5.6,0.1578133
V1316M,2B,AIM_all,5.7,0.1614031
V1316M,2B,AIM_all,5.8,0.1573088
V1316M,2B,AIM_all,5.9,0.1906543
V1316M,2B,AIM_all,6.0,0.1797105
V1316M,2B,AIM_all,6.1,0.1742502
V1316M,2B,AIM_all,6.2,0.171875
V1316M,2B,AIM_all,6.3,0.1735196
V1316M,2B,AIM_all,6.4,0.1665108
V1316M,2B,AIM_all,6.5,0.1816424
V1316M,2B,AIM_all,6.6,0.1733467
V1316M,2B,AIM_all,6.7,0.1903132
V1316M,2B,AIM_all,6.8,0.1731963
V1316M,2B,AIM_all,6.9,0.1742962
V1316M,2B,AIM_all,7.0,0.1629969
V1316M,2B,AIM_all,7.1,0.1769206
V1316M,2B,AIM_all,7.2,0.1772937
V1316M,2B,AIM_all,7.3,0.1792458
V1316M,2B,AIM_all,7.400001,0.182584
V1316M,2B,AIM_all,7.5,0.1683478
V1316M,2B,AIM_all,7.6,0.1664452
V1316M,2B,AIM_all,7.7,0.1711315
V1316M,2B,AIM_all,7.8,0.1644079
V1316M,2B,AIM_all,7.900001,0.1773132
V1316M,2B,AIM_all,8.0,0.1688641
V1316M,2B,AIM_all,8.1,0.1764685
V1316M,2B,AIM_all,8.200001,0.1830243
V1316M,2B,AIM_all,8.3,0.1713124
V1316M,2B,AIM_all,8.400001,0.1745651
V1316M,2B,AIM_all,8.5,0.1816372
V1316M,2B,AIM_all,8.6,0.1774542
V1316M,2B,AIM_all,8.700001,0.1760742
V1316M,2B,AIM_all,8.8,0.1832732
V1316M,2B,AIM_all,8.900001,0.1726559
V1316M,2B,AIM_all,9.0,0.1714962
V1316M,2B,AIM_all,9.1,0.1729567
V1316M,2B,AIM_all,9.200001,0.1752542
V1316M,2B,AIM_all,9.3,0.1718228
V1316M,2B,AIM_all,9.400001,0.1661442
V1316M,2B,AIM_all,9.5,0.177522
V1316M,2B,AIM_all,9.6,0.1785442
V1316M,2B,AIM_all,9.700001,0.1728034
V1316M,2B,AIM_all,9.8,0.1741061
V1316M,2B,AIM_all,9.900001,0.1834367
V1316M,2B,AIM_all,10.0,0.1815519
V1316M,2B,AIM_all,10.1,0.1707483
V1316M,2B,AIM_all,10.2,0.1677559
V1316M,2B,AIM_all,10.3,0.1889286
V1316M,2B,AIM_all,10.4,0.1690031
V1316M,2B,AIM_all,10.5,0.1681605
V1316M,2B,AIM_all,10.6,0.1642008
V1316M,2B,AIM_all,10.7,0.1653633
V1316M,2B,AIM_all,10.8,0.1745306
V1316M,2B,AIM_all,10.9,0.1792707
V1316M,2B,AIM_all,11.0,0.187843
V1316M,2B,AIM_all,11.1,0.1829919
V1316M,2B,AIM_all,11.2,0.1799584
V1316M,2B,AIM_all,11.3,0.1770906
V1316M,2B,AIM_all,11.4,0.1845672
V1316M,2B,AIM_all,11.5,0.1801777
V1316M,2B,AIM_all,11.6,0.1723109
V1316M,2B,AIM_all,11.7,0.1768446
V1316M,2B,AIM_all,11.8,0.1671766
V1316M,2B,AIM_all,11.9,0.1671916
V1316M,2B,AIM_all,12.0,0.1753879
V1316M,2B,AIM_all,12.1,0.1730089
V1316M,2B,AIM_all,12.2,0.1688961
V1316M,2B,AIM_all,12.3,0.1651698
V1316M,2B,AIM_all,12.4,0.1808095
V1316M,2B,AIM_all,12.5,0.1754907
V1316M,2B,AIM_all,12.6,0.1763006
V1316M,2B,AIM_all,12.7,0.1876405
V1316M,2B,AIM_all,12.8,0.170203
V1316M,2B,AIM_all,12.9,0.1641128
V1316M,2B,AIM_all,13.0,0.1887456
V1316M,2B,AIM_all,13.1,0.1747486
V1316M,2B,AIM_all,13.2,0.1928577
V1316M,2B,AIM_all,13.3,0.1617437
V1316M,2B,AIM_all,13.4,0.1846373
V1316M,2B,AIM_all,13.5,0.1807621
V1316M,2B,AIM_all,13.6,0.1676247
V1316M,2B,AIM_all,13.7,0.1792735
V1316M,2B,AIM_all,13.8,0.1690386
V1316M,2B,AIM_all,13.9,0.1925465
V1316M,2B,AIM_all,14.0,0.1804274
V1316M,2B,AIM_all,14.1,0.1712456
V1316M,2B,AIM_all,14.2,0.1631102
V1316M,2B,AIM_all,14.3,0.1695788
V1316M,2B,AIM_all,14.4,0.1805238
V1316M,2B,AIM_all,14.5,0.1734732
V1316M,2B,AIM_all,14.6,0.1747169
V1316M,2B,AIM_all,14.7,0.1661924
V1316M,2B,AIM_all,14.8,0.1722672
V1316M,2B,AIM_all,14.9,0.1764824
V1316M,2B,AIM_all,15.0,0.1695112
V1316M,2B,AIM_all,15.1,0.172154
V1316M,2B,AIM_all,15.2,0.1681814
V1316M,2B,AIM_all,15.3,0.1729045
V1316M,2B,AIM_all,15.4,0.1750459
V1316M,2B,AIM_all,15.5,0.1854753
V1316M,2B,AIM_all,15.6,0.1729362
V1316M,2B,AIM_all,15.7,0.1809694
V1316M,2B,AIM_all,15.8,0.1754852
V1316M,2B,AIM_all,15.9,0.175257
V1316M,2B,AIM_all,16.0,0.1599186
V1316M,2B,AIM_all,16.1,0.1728845
V1316M,2B,AIM_all,16.2,0.1815986
V1316M,2B,AIM_all,16.3,0.1835921
V1316M,2B,AIM_all,16.4,0.1904365
V1316M,2B,AIM_all,16.5,0.1998954
V1316M,2B,AIM_all,16.6,0.1756274
V1316M,2B,AIM_all,16.7,0.1704199
V1316M,2B,AIM_all,16.8,0.173462
V1316M,2B,AIM_all,16.9,0.1648058
V1316M,2B,AIM_all,17.0,0.1661385
V1316M,2B,AIM_all,17.1,0.1863011
V1316M,2B,AIM_all,17.2,0.163933
V1316M,2B,AIM_all,17.3,0.1708828
V1316M,2B,AIM_all,17.4,0.1573592
V1316M,2B,AIM_all,17.5,0.1619722
V1316M,2B,AIM_all,17.6,0.1799695
V1316M,2B,AIM_all,17.7,0.1667363
V1316M,2B,AIM_all,17.8,0.1734529
V1316M,2B,AIM_all,17.9,0.1844613
V1316M,2B,AIM_all,18.0,0.1667871
V1316M,2B,AIM_all,18.1,0.1887695
V1316M,2B,AIM_all,18.2,0.1988491
V1316M,2B,AIM_all,18.3,0.1805019
V1316M,2B,AIM_all,18.4,0.1740948
V1316M,2B,AIM_all,18.5,0.1748258
V1316M,2B,AIM_all,18.6,0.1986102
V1316M,2B,AIM_all,18.7,0.1908246
V1316M,2B,AIM_all,18.8,0.170326
V1316M,2B,AIM_all,18.9,0.175926
V1316M,2B,AIM_all,19.0,0.1887141
V1316M,2B,AIM_all,19.1,0.1720116
V1316M,2B,AIM_all,19.2,0.1749344
V1316M,2B,AIM_all,19.3,0.1701616
V1316M,2B,AIM_all,19.4,0.1692749
V1316M,2B,AIM_all,19.5,0.1964026
V1316M,2B,AIM_all,19.6,0.1851513
V1316M,2B,AIM_all,19.7,0.2247514
V1316M,2B,AIM_all,19.8,0.1965602
V1316M,2B,AIM_all,19.9,0.2062305
V1316M,2B,AIM_all,20.0,0.2016135
V1316M,2B,AIM_all,20.1,0.1998124
V1316M,2B,AIM_all,20.2,0.1913349
V1316M,2B,AIM_all,20.3,0.2004816
V1316M,2B,AIM_all,20.4,0.2124526
V1316M,2B,AIM_all,20.5,0.2106795
V1316M,2B,AIM_all,20.6,0.1771836
V1316M,2B,AIM_all,20.7,0.1938169
V1316M,2B,AIM_all,20.8,0.2001444
V1316M,2B,AIM_all,20.9,0.1975527
V1316M,2B,AIM_all,21.0,0.1929688
V1316M,2B,AIM_all,21.1,0.1640673
V1316M,2B,AIM_all,21.2,0.1791592
V1316M,2B,AIM_all,21.3,0.2096613
V1316M,2B,AIM_all,21.4,0.1949484
V1316M,2B,AIM_all,21.5,0.1979167
V1316M,2B,AIM_all,21.6,0.1995144
V1316M,2B,AIM_all,21.7,0.2083988
V1316M,2B,AIM_all,21.8,0.1842225
V1316M,2B,AIM_all,21.9,0.1990829
V1316M,2B,AIM_all,22.0,0.1699968
V1316M,2B,AIM_all,22.1,0.2084682
V1316M,2B,AIM_all,22.2,0.1802164
V1316M,2B,AIM_all,22.3,0.2108537
V1316M,2B,AIM_all,22.4,0.177733
V1316M,2B,AIM_all,22.5,0.20969
V1316M,2B,AIM_all,22.6,0.2074633
V1316M,2B,AIM_all,22.7,0.1737038
V1316M,2B,AIM_all,22.8,0.1788127
V1316M,2B,AIM_all,22.9,0.1691184
V1316M,2B,AIM_all,23.0,0.1639573
V1316M,2B,AIM_all,23.1,0.1718633
V1316M,2B,AIM_all,23.2,0.1799998
V1316M,2B,AIM_all,23.3,0.1846757
V1316M,2B,AIM_all,23.4,0.166637
V1316M,2B,AIM_all,23.5,0.2050754
V1316M,2B,AIM_all,23.6,0.1916898
V1316M,2B,AIM_all,23.7,0.1825952
V1316M,2B,AIM_all,23.8,0.1919842
V1316M,2B,AIM_all,23.9,0.1672874
V1316M,2B,AIM_all,24.0,0.1818627
V1316M,2B,AIM_all,24.1,0.2027068
V1316M,2B,AIM_all,24.2,0.1781962
V1316M,2B,AIM_all,24.3,0.1724094
V1316M,2B,AIM_all,24.4,0.1985901
V1316M,2B,AIM_all,24.5,0.2092702
V1316M,2B,AIM_all,24.6,0.2097117
V1316M,2B,AIM_all,24.7,0.2078196
V1316M,2B,AIM_all,24.8,0.2102784
V1316M,2B,AIM_all,24.9,0.2010597
V1316M,2B,AIM_all,25.0,0.2024105
V1316M,2B,AIM_all,25.1,0.2015068
V1316M,2B,AIM_all,25.2,0.1889073
V1316M,2B,AIM_all,25.3,0.198406
V1316M,2B,AIM_all,25.4,0.1883457
V1316M,2B,AIM_all,25.5,0.1736318
V1316M,2B,AIM_all,25.6,0.182431
V1316M,2B,AIM_all,25.7,0.2029234
V1316M,2B,AIM_all,25.8,0.2025164
V1316M,2B,AIM_all,25.9,0.192785
V1316M,2B,AIM_all,26.0,0.1843935
V1316M,2B,AIM_all,26.1,0.2133986
V1316M,2B,AIM_all,26.2,0.2019059
V1316M,2B,AIM_all,26.3,0.2254086
V1316M,2B,AIM_all,26.4,0.2030492
V1316M,2B,AIM_all,26.5,0.1622218
V1316M,2B,AIM_all,26.6,0.1590723
V1316M,2B,AIM_all,26.7,0.1742586
V1316M,2B,AIM_all,26.8,0.1703757
V1316M,2B,AIM_all,26.9,0.1609997
V1316M,2B,AIM_all,27.0,0.182877
V1316M,2B,AIM_all,27.1,0.1710931
V1316M,2B,AIM_all,27.2,0.1837415
V1316M,2B,AIM_all,27.3,0.1936932
V1316M,2B,AIM_all,27.4,0.1809034
V1316M,2B,AIM_all,27.5,0.1928653
V1316M,2B,AIM_all,27.6,0.1975601
V1316M,2B,AIM_all,27.7,0.2089522
V1316M,2B,AIM_all,27.8,0.2006712
V1316M,2B,AIM_all,27.9,0.2047951
V1316M,2B,AIM_all,28.0,0.1972462
V1316M,2B,AIM_all,28.1,0.1824665
V1316M,2B,AIM_all,28.2,0.1942834
V1316M,2B,AIM_all,28.3,0.1867245
V1316M,2B,AIM_all,28.4,0.1892353
V1316M,2B,AIM_all,28.5,0.2007634
V1316M,2B,AIM_all,28.6,0.2064608
V1316M,2B,AIM_all,28.7,0.192211
V1316M,2B,AIM_all,28.8,0.1910029
V1316M,2B,AIM_all,28.9,0.1735048
V1316M,2B,AIM_all,29.0,0.2100785
V1316M,2B,AIM_all,29.1,0.1836597
V1316M,2B,AIM_all,29.2,0.1732913
V1316M,2B,AIM_all,29.3,0.2177567
V1316M,2B,AIM_all,29.4,0.190018
V1316M,2B,AIM_all,29.5,0.1896575
V1316M,2B,AIM_all,29.6,0.1960891
V1316M,2B,AIM_all,29.7,0.2088972
V1316M,2B,AIM_all,29.8,0.2031699
V1316M,2B,AIM_all,29.9,0.1783648
V1316M,2B,AIM_all,30.0,0.190856
V1316M,2B,AIM_all,30.1,0.1794047
V1316M,2B,AIM_all,30.2,0.199311
V1316M,2B,AIM_all,30.3,0.1774629
V1316M,2B,AIM_all,30.4,0.1676035
V1316M,2B,AIM_all,30.5,0.1908844
V1316M,2B,AIM_all,30.6,0.2061411
V1316M,2B,AIM_all,30.7,0.1807373
V1316M,2B,AIM_all,30.8,0.178533
V1316M,2B,AIM_all,30.9,0.1838721
V1316M,2B,AIM_all,31.0,0.1829046
V1316M,2B,AIM_all,31.1,0.1798054
V1316M,2B,AIM_all,31.2,0.1980504
V1316M,2B,AIM_all,31.3,0.2003849
V1316M,2B,AIM_all,31.4,0.1900683
V1316M,2B,AIM_all,31.5,0.2090885
V1316M,2B,AIM_all,31.6,0.2014299
V1316M,2B,AIM_all,31.7,0.2279935
V1316M,2B,AIM_all,31.8,0.1935458
V1316M,2B,AIM_all,31.9,0.1676662
V1316M,2B,AIM_all,32.0,0.2060633
V1316M,2B,AIM_all,32.1,0.1760711
V1316M,2B,AIM_all,32.2,0.2304667
V1316M,2B,AIM_all,32.3,0.1811188
V1316M,2B,AIM_all,32.4,0.181893
V1316M,2B,AIM_all,32.5,0.209917
V1316M,2B,AIM_all,32.6,0.1583349
V1316M,2B,AIM_all,32.7,0.1635542
V1316M,2B,AIM_all,32.8,0.2116553
V1316M,2B,AIM_all,32.9,0.1945201
V1316M,2B,AIM_all,33.0,0.2234657
V1316M,2B,AIM_all,33.1,0.2080794
V1316M,2B,AIM_all,33.2,0.1938503
V1316M,2B,AIM_all,33.3,0.2065214
V1316M,2B,AIM_all,33.4,0.1967283
V1316M,2B,AIM_all,33.5,0.1941085
V1316M,2B,AIM_all,33.6,0.1744538
V1316M,2B,AIM_all,33.7,0.1985875
V1316M,2B,AIM_all,33.8,0.2058886
V1316M,2B,AIM_all,33.9,0.2011987
V1316M,2B,AIM_all,34.0,0.1901211
V1316M,2B,AIM_all,34.1,0.16879
V1316M,2B,AIM_all,34.2,0.1813118
V1316M,2B,AIM_all,34.3,0.2039559
V1316M,2B,AIM_all,34.4,0.2138972
V1316M,2B,AIM_all,34.5,0.2130003
V1316M,2B,AIM_all,34.6,0.2114377
V1316M,2B,AIM_all,34.7,0.2078389
V1316M,2B,AIM_all,34.8,0.2153462
V1316M,2B,AIM_all,34.9,0.1951282
V1316M,2B,AIM_all,35.0,0.218103
V1316M,2B,AIM_all,35.1,0.1968502
V1316M,2B,AIM_all,35.2,0.2002125
V1316M,2B,AIM_all,35.3,0.1946432
V1316M,2B,AIM_all,35.4,0.1955784
V1316M,2B,AIM_all,35.5,0.2046267
V1316M,2B,AIM_all,35.6,0.2083794
V1316M,2B,AIM_all,35.7,0.2158217
V1316M,2B,AIM_all,35.8,0.1991132
V1316M,2B,AIM_all,35.9,0.2020618
V1316M,2B,AIM_all,36.0,0.20283
V1316M,2B,AIM_all,36.1,0.2006841
V1316M,2B,AIM_all,36.2,0.2013233
V1316M,2B,AIM_all,36.3,0.2029506
V1316M,2B,AIM_all,36.4,0.2156988
V1316M,2B,AIM_all,36.5,0.2168227
V1316M,2B,AIM_all,36.6,0.2022996
V1316M,2B,AIM_all,36.7,0.1791451
V1316M,2B,AIM_all,36.8,0.1938996
V1316M,2B,AIM_all,36.9,0.1924837
V1316M,2B,AIM_all,37.0,0.2219031
V1316M,2B,AIM_all,37.1,0.2064289
V1316M,2B,AIM_all,37.2,0.18951
V1316M,2B,AIM_all,37.3,0.2110381
V1316M,2B,AIM_all,37.4,0.1847973
V1316M,2B,AIM_all,37.5,0.1764257
V1316M,2B,AIM_all,37.6,0.1762753
V1316M,2B,AIM_all,37.7,0.2009005
V1316M,2B,AIM_all,37.8,0.1791787
V1316M,2B,AIM_all,37.9,0.1992312
V1316M,2B,AIM_all,38.0,0.1873553
V1316M,2B,AIM_all,38.1,0.1820712
V1316M,2B,AIM_all,38.2,0.1924656
V1316M,2B,AIM_all,38.3,0.1738766
V1316M,2B,AIM_all,38.4,0.1829156
V1316M,2B,AIM_all,38.5,0.1921745
V1316M,2B,AIM_all,38.6,0.2133682
V1316M,2B,AIM_all,38.7,0.1991835
V1316M,2B,AIM_all,38.8,0.1997347
V1316M,2B,AIM_all,38.9,0.2029041
V1316M,2B,AIM_all,39.0,0.2009229
V1316M,2B,AIM_all,39.1,0.1856366
V1316M,2B,AIM_all,39.2,0.1817387
V1316M,2B,AIM_all,39.3,0.1859273
V1316M,2B,AIM_all,39.4,0.1797804
V1316M,2B,AIM_all,39.5,0.1696054
V1316M,2B,AIM_all,39.6,0.1687899
V1316M,2B,AIM_all,39.7,0.1720088
V1316M,2B,AIM_all,39.8,0.169384
V1316M,2B,AIM_all,39.9,0.173257
V1316M,2B,AIM_all,40.0,0.1989219
V1316M,2B,AIM_all,40.1,0.1964154
V1316M,2B,AIM_all,40.2,0.202788
V1316M,2B,AIM_all,40.3,0.2180846
V1316M,2B,AIM_all,40.4,0.1780618
V1316M,2B,AIM_all,40.5,0.1738537
V1316M,2B,AIM_all,40.6,0.1956863
V1316M,2B,AIM_all,40.7,0.1751401
V1316M,2B,AIM_all,40.8,0.1895284
V1316M,2B,AIM_all,40.9,0.1682945
V1316M,2B,AIM_all,41.0,0.1858089
V1316M,2B,AIM_all,41.1,0.1738359
V1316M,2B,AIM_all,41.2,0.213518
V1316M,2B,AIM_all,41.3,0.2061164
V1316M,2B,AIM_all,41.4,0.1665265
V1316M,2B,AIM_all,41.5,0.1979522
V1316M,2B,AIM_all,41.6,0.2050902
V1316M,2B,AIM_all,41.7,0.2142544
V1316M,2B,AIM_all,41.8,0.229976
V1316M,2B,AIM_all,41.9,0.214033
V1316M,2B,AIM_all,42.0,0.2019653
V1316M,2B,AIM_all,42.1,0.2116788
V1316M,2B,AIM_all,42.2,0.1722467
V1316M,2B,AIM_all,42.3,0.1954942
V1316M,2B,AIM_all,42.4,0.2061554
V1316M,2B,AIM_all,42.5,0.2087727
V1316M,2B,AIM_all,42.6,0.201251
V1316M,2B,AIM_all,42.7,0.2052389
V1316M,2B,AIM_all,42.8,0.2244525
V1316M,2B,AIM_all,42.9,0.1960151
V1316M,2B,AIM_all,43.0,0.2006913
V1316M,2B,AIM_all,43.1,0.1994718
V1316M,2B,AIM_all,43.2,0.1959438
V1316M,2B,AIM_all,43.3,0.2015195
V1316M,2B,AIM_all,43.4,0.2140326
V1316M,2B,AIM_all,43.5,0.2113693
V1316M,2B,AIM_all,43.6,0.2037129
V1316M,2B,AIM_all,43.7,0.2003147
V1316M,2B,AIM_all,43.8,0.2057984
V1316M,2B,AIM_all,43.9,0.1971924
V1316M,2B,AIM_all,44.0,0.1805269
V1316M,2B,AIM_all,44.1,0.2191301
V1316M,2B,AIM_all,44.2,0.1829152
V1316M,2B,AIM_all,44.3,0.1791841
V1316M,2B,AIM_all,44.4,0.2073831
V1316M,2B,AIM_all,44.5,0.189127
V1316M,2B,AIM_all,44.6,0.177141
V1316M,2B,AIM_all,44.7,0.2104304
V1316M,2B,AIM_all,44.8,0.197155
V1316M,2B,AIM_all,44.9,0.2057009
V1316M,2B,AIM_all,45.0,0.2176007
V1316M,2B,AIM_all,45.1,0.1980733
V1316M,2B,AIM_all,45.2,0.1973778
V1316M,2B,AIM_all,45.3,0.2266143
V1316M,2B,AIM_all,45.4,0.2096329
V1316M,2B,AIM_all,45.5,0.1954713
V1316M,2B,AIM_all,45.6,0.2111112
V1316M,2B,AIM_all,45.7,0.2240041
V1316M,2B,AIM_all,45.8,0.2092225
V1316M,2B,AIM_all,45.9,0.1743848
V1316M,2B,AIM_all,46.0,0.204524
V1316M,2B,AIM_all,46.1,0.2121579
V1316M,2B,AIM_all,46.2,0.2168005
V1316M,2B,AIM_all,46.3,0.1861127
V1316M,2B,AIM_all,46.4,0.2040932
V1316M,2B,AIM_all,46.5,0.2121722
V1316M,2B,AIM_all,46.6,0.1923979
V1316M,2B,AIM_all,46.7,0.2213435
V1316M,2B,AIM_all,46.8,0.1943656
V1316M,2B,AIM_all,46.9,0.186491
V1316M,2B,AIM_all,47.0,0.1662347
V1316M,2B,AIM_all,47.1,0.2207916
V1316M,2B,AIM_all,47.2,0.192577
V1316M,2B,AIM_all,47.3,0.1936851
V1316M,2B,AIM_all,47.4,0.1740978
V1316M,2B,AIM_all,47.5,0.175334
V1316M,2B,AIM_all,47.6,0.1982044
V1316M,2B,AIM_all,47.7,0.1996521
V1316M,2B,AIM_all,47.8,0.2034553
V1316M,2B,AIM_all,47.9,0.1864617
V1316M,2B,AIM_all,48.0,0.202724
V1316M,2B,AIM_all,48.1,0.1716799
V1316M,2B,AIM_all,48.2,0.1787344
V1316M,2B,AIM_all,48.3,0.1875574
V1316M,2B,AIM_all,48.4,0.222045
V1316M,2B,AIM_all,48.5,0.1895913
V1316M,2B,AIM_all,48.6,0.1903629
V1316M,2B,AIM_all,48.7,0.1681666
V1316M,2B,AIM_all,48.8,0.1732772
V1316M,2B,AIM_all,48.9,0.1757984
V1316M,2B,AIM_all,49.0,0.2238615
V1316M,2B,AIM_all,49.1,0.1781404
V1316M,2B,AIM_all,49.2,0.1936053
V1316M,2B,AIM_all,49.3,0.1858673
V1316M,2B,AIM_all,49.4,0.2067753
V1316M,2B,AIM_all,49.5,0.1761023
V1316M,2B,AIM_all,49.6,0.1928471
V1316M,2B,AIM_all,49.7,0.1792763
V1316M,2B,AIM_all,49.8,0.1801917
V1316M,2B,AIM_all,49.9,0.2062934
V1316M,2B,AIM_all,50.0,0.1749397
V1316M,2B,C_AIM,0.0,0.1748998
V1316M,2B,C_AIM,0.1,0.2240109
V1316M,2B,C_AIM,0.2,0.1927924
V1316M,2B,C_AIM,0.3,0.1745998
V1316M,2B,C_AIM,0.4,0.1937549
V1316M,2B,C_AIM,0.5,0.2035436
V1316M,2B,C_AIM,0.6,0.202282
V1316M,2B,C_AIM,0.7,0.2030495
V1316M,2B,C_AIM,0.8,0.1884412
V1316M,2B,C_AIM,0.9,0.2160949
V1316M,2B,C_AIM,1.0,0.2205017
V1316M,2B,C_AIM,1.1,0.2209141
V1316M,2B,C_AIM,1.2,0.2121842
V1316M,2B,C_AIM,1.3,0.1789391
V1316M,2B,C_AIM,1.4,0.210642
V1316M,2B,C_AIM,1.5,0.2252885
V1316M,2B,C_AIM,1.6,0.2334155
V1316M,2B,C_AIM,1.7,0.1734416
V1316M,2B,C_AIM,1.8,0.2029044
V1316M,2B,C_AIM,1.9,0.192575
V1316M,2B,C_AIM,2.0,0.1972005
V1316M,2B,C_AIM,2.1,0.1718982
V1316M,2B,C_AIM,2.2,0.1816288
V1316M,2B,C_AIM,2.3,0.1764934
V1316M,2B,C_AIM,2.4,0.1929299
V1316M,2B,C_AIM,2.5,0.2000051
V1316M,2B,C_AIM,2.6,0.2239731
V1316M,2B,C_AIM,2.7,0.1961733
V1316M,2B,C_AIM,2.8,0.2171198
V1316M,2B,C_AIM,2.9,0.2305233
V1316M,2B,C_AIM,3.0,0.2156987
V1316M,2B,C_AIM,3.1,0.2129555
V1316M,2B,C_AIM,3.2,0.1983457
V1316M,2B,C_AIM,3.3,0.2083842
V1316M,2B,C_AIM,3.4,0.1973348
V1316M,2B,C_AIM,3.5,0.2125698
V1316M,2B,C_AIM,3.6,0.210352
V1316M,2B,C_AIM,3.7,0.2120993
V1316M,2B,C_AIM,3.8,0.1897656
V1316M,2B,C_AIM,3.9,0.2155759
V1316M,2B,C_AIM,4.0,0.2247977
V1316M,2B,C_AIM,4.1,0.2061891
V1316M,2B,C_AIM,4.2,0.1980728
V1316M,2B,C_AIM,4.3,0.1888545
V1316M,2B,C_AIM,4.4,0.1591791
V1316M,2B,C_AIM,4.5,0.2088635
V1316M,2B,C_AIM,4.6,0.203561
V1316M,2B,C_AIM,4.7,0.2021115
V1316M,2B,C_AIM,4.8,0.2117356
V1316M,2B,C_AIM,4.9,0.2083867
V1316M,2B,C_AIM,5.0,0.2103829
V1316M,2B,C_AIM,5.1,0.223958
V1316M,2B,C_AIM,5.2,0.1894705
V1316M,2B,C_AIM,5.3,0.1771415
V1316M,2B,C_AIM,5.4,0.193427
V1316M,2B,C_AIM,5.5,0.235928
V1316M,2B,C_AIM,5.6,0.2410268
V1316M,2B,C_AIM,5.7,0.2136796
V1316M,2B,C_AIM,5.8,0.1901947
V1316M,2B,C_AIM,5.9,0.2237275
V1316M,2B,C_AIM,6.0,0.181736
V1316M,2B,C_AIM,6.1,0.1908246
V1316M,2B,C_AIM,6.2,0.173724
V1316M,2B,C_AIM,6.3,0.2299046
V1316M,2B,C_AIM,6.4,0.1868287
V1316M,2B,C_AIM,6.5,0.2324153
V1316M,2B,C_AIM,6.6,0.2157429
V1316M,2B,C_AIM,6.7,0.1933005
V1316M,2B,C_AIM,6.8,0.2064218
V1316M,2B,C_AIM,6.9,0.2169674
V1316M,2B,C_AIM,7.0,0.2108863
V1316M,2B,C_AIM,7.1,0.1769206
V1316M,2B,C_AIM,7.2,0.1990628
V1316M,2B,C_AIM,7.3,0.1792458
V1316M,2B,C_AIM,7.400001,0.2040611
V1316M,2B,C_AIM,7.5,0.1711202
V1316M,2B,C_AIM,7.6,0.1795021
V1316M,2B,C_AIM,7.7,0.1711315
V1316M,2B,C_AIM,7.8,0.2385016
V1316M,2B,C_AIM,7.900001,0.2025167
V1316M,2B,C_AIM,8.0,0.2065526
V1316M,2B,C_AIM,8.1,0.2073376
V1316M,2B,C_AIM,8.200001,0.2067368
V1316M,2B,C_AIM,8.3,0.2237903
V1316M,2B,C_AIM,8.400001,0.2467833
V1316M,2B,C_AIM,8.5,0.2150443
V1316M,2B,C_AIM,8.6,0.2147626
V1316M,2B,C_AIM,8.700001,0.1811768
V1316M,2B,C_AIM,8.8,0.2179199
V1316M,2B,C_AIM,8.900001,0.2075859
V1316M,2B,C_AIM,9.0,0.231348
V1316M,2B,C_AIM,9.1,0.2127793
V1316M,2B,C_AIM,9.200001,0.2299694
V1316M,2B,C_AIM,9.3,0.2112936
V1316M,2B,C_AIM,9.400001,0.2253176
V1316M,2B,C_AIM,9.5,0.2175273
V1316M,2B,C_AIM,9.6,0.2220924
V1316M,2B,C_AIM,9.700001,0.21871
V1316M,2B,C_AIM,9.8,0.1869597
V1316M,2B,C_AIM,9.900001,0.2194286
V1316M,2B,C_AIM,10.0,0.2088156
V1316M,2B,C_AIM,10.1,0.1949409
V1316M,2B,C_AIM,10.2,0.2001653
V1316M,2B,C_AIM,10.3,0.2098121
V1316M,2B,C_AIM,10.4,0.1978132
V1316M,2B,C_AIM,10.5,0.2075836
V1316M,2B,C_AIM,10.6,0.1985497
V1316M,2B,C_AIM,10.7,0.2176327
V1316M,2B,C_AIM,10.8,0.190481
V1316M,2B,C_AIM,10.9,0.2240893
V1316M,2B,C_AIM,11.0,0.2150231
V1316M,2B,C_AIM,11.1,0.2195472
V1316M,2B,C_AIM,11.2,0.1974386
V1316M,2B,C_AIM,11.3,0.1770906
V1316M,2B,C_AIM,11.4,0.2034356
V1316M,2B,C_AIM,11.5,0.2122522
V1316M,2B,C_AIM,11.6,0.2167049
V1316M,2B,C_AIM,11.7,0.2040614
V1316M,2B,C_AIM,11.8,0.2099194
V1316M,2B,C_AIM,11.9,0.1917028
V1316M,2B,C_AIM,12.0,0.2063977
V1316M,2B,C_AIM,12.1,0.2182499
V1316M,2B,C_AIM,12.2,0.2162338
V1316M,2B,C_AIM,12.3,0.2111329
V1316M,2B,C_AIM,12.4,0.2018939
V1316M,2B,C_AIM,12.5,0.2067726
V1316M,2B,C_AIM,12.6,0.2093824
V1316M,2B,C_AIM,12.7,0.1916817
V1316M,2B,C_AIM,12.8,0.2258185
V1316M,2B,C_AIM,12.9,0.2144063
V1316M,2B,C_AIM,13.0,0.2190663
V1316M,2B,C_AIM,13.1,0.2222094
V1316M,2B,C_AIM,13.2,0.1995695
V1316M,2B,C_AIM,13.3,0.2164924
V1316M,2B,C_AIM,13.4,0.2086455
V1316M,2B,C_AIM,13.5,0.1807621
V1316M,2B,C_AIM,13.6,0.1676839
V1316M,2B,C_AIM,13.7,0.2110876
V1316M,2B,C_AIM,13.8,0.2211446
V1316M,2B,C_AIM,13.9,0.204125
V1316M,2B,C_AIM,14.0,0.1910416
V1316M,2B,C_AIM,14.1,0.1907589
V1316M,2B,C_AIM,14.2,0.2129177
V1316M,2B,C_AIM,14.3,0.2013108
V1316M,2B,C_AIM,14.4,0.2044898
V1316M,2B,C_AIM,14.5,0.1988317
V1316M,2B,C_AIM,14.6,0.2069904
V1316M,2B,C_AIM,14.7,0.2297414
V1316M,2B,C_AIM,14.8,0.1905937
V1316M,2B,C_AIM,14.9,0.192169
V1316M,2B,C_AIM,15.0,0.2195223
V1316M,2B,C_AIM,15.1,0.2087723
V1316M,2B,C_AIM,15.2,0.1681814
V1316M,2B,C_AIM,15.3,0.2151305
V1316M,2B,C_AIM,15.4,0.2181192
V1316M,2B,C_AIM,15.5,0.2051974
V1316M,2B,C_AIM,15.6,0.1991455
V1316M,2B,C_AIM,15.7,0.2047879
V1316M,2B,C_AIM,15.8,0.1811463
V1316M,2B,C_AIM,15.9,0.1970257
V1316M,2B,C_AIM,16.0,0.2110428
V1316M,2B,C_AIM,16.1,0.200015
V1316M,2B,C_AIM,16.2,0.2149863
V1316M,2B,C_AIM,16.3,0.2361548
V1316M,2B,C_AIM,16.4,0.2074634
V1316M,2B,C_AIM,16.5,0.2018936
V1316M,2B,C_AIM,16.6,0.2050025
V1316M,2B,C_AIM,16.7,0.2403165
V1316M,2B,C_AIM,16.8,0.2284428
V1316M,2B,C_AIM,16.9,0.2218243
V1316M,2B,C_AIM,17.0,0.2063155
V1316M,2B,C_AIM,17.1,0.2061577
V1316M,2B,C_AIM,17.2,0.2149182
V1316M,2B,C_AIM,17.3,0.2021238
V1316M,2B,C_AIM,17.4,0.2021537
V1316M,2B,C_AIM,17.5,0.2079182
V1316M,2B,C_AIM,17.6,0.2241519
V1316M,2B,C_AIM,17.7,0.2126079
V1316M,2B,C_AIM,17.8,0.2152347
V1316M,2B,C_AIM,17.9,0.2087534
V1316M,2B,C_AIM,18.0,0.2010797
V1316M,2B,C_AIM,18.1,0.2074102
V1316M,2B,C_AIM,18.2,0.1988491
V1316M,2B,C_AIM,18.3,0.2022721
V1316M,2B,C_AIM,18.4,0.2020567
V1316M,2B,C_AIM,18.5,0.2177917
V1316M,2B,C_AIM,18.6,0.1986102
V1316M,2B,C_AIM,18.7,0.2121556
V1316M,2B,C_AIM,18.8,0.1887909
V1316M,2B,C_AIM,18.9,0.2176741
V1316M,2B,C_AIM,19.0,0.213394
V1316M,2B,C_AIM,19.1,0.1833276
V1316M,2B,C_AIM,19.2,0.223074
V1316M,2B,C_AIM,19.3,0.2276949
V1316M,2B,C_AIM,19.4,0.210668
V1316M,2B,C_AIM,19.5,0.1964026
V1316M,2B,C_AIM,19.6,0.2042475
V1316M,2B,C_AIM,19.7,0.2247514
V1316M,2B,C_AIM,19.8,0.2109976
V1316M,2B,C_AIM,19.9,0.2114094
V1316M,2B,C_AIM,20.0,0.2016135
V1316M,2B,C_AIM,20.1,0.1998124
V1316M,2B,C_AIM,20.2,0.2213205
V1316M,2B,C_AIM,20.3,0.2004816
V1316M,2B,C_AIM,20.4,0.2124526
V1316M,2B,C_AIM,20.5,0.229816
V1316M,2B,C_AIM,20.6,0.1948153
V1316M,2B,C_AIM,20.7,0.1938169
V1316M,2B,C_AIM,20.8,0.2001444
V1316M,2B,C_AIM,20.9,0.2037302
V1316M,2B,C_AIM,21.0,0.2184147
V1316M,2B,C_AIM,21.1,0.1970255
V1316M,2B,C_AIM,21.2,0.2230986
V1316M,2B,C_AIM,21.3,0.2142241
V1316M,2B,C_AIM,21.4,0.2045887
V1316M,2B,C_AIM,21.5,0.1979167
V1316M,2B,C_AIM,21.6,0.1995144
V1316M,2B,C_AIM,21.7,0.2083988
V1316M,2B,C_AIM,21.8,0.1934321
V1316M,2B,C_AIM,21.9,0.1990829
V1316M,2B,C_AIM,22.0,0.2053801
V1316M,2B,C_AIM,22.1,0.2084682
V1316M,2B,C_AIM,22.2,0.1802164
V1316M,2B,C_AIM,22.3,0.2316138
V1316M,2B,C_AIM,22.4,0.2099
V1316M,2B,C_AIM,22.5,0.2159769
V1316M,2B,C_AIM,22.6,0.2074633
V1316M,2B,C_AIM,22.7,0.2052244
V1316M,2B,C_AIM,22.8,0.2014894
V1316M,2B,C_AIM,22.9,0.2195449
V1316M,2B,C_AIM,23.0,0.2340554
V1316M,2B,C_AIM,23.1,0.1718633
V1316M,2B,C_AIM,23.2,0.240809
V1316M,2B,C_AIM,23.3,0.2027832
V1316M,2B,C_AIM,23.4,0.21939
V1316M,2B,C_AIM,23.5,0.2109836
V1316M,2B,C_AIM,23.6,0.1916898
V1316M,2B,C_AIM,23.7,0.1890741
V1316M,2B,C_AIM,23.8,0.2083866
V1316M,2B,C_AIM,23.9,0.2463533
V1316M,2B,C_AIM,24.0,0.209819
V1316M,2B,C_AIM,24.1,0.2113859
V1316M,2B,C_AIM,24.2,0.1993414
V1316M,2B,C_AIM,24.3,0.1899342
V1316M,2B,C_AIM,24.4,0.1985901
V1316M,2B,C_AIM,24.5,0.2092702
V1316M,2B,C_AIM,24.6,0.2097117
V1316M,2B,C_AIM,24.7,0.2078196
V1316M,2B,C_AIM,24.8,0.2102784
V1316M,2B,C_AIM,24.9,0.2010597
V1316M,2B,C_AIM,25.0,0.2024105
V1316M,2B,C_AIM,25.1,0.2015068
V1316M,2B,C_AIM,25.2,0.1889073
V1316M,2B,C_AIM,25.3,0.2068357
V1316M,2B,C_AIM,25.4,0.1977497
V1316M,2B,C_AIM,25.5,0.2060242
V1316M,2B,C_AIM,25.6,0.1973068
V1316M,2B,C_AIM,25.7,0.212278
V1316M,2B,C_AIM,25.8,0.2074344
V1316M,2B,C_AIM,25.9,0.192785
V1316M,2B,C_AIM,26.0,0.2084946
V1316M,2B,C_AIM,26.1,0.2133986
V1316M,2B,C_AIM,26.2,0.2019059
V1316M,2B,C_AIM,26.3,0.2254086
V1316M,2B,C_AIM,26.4,0.2030492
V1316M,2B,C_AIM,26.5,0.207562
V1316M,2B,C_AIM,26.6,0.2173592
V1316M,2B,C_AIM,26.7,0.1911282
V1316M,2B,C_AIM,26.8,0.2128544
V1316M,2B,C_AIM,26.9,0.2287597
V1316M,2B,C_AIM,27.0,0.196962
V1316M,2B,C_AIM,27.1,0.2139603
V1316M,2B,C_AIM,27.2,0.2127582
V1316M,2B,C_AIM,27.3,0.1936932
V1316M,2B,C_AIM,27.4,0.2125488
V1316M,2B,C_AIM,27.5,0.2037299
V1316M,2B,C_AIM,27.6,0.1975601
V1316M,2B,C_AIM,27.7,0.2141961
V1316M,2B,C_AIM,27.8,0.2057918
V1316M,2B,C_AIM,27.9,0.2047951
V1316M,2B,C_AIM,28.0,0.2010594
V1316M,2B,C_AIM,28.1,0.2164367
V1316M,2B,C_AIM,28.2,0.1942834
V1316M,2B,C_AIM,28.3,0.1990427
V1316M,2B,C_AIM,28.4,0.2067391
V1316M,2B,C_AIM,28.5,0.2007634
V1316M,2B,C_AIM,28.6,0.2064608
V1316M,2B,C_AIM,28.7,0.2088972
V1316M,2B,C_AIM,28.8,0.1949719
V1316M,2B,C_AIM,28.9,0.2079738
V1316M,2B,C_AIM,29.0,0.2100785
V1316M,2B,C_AIM,29.1,0.2014472
V1316M,2B,C_AIM,29.2,0.2127202
V1316M,2B,C_AIM,29.3,0.2187716
V1316M,2B,C_AIM,29.4,0.2111775
V1316M,2B,C_AIM,29.5,0.2152767
V1316M,2B,C_AIM,29.6,0.2043793
V1316M,2B,C_AIM,29.7,0.2248421
V1316M,2B,C_AIM,29.8,0.2031699
V1316M,2B,C_AIM,29.9,0.2001526
V1316M,2B,C_AIM,30.0,0.190856
V1316M,2B,C_AIM,30.1,0.1941079
V1316M,2B,C_AIM,30.2,0.2047681
V1316M,2B,C_AIM,30.3,0.2168706
V1316M,2B,C_AIM,30.4,0.2045625
V1316M,2B,C_AIM,30.5,0.1922417
V1316M,2B,C_AIM,30.6,0.2061411
V1316M,2B,C_AIM,30.7,0.1906881
V1316M,2B,C_AIM,30.8,0.2056333
V1316M,2B,C_AIM,30.9,0.1946766
V1316M,2B,C_AIM,31.0,0.2204855
V1316M,2B,C_AIM,31.1,0.2223893
V1316M,2B,C_AIM,31.2,0.1980504
V1316M,2B,C_AIM,31.3,0.2003849
V1316M,2B,C_AIM,31.4,0.1900683
V1316M,2B,C_AIM,31.5,0.2090885
V1316M,2B,C_AIM,31.6,0.2065648
V1316M,2B,C_AIM,31.7,0.2323208
V1316M,2B,C_AIM,31.8,0.1935458
V1316M,2B,C_AIM,31.9,0.1676662
V1316M,2B,C_AIM,32.0,0.2060633
V1316M,2B,C_AIM,32.1,0.1760711
V1316M,2B,C_AIM,32.2,0.2304667
V1316M,2B,C_AIM,32.3,0.1811188
V1316M,2B,C_AIM,32.4,0.181893
V1316M,2B,C_AIM,32.5,0.209917
V1316M,2B,C_AIM,32.6,0.1583349
V1316M,2B,C_AIM,32.7,0.1635542
V1316M,2B,C_AIM,32.8,0.2116553
V1316M,2B,C_AIM,32.9,0.1945201
V1316M,2B,C_AIM,33.0,0.2316227
V1316M,2B,C_AIM,33.1,0.2315363
V1316M,2B,C_AIM,33.2,0.2229663
V1316M,2B,C_AIM,33.3,0.2065214
V1316M,2B,C_AIM,33.4,0.1967283
V1316M,2B,C_AIM,33.5,0.1941085
V1316M,2B,C_AIM,33.6,0.1744538
V1316M,2B,C_AIM,33.7,0.2016161
V1316M,2B,C_AIM,33.8,0.2058886
V1316M,2B,C_AIM,33.9,0.2091935
V1316M,2B,C_AIM,34.0,0.1901211
V1316M,2B,C_AIM,34.1,0.16879
V1316M,2B,C_AIM,34.2,0.2181376
V1316M,2B,C_AIM,34.3,0.2039559
V1316M,2B,C_AIM,34.4,0.2138972
V1316M,2B,C_AIM,34.5,0.2130003
V1316M,2B,C_AIM,34.6,0.2114377
V1316M,2B,C_AIM,34.7,0.2078389
V1316M,2B,C_AIM,34.8,0.2323555
V1316M,2B,C_AIM,34.9,0.1951282
V1316M,2B,C_AIM,35.0,0.2202568
V1316M,2B,C_AIM,35.1,0.1970864
V1316M,2B,C_AIM,35.2,0.2002125
V1316M,2B,C_AIM,35.3,0.2182228
V1316M,2B,C_AIM,35.4,0.1955784
V1316M,2B,C_AIM,35.5,0.2046267
V1316M,2B,C_AIM,35.6,0.2083794
V1316M,2B,C_AIM,35.7,0.223045
V1316M,2B,C_AIM,35.8,0.1991132
V1316M,2B,C_AIM,35.9,0.2020618
V1316M,2B,C_AIM,36.0,0.20283
V1316M,2B,C_AIM,36.1,0.2006841
V1316M,2B,C_AIM,36.2,0.2013233
V1316M,2B,C_AIM,36.3,0.2029506
V1316M,2B,C_AIM,36.4,0.2156988
V1316M,2B,C_AIM,36.5,0.2168227
V1316M,2B,C_AIM,36.6,0.2022996
V1316M,2B,C_AIM,36.7,0.1791451
V1316M,2B,C_AIM,36.8,0.1938996
V1316M,2B,C_AIM,36.9,0.1924837
V1316M,2B,C_AIM,37.0,0.2219031
V1316M,2B,C_AIM,37.1,0.2064289
V1316M,2B,C_AIM,37.2,0.18951
V1316M,2B,C_AIM,37.3,0.2110381
V1316M,2B,C_AIM,37.4,0.1847973
V1316M,2B,C_AIM,37.5,0.1764257
V1316M,2B,C_AIM,37.6,0.1762753
V1316M,2B,C_AIM,37.7,0.2047755
V1316M,2B,C_AIM,37.8,0.1791787
V1316M,2B,C_AIM,37.9,0.1992312
V1316M,2B,C_AIM,38.0,0.1873553
V1316M,2B,C_AIM,38.1,0.1820712
V1316M,2B,C_AIM,38.2,0.1924656
V1316M,2B,C_AIM,38.3,0.1738766
V1316M,2B,C_AIM,38.4,0.1829156
V1316M,2B,C_AIM,38.5,0.1921745
V1316M,2B,C_AIM,38.6,0.2133682
V1316M,2B,C_AIM,38.7,0.1991835
V1316M,2B,C_AIM,38.8,0.1997347
V1316M,2B,C_AIM,38.9,0.2029041
V1316M,2B,C_AIM,39.0,0.2009229
V1316M,2B,C_AIM,39.1,0.1856366
V1316M,2B,C_AIM,39.2,0.1817387
V1316M,2B,C_AIM,39.3,0.1859273
V1316M,2B,C_AIM,39.4,0.1797804
V1316M,2B,C_AIM,39.5,0.1696054
V1316M,2B,C_AIM,39.6,0.1687899
V1316M,2B,C_AIM,39.7,0.1720088
V1316M,2B,C_AIM,39.8,0.169384
V1316M,2B,C_AIM,39.9,0.173257
V1316M,2B,C_AIM,40.0,0.1989219
V1316M,2B,C_AIM,40.1,0.1964154
V1316M,2B,C_AIM,40.2,0.202788
V1316M,2B,C_AIM,40.3,0.2180846
V1316M,2B,C_AIM,40.4,0.1780618
V1316M,2B,C_AIM,40.5,0.1738537
V1316M,2B,C_AIM,40.6,0.1956863
V1316M,2B,C_AIM,40.7,0.1751401
V1316M,2B,C_AIM,40.8,0.1895284
V1316M,2B,C_AIM,40.9,0.1682945
V1316M,2B,C_AIM,41.0,0.1858089
V1316M,2B,C_AIM,41.1,0.1738359
V1316M,2B,C_AIM,41.2,0.2234214
V1316M,2B,C_AIM,41.3,0.2061164
V1316M,2B,C_AIM,41.4,0.1665265
V1316M,2B,C_AIM,41.5,0.1979522
V1316M,2B,C_AIM,41.6,0.2325469
V1316M,2B,C_AIM,41.7,0.2142544
V1316M,2B,C_AIM,41.8,0.229976
V1316M,2B,C_AIM,41.9,0.214033
V1316M,2B,C_AIM,42.0,0.2019653
V1316M,2B,C_AIM,42.1,0.2206216
V1316M,2B,C_AIM,42.2,0.1722467
V1316M,2B,C_AIM,42.3,0.2201043
V1316M,2B,C_AIM,42.4,0.2061554
V1316M,2B,C_AIM,42.5,0.2087727
V1316M,2B,C_AIM,42.6,0.2035242
V1316M,2B,C_AIM,42.7,0.2052389
V1316M,2B,C_AIM,42.8,0.2247088
V1316M,2B,C_AIM,42.9,0.1960151
V1316M,2B,C_AIM,43.0,0.2006913
V1316M,2B,C_AIM,43.1,0.2022203
V1316M,2B,C_AIM,43.2,0.1959438
V1316M,2B,C_AIM,43.3,0.2015195
V1316M,2B,C_AIM,43.4,0.2140326
V1316M,2B,C_AIM,43.5,0.2113693
V1316M,2B,C_AIM,43.6,0.2037129
V1316M,2B,C_AIM,43.7,0.2088083
V1316M,2B,C_AIM,43.8,0.2057984
V1316M,2B,C_AIM,43.9,0.1971924
V1316M,2B,C_AIM,44.0,0.1805269
V1316M,2B,C_AIM,44.1,0.2191301
V1316M,2B,C_AIM,44.2,0.1829152
V1316M,2B,C_AIM,44.3,0.1791841
V1316M,2B,C_AIM,44.4,0.2073831
V1316M,2B,C_AIM,44.5,0.189127
V1316M,2B,C_AIM,44.6,0.177141
V1316M,2B,C_AIM,44.7,0.2104304
V1316M,2B,C_AIM,44.8,0.2122758
V1316M,2B,C_AIM,44.9,0.2057009
V1316M,2B,C_AIM,45.0,0.2176007
V1316M,2B,C_AIM,45.1,0.1980733
V1316M,2B,C_AIM,45.2,0.1973778
V1316M,2B,C_AIM,45.3,0.2266143
V1316M,2B,C_AIM,45.4,0.2096329
V1316M,2B,C_AIM,45.5,0.1954713
V1316M,2B,C_AIM,45.6,0.2111112
V1316M,2B,C_AIM,45.7,0.2240041
V1316M,2B,C_AIM,45.8,0.2092225
V1316M,2B,C_AIM,45.9,0.1743848
V1316M,2B,C_AIM,46.0,0.204524
V1316M,2B,C_AIM,46.1,0.2121579
V1316M,2B,C_AIM,46.2,0.2168005
V1316M,2B,C_AIM,46.3,0.1861127
V1316M,2B,C_AIM,46.4,0.2040932
V1316M,2B,C_AIM,46.5,0.2121722
V1316M,2B,C_AIM,46.6,0.2044921
V1316M,2B,C_AIM,46.7,0.2213435
V1316M,2B,C_AIM,46.8,0.1943656
V1316M,2B,C_AIM,46.9,0.2007212
V1316M,2B,C_AIM,47.0,0.2163747
V1316M,2B,C_AIM,47.1,0.2207916
V1316M,2B,C_AIM,47.2,0.2032978
V1316M,2B,C_AIM,47.3,0.2027684
V1316M,2B,C_AIM,47.4,0.2036151
V1316M,2B,C_AIM,47.5,0.1853132
V1316M,2B,C_AIM,47.6,0.1982044
V1316M,2B,C_AIM,47.7,0.2091531
V1316M,2B,C_AIM,47.8,0.2046192
V1316M,2B,C_AIM,47.9,0.218879
V1316M,2B,C_AIM,48.0,0.2303669
V1316M,2B,C_AIM,48.1,0.2241519
V1316M,2B,C_AIM,48.2,0.1799692
V1316M,2B,C_AIM,48.3,0.2089999
V1316M,2B,C_AIM,48.4,0.222045
V1316M,2B,C_AIM,48.5,0.1895913
V1316M,2B,C_AIM,48.6,0.2103805
V1316M,2B,C_AIM,48.7,0.1681666
V1316M,2B,C_AIM,48.8,0.1732772
V1316M,2B,C_AIM,48.9,0.1757984
V1316M,2B,C_AIM,49.0,0.2238615
V1316M,2B,C_AIM,49.1,0.1781404
V1316M,2B,C_AIM,49.2,0.198829
V1316M,2B,C_AIM,49.3,0.2193491
V1316M,2B,C_AIM,49.4,0.2067753
V1316M,2B,C_AIM,49.5,0.1761023
V1316M,2B,C_AIM,49.6,0.1928471
V1316M,2B,C_AIM,49.7,0.1792763
V1316M,2B,C_AIM,49.8,0.2195745
V1316M,2B,C_AIM,49.9,0.2062934
V1316M,2B,C_AIM,50.0,0.2071666
V1316M,2B,N_AIM,0.0,0.1654356
V1316M,2B,N_AIM,0.1,0.1650788
V1316M,2B,N_AIM,0.2,0.1630032
V1316M,2B,N_AIM,0.3,0.1708038
V1316M,2B,N_AIM,0.4,0.1687869
V1316M,2B,N_AIM,0.5,0.177834
V1316M,2B,N_AIM,0.6,0.1662139
V1316M,2B,N_AIM,0.7,0.1720375
V1316M,2B,N_AIM,0.8,0.168642
V1316M,2B,N_AIM,0.9,0.1718165
V1316M,2B,N_AIM,1.0,0.1737726
V1316M,2B,N_AIM,1.1,0.1743932
V1316M,2B,N_AIM,1.2,0.1648909
V1316M,2B,N_AIM,1.3,0.1807926
V1316M,2B,N_AIM,1.4,0.170044
V1316M,2B,N_AIM,1.5,0.172922
V1316M,2B,N_AIM,1.6,0.1780425
V1316M,2B,N_AIM,1.7,0.1685412
V1316M,2B,N_AIM,1.8,0.18582
V1316M,2B,N_AIM,1.9,0.1673888
V1316M,2B,N_AIM,2.0,0.1801331
V1316M,2B,N_AIM,2.1,0.159825
V1316M,2B,N_AIM,2.2,0.1689292
V1316M,2B,N_AIM,2.3,0.1640763
V1316M,2B,N_AIM,2.4,0.172215
V1316M,2B,N_AIM,2.5,0.1785529
V1316M,2B,N_AIM,2.6,0.1591789
V1316M,2B,N_AIM,2.7,0.1745479
V1316M,2B,N_AIM,2.8,0.1700854
V1316M,2B,N_AIM,2.9,0.1614124
V1316M,2B,N_AIM,3.0,0.1720498
V1316M,2B,N_AIM,3.1,0.165517
V1316M,2B,N_AIM,3.2,0.1596684
V1316M,2B,N_AIM,3.3,0.1670716
V1316M,2B,N_AIM,3.4,0.1650273
V1316M,2B,N_AIM,3.5,0.1827837
V1316M,2B,N_AIM,3.6,0.1733753
V1316M,2B,N_AIM,3.7,0.1757549
V1316M,2B,N_AIM,3.8,0.1781711
V1316M,2B,N_AIM,3.9,0.1731527
V1316M,2B,N_AIM,4.0,0.1700734
V1316M,2B,N_AIM,4.1,0.17025
V1316M,2B,N_AIM,4.2,0.1606299
V1316M,2B,N_AIM,4.3,0.1612356
V1316M,2B,N_AIM,4.4,0.1691153
V1316M,2B,N_AIM,4.5,0.1691775
V1316M,2B,N_AIM,4.6,0.160854
V1316M,2B,N_AIM,4.7,0.1609006
V1316M,2B,N_AIM,4.8,0.1652905
V1316M,2B,N_AIM,4.9,0.1547418
V1316M,2B,N_AIM,5.0,0.1704995
V1316M,2B,N_AIM,5.1,0.1703115
V1316M,2B,N_AIM,5.2,0.1852294
V1316M,2B,N_AIM,5.3,0.1719594
V1316M,2B,N_AIM,5.4,0.1626316
V1316M,2B,N_AIM,5.5,0.1670745
V1316M,2B,N_AIM,5.6,0.1578133
V1316M,2B,N_AIM,5.7,0.1614031
V1316M,2B,N_AIM,5.8,0.1573088
V1316M,2B,N_AIM,5.9,0.1906543
V1316M,2B,N_AIM,6.0,0.1797105
V1316M,2B,N_AIM,6.1,0.1742502
V1316M,2B,N_AIM,6.2,0.171875
V1316M,2B,N_AIM,6.3,0.1735196
V1316M,2B,N_AIM,6.4,0.1665108
V1316M,2B,N_AIM,6.5,0.1816424
V1316M,2B,N_AIM,6.6,0.1733467
V1316M,2B,N_AIM,6.7,0.1903132
V1316M,2B,N_AIM,6.8,0.1731963
V1316M,2B,N_AIM,6.9,0.1742962
V1316M,2B,N_AIM,7.0,0.1629969
V1316M,2B,N_AIM,7.1,0.1903285
V1316M,2B,N_AIM,7.2,0.1772937
V1316M,2B,N_AIM,7.3,0.1792678
V1316M,2B,N_AIM,7.400001,0.182584
V1316M,2B,N_AIM,7.5,0.1683478
V1316M,2B,N_AIM,7.6,0.1664452
V1316M,2B,N_AIM,7.7,0.1802749
V1316M,2B,N_AIM,7.8,0.1644079
V1316M,2B,N_AIM,7.900001,0.1773132
V1316M,2B,N_AIM,8.0,0.1688641
V1316M,2B,N_AIM,8.1,0.1764685
V1316M,2B,N_AIM,8.200001,0.1830243
V1316M,2B,N_AIM,8.3,0.1713124
V1316M,2B,N_AIM,8.400001,0.1745651
V1316M,2B,N_AIM,8.5,0.1816372
V1316M,2B,N_AIM,8.6,0.1774542
V1316M,2B,N_AIM,8.700001,0.1760742
V1316M,2B,N_AIM,8.8,0.1832732
V1316M,2B,N_AIM,8.900001,0.1726559
V1316M,2B,N_AIM,9.0,0.1714962
V1316M,2B,N_AIM,9.1,0.1729567
V1316M,2B,N_AIM,9.200001,0.1752542
V1316M,2B,N_AIM,9.3,0.1718228
V1316M,2B,N_AIM,9.400001,0.1661442
V1316M,2B,N_AIM,9.5,0.177522
V1316M,2B,N_AIM,9.6,0.1785442
V1316M,2B,N_AIM,9.700001,0.1728034
V1316M,2B,N_AIM,9.8,0.1741061
V1316M,2B,N_AIM,9.900001,0.1834367
V1316M,2B,N_AIM,10.0,0.1815519
V1316M,2B,N_AIM,10.1,0.1707483
V1316M,2B,N_AIM,10.2,0.1677559
V1316M,2B,N_AIM,10.3,0.1889286
V1316M,2B,N_AIM,10.4,0.1690031
V1316M,2B,N_AIM,10.5,0.1681605
V1316M,2B,N_AIM,10.6,0.1642008
V1316M,2B,N_AIM,10.7,0.1653633
V1316M,2B,N_AIM,10.8,0.1745306
V1316M,2B,N_AIM,10.9,0.1792707
V1316M,2B,N_AIM,11.0,0.187843
V1316M,2B,N_AIM,11.1,0.1829919
V1316M,2B,N_AIM,11.2,0.1799584
V1316M,2B,N_AIM,11.3,0.1862981
V1316M,2B,N_AIM,11.4,0.1845672
V1316M,2B,N_AIM,11.5,0.1801777
V1316M,2B,N_AIM,11.6,0.1723109
V1316M,2B,N_AIM,11.7,0.1768446
V1316M,2B,N_AIM,11.8,0.1671766
V1316M,2B,N_AIM,11.9,0.1671916
V1316M,2B,N_AIM,12.0,0.1753879
V1316M,2B,N_AIM,12.1,0.1730089
V1316M,2B,N_AIM,12.2,0.1688961
V1316M,2B,N_AIM,12.3,0.1651698
V1316M,2B,N_AIM,12.4,0.1808095
V1316M,2B,N_AIM,12.5,0.1754907
V1316M,2B,N_AIM,12.6,0.1763006
V1316M,2B,N_AIM,12.7,0.1876405
V1316M,2B,N_AIM,12.8,0.170203
V1316M,2B,N_AIM,12.9,0.1641128
V1316M,2B,N_AIM,13.0,0.1887456
V1316M,2B,N_AIM,13.1,0.1747486
V1316M,2B,N_AIM,13.2,0.1928577
V1316M,2B,N_AIM,13.3,0.1617437
V1316M,2B,N_AIM,13.4,0.1846373
V1316M,2B,N_AIM,13.5,0.1812015
V1316M,2B,N_AIM,13.6,0.1676247
V1316M,2B,N_AIM,13.7,0.1792735
V1316M,2B,N_AIM,13.8,0.1690386
V1316M,2B,N_AIM,13.9,0.1925465
V1316M,2B,N_AIM,14.0,0.1804274
V1316M,2B,N_AIM,14.1,0.1712456
V1316M,2B,N_AIM,14.2,0.1631102
V1316M,2B,N_AIM,14.3,0.1695788
V1316M,2B,N_AIM,14.4,0.1805238
V1316M,2B,N_AIM,14.5,0.1734732
V1316M,2B,N_AIM,14.6,0.1747169
V1316M,2B,N_AIM,14.7,0.1661924
V1316M,2B,N_AIM,14.8,0.1722672
V1316M,2B,N_AIM,14.9,0.1764824
V1316M,2B,N_AIM,15.0,0.1695112
V1316M,2B,N_AIM,15.1,0.172154
V1316M,2B,N_AIM,15.2,0.1801418
V1316M,2B,N_AIM,15.3,0.1729045
V1316M,2B,N_AIM,15.4,0.1750459
V1316M,2B,N_AIM,15.5,0.1854753
V1316M,2B,N_AIM,15.6,0.1729362
V1316M,2B,N_AIM,15.7,0.1809694
V1316M,2B,N_AIM,15.8,0.1754852
V1316M,2B,N_AIM,15.9,0.175257
V1316M,2B,N_AIM,16.0,0.1599186
V1316M,2B,N_AIM,16.1,0.1728845
V1316M,2B,N_AIM,16.2,0.1815986
V1316M,2B,N_AIM,16.3,0.1835921
V1316M,2B,N_AIM,16.4,0.1904365
V1316M,2B,N_AIM,16.5,0.1998954
V1316M,2B,N_AIM,16.6,0.1756274
V1316M,2B,N_AIM,16.7,0.1704199
V1316M,2B,N_AIM,16.8,0.173462
V1316M,2B,N_AIM,16.9,0.1648058
V1316M,2B,N_AIM,17.0,0.1661385
V1316M,2B,N_AIM,17.1,0.1863011
V1316M,2B,N_AIM,17.2,0.163933
V1316M,2B,N_AIM,17.3,0.1708828
V1316M,2B,N_AIM,17.4,0.1573592
V1316M,2B,N_AIM,17.5,0.1619722
V1316M,2B,N_AIM,17.6,0.1799695
V1316M,2B,N_AIM,17.7,0.1667363
V1316M,2B,N_AIM,17.8,0.1734529
V1316M,2B,N_AIM,17.9,0.1844613
V1316M,2B,N_AIM,18.0,0.1667871
V1316M,2B,N_AIM,18.1,0.1887695
V1316M,2B,N_AIM,18.2,0.2000347
V1316M,2B,N_AIM,18.3,0.1805019
V1316M,2B,N_AIM,18.4,0.1740948
V1316M,2B,N_AIM,18.5,0.1748258
V1316M,2B,N_AIM,18.6,0.2283223
V1316M,2B,N_AIM,18.7,0.1908246
V1316M,2B,N_AIM,18.8,0.170326
V1316M,2B,N_AIM,18.9,0.175926
V1316M,2B,N_AIM,19.0,0.1887141
V1316M,2B,N_AIM,19.1,0.1720116
V1316M,2B,N_AIM,19.2,0.1749344
V1316M,2B,N_AIM,19.3,0.1701616
V1316M,2B,N_AIM,19.4,0.1692749
V1316M,2B,N_AIM,19.5,0.2051268
V1316M,2B,N_AIM,19.6,0.1851513
V1316M,2B,N_AIM,19.7,0.2360107
V1316M,2B,N_AIM,19.8,0.1965602
V1316M,2B,N_AIM,19.9,0.2062305
V1316M,2B,N_AIM,20.0,0.2298626
V1316M,2B,N_AIM,20.1,0.2088161
V1316M,2B,N_AIM,20.2,0.1913349
V1316M,2B,N_AIM,20.3,0.2344783
V1316M,2B,N_AIM,20.4,0.221436
V1316M,2B,N_AIM,20.5,0.2106795
V1316M,2B,N_AIM,20.6,0.1771836
V1316M,2B,N_AIM,20.7,0.2121344
V1316M,2B,N_AIM,20.8,0.2295974
V1316M,2B,N_AIM,20.9,0.1975527
V1316M,2B,N_AIM,21.0,0.1929688
V1316M,2B,N_AIM,21.1,0.1640673
V1316M,2B,N_AIM,21.2,0.1791592
V1316M,2B,N_AIM,21.3,0.2096613
V1316M,2B,N_AIM,21.4,0.1949484
V1316M,2B,N_AIM,21.5,0.2533416
V1316M,2B,N_AIM,21.6,0.2138904
V1316M,2B,N_AIM,21.7,0.2351105
V1316M,2B,N_AIM,21.8,0.1842225
V1316M,2B,N_AIM,21.9,0.2311256
V1316M,2B,N_AIM,22.0,0.1699968
V1316M,2B,N_AIM,22.1,0.2297148
V1316M,2B,N_AIM,22.2,0.2420598
V1316M,2B,N_AIM,22.3,0.2108537
V1316M,2B,N_AIM,22.4,0.177733
V1316M,2B,N_AIM,22.5,0.20969
V1316M,2B,N_AIM,22.6,0.2320926
V1316M,2B,N_AIM,22.7,0.1737038
V1316M,2B,N_AIM,22.8,0.1788127
V1316M,2B,N_AIM,22.9,0.1691184
V1316M,2B,N_AIM,23.0,0.1639573
V1316M,2B,N_AIM,23.1,0.1925488
V1316M,2B,N_AIM,23.2,0.1799998
V1316M,2B,N_AIM,23.3,0.1846757
V1316M,2B,N_AIM,23.4,0.166637
V1316M,2B,N_AIM,23.5,0.2050754
V1316M,2B,N_AIM,23.6,0.2074153
V1316M,2B,N_AIM,23.7,0.1825952
V1316M,2B,N_AIM,23.8,0.1919842
V1316M,2B,N_AIM,23.9,0.1672874
V1316M,2B,N_AIM,24.0,0.1818627
V1316M,2B,N_AIM,24.1,0.2027068
V1316M,2B,N_AIM,24.2,0.1781962
V1316M,2B,N_AIM,24.3,0.1724094
V1316M,2B,N_AIM,24.4,0.240102
V1316M,2B,N_AIM,24.5,0.2449716
V1316M,2B,N_AIM,24.6,0.2331657
V1316M,2B,N_AIM,24.7,0.2239669
V1316M,2B,N_AIM,24.8,0.2164369
V1316M,2B,N_AIM,24.9,0.2120496
V1316M,2B,N_AIM,25.0,0.219941
V1316M,2B,N_AIM,25.1,0.2361419
V1316M,2B,N_AIM,25.2,0.2140051
V1316M,2B,N_AIM,25.3,0.198406
V1316M,2B,N_AIM,25.4,0.1883457
V1316M,2B,N_AIM,25.5,0.1736318
V1316M,2B,N_AIM,25.6,0.182431
V1316M,2B,N_AIM,25.7,0.2029234
V1316M,2B,N_AIM,25.8,0.2025164
V1316M,2B,N_AIM,25.9,0.2143013
V1316M,2B,N_AIM,26.0,0.1843935
V1316M,2B,N_AIM,26.1,0.2366309
V1316M,2B,N_AIM,26.2,0.2151512
V1316M,2B,N_AIM,26.3,0.2294168
V1316M,2B,N_AIM,26.4,0.2363452
V1316M,2B,N_AIM,26.5,0.1622218
V1316M,2B,N_AIM,26.6,0.1590723
V1316M,2B,N_AIM,26.7,0.1742586
V1316M,2B,N_AIM,26.8,0.1703757
V1316M,2B,N_AIM,26.9,0.1609997
V1316M,2B,N_AIM,27.0,0.182877
V1316M,2B,N_AIM,27.1,0.1710931
V1316M,2B,N_AIM,27.2,0.1837415
V1316M,2B,N_AIM,27.3,0.1937345
V1316M,2B,N_AIM,27.4,0.1809034
V1316M,2B,N_AIM,27.5,0.1928653
V1316M,2B,N_AIM,27.6,0.2000028
V1316M,2B,N_AIM,27.7,0.2089522
V1316M,2B,N_AIM,27.8,0.2006712
V1316M,2B,N_AIM,27.9,0.2203566
V1316M,2B,N_AIM,28.0,0.1972462
V1316M,2B,N_AIM,28.1,0.1824665
V1316M,2B,N_AIM,28.2,0.2235644
V1316M,2B,N_AIM,28.3,0.1867245
V1316M,2B,N_AIM,28.4,0.1892353
V1316M,2B,N_AIM,28.5,0.2273633
V1316M,2B,N_AIM,28.6,0.2298611
V1316M,2B,N_AIM,28.7,0.192211
V1316M,2B,N_AIM,28.8,0.1910029
V1316M,2B,N_AIM,28.9,0.1735048
V1316M,2B,N_AIM,29.0,0.2138364
V1316M,2B,N_AIM,29.1,0.1836597
V1316M,2B,N_AIM,29.2,0.1732913
V1316M,2B,N_AIM,29.3,0.2177567
V1316M,2B,N_AIM,29.4,0.190018
V1316M,2B,N_AIM,29.5,0.1896575
V1316M,2B,N_AIM,29.6,0.1960891
V1316M,2B,N_AIM,29.7,0.2088972
V1316M,2B,N_AIM,29.8,0.2098069
V1316M,2B,N_AIM,29.9,0.1783648
V1316M,2B,N_AIM,30.0,0.2084442
V1316M,2B,N_AIM,30.1,0.1794047
V1316M,2B,N_AIM,30.2,0.199311
V1316M,2B,N_AIM,30.3,0.1774629
V1316M,2B,N_AIM,30.4,0.1676035
V1316M,2B,N_AIM,30.5,0.1908844
V1316M,2B,N_AIM,30.6,0.2067147
V1316M,2B,N_AIM,30.7,0.1807373
V1316M,2B,N_AIM,30.8,0.178533
V1316M,2B,N_AIM,30.9,0.1838721
V1316M,2B,N_AIM,31.0,0.1829046
V1316M,2B,N_AIM,31.1,0.1798054
V1316M,2B,N_AIM,31.2,0.2122006
V1316M,2B,N_AIM,31.3,0.227686
V1316M,2B,N_AIM,31.4,0.2252001
V1316M,2B,N_AIM,31.5,0.2093155
V1316M,2B,N_AIM,31.6,0.2014299
V1316M,2B,N_AIM,31.7,0.2279935
V1316M,2B,N_AIM,31.8,0.2189385
V1316M,2B,N_AIM,31.9,0.1859945
V1316M,2B,N_AIM,32.0,0.2353233
V1316M,2B,N_AIM,32.1,0.2304973
V1316M,2B,N_AIM,32.2,0.2317867
V1316M,2B,N_AIM,32.3,0.2684195
V1316M,2B,N_AIM,32.4,0.2079061
V1316M,2B,N_AIM,32.5,0.2134619
V1316M,2B,N_AIM,32.6,0.2448386
V1316M,2B,N_AIM,32.7,0.200305
V1316M,2B,N_AIM,32.8,0.2440184
V1316M,2B,N_AIM,32.9,0.2417997
V1316M,2B,N_AIM,33.0,0.2234657
V1316M,2B,N_AIM,33.1,0.2080794
V1316M,2B,N_AIM,33.2,0.1938503
V1316M,2B,N_AIM,33.3,0.2146858
V1316M,2B,N_AIM,33.4,0.241624
V1316M,2B,N_AIM,33.5,0.2090981
V1316M,2B,N_AIM,33.6,0.2180506
V1316M,2B,N_AIM,33.7,0.1985875
V1316M,2B,N_AIM,33.8,0.2646772
V1316M,2B,N_AIM,33.9,0.2011987
V1316M,2B,N_AIM,34.0,0.2107628
V1316M,2B,N_AIM,34.1,0.1759375
V1316M,2B,N_AIM,34.2,0.1813118
V1316M,2B,N_AIM,34.3,0.2305559
V1316M,2B,N_AIM,34.4,0.2168963
V1316M,2B,N_AIM,34.5,0.2259625
V1316M,2B,N_AIM,34.6,0.2241006
V1316M,2B,N_AIM,34.7,0.2229128
V1316M,2B,N_AIM,34.8,0.2153462
V1316M,2B,N_AIM,34.9,0.2329185
V1316M,2B,N_AIM,35.0,0.218103
V1316M,2B,N_AIM,35.1,0.1968502
V1316M,2B,N_AIM,35.2,0.2304665
V1316M,2B,N_AIM,35.3,0.1946432
V1316M,2B,N_AIM,35.4,0.2642006
V1316M,2B,N_AIM,35.5,0.2608065
V1316M,2B,N_AIM,35.6,0.2408923
V1316M,2B,N_AIM,35.7,0.2158217
V1316M,2B,N_AIM,35.8,0.2416797
V1316M,2B,N_AIM,35.9,0.2467407
V1316M,2B,N_AIM,36.0,0.2149442
V1316M,2B,N_AIM,36.1,0.2058494
V1316M,2B,N_AIM,36.2,0.2547647
V1316M,2B,N_AIM,36.3,0.2652039
V1316M,2B,N_AIM,36.4,0.2490482
V1316M,2B,N_AIM,36.5,0.2477639
V1316M,2B,N_AIM,36.6,0.2478329
V1316M,2B,N_AIM,36.7,0.2483666
V1316M,2B,N_AIM,36.8,0.2428456
V1316M,2B,N_AIM,36.9,0.2447283
V1316M,2B,N_AIM,37.0,0.2560723
V1316M,2B,N_AIM,37.1,0.2488753
V1316M,2B,N_AIM,37.2,0.2517997
V1316M,2B,N_AIM,37.3,0.2719009
V1316M,2B,N_AIM,37.4,0.2557361
V1316M,2B,N_AIM,37.5,0.2720092
V1316M,2B,N_AIM,37.6,0.2274754
V1316M,2B,N_AIM,37.7,0.2009005
V1316M,2B,N_AIM,37.8,0.2432448
V1316M,2B,N_AIM,37.9,0.219066
V1316M,2B,N_AIM,38.0,0.2410415
V1316M,2B,N_AIM,38.1,0.2563276
V1316M,2B,N_AIM,38.2,0.2665372
V1316M,2B,N_AIM,38.3,0.2447324
V1316M,2B,N_AIM,38.4,0.256283
V1316M,2B,N_AIM,38.5,0.2338506
V1316M,2B,N_AIM,38.6,0.2305232
V1316M,2B,N_AIM,38.7,0.2642003
V1316M,2B,N_AIM,38.8,0.2455565
V1316M,2B,N_AIM,38.9,0.2416858
V1316M,2B,N_AIM,39.0,0.2584359
V1316M,2B,N_AIM,39.1,0.2461993
V1316M,2B,N_AIM,39.2,0.2321766
V1316M,2B,N_AIM,39.3,0.2376426
V1316M,2B,N_AIM,39.4,0.2677667
V1316M,2B,N_AIM,39.5,0.2090813
V1316M,2B,N_AIM,39.6,0.2630548
V1316M,2B,N_AIM,39.7,0.2557363
V1316M,2B,N_AIM,39.8,0.2649546
V1316M,2B,N_AIM,39.9,0.2268503
V1316M,2B,N_AIM,40.0,0.2213842
V1316M,2B,N_AIM,40.1,0.2283202
V1316M,2B,N_AIM,40.2,0.2595343
V1316M,2B,N_AIM,40.3,0.22711
V1316M,2B,N_AIM,40.4,0.2255861
V1316M,2B,N_AIM,40.5,0.2341923
V1316M,2B,N_AIM,40.6,0.1957781
V1316M,2B,N_AIM,40.7,0.2410917
V1316M,2B,N_AIM,40.8,0.2530199
V1316M,2B,N_AIM,40.9,0.2526834
V1316M,2B,N_AIM,41.0,0.217373
V1316M,2B,N_AIM,41.1,0.2156041
V1316M,2B,N_AIM,41.2,0.213518
V1316M,2B,N_AIM,41.3,0.2133399
V1316M,2B,N_AIM,41.4,0.2220408
V1316M,2B,N_AIM,41.5,0.2515732
V1316M,2B,N_AIM,41.6,0.2050902
V1316M,2B,N_AIM,41.7,0.2395035
V1316M,2B,N_AIM,41.8,0.2406224
V1316M,2B,N_AIM,41.9,0.2397768
V1316M,2B,N_AIM,42.0,0.2270354
V1316M,2B,N_AIM,42.1,0.2116788
V1316M,2B,N_AIM,42.2,0.2224457
V1316M,2B,N_AIM,42.3,0.1954942
V1316M,2B,N_AIM,42.4,0.2156013
V1316M,2B,N_AIM,42.5,0.2444689
V1316M,2B,N_AIM,42.6,0.201251
V1316M,2B,N_AIM,42.7,0.214434
V1316M,2B,N_AIM,42.8,0.2244525
V1316M,2B,N_AIM,42.9,0.2174905
V1316M,2B,N_AIM,43.0,0.231441
V1316M,2B,N_AIM,43.1,0.1994718
V1316M,2B,N_AIM,43.2,0.1998998
V1316M,2B,N_AIM,43.3,0.238002
V1316M,2B,N_AIM,43.4,0.2239484
V1316M,2B,N_AIM,43.5,0.2221285
V1316M,2B,N_AIM,43.6,0.2160603
V1316M,2B,N_AIM,43.7,0.2003147
V1316M,2B,N_AIM,43.8,0.2354249
V1316M,2B,N_AIM,43.9,0.2355274
V1316M,2B,N_AIM,44.0,0.2116152
V1316M,2B,N_AIM,44.1,0.2441432
V1316M,2B,N_AIM,44.2,0.2838187
V1316M,2B,N_AIM,44.3,0.2277126
V1316M,2B,N_AIM,44.4,0.2075838
V1316M,2B,N_AIM,44.5,0.2078871
V1316M,2B,N_AIM,44.6,0.2240381
V1316M,2B,N_AIM,44.7,0.2290874
V1316M,2B,N_AIM,44.8,0.197155
V1316M,2B,N_AIM,44.9,0.2362396
V1316M,2B,N_AIM,45.0,0.2981578
V1316M,2B,N_AIM,45.1,0.2435858
V1316M,2B,N_AIM,45.2,0.2475721
V1316M,2B,N_AIM,45.3,0.2272314
V1316M,2B,N_AIM,45.4,0.2511174
V1316M,2B,N_AIM,45.5,0.2364784
V1316M,2B,N_AIM,45.6,0.228197
V1316M,2B,N_AIM,45.7,0.2422682
V1316M,2B,N_AIM,45.8,0.2370526
V1316M,2B,N_AIM,45.9,0.2532092
V1316M,2B,N_AIM,46.0,0.2201747
V1316M,2B,N_AIM,46.1,0.2197383
V1316M,2B,N_AIM,46.2,0.2392278
V1316M,2B,N_AIM,46.3,0.2235196
V1316M,2B,N_AIM,46.4,0.214562
V1316M,2B,N_AIM,46.5,0.2397373
V1316M,2B,N_AIM,46.6,0.1923979
V1316M,2B,N_AIM,46.7,0.2316398
V1316M,2B,N_AIM,46.8,0.1985343
V1316M,2B,N_AIM,46.9,0.186491
V1316M,2B,N_AIM,47.0,0.1662347
V1316M,2B,N_AIM,47.1,0.2620479
V1316M,2B,N_AIM,47.2,0.192577
V1316M,2B,N_AIM,47.3,0.1936851
V1316M,2B,N_AIM,47.4,0.1740978
V1316M,2B,N_AIM,47.5,0.175334
V1316M,2B,N_AIM,47.6,0.2052071
V1316M,2B,N_AIM,47.7,0.1996521
V1316M,2B,N_AIM,47.8,0.2034553
V1316M,2B,N_AIM,47.9,0.1864617
V1316M,2B,N_AIM,48.0,0.202724
V1316M,2B,N_AIM,48.1,0.1716799
V1316M,2B,N_AIM,48.2,0.1787344
V1316M,2B,N_AIM,48.3,0.1875574
V1316M,2B,N_AIM,48.4,0.236053
V1316M,2B,N_AIM,48.5,0.2094304
V1316M,2B,N_AIM,48.6,0.1903629
V1316M,2B,N_AIM,48.7,0.1807764
V1316M,2B,N_AIM,48.8,0.190355
V1316M,2B,N_AIM,48.9,0.1933959
V1316M,2B,N_AIM,49.0,0.2344782
V1316M,2B,N_AIM,49.1,0.2000325
V1316M,2B,N_AIM,49.2,0.1936053
V1316M,2B,N_AIM,49.3,0.1858673
V1316M,2B,N_AIM,49.4,0.2112322
V1316M,2B,N_AIM,49.5,0.1946534
V1316M,2B,N_AIM,49.6,0.207839
V1316M,2B,N_AIM,49.7,0.1869143
V1316M,2B,N_AIM,49.8,0.1801917
V1316M,2B,N_AIM,49.9,0.2220834
V1316M,2B,N_AIM,50.0,0.1749397
