variant,label,time_ns,rmsd_nm
A1461D,?,0.0,0.0005023
A1461D,?,0.1,0.0991777
A1461D,?,0.2,0.1213416
A1461D,?,0.3,0.1217311
A1461D,?,0.4,0.1207723
A1461D,?,0.5,0.167894
A1461D,?,0.6,0.1864017
A1461D,?,0.7,0.1732301
A1461D,?,0.8,0.1968498
A1461D,?,0.9,0.2142653
A1461D,?,1.0,0.2280843
A1461D,?,1.1,0.2619309
A1461D,?,1.2,0.2496266
A1461D,?,1.3000001,0.2169553
A1461D,?,1.4000001,0.2546776
A1461D,?,1.5000001,0.275332
A1461D,?,1.6,0.2884104
A1461D,?,1.7,0.3414306
A1461D,?,1.8000001,0.3693395
A1461D,?,1.9000001,0.3626762
A1461D,?,2.0,0.3544403
A1461D,?,2.1000001,0.3414767
A1461D,?,2.2,0.3508938
A1461D,?,2.3000002,0.3494414
A1461D,?,2.4000001,0.3408784
A1461D,?,2.5,0.3411744
A1461D,?,2.6000001,0.3514929
A1461D,?,2.7,0.3501463
A1461D,?,2.8000002,0.3483286
A1461D,?,2.9000001,0.3462498
A1461D,?,3.0000002,0.3260244
A1461D,?,3.1000001,0.3431818
A1461D,?,3.2,0.3534386
A1461D,?,3.3000002,0.3591402
A1461D,?,3.4000001,0.3352386
A1461D,?,3.5000002,0.3402261
A1461D,?,3.6000001,0.3324004
A1461D,?,3.7000003,0.3309001
A1461D,?,3.8000002,0.3089439
A1461D,?,3.9000001,0.3384719
A1461D,?,4.0,0.3380446
A1461D,?,4.1000004,0.3372952
A1461D,?,4.2000003,0.3291257
A1461D,?,4.3000002,0.3234573
A1461D,?,4.4000001,0.3151783
A1461D,?,4.5,0.3074287
A1461D,?,4.6000004,0.3470933
A1461D,?,4.7000003,0.3106347
A1461D,?,4.8000002,0.3102729
A1461D,?,4.9000001,0.3025444
A1461D,?,5.0,0.3206552
A1461D,?,5.1000004,0.2997012
A1461D,?,5.2000003,0.3430415
A1461D,?,5.3000002,0.2737294
A1461D,?,5.4000001,0.3542775
A1461D,?,5.5000005,0.3196273
A1461D,?,5.6000004,0.2955733
A1461D,?,5.7000003,0.2337982
A1461D,?,5.8000002,0.2702352
A1461D,?,5.9000001,0.282867
A1461D,?,6.0000005,0.3130065
A1461D,?,6.1000004,0.2716755
A1461D,?,6.2000003,0.2800819
A1461D,?,6.3000002,0.2933162
A1461D,?,6.4000001,0.2963422
A1461D,?,6.5000005,0.3199385
A1461D,?,6.6000004,0.3185751
A1461D,?,6.7000003,0.3437376
A1461D,?,6.8000002,0.2870806
A1461D,?,6.9000001,0.2803568
A1461D,?,7.0000005,0.2777044
A1461D,?,7.1000004,0.2851859
A1461D,?,7.2000003,0.2819292
A1461D,?,7.3000002,0.2920258
A1461D,?,7.4000006,0.3348516
A1461D,?,7.5000005,0.3507187
A1461D,?,7.6000004,0.3595339
A1461D,?,7.7000003,0.3335645
A1461D,?,7.8000002,0.3256645
A1461D,?,7.9000006,0.3540645
A1461D,?,8.0,0.343398
A1461D,?,8.1000004,0.2683848
A1461D,?,8.2000008,0.3106028
A1461D,?,8.3000002,0.3096939
A1461D,?,8.4000006,0.2952957
A1461D,?,8.5,0.297091
A1461D,?,8.6000004,0.2723643
A1461D,?,8.7000008,0.3598209
A1461D,?,8.8000002,0.3173618
A1461D,?,8.9000006,0.3286811
A1461D,?,9.0,0.2805417
A1461D,?,9.1000004,0.2657043
A1461D,?,9.2000008,0.2789448
A1461D,?,9.3000002,0.2292333
A1461D,?,9.4000006,0.2848432
A1461D,?,9.5,0.2476937
A1461D,?,9.6000004,0.2518559
A1461D,?,9.7000008,0.2923578
A1461D,?,9.8000002,0.2903502
A1461D,?,9.9000006,0.3018988
A1461D,?,10.0,0.2860133
A1461D,?,10.1000004,0.2963741
A1461D,?,10.2000008,0.3238791
A1461D,?,10.3000002,0.3381379
A1461D,?,10.4000006,0.3396658
A1461D,?,10.500001,0.3665385
A1461D,?,10.6000004,0.3398463
A1461D,?,10.7000008,0.3168372
A1461D,?,10.8000002,0.2988384
A1461D,?,10.9000006,0.2945797
A1461D,?,11.000001,0.3284533
A1461D,?,11.1000004,0.3420166
A1461D,?,11.2000008,0.3489041
A1461D,?,11.3000002,0.3230968
A1461D,?,11.4000006,0.3125739
A1461D,?,11.500001,0.2996495
A1461D,?,11.6000004,0.2430167
A1461D,?,11.7000008,0.2759778
A1461D,?,11.8000002,0.2713978
A1461D,?,11.9000006,0.2592534
A1461D,?,12.000001,0.3209795
A1461D,?,12.1000004,0.2715166
A1461D,?,12.2000008,0.2529317
A1461D,?,12.3000002,0.282093
A1461D,?,12.4000006,0.3148567
A1461D,?,12.500001,0.3076234
A1461D,?,12.6000004,0.2889617
A1461D,?,12.7000008,0.2884318
A1461D,?,12.8000002,0.334271
A1461D,?,12.9000006,0.3400425
A1461D,?,13.000001,0.3233229
A1461D,?,13.1000004,0.3487158
A1461D,?,13.2000008,0.3627111
A1461D,?,13.3000002,0.327349
A1461D,?,13.4000006,0.328104
A1461D,?,13.500001,0.3153259
A1461D,?,13.6000004,0.3234682
A1461D,?,13.7000008,0.3208201
A1461D,?,13.8000002,0.3218641
A1461D,?,13.9000006,0.2907191
A1461D,?,14.000001,0.3287023
A1461D,?,14.1000004,0.3114747
A1461D,?,14.2000008,0.2979715
A1461D,?,14.3000011,0.3043227
A1461D,?,14.4000006,0.3316543
A1461D,?,14.500001,0.3172013
A1461D,?,14.6000004,0.3047214
A1461D,?,14.7000008,0.3098896
A1461D,?,14.8000011,0.3062232
A1461D,?,14.9000006,0.3125023
A1461D,?,15.000001,0.3316288
A1461D,?,15.1000004,0.2974094
A1461D,?,15.2000008,0.3166769
A1461D,?,15.3000011,0.3693578
A1461D,?,15.4000006,0.3324249
A1461D,?,15.500001,0.3198674
A1461D,?,15.6000004,0.3263732
A1461D,?,15.7000008,0.3732108
A1461D,?,15.8000011,0.3476379
A1461D,?,15.9000006,0.3362938
A1461D,?,16.0,0.3781638
A1461D,?,16.1000004,0.3219936
A1461D,?,16.2000008,0.3323317
A1461D,?,16.3000011,0.2963605
A1461D,?,16.4000015,0.2908993
A1461D,?,16.5,0.3157053
A1461D,?,16.6000004,0.3195031
A1461D,?,16.7000008,0.334633
A1461D,?,16.8000011,0.4158786
A1461D,?,16.9000015,0.3996025
A1461D,?,17.0,0.3859288
A1461D,?,17.1000004,0.3566159
A1461D,?,17.2000008,0.3784516
A1461D,?,17.3000011,0.3787194
A1461D,?,17.4000015,0.3825142
A1461D,?,17.5,0.4078101
A1461D,?,17.6000004,0.4067726
A1461D,?,17.7000008,0.3921939
A1461D,?,17.8000011,0.413123
A1461D,?,17.9000015,0.4202319
A1461D,?,18.0,0.4353544
A1461D,?,18.1000004,0.3969335
A1461D,?,18.2000008,0.4660409
A1461D,?,18.3000011,0.4254041
A1461D,?,18.4000015,0.417636
A1461D,?,18.5,0.3814357
A1461D,?,18.6000004,0.3924546
A1461D,?,18.7000008,0.3667773
A1461D,?,18.8000011,0.2987824
A1461D,?,18.9000015,0.344381
A1461D,?,19.0,0.3398214
A1461D,?,19.1000004,0.3375928
A1461D,?,19.2000008,0.3416063
A1461D,?,19.3000011,0.341869
A1461D,?,19.4000015,0.3086005
A1461D,?,19.5,0.3030375
A1461D,?,19.6000004,0.337107
A1461D,?,19.7000008,0.3073413
A1461D,?,19.8000011,0.3118445
A1461D,?,19.9000015,0.321698
A1461D,?,20.0,0.3213029
A1461D,?,20.1000004,0.354582
A1461D,?,20.2000008,0.3347993
A1461D,?,20.3000011,0.370477
A1461D,?,20.4000015,0.3606637
A1461D,?,20.5000019,0.3541637
A1461D,?,20.6000004,0.2964645
A1461D,?,20.7000008,0.2873625
A1461D,?,20.8000011,0.3293388
A1461D,?,20.9000015,0.2836619
A1461D,?,21.0000019,0.2939062
A1461D,?,21.1000004,0.3182105
A1461D,?,21.2000008,0.2844389
A1461D,?,21.3000011,0.3281964
A1461D,?,21.4000015,0.3329411
A1461D,?,21.5000019,0.3365158
A1461D,?,21.6000004,0.3323792
A1461D,?,21.7000008,0.3015457
A1461D,?,21.8000011,0.2922873
A1461D,?,21.9000015,0.3167932
A1461D,?,22.0000019,0.3075579
A1461D,?,22.1000004,0.2769988
A1461D,?,22.2000008,0.2747318
A1461D,?,22.3000011,0.3198332
A1461D,?,22.4000015,0.3254369
A1461D,?,22.5000019,0.317425
A1461D,?,22.6000004,0.3546807
A1461D,?,22.7000008,0.3831014
A1461D,?,22.8000011,0.3112042
A1461D,?,22.9000015,0.3515327
A1461D,?,23.0000019,0.3896295
A1461D,?,23.1000004,0.341246
A1461D,?,23.2000008,0.3584397
A1461D,?,23.3000011,0.3181208
A1461D,?,23.4000015,0.2875838
A1461D,?,23.5000019,0.3000573
A1461D,?,23.6000004,0.356424
A1461D,?,23.7000008,0.4621972
A1461D,?,23.8000011,0.4773243
A1461D,?,23.9000015,0.4619792
A1461D,?,24.0000019,0.4486644
A1461D,?,24.1000004,0.4519247
A1461D,?,24.2000008,0.4469029
A1461D,?,24.3000011,0.4241689
A1461D,?,24.4000015,0.4325762
A1461D,?,24.5000019,0.467431
A1461D,?,24.6000004,0.4770569
A1461D,?,24.7000008,0.4986861
A1461D,?,24.8000011,0.5150276
A1461D,?,24.9000015,0.496744
A1461D,?,25.0000019,0.4875648
A1461D,?,25.1000004,0.5124788
A1461D,?,25.2000008,0.5223122
A1461D,?,25.3000011,0.4902274
A1461D,?,25.4000015,0.5430433
A1461D,?,25.5000019,0.5432996
A1461D,?,25.6000004,0.4995103
A1461D,?,25.7000008,0.5520731
A1461D,?,25.8000011,0.538545
A1461D,?,25.9000015,0.5516794
A1461D,?,26.0000019,0.5417466
A1461D,?,26.1000004,0.5350435
A1461D,?,26.2000008,0.5019361
A1461D,?,26.3000011,0.4687287
A1461D,?,26.4000015,0.5025511
A1461D,?,26.5000019,0.5192316
A1461D,?,26.6000004,0.5031331
A1461D,?,26.7000008,0.4554027
A1461D,?,26.8000011,0.4996727
A1461D,?,26.9000015,0.4693272
A1461D,?,27.0000019,0.5189559
A1461D,?,27.1000004,0.5183024
A1461D,?,27.2000008,0.529003
A1461D,?,27.3000011,0.5581169
A1461D,?,27.4000015,0.5326883
A1461D,?,27.5000019,0.5615857
A1461D,?,27.6000004,0.5327194
A1461D,?,27.7000008,0.5041853
A1461D,?,27.8000011,0.4816114
A1461D,?,27.9000015,0.4920199
A1461D,?,28.0000019,0.4734657
A1461D,?,28.1000004,0.4352601
A1461D,?,28.2000008,0.4561118
A1461D,?,28.3000011,0.4313061
A1461D,?,28.4000015,0.43538
A1461D,?,28.5000019,0.4506312
A1461D,?,28.6000023,0.4690459
A1461D,?,28.7000008,0.4761834
A1461D,?,28.8000011,0.4695247
A1461D,?,28.9000015,0.5175041
A1461D,?,29.0000019,0.4883757
A1461D,?,29.1000023,0.472472
A1461D,?,29.2000008,0.5471624
A1461D,?,29.3000011,0.5394492
A1461D,?,29.4000015,0.5624461
A1461D,?,29.5000019,0.5254999
A1461D,?,29.6000023,0.5108531
A1461D,?,29.7000008,0.5123365
A1461D,?,29.8000011,0.50929
A1461D,?,29.9000015,0.5108852
A1461D,?,30.0000019,0.5329185
A1461D,?,30.1000023,0.5544824
A1461D,?,30.2000008,0.596353
A1461D,?,30.3000011,0.5768725
A1461D,?,30.4000015,0.5370476
A1461D,?,30.5000019,0.5943795
A1461D,?,30.6000023,0.5540467
A1461D,?,30.7000008,0.5697978
A1461D,?,30.8000011,0.5850075
A1461D,?,30.9000015,0.5942027
A1461D,?,31.0000019,0.5635791
A1461D,?,31.1000023,0.5618164
A1461D,?,31.2000008,0.5587496
A1461D,?,31.3000011,0.5130323
A1461D,?,31.4000015,0.5180663
A1461D,?,31.5000019,0.4891086
A1461D,?,31.6000023,0.497127
A1461D,?,31.7000008,0.4784968
A1461D,?,31.8000011,0.4554887
A1461D,?,31.9000015,0.4112875
A1461D,?,32.0,0.4027895
A1461D,?,32.1000023,0.4491317
A1461D,?,32.2000008,0.4435434
A1461D,?,32.3000031,0.4904555
A1461D,?,32.4000015,0.5418987
A1461D,?,32.5,0.5136867
A1461D,?,32.6000023,0.5487376
A1461D,?,32.7000008,0.5234109
A1461D,?,32.8000031,0.5280843
A1461D,?,32.9000015,0.5588661
A1461D,?,33.0,0.5093449
A1461D,?,33.1000023,0.4756376
A1461D,?,33.2000008,0.4757491
A1461D,?,33.3000031,0.4792828
A1461D,?,33.4000015,0.4673493
A1461D,?,33.5,0.5052679
A1461D,?,33.6000023,0.4831866
A1461D,?,33.7000008,0.4807414
A1461D,?,33.8000031,0.5288302
A1461D,?,33.9000015,0.51594
A1461D,?,34.0,0.5123734
A1461D,?,34.1000023,0.4826745
A1461D,?,34.2000008,0.5419075
A1461D,?,34.3000031,0.5640028
A1461D,?,34.4000015,0.5536814
A1461D,?,34.5,0.5427674
A1461D,?,34.6000023,0.5003713
A1461D,?,34.7000008,0.4955117
A1461D,?,34.8000031,0.4851897
A1461D,?,34.9000015,0.4728713
A1461D,?,35.0,0.4369883
A1461D,?,35.1000023,0.4501165
A1461D,?,35.2000008,0.4430496
A1461D,?,35.3000031,0.4671435
A1461D,?,35.4000015,0.430936
A1461D,?,35.5,0.4401377
A1461D,?,35.6000023,0.4168585
A1461D,?,35.7000008,0.4840767
A1461D,?,35.8000031,0.4798455
A1461D,?,35.9000015,0.472672
A1461D,?,36.0,0.5045102
A1461D,?,36.1000023,0.4785823
A1461D,?,36.2000008,0.4879797
A1461D,?,36.3000031,0.4261661
A1461D,?,36.4000015,0.4505343
A1461D,?,36.5,0.4983864
A1461D,?,36.6000023,0.5670319
A1461D,?,36.7000008,0.5485929
A1461D,?,36.8000031,0.5489463
A1461D,?,36.9000015,0.5301717
A1461D,?,37.0,0.5143472
A1461D,?,37.1000023,0.4835599
A1461D,?,37.2000008,0.5171208
A1461D,?,37.3000031,0.5407156
A1461D,?,37.4000015,0.4940661
A1461D,?,37.5,0.5441991
A1461D,?,37.6000023,0.4850989
A1461D,?,37.7000008,0.492195
A1461D,?,37.8000031,0.5017545
A1461D,?,37.9000015,0.5009175
A1461D,?,38.0,0.4426824
A1461D,?,38.1000023,0.4416521
A1461D,?,38.2000008,0.461839
A1461D,?,38.3000031,0.4804323
A1461D,?,38.4000015,0.4020095
A1461D,?,38.5,0.459371
A1461D,?,38.6000023,0.4488766
A1461D,?,38.7000008,0.5004795
A1461D,?,38.8000031,0.4649047
A1461D,?,38.9000015,0.4832429
A1461D,?,39.0,0.5186714
A1461D,?,39.1000023,0.5232999
A1461D,?,39.2000008,0.4918065
A1461D,?,39.3000031,0.4778494
A1461D,?,39.4000015,0.4622484
A1461D,?,39.5,0.3844775
A1461D,?,39.6000023,0.483045
A1461D,?,39.7000008,0.5094723
A1461D,?,39.8000031,0.5131595
A1461D,?,39.9000015,0.4996297
A1461D,?,40.0,0.5351757
A1461D,?,40.1000023,0.4820567
A1461D,?,40.2000008,0.4391358
A1461D,?,40.3000031,0.4400071
A1461D,?,40.4000015,0.4398827
A1461D,?,40.5000038,0.4507246
A1461D,?,40.6000023,0.4578889
A1461D,?,40.7000008,0.4924247
A1461D,?,40.8000031,0.4998703
A1461D,?,40.9000015,0.514025
A1461D,?,41.0000038,0.4798958
A1461D,?,41.1000023,0.4911278
A1461D,?,41.2000008,0.4622817
A1461D,?,41.3000031,0.4064472
A1461D,?,41.4000015,0.4368418
A1461D,?,41.5000038,0.4298559
A1461D,?,41.6000023,0.4394172
A1461D,?,41.7000008,0.4265114
A1461D,?,41.8000031,0.4189903
A1461D,?,41.9000015,0.3748387
A1461D,?,42.0000038,0.323332
A1461D,?,42.1000023,0.38736
A1461D,?,42.2000008,0.3612655
A1461D,?,42.3000031,0.3708307
A1461D,?,42.4000015,0.3659223
A1461D,?,42.5000038,0.3975597
A1461D,?,42.6000023,0.4331062
A1461D,?,42.7000008,0.4543788
A1461D,?,42.8000031,0.4404932
A1461D,?,42.9000015,0.471678
A1461D,?,43.0000038,0.4725883
A1461D,?,43.1000023,0.4835113
A1461D,?,43.2000008,0.5045232
A1461D,?,43.3000031,0.5141419
A1461D,?,43.4000015,0.5257669
A1461D,?,43.5000038,0.5400904
A1461D,?,43.6000023,0.4958125
A1461D,?,43.7000008,0.5043635
A1461D,?,43.8000031,0.563556
A1461D,?,43.9000015,0.5585723
A1461D,?,44.0000038,0.5296764
A1461D,?,44.1000023,0.5375921
A1461D,?,44.2000008,0.5391369
A1461D,?,44.3000031,0.494484
A1461D,?,44.4000015,0.5154315
A1461D,?,44.5000038,0.5151335
A1461D,?,44.6000023,0.4977932
A1461D,?,44.7000008,0.4872769
A1461D,?,44.8000031,0.453965
A1461D,?,44.9000015,0.505284
A1461D,?,45.0000038,0.4946148
A1461D,?,45.1000023,0.4610766
A1461D,?,45.2000008,0.4805875
A1461D,?,45.3000031,0.4513565
A1461D,?,45.4000015,0.5093707
A1461D,?,45.5000038,0.4629658
A1461D,?,45.6000023,0.535068
A1461D,?,45.7000008,0.502395
A1461D,?,45.8000031,0.5042558
A1461D,?,45.9000015,0.4232358
A1461D,?,46.0000038,0.4392519
A1461D,?,46.1000023,0.4886244
A1461D,?,46.2000008,0.4655673
A1461D,?,46.3000031,0.3952596
A1461D,?,46.4000015,0.43156
A1461D,?,46.5000038,0.4121388
A1461D,?,46.6000023,0.4147546
A1461D,?,46.7000008,0.4149798
A1461D,?,46.8000031,0.4528416
A1461D,?,46.9000015,0.4487951
A1461D,?,47.0000038,0.4665427
A1461D,?,47.1000023,0.4410177
A1461D,?,47.2000008,0.4027548
A1461D,?,47.3000031,0.4310632
A1461D,?,47.4000015,0.5028291
A1461D,?,47.5000038,0.4958331
A1461D,?,47.6000023,0.5208254
A1461D,?,47.7000008,0.5126446
A1461D,?,47.8000031,0.5374001
A1461D,?,47.9000015,0.5383644
A1461D,?,48.0000038,0.5556188
A1461D,?,48.1000023,0.5169231
A1461D,?,48.2000008,0.5089757
A1461D,?,48.3000031,0.5025526
A1461D,?,48.4000015,0.5244949
A1461D,?,48.5000038,0.5046763
A1461D,?,48.6000023,0.4834227
A1461D,?,48.7000008,0.5297711
A1461D,?,48.8000031,0.5034682
A1461D,?,48.9000015,0.4596058
A1461D,?,49.0000038,0.4277184
A1461D,?,49.1000023,0.4414769
A1461D,?,49.2000008,0.4722955
A1461D,?,49.3000031,0.4611169
A1461D,?,49.4000015,0.4578162
A1461D,?,49.5000038,0.5152704
A1461D,?,49.6000023,0.4842021
A1461D,?,49.7000008,0.4516242
A1461D,?,49.8000031,0.4812217
A1461D,?,49.9000015,0.4875494
A1461D,?,50.0000038,0.4826979
P1413L,?,0.0,0.0004984
P1413L,?,0.1,0.0924612
P1413L,?,0.2,0.1068282
P1413L,?,0.3,0.1088138
P1413L,?,0.4,0.1122572
P1413L,?,0.5,0.1025696
P1413L,?,0.6,0.1012276
P1413L,?,0.7,0.1054274
P1413L,?,0.8,0.100285
P1413L,?,0.9,0.1028816
P1413L,?,1.0,0.1107748
P1413L,?,1.1,0.1345945
P1413L,?,1.2,0.1607436
P1413L,?,1.3000001,0.164856
P1413L,?,1.4000001,0.165309
P1413L,?,1.5000001,0.1595169
P1413L,?,1.6,0.181756
P1413L,?,1.7,0.1578128
P1413L,?,1.8000001,0.1538528
P1413L,?,1.9000001,0.1584184
P1413L,?,2.0,0.1408808
P1413L,?,2.1000001,0.1493955
P1413L,?,2.2,0.1440256
P1413L,?,2.3000002,0.1373691
P1413L,?,2.4000001,0.1399206
P1413L,?,2.5,0.1216422
P1413L,?,2.6000001,0.1278031
P1413L,?,2.7,0.1567929
P1413L,?,2.8000002,0.1277442
P1413L,?,2.9000001,0.1584108
P1413L,?,3.0000002,0.1466982
P1413L,?,3.1000001,0.1404252
P1413L,?,3.2,0.1385162
P1413L,?,3.3000002,0.1582096
P1413L,?,3.4000001,0.1741289
P1413L,?,3.5000002,0.1585761
P1413L,?,3.6000001,0.1394152
P1413L,?,3.7000003,0.1459092
P1413L,?,3.8000002,0.1437684
P1413L,?,3.9000001,0.1337715
P1413L,?,4.0,0.1542064
P1413L,?,4.1000004,0.1246811
P1413L,?,4.2000003,0.1402258
P1413L,?,4.3000002,0.1431533
P1413L,?,4.4000001,0.1566795
P1413L,?,4.5,0.1457982
P1413L,?,4.6000004,0.1587403
P1413L,?,4.7000003,0.1518559
P1413L,?,4.8000002,0.1588165
P1413L,?,4.9000001,0.144183
P1413L,?,5.0,0.1431108
P1413L,?,5.1000004,0.1403966
P1413L,?,5.2000003,0.1672764
P1413L,?,5.3000002,0.1539129
P1413L,?,5.4000001,0.1546086
P1413L,?,5.5000005,0.1535717
P1413L,?,5.6000004,0.1489868
P1413L,?,5.7000003,0.15916
P1413L,?,5.8000002,0.1502327
P1413L,?,5.9000001,0.1406093
P1413L,?,6.0000005,0.1664356
P1413L,?,6.1000004,0.1372076
P1413L,?,6.2000003,0.1502693
P1413L,?,6.3000002,0.1475614
P1413L,?,6.4000001,0.1614597
P1413L,?,6.5000005,0.1441971
P1413L,?,6.6000004,0.1403313
P1413L,?,6.7000003,0.1398857
P1413L,?,6.8000002,0.122674
P1413L,?,6.9000001,0.1539784
P1413L,?,7.0000005,0.1596688
P1413L,?,7.1000004,0.1656105
P1413L,?,7.2000003,0.1631393
P1413L,?,7.3000002,0.1661612
P1413L,?,7.4000006,0.1637981
P1413L,?,7.5000005,0.1532169
P1413L,?,7.6000004,0.157552
P1413L,?,7.7000003,0.1529597
P1413L,?,7.8000002,0.1562019
P1413L,?,7.9000006,0.156292
P1413L,?,8.0,0.1669824
P1413L,?,8.1000004,0.1762504
P1413L,?,8.2000008,0.1618875
P1413L,?,8.3000002,0.1543236
P1413L,?,8.4000006,0.1386179
P1413L,?,8.5,0.1391097
P1413L,?,8.6000004,0.1385916
P1413L,?,8.7000008,0.1527275
P1413L,?,8.8000002,0.1466019
P1413L,?,8.9000006,0.1450647
P1413L,?,9.0,0.1695709
P1413L,?,9.1000004,0.1595289
P1413L,?,9.2000008,0.1583885
P1413L,?,9.3000002,0.1461255
P1413L,?,9.4000006,0.1571716
P1413L,?,9.5,0.1597398
P1413L,?,9.6000004,0.1438117
P1413L,?,9.7000008,0.1447254
P1413L,?,9.8000002,0.151799
P1413L,?,9.9000006,0.1595165
P1413L,?,10.0,0.1333264
P1413L,?,10.1000004,0.1599768
P1413L,?,10.2000008,0.1446326
P1413L,?,10.3000002,0.1633313
P1413L,?,10.4000006,0.1606369
P1413L,?,10.500001,0.1604169
P1413L,?,10.6000004,0.150039
P1413L,?,10.7000008,0.1533378
P1413L,?,10.8000002,0.1511012
P1413L,?,10.9000006,0.1690994
P1413L,?,11.000001,0.1444518
P1413L,?,11.1000004,0.1621894
P1413L,?,11.2000008,0.1499191
P1413L,?,11.3000002,0.1560223
P1413L,?,11.4000006,0.1631402
P1413L,?,11.500001,0.1645077
P1413L,?,11.6000004,0.1593691
P1413L,?,11.7000008,0.1594882
P1413L,?,11.8000002,0.1524685
P1413L,?,11.9000006,0.1661002
P1413L,?,12.000001,0.1779255
P1413L,?,12.1000004,0.1612684
P1413L,?,12.2000008,0.1726368
P1413L,?,12.3000002,0.164158
P1413L,?,12.4000006,0.1619945
P1413L,?,12.500001,0.1589343
P1413L,?,12.6000004,0.160555
P1413L,?,12.7000008,0.1489993
P1413L,?,12.8000002,0.1578352
P1413L,?,12.9000006,0.1572182
P1413L,?,13.000001,0.1510136
P1413L,?,13.1000004,0.1467786
P1413L,?,13.2000008,0.1536098
P1413L,?,13.3000002,0.1421243
P1413L,?,13.4000006,0.1535967
P1413L,?,13.500001,0.1632796
P1413L,?,13.6000004,0.1611019
P1413L,?,13.7000008,0.1549467
P1413L,?,13.8000002,0.1566823
P1413L,?,13.9000006,0.1663116
P1413L,?,14.000001,0.1717154
P1413L,?,14.1000004,0.1668419
P1413L,?,14.2000008,0.1736308
P1413L,?,14.3000011,0.1567727
P1413L,?,14.4000006,0.1641446
P1413L,?,14.500001,0.1643968
P1413L,?,14.6000004,0.1622433
P1413L,?,14.7000008,0.1681005
P1413L,?,14.8000011,0.1714068
P1413L,?,14.9000006,0.1656194
P1413L,?,15.000001,0.1646306
P1413L,?,15.1000004,0.1590219
P1413L,?,15.2000008,0.1880022
P1413L,?,15.3000011,0.1580868
P1413L,?,15.4000006,0.1648396
P1413L,?,15.500001,0.1640215
P1413L,?,15.6000004,0.1660601
P1413L,?,15.7000008,0.168153
P1413L,?,15.8000011,0.1662169
P1413L,?,15.9000006,0.1713766
P1413L,?,16.0,0.1628091
P1413L,?,16.1000004,0.1763978
P1413L,?,16.2000008,0.1749415
P1413L,?,16.3000011,0.1894628
P1413L,?,16.4000015,0.175459
P1413L,?,16.5,0.1779744
P1413L,?,16.6000004,0.1921549
P1413L,?,16.7000008,0.1649709
P1413L,?,16.8000011,0.1595773
P1413L,?,16.9000015,0.1814375
P1413L,?,17.0,0.1698392
P1413L,?,17.1000004,0.1768559
P1413L,?,17.2000008,0.1641973
P1413L,?,17.3000011,0.1645647
P1413L,?,17.4000015,0.1622121
P1413L,?,17.5,0.1558756
P1413L,?,17.6000004,0.1411195
P1413L,?,17.7000008,0.1636762
P1413L,?,17.8000011,0.1671935
P1413L,?,17.9000015,0.1626292
P1413L,?,18.0,0.1623967
P1413L,?,18.1000004,0.1635493
P1413L,?,18.2000008,0.1687038
P1413L,?,18.3000011,0.167913
P1413L,?,18.4000015,0.1640498
P1413L,?,18.5,0.159605
P1413L,?,18.6000004,0.1570309
P1413L,?,18.7000008,0.1673695
P1413L,?,18.8000011,0.1671915
P1413L,?,18.9000015,0.1864596
P1413L,?,19.0,0.1540725
P1413L,?,19.1000004,0.1565054
P1413L,?,19.2000008,0.1546679
P1413L,?,19.3000011,0.1577764
P1413L,?,19.4000015,0.1670434
P1413L,?,19.5,0.1671128
P1413L,?,19.6000004,0.1652227
P1413L,?,19.7000008,0.1705499
P1413L,?,19.8000011,0.1555555
P1413L,?,19.9000015,0.1579525
P1413L,?,20.0,0.167608
P1413L,?,20.1000004,0.1611541
P1413L,?,20.2000008,0.1621617
P1413L,?,20.3000011,0.165886
P1413L,?,20.4000015,0.1507522
P1413L,?,20.5000019,0.1552849
P1413L,?,20.6000004,0.1562474
P1413L,?,20.7000008,0.1643428
P1413L,?,20.8000011,0.1488901
P1413L,?,20.9000015,0.1544523
P1413L,?,21.0000019,0.1492593
P1413L,?,21.1000004,0.1636606
P1413L,?,21.2000008,0.1474289
P1413L,?,21.3000011,0.1584605
P1413L,?,21.4000015,0.1541807
P1413L,?,21.5000019,0.1689716
P1413L,?,21.6000004,0.1572153
P1413L,?,21.7000008,0.1488108
P1413L,?,21.8000011,0.1567947
P1413L,?,21.9000015,0.1553345
P1413L,?,22.0000019,0.1588908
P1413L,?,22.1000004,0.1595501
P1413L,?,22.2000008,0.1637993
P1413L,?,22.3000011,0.1566903
P1413L,?,22.4000015,0.1584494
P1413L,?,22.5000019,0.1596236
P1413L,?,22.6000004,0.1564122
P1413L,?,22.7000008,0.1556701
P1413L,?,22.8000011,0.1549912
P1413L,?,22.9000015,0.1556581
P1413L,?,23.0000019,0.1721971
P1413L,?,23.1000004,0.1574986
P1413L,?,23.2000008,0.1696667
P1413L,?,23.3000011,0.1844825
P1413L,?,23.4000015,0.1688276
P1413L,?,23.5000019,0.1658643
P1413L,?,23.6000004,0.1759698
P1413L,?,23.7000008,0.1640014
P1413L,?,23.8000011,0.175943
P1413L,?,23.9000015,0.1768247
P1413L,?,24.0000019,0.1634602
P1413L,?,24.1000004,0.1717449
P1413L,?,24.2000008,0.1884666
P1413L,?,24.3000011,0.1650353
P1413L,?,24.4000015,0.1744326
P1413L,?,24.5000019,0.1688266
P1413L,?,24.6000004,0.1682564
P1413L,?,24.7000008,0.1644009
P1413L,?,24.8000011,0.1586956
P1413L,?,24.9000015,0.1754303
P1413L,?,25.0000019,0.1515175
P1413L,?,25.1000004,0.1588965
P1413L,?,25.2000008,0.158435
P1413L,?,25.3000011,0.1512733
P1413L,?,25.4000015,0.1519774
P1413L,?,25.5000019,0.1573017
P1413L,?,25.6000004,0.1781584
P1413L,?,25.7000008,0.1592619
P1413L,?,25.8000011,0.1574083
P1413L,?,25.9000015,0.1600735
P1413L,?,26.0000019,0.1636999
P1413L,?,26.1000004,0.1512192
P1413L,?,26.2000008,0.1569664
P1413L,?,26.3000011,0.1614763
P1413L,?,26.4000015,0.1590092
P1413L,?,26.5000019,0.1507752
P1413L,?,26.6000004,0.1599966
P1413L,?,26.7000008,0.159157
P1413L,?,26.8000011,0.1810625
P1413L,?,26.9000015,0.1691457
P1413L,?,27.0000019,0.1739089
P1413L,?,27.1000004,0.1659413
P1413L,?,27.2000008,0.1603225
P1413L,?,27.3000011,0.1797123
P1413L,?,27.4000015,0.1728525
P1413L,?,27.5000019,0.1533305
P1413L,?,27.6000004,0.158024
P1413L,?,27.7000008,0.1610143
P1413L,?,27.8000011,0.156671
P1413L,?,27.9000015,0.1705917
P1413L,?,28.0000019,0.1756482
P1413L,?,28.1000004,0.1740143
P1413L,?,28.2000008,0.1629909
P1413L,?,28.3000011,0.1597108
P1413L,?,28.4000015,0.1795882
P1413L,?,28.5000019,0.1724333
P1413L,?,28.6000023,0.1722659
P1413L,?,28.7000008,0.1690129
P1413L,?,28.8000011,0.1803775
P1413L,?,28.9000015,0.1657407
P1413L,?,29.0000019,0.1619688
P1413L,?,29.1000023,0.1720283
P1413L,?,29.2000008,0.1767928
P1413L,?,29.3000011,0.159701
P1413L,?,29.4000015,0.168367
P1413L,?,29.5000019,0.1641963
P1413L,?,29.6000023,0.1653258
P1413L,?,29.7000008,0.1709522
P1413L,?,29.8000011,0.17429
P1413L,?,29.9000015,0.1635501
P1413L,?,30.0000019,0.1730037
P1413L,?,30.1000023,0.178936
P1413L,?,30.2000008,0.1801007
P1413L,?,30.3000011,0.1611298
P1413L,?,30.4000015,0.1639524
P1413L,?,30.5000019,0.163087
P1413L,?,30.6000023,0.1676741
P1413L,?,30.7000008,0.1532741
P1413L,?,30.8000011,0.1717906
P1413L,?,30.9000015,0.1535961
P1413L,?,31.0000019,0.1551985
P1413L,?,31.1000023,0.1609598
P1413L,?,31.2000008,0.1659727
P1413L,?,31.3000011,0.1604476
P1413L,?,31.4000015,0.1564025
P1413L,?,31.5000019,0.1757379
P1413L,?,31.6000023,0.1769421
P1413L,?,31.7000008,0.1716075
P1413L,?,31.8000011,0.1558704
P1413L,?,31.9000015,0.1630625
P1413L,?,32.0,0.1549641
P1413L,?,32.1000023,0.1592994
P1413L,?,32.2000008,0.1662866
P1413L,?,32.3000031,0.1773132
P1413L,?,32.4000015,0.1581308
P1413L,?,32.5,0.1699853
P1413L,?,32.6000023,0.1738707
P1413L,?,32.7000008,0.1639527
P1413L,?,32.8000031,0.1426827
P1413L,?,32.9000015,0.15424
P1413L,?,33.0,0.1663405
P1413L,?,33.1000023,0.1737345
P1413L,?,33.2000008,0.1586083
P1413L,?,33.3000031,0.159957
P1413L,?,33.4000015,0.1668837
P1413L,?,33.5,0.156701
P1413L,?,33.6000023,0.1572357
P1413L,?,33.7000008,0.1583355
P1413L,?,33.8000031,0.1518143
P1413L,?,33.9000015,0.1676186
P1413L,?,34.0,0.1699397
P1413L,?,34.1000023,0.1546461
P1413L,?,34.2000008,0.1606467
P1413L,?,34.3000031,0.1642495
P1413L,?,34.4000015,0.1623009
P1413L,?,34.5,0.1523844
P1413L,?,34.6000023,0.1581243
P1413L,?,34.7000008,0.1604241
P1413L,?,34.8000031,0.1456024
P1413L,?,34.9000015,0.1604924
P1413L,?,35.0,0.1680392
P1413L,?,35.1000023,0.1689997
P1413L,?,35.2000008,0.1677596
P1413L,?,35.3000031,0.1697729
P1413L,?,35.4000015,0.1722946
P1413L,?,35.5,0.1726332
P1413L,?,35.6000023,0.1725597
P1413L,?,35.7000008,0.1586715
P1413L,?,35.8000031,0.1560033
P1413L,?,35.9000015,0.1559042
P1413L,?,36.0,0.1520502
P1413L,?,36.1000023,0.1621739
P1413L,?,36.2000008,0.1551077
P1413L,?,36.3000031,0.1456082
P1413L,?,36.4000015,0.1476507
P1413L,?,36.5,0.1503018
P1413L,?,36.6000023,0.1757993
P1413L,?,36.7000008,0.1691094
P1413L,?,36.8000031,0.1566792
P1413L,?,36.9000015,0.1610606
P1413L,?,37.0,0.151552
P1413L,?,37.1000023,0.1540985
P1413L,?,37.2000008,0.165571
P1413L,?,37.3000031,0.1506878
P1413L,?,37.4000015,0.1725701
P1413L,?,37.5,0.1595292
P1413L,?,37.6000023,0.1672589
P1413L,?,37.7000008,0.1566752
P1413L,?,37.8000031,0.1590164
P1413L,?,37.9000015,0.1500705
P1413L,?,38.0,0.1541875
P1413L,?,38.1000023,0.1576457
P1413L,?,38.2000008,0.1531435
P1413L,?,38.3000031,0.1688602
P1413L,?,38.4000015,0.1612734
P1413L,?,38.5,0.1590473
P1413L,?,38.6000023,0.1629336
P1413L,?,38.7000008,0.1505544
P1413L,?,38.8000031,0.1571886
P1413L,?,38.9000015,0.1493836
P1413L,?,39.0,0.1470932
P1413L,?,39.1000023,0.1608589
P1413L,?,39.2000008,0.1799337
P1413L,?,39.3000031,0.1739154
P1413L,?,39.4000015,0.1584153
P1413L,?,39.5,0.157218
P1413L,?,39.6000023,0.1684944
P1413L,?,39.7000008,0.1662662
P1413L,?,39.8000031,0.1791114
P1413L,?,39.9000015,0.1738258
P1413L,?,40.0,0.1738538
P1413L,?,40.1000023,0.1739683
P1413L,?,40.2000008,0.1758988
P1413L,?,40.3000031,0.1643925
P1413L,?,40.4000015,0.1754995
P1413L,?,40.5000038,0.1785019
P1413L,?,40.6000023,0.1804958
P1413L,?,40.7000008,0.1736357
P1413L,?,40.8000031,0.1802291
P1413L,?,40.9000015,0.1560818
P1413L,?,41.0000038,0.1665082
P1413L,?,41.1000023,0.1666106
P1413L,?,41.2000008,0.1613264
P1413L,?,41.3000031,0.1540357
P1413L,?,41.4000015,0.1732659
P1413L,?,41.5000038,0.1737539
P1413L,?,41.6000023,0.1650107
P1413L,?,41.7000008,0.1566637
P1413L,?,41.8000031,0.1609763
P1413L,?,41.9000015,0.1593022
P1413L,?,42.0000038,0.1740888
P1413L,?,42.1000023,0.1781934
P1413L,?,42.2000008,0.1883285
P1413L,?,42.3000031,0.168759
P1413L,?,42.4000015,0.1673008
P1413L,?,42.5000038,0.1680552
P1413L,?,42.6000023,0.1645446
P1413L,?,42.7000008,0.178648
P1413L,?,42.8000031,0.1632823
P1413L,?,42.9000015,0.1703435
P1413L,?,43.0000038,0.1729984
P1413L,?,43.1000023,0.1710431
P1413L,?,43.2000008,0.169229
P1413L,?,43.3000031,0.1562078
P1413L,?,43.4000015,0.1685218
P1413L,?,43.5000038,0.1599493
P1413L,?,43.6000023,0.1541856
P1413L,?,43.7000008,0.1657374
P1413L,?,43.8000031,0.1507311
P1413L,?,43.9000015,0.1548011
P1413L,?,44.0000038,0.1496898
P1413L,?,44.1000023,0.1631104
P1413L,?,44.2000008,0.1503072
P1413L,?,44.3000031,0.1501376
P1413L,?,44.4000015,0.163372
P1413L,?,44.5000038,0.1535414
P1413L,?,44.6000023,0.1757226
P1413L,?,44.7000008,0.1550653
P1413L,?,44.8000031,0.1540296
P1413L,?,44.9000015,0.1554001
P1413L,?,45.0000038,0.1628196
P1413L,?,45.1000023,0.1549065
P1413L,?,45.2000008,0.1500445
P1413L,?,45.3000031,0.1458446
P1413L,?,45.4000015,0.1540663
P1413L,?,45.5000038,0.1485351
P1413L,?,45.6000023,0.1497394
P1413L,?,45.7000008,0.147848
P1413L,?,45.8000031,0.1458149
P1413L,?,45.9000015,0.1600867
P1413L,?,46.0000038,0.1569967
P1413L,?,46.1000023,0.1512054
P1413L,?,46.2000008,0.1551921
P1413L,?,46.3000031,0.1530945
P1413L,?,46.4000015,0.1475551
P1413L,?,46.5000038,0.1518386
P1413L,?,46.6000023,0.1522691
P1413L,?,46.7000008,0.1681062
P1413L,?,46.8000031,0.1568621
P1413L,?,46.9000015,0.1544009
P1413L,?,47.0000038,0.1529673
P1413L,?,47.1000023,0.1552972
P1413L,?,47.2000008,0.1511467
P1413L,?,47.3000031,0.1654802
P1413L,?,47.4000015,0.1620822
P1413L,?,47.5000038,0.1526211
P1413L,?,47.6000023,0.1621423
P1413L,?,47.7000008,0.1615849
P1413L,?,47.8000031,0.1707443
P1413L,?,47.9000015,0.1728735
P1413L,?,48.0000038,0.1534351
P1413L,?,48.1000023,0.1529684
P1413L,?,48.2000008,0.1629425
P1413L,?,48.3000031,0.1538081
P1413L,?,48.4000015,0.171445
P1413L,?,48.5000038,0.1528986
P1413L,?,48.6000023,0.1655655
P1413L,?,48.7000008,0.1552113
P1413L,?,48.8000031,0.1541459
P1413L,?,48.9000015,0.1457365
P1413L,?,49.0000038,0.1581781
P1413L,?,49.1000023,0.1696691
P1413L,?,49.2000008,0.1679
P1413L,?,49.3000031,0.1659695
P1413L,?,49.4000015,0.1657868
P1413L,?,49.5000038,0.17236
P1413L,?,49.6000023,0.1802557
P1413L,?,49.7000008,0.1633642
P1413L,?,49.8000031,0.1621034
P1413L,?,49.9000015,0.1709156
P1413L,?,50.0000038,0.1671467
PANEL_WT_MATCHED,?,0.0,0.0005074
PANEL_WT_MATCHED,?,0.1,0.0826549
PANEL_WT_MATCHED,?,0.2,0.0967468
PANEL_WT_MATCHED,?,0.3,0.0856817
PANEL_WT_MATCHED,?,0.4,0.0843432
PANEL_WT_MATCHED,?,0.5,0.0868837
PANEL_WT_MATCHED,?,0.6,0.1113301
PANEL_WT_MATCHED,?,0.7,0.1086184
PANEL_WT_MATCHED,?,0.8,0.0919598
PANEL_WT_MATCHED,?,0.9,0.0976758
PANEL_WT_MATCHED,?,1.0,0.1015109
PANEL_WT_MATCHED,?,1.1,0.1207589
PANEL_WT_MATCHED,?,1.2,0.1423126
PANEL_WT_MATCHED,?,1.3000001,0.138062
PANEL_WT_MATCHED,?,1.4000001,0.1370072
PANEL_WT_MATCHED,?,1.5000001,0.140672
PANEL_WT_MATCHED,?,1.6,0.14365
PANEL_WT_MATCHED,?,1.7,0.1391267
PANEL_WT_MATCHED,?,1.8000001,0.1138365
PANEL_WT_MATCHED,?,1.9000001,0.1305167
PANEL_WT_MATCHED,?,2.0,0.14854
PANEL_WT_MATCHED,?,2.1000001,0.1435205
PANEL_WT_MATCHED,?,2.2,0.1435126
PANEL_WT_MATCHED,?,2.3000002,0.135238
PANEL_WT_MATCHED,?,2.4000001,0.1283
PANEL_WT_MATCHED,?,2.5,0.1329564
PANEL_WT_MATCHED,?,2.6000001,0.1397332
PANEL_WT_MATCHED,?,2.7,0.1468201
PANEL_WT_MATCHED,?,2.8000002,0.1407823
PANEL_WT_MATCHED,?,2.9000001,0.144766
PANEL_WT_MATCHED,?,3.0000002,0.1393325
PANEL_WT_MATCHED,?,3.1000001,0.1266343
PANEL_WT_MATCHED,?,3.2,0.1376644
PANEL_WT_MATCHED,?,3.3000002,0.1391926
PANEL_WT_MATCHED,?,3.4000001,0.1337458
PANEL_WT_MATCHED,?,3.5000002,0.1313876
PANEL_WT_MATCHED,?,3.6000001,0.1410859
PANEL_WT_MATCHED,?,3.7000003,0.1463494
PANEL_WT_MATCHED,?,3.8000002,0.1515015
PANEL_WT_MATCHED,?,3.9000001,0.1358398
PANEL_WT_MATCHED,?,4.0,0.1375599
PANEL_WT_MATCHED,?,4.1000004,0.1354541
PANEL_WT_MATCHED,?,4.2000003,0.1361779
PANEL_WT_MATCHED,?,4.3000002,0.1472523
PANEL_WT_MATCHED,?,4.4000001,0.1362157
PANEL_WT_MATCHED,?,4.5,0.122738
PANEL_WT_MATCHED,?,4.6000004,0.1466167
PANEL_WT_MATCHED,?,4.7000003,0.1450988
PANEL_WT_MATCHED,?,4.8000002,0.1471701
PANEL_WT_MATCHED,?,4.9000001,0.1488638
PANEL_WT_MATCHED,?,5.0,0.1531539
PANEL_WT_MATCHED,?,5.1000004,0.1406259
PANEL_WT_MATCHED,?,5.2000003,0.1242907
PANEL_WT_MATCHED,?,5.3000002,0.1318914
PANEL_WT_MATCHED,?,5.4000001,0.1255431
PANEL_WT_MATCHED,?,5.5000005,0.1248341
PANEL_WT_MATCHED,?,5.6000004,0.1296631
PANEL_WT_MATCHED,?,5.7000003,0.1379692
PANEL_WT_MATCHED,?,5.8000002,0.1091272
PANEL_WT_MATCHED,?,5.9000001,0.1154524
PANEL_WT_MATCHED,?,6.0000005,0.1351784
PANEL_WT_MATCHED,?,6.1000004,0.1297945
PANEL_WT_MATCHED,?,6.2000003,0.1211611
PANEL_WT_MATCHED,?,6.3000002,0.1176355
PANEL_WT_MATCHED,?,6.4000001,0.121428
PANEL_WT_MATCHED,?,6.5000005,0.1321614
PANEL_WT_MATCHED,?,6.6000004,0.122134
PANEL_WT_MATCHED,?,6.7000003,0.1259679
PANEL_WT_MATCHED,?,6.8000002,0.1216588
PANEL_WT_MATCHED,?,6.9000001,0.1151964
PANEL_WT_MATCHED,?,7.0000005,0.1139967
PANEL_WT_MATCHED,?,7.1000004,0.1220159
PANEL_WT_MATCHED,?,7.2000003,0.1100472
PANEL_WT_MATCHED,?,7.3000002,0.1299823
PANEL_WT_MATCHED,?,7.4000006,0.122111
PANEL_WT_MATCHED,?,7.5000005,0.1164793
PANEL_WT_MATCHED,?,7.6000004,0.1290861
PANEL_WT_MATCHED,?,7.7000003,0.1175572
PANEL_WT_MATCHED,?,7.8000002,0.1096721
PANEL_WT_MATCHED,?,7.9000006,0.113496
PANEL_WT_MATCHED,?,8.0,0.1263709
PANEL_WT_MATCHED,?,8.1000004,0.1032439
PANEL_WT_MATCHED,?,8.2000008,0.1267637
PANEL_WT_MATCHED,?,8.3000002,0.1084283
PANEL_WT_MATCHED,?,8.4000006,0.1231069
PANEL_WT_MATCHED,?,8.5,0.1261213
PANEL_WT_MATCHED,?,8.6000004,0.1124874
PANEL_WT_MATCHED,?,8.7000008,0.1197038
PANEL_WT_MATCHED,?,8.8000002,0.1107136
PANEL_WT_MATCHED,?,8.9000006,0.1119702
PANEL_WT_MATCHED,?,9.0,0.1159274
PANEL_WT_MATCHED,?,9.1000004,0.1117316
PANEL_WT_MATCHED,?,9.2000008,0.1207905
PANEL_WT_MATCHED,?,9.3000002,0.1052271
PANEL_WT_MATCHED,?,9.4000006,0.1144073
PANEL_WT_MATCHED,?,9.5,0.1078088
PANEL_WT_MATCHED,?,9.6000004,0.1157362
PANEL_WT_MATCHED,?,9.7000008,0.1207784
PANEL_WT_MATCHED,?,9.8000002,0.117691
PANEL_WT_MATCHED,?,9.9000006,0.1281352
PANEL_WT_MATCHED,?,10.0,0.1071869
PANEL_WT_MATCHED,?,10.1000004,0.1139649
PANEL_WT_MATCHED,?,10.2000008,0.126953
PANEL_WT_MATCHED,?,10.3000002,0.1206688
PANEL_WT_MATCHED,?,10.4000006,0.1251546
PANEL_WT_MATCHED,?,10.500001,0.1155784
PANEL_WT_MATCHED,?,10.6000004,0.1134722
PANEL_WT_MATCHED,?,10.7000008,0.1274444
PANEL_WT_MATCHED,?,10.8000002,0.1010786
PANEL_WT_MATCHED,?,10.9000006,0.120061
PANEL_WT_MATCHED,?,11.000001,0.1103694
PANEL_WT_MATCHED,?,11.1000004,0.1236959
PANEL_WT_MATCHED,?,11.2000008,0.1174272
PANEL_WT_MATCHED,?,11.3000002,0.1051151
PANEL_WT_MATCHED,?,11.4000006,0.1148288
PANEL_WT_MATCHED,?,11.500001,0.1196188
PANEL_WT_MATCHED,?,11.6000004,0.1153088
PANEL_WT_MATCHED,?,11.7000008,0.1088865
PANEL_WT_MATCHED,?,11.8000002,0.1194017
PANEL_WT_MATCHED,?,11.9000006,0.1043232
PANEL_WT_MATCHED,?,12.000001,0.1282133
PANEL_WT_MATCHED,?,12.1000004,0.1228352
PANEL_WT_MATCHED,?,12.2000008,0.1402554
PANEL_WT_MATCHED,?,12.3000002,0.1122591
PANEL_WT_MATCHED,?,12.4000006,0.1526552
PANEL_WT_MATCHED,?,12.500001,0.1494902
PANEL_WT_MATCHED,?,12.6000004,0.1524178
PANEL_WT_MATCHED,?,12.7000008,0.1445525
PANEL_WT_MATCHED,?,12.8000002,0.1513611
PANEL_WT_MATCHED,?,12.9000006,0.1243756
PANEL_WT_MATCHED,?,13.000001,0.130883
PANEL_WT_MATCHED,?,13.1000004,0.1544782
PANEL_WT_MATCHED,?,13.2000008,0.1295152
PANEL_WT_MATCHED,?,13.3000002,0.1273377
PANEL_WT_MATCHED,?,13.4000006,0.1463126
PANEL_WT_MATCHED,?,13.500001,0.1252703
PANEL_WT_MATCHED,?,13.6000004,0.1438282
PANEL_WT_MATCHED,?,13.7000008,0.1384449
PANEL_WT_MATCHED,?,13.8000002,0.1118155
PANEL_WT_MATCHED,?,13.9000006,0.1200102
PANEL_WT_MATCHED,?,14.000001,0.1225101
PANEL_WT_MATCHED,?,14.1000004,0.1313986
PANEL_WT_MATCHED,?,14.2000008,0.1583919
PANEL_WT_MATCHED,?,14.3000011,0.1634556
PANEL_WT_MATCHED,?,14.4000006,0.1379121
PANEL_WT_MATCHED,?,14.500001,0.1503066
PANEL_WT_MATCHED,?,14.6000004,0.1659028
PANEL_WT_MATCHED,?,14.7000008,0.1711476
PANEL_WT_MATCHED,?,14.8000011,0.1379511
PANEL_WT_MATCHED,?,14.9000006,0.1130419
PANEL_WT_MATCHED,?,15.000001,0.1235885
PANEL_WT_MATCHED,?,15.1000004,0.1347179
PANEL_WT_MATCHED,?,15.2000008,0.096336
PANEL_WT_MATCHED,?,15.3000011,0.1560731
PANEL_WT_MATCHED,?,15.4000006,0.1556625
PANEL_WT_MATCHED,?,15.500001,0.120712
PANEL_WT_MATCHED,?,15.6000004,0.1420157
PANEL_WT_MATCHED,?,15.7000008,0.1289863
PANEL_WT_MATCHED,?,15.8000011,0.1185348
PANEL_WT_MATCHED,?,15.9000006,0.1118652
PANEL_WT_MATCHED,?,16.0,0.1117976
PANEL_WT_MATCHED,?,16.1000004,0.1183329
PANEL_WT_MATCHED,?,16.2000008,0.1169405
PANEL_WT_MATCHED,?,16.3000011,0.1402665
PANEL_WT_MATCHED,?,16.4000015,0.1062424
PANEL_WT_MATCHED,?,16.5,0.11094
PANEL_WT_MATCHED,?,16.6000004,0.1236473
PANEL_WT_MATCHED,?,16.7000008,0.1158488
PANEL_WT_MATCHED,?,16.8000011,0.1262515
PANEL_WT_MATCHED,?,16.9000015,0.1044382
PANEL_WT_MATCHED,?,17.0,0.1103242
PANEL_WT_MATCHED,?,17.1000004,0.1380174
PANEL_WT_MATCHED,?,17.2000008,0.1301898
PANEL_WT_MATCHED,?,17.3000011,0.1355095
PANEL_WT_MATCHED,?,17.4000015,0.125141
PANEL_WT_MATCHED,?,17.5,0.1338954
PANEL_WT_MATCHED,?,17.6000004,0.1503341
PANEL_WT_MATCHED,?,17.7000008,0.1518171
PANEL_WT_MATCHED,?,17.8000011,0.2579177
PANEL_WT_MATCHED,?,17.9000015,0.212557
PANEL_WT_MATCHED,?,18.0,0.165178
PANEL_WT_MATCHED,?,18.1000004,0.153043
PANEL_WT_MATCHED,?,18.2000008,0.178121
PANEL_WT_MATCHED,?,18.3000011,0.1392412
PANEL_WT_MATCHED,?,18.4000015,0.1599245
PANEL_WT_MATCHED,?,18.5,0.1279982
PANEL_WT_MATCHED,?,18.6000004,0.1235603
PANEL_WT_MATCHED,?,18.7000008,0.1250478
PANEL_WT_MATCHED,?,18.8000011,0.1607648
PANEL_WT_MATCHED,?,18.9000015,0.1534492
PANEL_WT_MATCHED,?,19.0,0.1452165
PANEL_WT_MATCHED,?,19.1000004,0.1159818
PANEL_WT_MATCHED,?,19.2000008,0.1081028
PANEL_WT_MATCHED,?,19.3000011,0.1322872
PANEL_WT_MATCHED,?,19.4000015,0.134961
PANEL_WT_MATCHED,?,19.5,0.1347347
PANEL_WT_MATCHED,?,19.6000004,0.1442638
PANEL_WT_MATCHED,?,19.7000008,0.1327235
PANEL_WT_MATCHED,?,19.8000011,0.1391715
PANEL_WT_MATCHED,?,19.9000015,0.1503099
PANEL_WT_MATCHED,?,20.0,0.1326658
PANEL_WT_MATCHED,?,20.1000004,0.1372456
PANEL_WT_MATCHED,?,20.2000008,0.1414467
PANEL_WT_MATCHED,?,20.3000011,0.1413514
PANEL_WT_MATCHED,?,20.4000015,0.1451197
PANEL_WT_MATCHED,?,20.5000019,0.1663796
PANEL_WT_MATCHED,?,20.6000004,0.127792
PANEL_WT_MATCHED,?,20.7000008,0.1454768
PANEL_WT_MATCHED,?,20.8000011,0.149515
PANEL_WT_MATCHED,?,20.9000015,0.1304095
PANEL_WT_MATCHED,?,21.0000019,0.1305782
PANEL_WT_MATCHED,?,21.1000004,0.129752
PANEL_WT_MATCHED,?,21.2000008,0.1390526
PANEL_WT_MATCHED,?,21.3000011,0.1334964
PANEL_WT_MATCHED,?,21.4000015,0.1514434
PANEL_WT_MATCHED,?,21.5000019,0.1334403
PANEL_WT_MATCHED,?,21.6000004,0.1198115
PANEL_WT_MATCHED,?,21.7000008,0.1643953
PANEL_WT_MATCHED,?,21.8000011,0.1600684
PANEL_WT_MATCHED,?,21.9000015,0.1501743
PANEL_WT_MATCHED,?,22.0000019,0.1244722
PANEL_WT_MATCHED,?,22.1000004,0.1390211
PANEL_WT_MATCHED,?,22.2000008,0.1312216
PANEL_WT_MATCHED,?,22.3000011,0.1138696
PANEL_WT_MATCHED,?,22.4000015,0.1061808
PANEL_WT_MATCHED,?,22.5000019,0.117669
PANEL_WT_MATCHED,?,22.6000004,0.1198626
PANEL_WT_MATCHED,?,22.7000008,0.1016949
PANEL_WT_MATCHED,?,22.8000011,0.1211646
PANEL_WT_MATCHED,?,22.9000015,0.1268523
PANEL_WT_MATCHED,?,23.0000019,0.130871
PANEL_WT_MATCHED,?,23.1000004,0.1289411
PANEL_WT_MATCHED,?,23.2000008,0.1260517
PANEL_WT_MATCHED,?,23.3000011,0.1360378
PANEL_WT_MATCHED,?,23.4000015,0.1424709
PANEL_WT_MATCHED,?,23.5000019,0.2167155
PANEL_WT_MATCHED,?,23.6000004,0.2366218
PANEL_WT_MATCHED,?,23.7000008,0.2527291
PANEL_WT_MATCHED,?,23.8000011,0.1423165
PANEL_WT_MATCHED,?,23.9000015,0.1508063
PANEL_WT_MATCHED,?,24.0000019,0.1331463
PANEL_WT_MATCHED,?,24.1000004,0.1337738
PANEL_WT_MATCHED,?,24.2000008,0.126223
PANEL_WT_MATCHED,?,24.3000011,0.1314449
PANEL_WT_MATCHED,?,24.4000015,0.1339166
PANEL_WT_MATCHED,?,24.5000019,0.1511259
PANEL_WT_MATCHED,?,24.6000004,0.134579
PANEL_WT_MATCHED,?,24.7000008,0.1820979
PANEL_WT_MATCHED,?,24.8000011,0.1923479
PANEL_WT_MATCHED,?,24.9000015,0.1020137
PANEL_WT_MATCHED,?,25.0000019,0.1322188
PANEL_WT_MATCHED,?,25.1000004,0.1481043
PANEL_WT_MATCHED,?,25.2000008,0.1955218
PANEL_WT_MATCHED,?,25.3000011,0.1594813
PANEL_WT_MATCHED,?,25.4000015,0.1609764
PANEL_WT_MATCHED,?,25.5000019,0.174347
PANEL_WT_MATCHED,?,25.6000004,0.1695868
PANEL_WT_MATCHED,?,25.7000008,0.1291328
PANEL_WT_MATCHED,?,25.8000011,0.1276957
PANEL_WT_MATCHED,?,25.9000015,0.136993
PANEL_WT_MATCHED,?,26.0000019,0.1408843
PANEL_WT_MATCHED,?,26.1000004,0.1528225
PANEL_WT_MATCHED,?,26.2000008,0.1511291
PANEL_WT_MATCHED,?,26.3000011,0.1691661
PANEL_WT_MATCHED,?,26.4000015,0.1549684
PANEL_WT_MATCHED,?,26.5000019,0.2009576
PANEL_WT_MATCHED,?,26.6000004,0.1922829
PANEL_WT_MATCHED,?,26.7000008,0.1452846
PANEL_WT_MATCHED,?,26.8000011,0.1367982
PANEL_WT_MATCHED,?,26.9000015,0.1423858
PANEL_WT_MATCHED,?,27.0000019,0.1463871
PANEL_WT_MATCHED,?,27.1000004,0.1273894
PANEL_WT_MATCHED,?,27.2000008,0.1380836
PANEL_WT_MATCHED,?,27.3000011,0.1356405
PANEL_WT_MATCHED,?,27.4000015,0.1308986
PANEL_WT_MATCHED,?,27.5000019,0.1438615
PANEL_WT_MATCHED,?,27.6000004,0.1570793
PANEL_WT_MATCHED,?,27.7000008,0.1532036
PANEL_WT_MATCHED,?,27.8000011,0.1865623
PANEL_WT_MATCHED,?,27.9000015,0.1759439
PANEL_WT_MATCHED,?,28.0000019,0.1622698
PANEL_WT_MATCHED,?,28.1000004,0.1496594
PANEL_WT_MATCHED,?,28.2000008,0.1467155
PANEL_WT_MATCHED,?,28.3000011,0.1563703
PANEL_WT_MATCHED,?,28.4000015,0.1653928
PANEL_WT_MATCHED,?,28.5000019,0.1619966
PANEL_WT_MATCHED,?,28.6000023,0.143131
PANEL_WT_MATCHED,?,28.7000008,0.1628048
PANEL_WT_MATCHED,?,28.8000011,0.1727121
PANEL_WT_MATCHED,?,28.9000015,0.1392148
PANEL_WT_MATCHED,?,29.0000019,0.1127323
PANEL_WT_MATCHED,?,29.1000023,0.1292261
PANEL_WT_MATCHED,?,29.2000008,0.131268
PANEL_WT_MATCHED,?,29.3000011,0.1044275
PANEL_WT_MATCHED,?,29.4000015,0.140839
PANEL_WT_MATCHED,?,29.5000019,0.1361175
PANEL_WT_MATCHED,?,29.6000023,0.1739792
PANEL_WT_MATCHED,?,29.7000008,0.1746791
PANEL_WT_MATCHED,?,29.8000011,0.1573498
PANEL_WT_MATCHED,?,29.9000015,0.1479053
PANEL_WT_MATCHED,?,30.0000019,0.1523187
PANEL_WT_MATCHED,?,30.1000023,0.1605951
PANEL_WT_MATCHED,?,30.2000008,0.155869
PANEL_WT_MATCHED,?,30.3000011,0.1851441
PANEL_WT_MATCHED,?,30.4000015,0.1620268
PANEL_WT_MATCHED,?,30.5000019,0.1567554
PANEL_WT_MATCHED,?,30.6000023,0.1790958
PANEL_WT_MATCHED,?,30.7000008,0.1518751
PANEL_WT_MATCHED,?,30.8000011,0.143192
PANEL_WT_MATCHED,?,30.9000015,0.1619882
PANEL_WT_MATCHED,?,31.0000019,0.1510355
PANEL_WT_MATCHED,?,31.1000023,0.1320858
PANEL_WT_MATCHED,?,31.2000008,0.140884
PANEL_WT_MATCHED,?,31.3000011,0.1417318
PANEL_WT_MATCHED,?,31.4000015,0.1741959
PANEL_WT_MATCHED,?,31.5000019,0.1483292
PANEL_WT_MATCHED,?,31.6000023,0.1412132
PANEL_WT_MATCHED,?,31.7000008,0.143041
PANEL_WT_MATCHED,?,31.8000011,0.1449575
PANEL_WT_MATCHED,?,31.9000015,0.1507975
PANEL_WT_MATCHED,?,32.0,0.1487474
PANEL_WT_MATCHED,?,32.1000023,0.1442277
PANEL_WT_MATCHED,?,32.2000008,0.1220806
PANEL_WT_MATCHED,?,32.3000031,0.1450299
PANEL_WT_MATCHED,?,32.4000015,0.1240176
PANEL_WT_MATCHED,?,32.5,0.1282423
PANEL_WT_MATCHED,?,32.6000023,0.1662639
PANEL_WT_MATCHED,?,32.7000008,0.2419099
PANEL_WT_MATCHED,?,32.8000031,0.1788801
PANEL_WT_MATCHED,?,32.9000015,0.1753151
PANEL_WT_MATCHED,?,33.0,0.165582
PANEL_WT_MATCHED,?,33.1000023,0.1782677
PANEL_WT_MATCHED,?,33.2000008,0.1859656
PANEL_WT_MATCHED,?,33.3000031,0.2033915
PANEL_WT_MATCHED,?,33.4000015,0.1570893
PANEL_WT_MATCHED,?,33.5,0.1593218
PANEL_WT_MATCHED,?,33.6000023,0.1602643
PANEL_WT_MATCHED,?,33.7000008,0.1559709
PANEL_WT_MATCHED,?,33.8000031,0.1465225
PANEL_WT_MATCHED,?,33.9000015,0.166714
PANEL_WT_MATCHED,?,34.0,0.1459505
PANEL_WT_MATCHED,?,34.1000023,0.1456
PANEL_WT_MATCHED,?,34.2000008,0.1712825
PANEL_WT_MATCHED,?,34.3000031,0.1767713
PANEL_WT_MATCHED,?,34.4000015,0.1694863
PANEL_WT_MATCHED,?,34.5,0.1218184
PANEL_WT_MATCHED,?,34.6000023,0.1290121
PANEL_WT_MATCHED,?,34.7000008,0.1250295
PANEL_WT_MATCHED,?,34.8000031,0.1355365
PANEL_WT_MATCHED,?,34.9000015,0.125817
PANEL_WT_MATCHED,?,35.0,0.1722876
PANEL_WT_MATCHED,?,35.1000023,0.1372404
PANEL_WT_MATCHED,?,35.2000008,0.1462894
PANEL_WT_MATCHED,?,35.3000031,0.137971
PANEL_WT_MATCHED,?,35.4000015,0.1564409
PANEL_WT_MATCHED,?,35.5,0.1456162
PANEL_WT_MATCHED,?,35.6000023,0.1282846
PANEL_WT_MATCHED,?,35.7000008,0.1399215
PANEL_WT_MATCHED,?,35.8000031,0.1263914
PANEL_WT_MATCHED,?,35.9000015,0.154914
PANEL_WT_MATCHED,?,36.0,0.1507526
PANEL_WT_MATCHED,?,36.1000023,0.1638691
PANEL_WT_MATCHED,?,36.2000008,0.1386099
PANEL_WT_MATCHED,?,36.3000031,0.1573345
PANEL_WT_MATCHED,?,36.4000015,0.1362948
PANEL_WT_MATCHED,?,36.5,0.1540036
PANEL_WT_MATCHED,?,36.6000023,0.1356561
PANEL_WT_MATCHED,?,36.7000008,0.1291708
PANEL_WT_MATCHED,?,36.8000031,0.14271
PANEL_WT_MATCHED,?,36.9000015,0.1220423
PANEL_WT_MATCHED,?,37.0,0.1156389
PANEL_WT_MATCHED,?,37.1000023,0.1177088
PANEL_WT_MATCHED,?,37.2000008,0.130248
PANEL_WT_MATCHED,?,37.3000031,0.1324721
PANEL_WT_MATCHED,?,37.4000015,0.1370308
PANEL_WT_MATCHED,?,37.5,0.1286877
PANEL_WT_MATCHED,?,37.6000023,0.135895
PANEL_WT_MATCHED,?,37.7000008,0.1207691
PANEL_WT_MATCHED,?,37.8000031,0.1333803
PANEL_WT_MATCHED,?,37.9000015,0.1622599
PANEL_WT_MATCHED,?,38.0,0.155639
PANEL_WT_MATCHED,?,38.1000023,0.1717146
PANEL_WT_MATCHED,?,38.2000008,0.1454272
PANEL_WT_MATCHED,?,38.3000031,0.1331423
PANEL_WT_MATCHED,?,38.4000015,0.1452798
PANEL_WT_MATCHED,?,38.5,0.1354078
PANEL_WT_MATCHED,?,38.6000023,0.1310276
PANEL_WT_MATCHED,?,38.7000008,0.1396744
PANEL_WT_MATCHED,?,38.8000031,0.1357615
PANEL_WT_MATCHED,?,38.9000015,0.1388973
PANEL_WT_MATCHED,?,39.0,0.1542634
PANEL_WT_MATCHED,?,39.1000023,0.1365638
PANEL_WT_MATCHED,?,39.2000008,0.1357409
PANEL_WT_MATCHED,?,39.3000031,0.1305893
PANEL_WT_MATCHED,?,39.4000015,0.148422
PANEL_WT_MATCHED,?,39.5,0.142476
PANEL_WT_MATCHED,?,39.6000023,0.1512676
PANEL_WT_MATCHED,?,39.7000008,0.1618516
PANEL_WT_MATCHED,?,39.8000031,0.1599371
PANEL_WT_MATCHED,?,39.9000015,0.1396459
PANEL_WT_MATCHED,?,40.0,0.1399891
PANEL_WT_MATCHED,?,40.1000023,0.1265781
PANEL_WT_MATCHED,?,40.2000008,0.1676702
PANEL_WT_MATCHED,?,40.3000031,0.1109056
PANEL_WT_MATCHED,?,40.4000015,0.1222214
PANEL_WT_MATCHED,?,40.5000038,0.1244973
PANEL_WT_MATCHED,?,40.6000023,0.1449258
PANEL_WT_MATCHED,?,40.7000008,0.1314657
PANEL_WT_MATCHED,?,40.8000031,0.1496222
PANEL_WT_MATCHED,?,40.9000015,0.1391326
PANEL_WT_MATCHED,?,41.0000038,0.1187054
PANEL_WT_MATCHED,?,41.1000023,0.1129022
PANEL_WT_MATCHED,?,41.2000008,0.1272795
PANEL_WT_MATCHED,?,41.3000031,0.1340641
PANEL_WT_MATCHED,?,41.4000015,0.1262039
PANEL_WT_MATCHED,?,41.5000038,0.1307705
PANEL_WT_MATCHED,?,41.6000023,0.1326353
PANEL_WT_MATCHED,?,41.7000008,0.1622375
PANEL_WT_MATCHED,?,41.8000031,0.1519775
PANEL_WT_MATCHED,?,41.9000015,0.156132
PANEL_WT_MATCHED,?,42.0000038,0.1367529
PANEL_WT_MATCHED,?,42.1000023,0.1584091
PANEL_WT_MATCHED,?,42.2000008,0.1420815
PANEL_WT_MATCHED,?,42.3000031,0.1432155
PANEL_WT_MATCHED,?,42.4000015,0.1248844
PANEL_WT_MATCHED,?,42.5000038,0.130442
PANEL_WT_MATCHED,?,42.6000023,0.1301095
PANEL_WT_MATCHED,?,42.7000008,0.1207084
PANEL_WT_MATCHED,?,42.8000031,0.1341457
PANEL_WT_MATCHED,?,42.9000015,0.1183298
PANEL_WT_MATCHED,?,43.0000038,0.1278034
PANEL_WT_MATCHED,?,43.1000023,0.1675951
PANEL_WT_MATCHED,?,43.2000008,0.1277375
PANEL_WT_MATCHED,?,43.3000031,0.1453845
PANEL_WT_MATCHED,?,43.4000015,0.106249
PANEL_WT_MATCHED,?,43.5000038,0.144675
PANEL_WT_MATCHED,?,43.6000023,0.1156865
PANEL_WT_MATCHED,?,43.7000008,0.1201617
PANEL_WT_MATCHED,?,43.8000031,0.1094225
PANEL_WT_MATCHED,?,43.9000015,0.1435705
PANEL_WT_MATCHED,?,44.0000038,0.1395288
PANEL_WT_MATCHED,?,44.1000023,0.105938
PANEL_WT_MATCHED,?,44.2000008,0.1387725
PANEL_WT_MATCHED,?,44.3000031,0.1180497
PANEL_WT_MATCHED,?,44.4000015,0.119226
PANEL_WT_MATCHED,?,44.5000038,0.1358272
PANEL_WT_MATCHED,?,44.6000023,0.1530223
PANEL_WT_MATCHED,?,44.7000008,0.1384342
PANEL_WT_MATCHED,?,44.8000031,0.1359258
PANEL_WT_MATCHED,?,44.9000015,0.1591329
PANEL_WT_MATCHED,?,45.0000038,0.1384212
PANEL_WT_MATCHED,?,45.1000023,0.1450627
PANEL_WT_MATCHED,?,45.2000008,0.1531088
PANEL_WT_MATCHED,?,45.3000031,0.1704543
PANEL_WT_MATCHED,?,45.4000015,0.1640839
PANEL_WT_MATCHED,?,45.5000038,0.1539507
PANEL_WT_MATCHED,?,45.6000023,0.147522
PANEL_WT_MATCHED,?,45.7000008,0.1265637
PANEL_WT_MATCHED,?,45.8000031,0.1236652
PANEL_WT_MATCHED,?,45.9000015,0.1220168
PANEL_WT_MATCHED,?,46.0000038,0.1317968
PANEL_WT_MATCHED,?,46.1000023,0.1251708
PANEL_WT_MATCHED,?,46.2000008,0.1187383
PANEL_WT_MATCHED,?,46.3000031,0.1330954
PANEL_WT_MATCHED,?,46.4000015,0.1267207
PANEL_WT_MATCHED,?,46.5000038,0.129798
PANEL_WT_MATCHED,?,46.6000023,0.1904938
PANEL_WT_MATCHED,?,46.7000008,0.1523658
PANEL_WT_MATCHED,?,46.8000031,0.1544885
PANEL_WT_MATCHED,?,46.9000015,0.1365881
PANEL_WT_MATCHED,?,47.0000038,0.1481276
PANEL_WT_MATCHED,?,47.1000023,0.2389297
PANEL_WT_MATCHED,?,47.2000008,0.294682
PANEL_WT_MATCHED,?,47.3000031,0.2481351
PANEL_WT_MATCHED,?,47.4000015,0.2173152
PANEL_WT_MATCHED,?,47.5000038,0.2115283
PANEL_WT_MATCHED,?,47.6000023,0.2313258
PANEL_WT_MATCHED,?,47.7000008,0.1813301
PANEL_WT_MATCHED,?,47.8000031,0.2068027
PANEL_WT_MATCHED,?,47.9000015,0.1981343
PANEL_WT_MATCHED,?,48.0000038,0.2456825
PANEL_WT_MATCHED,?,48.1000023,0.220906
PANEL_WT_MATCHED,?,48.2000008,0.3044646
PANEL_WT_MATCHED,?,48.3000031,0.3161317
PANEL_WT_MATCHED,?,48.4000015,0.3532
PANEL_WT_MATCHED,?,48.5000038,0.3299487
PANEL_WT_MATCHED,?,48.6000023,0.4022728
PANEL_WT_MATCHED,?,48.7000008,0.4283607
PANEL_WT_MATCHED,?,48.8000031,0.4489872
PANEL_WT_MATCHED,?,48.9000015,0.4638129
PANEL_WT_MATCHED,?,49.0000038,0.4688545
PANEL_WT_MATCHED,?,49.1000023,0.4663383
PANEL_WT_MATCHED,?,49.2000008,0.5000814
PANEL_WT_MATCHED,?,49.3000031,0.5023783
PANEL_WT_MATCHED,?,49.4000015,0.4454949
PANEL_WT_MATCHED,?,49.5000038,0.478517
PANEL_WT_MATCHED,?,49.6000023,0.4318865
PANEL_WT_MATCHED,?,49.7000008,0.4749728
PANEL_WT_MATCHED,?,49.8000031,0.4520062
PANEL_WT_MATCHED,?,49.9000015,0.4616424
PANEL_WT_MATCHED,?,50.0000038,0.4530669
R1308C,2B,0.0,0.0005059
R1308C,2B,0.1,0.0977794
R1308C,2B,0.2,0.0874389
R1308C,2B,0.3,0.1199673
R1308C,2B,0.4,0.1243494
R1308C,2B,0.5,0.1212904
R1308C,2B,0.6,0.1244591
R1308C,2B,0.7,0.1305788
R1308C,2B,0.8,0.121335
R1308C,2B,0.9,0.1015084
R1308C,2B,1.0,0.1203715
R1308C,2B,1.1,0.1222474
R1308C,2B,1.2,0.1199136
R1308C,2B,1.3000001,0.1055857
R1308C,2B,1.4000001,0.1280644
R1308C,2B,1.5000001,0.1120367
R1308C,2B,1.6,0.1186614
R1308C,2B,1.7,0.1117986
R1308C,2B,1.8000001,0.1093315
R1308C,2B,1.9000001,0.1104692
R1308C,2B,2.0,0.1186444
R1308C,2B,2.1000001,0.1383694
R1308C,2B,2.2,0.1321255
R1308C,2B,2.3000002,0.1027688
R1308C,2B,2.4000001,0.114801
R1308C,2B,2.5,0.1076477
R1308C,2B,2.6000001,0.1191464
R1308C,2B,2.7,0.1426029
R1308C,2B,2.8000002,0.1285131
R1308C,2B,2.9000001,0.115023
R1308C,2B,3.0000002,0.1104949
R1308C,2B,3.1000001,0.1279478
R1308C,2B,3.2,0.1494343
R1308C,2B,3.3000002,0.1269586
R1308C,2B,3.4000001,0.1405416
R1308C,2B,3.5000002,0.1480744
R1308C,2B,3.6000001,0.1322351
R1308C,2B,3.7000003,0.1285353
R1308C,2B,3.8000002,0.1487246
R1308C,2B,3.9000001,0.1456244
R1308C,2B,4.0,0.1394242
R1308C,2B,4.1000004,0.1213479
R1308C,2B,4.2000003,0.1199964
R1308C,2B,4.3000002,0.1089893
R1308C,2B,4.4000001,0.1214578
R1308C,2B,4.5,0.1168437
R1308C,2B,4.6000004,0.1059028
R1308C,2B,4.7000003,0.1211221
R1308C,2B,4.8000002,0.1435753
R1308C,2B,4.9000001,0.1189807
R1308C,2B,5.0,0.1043687
R1308C,2B,5.1000004,0.1138271
R1308C,2B,5.2000003,0.0958917
R1308C,2B,5.3000002,0.1074846
R1308C,2B,5.4000001,0.1439
R1308C,2B,5.5000005,0.145552
R1308C,2B,5.6000004,0.1501561
R1308C,2B,5.7000003,0.1422461
R1308C,2B,5.8000002,0.1534065
R1308C,2B,5.9000001,0.1438683
R1308C,2B,6.0000005,0.1441069
R1308C,2B,6.1000004,0.1489413
R1308C,2B,6.2000003,0.1427717
R1308C,2B,6.3000002,0.1130062
R1308C,2B,6.4000001,0.1201498
R1308C,2B,6.5000005,0.1149612
R1308C,2B,6.6000004,0.1427796
R1308C,2B,6.7000003,0.1452115
R1308C,2B,6.8000002,0.1255578
R1308C,2B,6.9000001,0.1002078
R1308C,2B,7.0000005,0.0975957
R1308C,2B,7.1000004,0.1025834
R1308C,2B,7.2000003,0.0979455
R1308C,2B,7.3000002,0.0932239
R1308C,2B,7.4000006,0.101106
R1308C,2B,7.5000005,0.1065613
R1308C,2B,7.6000004,0.107946
R1308C,2B,7.7000003,0.1250237
R1308C,2B,7.8000002,0.1239413
R1308C,2B,7.9000006,0.1184168
R1308C,2B,8.0,0.1032975
R1308C,2B,8.1000004,0.1072193
R1308C,2B,8.2000008,0.1169259
R1308C,2B,8.3000002,0.1169389
R1308C,2B,8.4000006,0.1351284
R1308C,2B,8.5,0.1175335
R1308C,2B,8.6000004,0.1249467
R1308C,2B,8.7000008,0.1448522
R1308C,2B,8.8000002,0.1528337
R1308C,2B,8.9000006,0.1495604
R1308C,2B,9.0,0.1388148
R1308C,2B,9.1000004,0.1391341
R1308C,2B,9.2000008,0.1443291
R1308C,2B,9.3000002,0.1466399
R1308C,2B,9.4000006,0.1469737
R1308C,2B,9.5,0.1606564
R1308C,2B,9.6000004,0.15562
R1308C,2B,9.7000008,0.1347766
R1308C,2B,9.8000002,0.1465706
R1308C,2B,9.9000006,0.1432356
R1308C,2B,10.0,0.1501182
R1308C,2B,10.1000004,0.1496067
R1308C,2B,10.2000008,0.1501323
R1308C,2B,10.3000002,0.1532961
R1308C,2B,10.4000006,0.1366718
R1308C,2B,10.500001,0.1036914
R1308C,2B,10.6000004,0.0928431
R1308C,2B,10.7000008,0.1038628
R1308C,2B,10.8000002,0.0942288
R1308C,2B,10.9000006,0.0929196
R1308C,2B,11.000001,0.1197973
R1308C,2B,11.1000004,0.0981769
R1308C,2B,11.2000008,0.099025
R1308C,2B,11.3000002,0.099727
R1308C,2B,11.4000006,0.0984428
R1308C,2B,11.500001,0.085827
R1308C,2B,11.6000004,0.1000587
R1308C,2B,11.7000008,0.1228545
R1308C,2B,11.8000002,0.1194632
R1308C,2B,11.9000006,0.1279508
R1308C,2B,12.000001,0.1084506
R1308C,2B,12.1000004,0.1287128
R1308C,2B,12.2000008,0.1014127
R1308C,2B,12.3000002,0.1175373
R1308C,2B,12.4000006,0.1141763
R1308C,2B,12.500001,0.1215695
R1308C,2B,12.6000004,0.1284754
R1308C,2B,12.7000008,0.120797
R1308C,2B,12.8000002,0.1159804
R1308C,2B,12.9000006,0.1070308
R1308C,2B,13.000001,0.1099375
R1308C,2B,13.1000004,0.1122651
R1308C,2B,13.2000008,0.0933486
R1308C,2B,13.3000002,0.1247339
R1308C,2B,13.4000006,0.1093573
R1308C,2B,13.500001,0.1263348
R1308C,2B,13.6000004,0.1257688
R1308C,2B,13.7000008,0.1268813
R1308C,2B,13.8000002,0.1178488
R1308C,2B,13.9000006,0.114685
R1308C,2B,14.000001,0.1122283
R1308C,2B,14.1000004,0.1166763
R1308C,2B,14.2000008,0.1022207
R1308C,2B,14.3000011,0.1161374
R1308C,2B,14.4000006,0.0960081
R1308C,2B,14.500001,0.1056484
R1308C,2B,14.6000004,0.1230494
R1308C,2B,14.7000008,0.1126605
R1308C,2B,14.8000011,0.1101013
R1308C,2B,14.9000006,0.1101151
R1308C,2B,15.000001,0.1061773
R1308C,2B,15.1000004,0.0970633
R1308C,2B,15.2000008,0.1096407
R1308C,2B,15.3000011,0.1334143
R1308C,2B,15.4000006,0.1332321
R1308C,2B,15.500001,0.1361769
R1308C,2B,15.6000004,0.1245049
R1308C,2B,15.7000008,0.1318565
R1308C,2B,15.8000011,0.1083485
R1308C,2B,15.9000006,0.1144193
R1308C,2B,16.0,0.1200804
R1308C,2B,16.1000004,0.1093889
R1308C,2B,16.2000008,0.1195585
R1308C,2B,16.3000011,0.1190308
R1308C,2B,16.4000015,0.1153283
R1308C,2B,16.5,0.1065313
R1308C,2B,16.6000004,0.1217706
R1308C,2B,16.7000008,0.1348938
R1308C,2B,16.8000011,0.1173689
R1308C,2B,16.9000015,0.1207246
R1308C,2B,17.0,0.1267233
R1308C,2B,17.1000004,0.1110512
R1308C,2B,17.2000008,0.1207127
R1308C,2B,17.3000011,0.1318443
R1308C,2B,17.4000015,0.1241457
R1308C,2B,17.5,0.1229433
R1308C,2B,17.6000004,0.1356586
R1308C,2B,17.7000008,0.1313388
R1308C,2B,17.8000011,0.1370503
R1308C,2B,17.9000015,0.1336819
R1308C,2B,18.0,0.1045929
R1308C,2B,18.1000004,0.1206261
R1308C,2B,18.2000008,0.104091
R1308C,2B,18.3000011,0.1085404
R1308C,2B,18.4000015,0.1023758
R1308C,2B,18.5,0.103268
R1308C,2B,18.6000004,0.1233374
R1308C,2B,18.7000008,0.1036904
R1308C,2B,18.8000011,0.1081087
R1308C,2B,18.9000015,0.1056531
R1308C,2B,19.0,0.1092913
R1308C,2B,19.1000004,0.1191944
R1308C,2B,19.2000008,0.0998044
R1308C,2B,19.3000011,0.1202084
R1308C,2B,19.4000015,0.1213779
R1308C,2B,19.5,0.1219454
R1308C,2B,19.6000004,0.1089505
R1308C,2B,19.7000008,0.1136137
R1308C,2B,19.8000011,0.1160116
R1308C,2B,19.9000015,0.1213191
R1308C,2B,20.0,0.1110417
R1308C,2B,20.1000004,0.1259261
R1308C,2B,20.2000008,0.1183342
R1308C,2B,20.3000011,0.1186255
R1308C,2B,20.4000015,0.1194089
R1308C,2B,20.5000019,0.1186669
R1308C,2B,20.6000004,0.1142671
R1308C,2B,20.7000008,0.1257436
R1308C,2B,20.8000011,0.1284022
R1308C,2B,20.9000015,0.1347225
R1308C,2B,21.0000019,0.1242793
R1308C,2B,21.1000004,0.1336731
R1308C,2B,21.2000008,0.1323896
R1308C,2B,21.3000011,0.1338918
R1308C,2B,21.4000015,0.1160886
R1308C,2B,21.5000019,0.1242476
R1308C,2B,21.6000004,0.1093535
R1308C,2B,21.7000008,0.1077358
R1308C,2B,21.8000011,0.1154079
R1308C,2B,21.9000015,0.1114881
R1308C,2B,22.0000019,0.1136672
R1308C,2B,22.1000004,0.1167571
R1308C,2B,22.2000008,0.1243473
R1308C,2B,22.3000011,0.1186003
R1308C,2B,22.4000015,0.1113324
R1308C,2B,22.5000019,0.1091973
R1308C,2B,22.6000004,0.1180545
R1308C,2B,22.7000008,0.113951
R1308C,2B,22.8000011,0.1072294
R1308C,2B,22.9000015,0.1131324
R1308C,2B,23.0000019,0.1312398
R1308C,2B,23.1000004,0.1342362
R1308C,2B,23.2000008,0.1198155
R1308C,2B,23.3000011,0.0939704
R1308C,2B,23.4000015,0.1026167
R1308C,2B,23.5000019,0.1128237
R1308C,2B,23.6000004,0.1237858
R1308C,2B,23.7000008,0.1112643
R1308C,2B,23.8000011,0.1364918
R1308C,2B,23.9000015,0.1384392
R1308C,2B,24.0000019,0.1182639
R1308C,2B,24.1000004,0.1323471
R1308C,2B,24.2000008,0.1272022
R1308C,2B,24.3000011,0.1216021
R1308C,2B,24.4000015,0.1215579
R1308C,2B,24.5000019,0.1346893
R1308C,2B,24.6000004,0.1186159
R1308C,2B,24.7000008,0.1191752
R1308C,2B,24.8000011,0.1093798
R1308C,2B,24.9000015,0.1354891
R1308C,2B,25.0000019,0.1172552
R1308C,2B,25.1000004,0.1133862
R1308C,2B,25.2000008,0.1151376
R1308C,2B,25.3000011,0.1153984
R1308C,2B,25.4000015,0.116941
R1308C,2B,25.5000019,0.1219164
R1308C,2B,25.6000004,0.1202002
R1308C,2B,25.7000008,0.1248078
R1308C,2B,25.8000011,0.1280587
R1308C,2B,25.9000015,0.1231102
R1308C,2B,26.0000019,0.1143578
R1308C,2B,26.1000004,0.1327963
R1308C,2B,26.2000008,0.1252497
R1308C,2B,26.3000011,0.1211761
R1308C,2B,26.4000015,0.125388
R1308C,2B,26.5000019,0.1148812
R1308C,2B,26.6000004,0.1196995
R1308C,2B,26.7000008,0.1165271
R1308C,2B,26.8000011,0.106327
R1308C,2B,26.9000015,0.0959335
R1308C,2B,27.0000019,0.1153464
R1308C,2B,27.1000004,0.106776
R1308C,2B,27.2000008,0.1083822
R1308C,2B,27.3000011,0.1217263
R1308C,2B,27.4000015,0.1189732
R1308C,2B,27.5000019,0.1195672
R1308C,2B,27.6000004,0.1275276
R1308C,2B,27.7000008,0.1205176
R1308C,2B,27.8000011,0.1271346
R1308C,2B,27.9000015,0.1219198
R1308C,2B,28.0000019,0.1202694
R1308C,2B,28.1000004,0.1226708
R1308C,2B,28.2000008,0.1352188
R1308C,2B,28.3000011,0.1269676
R1308C,2B,28.4000015,0.12069
R1308C,2B,28.5000019,0.1150023
R1308C,2B,28.6000023,0.1300061
R1308C,2B,28.7000008,0.1212116
R1308C,2B,28.8000011,0.1387376
R1308C,2B,28.9000015,0.1095036
R1308C,2B,29.0000019,0.1154526
R1308C,2B,29.1000023,0.1194164
R1308C,2B,29.2000008,0.1091943
R1308C,2B,29.3000011,0.1065992
R1308C,2B,29.4000015,0.1227686
R1308C,2B,29.5000019,0.1147211
R1308C,2B,29.6000023,0.1437247
R1308C,2B,29.7000008,0.1357717
R1308C,2B,29.8000011,0.1137224
R1308C,2B,29.9000015,0.1112072
R1308C,2B,30.0000019,0.1178081
R1308C,2B,30.1000023,0.1134345
R1308C,2B,30.2000008,0.1080345
R1308C,2B,30.3000011,0.1090357
R1308C,2B,30.4000015,0.134527
R1308C,2B,30.5000019,0.1320787
R1308C,2B,30.6000023,0.1183857
R1308C,2B,30.7000008,0.1212623
R1308C,2B,30.8000011,0.1286633
R1308C,2B,30.9000015,0.1234906
R1308C,2B,31.0000019,0.1221012
R1308C,2B,31.1000023,0.1177059
R1308C,2B,31.2000008,0.1108292
R1308C,2B,31.3000011,0.1178432
R1308C,2B,31.4000015,0.1173592
R1308C,2B,31.5000019,0.1147045
R1308C,2B,31.6000023,0.1239978
R1308C,2B,31.7000008,0.1060302
R1308C,2B,31.8000011,0.1017599
R1308C,2B,31.9000015,0.1137419
R1308C,2B,32.0,0.108698
R1308C,2B,32.1000023,0.1159241
R1308C,2B,32.2000008,0.1123651
R1308C,2B,32.3000031,0.1215598
R1308C,2B,32.4000015,0.1278276
R1308C,2B,32.5,0.1188598
R1308C,2B,32.6000023,0.1563123
R1308C,2B,32.7000008,0.1296309
R1308C,2B,32.8000031,0.1275244
R1308C,2B,32.9000015,0.1161464
R1308C,2B,33.0,0.1087656
R1308C,2B,33.1000023,0.1188122
R1308C,2B,33.2000008,0.1110837
R1308C,2B,33.3000031,0.1071599
R1308C,2B,33.4000015,0.103752
R1308C,2B,33.5,0.1273057
R1308C,2B,33.6000023,0.1153698
R1308C,2B,33.7000008,0.1253779
R1308C,2B,33.8000031,0.124441
R1308C,2B,33.9000015,0.1371344
R1308C,2B,34.0,0.1204118
R1308C,2B,34.1000023,0.1270504
R1308C,2B,34.2000008,0.1314162
R1308C,2B,34.3000031,0.1251943
R1308C,2B,34.4000015,0.1330572
R1308C,2B,34.5,0.1163006
R1308C,2B,34.6000023,0.1315019
R1308C,2B,34.7000008,0.1260716
R1308C,2B,34.8000031,0.1137494
R1308C,2B,34.9000015,0.140752
R1308C,2B,35.0,0.1074592
R1308C,2B,35.1000023,0.1245305
R1308C,2B,35.2000008,0.1244497
R1308C,2B,35.3000031,0.1206838
R1308C,2B,35.4000015,0.1228066
R1308C,2B,35.5,0.1253044
R1308C,2B,35.6000023,0.1405539
R1308C,2B,35.7000008,0.1678656
R1308C,2B,35.8000031,0.1349915
R1308C,2B,35.9000015,0.1443183
R1308C,2B,36.0,0.1083635
R1308C,2B,36.1000023,0.116613
R1308C,2B,36.2000008,0.1454055
R1308C,2B,36.3000031,0.1183686
R1308C,2B,36.4000015,0.1301349
R1308C,2B,36.5,0.1346355
R1308C,2B,36.6000023,0.1317389
R1308C,2B,36.7000008,0.1119937
R1308C,2B,36.8000031,0.1131013
R1308C,2B,36.9000015,0.1321112
R1308C,2B,37.0,0.121881
R1308C,2B,37.1000023,0.1319875
R1308C,2B,37.2000008,0.1399665
R1308C,2B,37.3000031,0.1168837
R1308C,2B,37.4000015,0.1157464
R1308C,2B,37.5,0.1394073
R1308C,2B,37.6000023,0.1353237
R1308C,2B,37.7000008,0.1373233
R1308C,2B,37.8000031,0.1402532
R1308C,2B,37.9000015,0.1292085
R1308C,2B,38.0,0.1202668
R1308C,2B,38.1000023,0.1341735
R1308C,2B,38.2000008,0.115802
R1308C,2B,38.3000031,0.1262647
R1308C,2B,38.4000015,0.1362574
R1308C,2B,38.5,0.1412615
R1308C,2B,38.6000023,0.1237717
R1308C,2B,38.7000008,0.1304787
R1308C,2B,38.8000031,0.13489
R1308C,2B,38.9000015,0.1186937
R1308C,2B,39.0,0.1138548
R1308C,2B,39.1000023,0.1081311
R1308C,2B,39.2000008,0.1111965
R1308C,2B,39.3000031,0.0931986
R1308C,2B,39.4000015,0.1148607
R1308C,2B,39.5,0.1161559
R1308C,2B,39.6000023,0.1121106
R1308C,2B,39.7000008,0.1177624
R1308C,2B,39.8000031,0.1132409
R1308C,2B,39.9000015,0.1043849
R1308C,2B,40.0,0.1182794
R1308C,2B,40.1000023,0.1121623
R1308C,2B,40.2000008,0.11413
R1308C,2B,40.3000031,0.1096239
R1308C,2B,40.4000015,0.1145405
R1308C,2B,40.5000038,0.1166239
R1308C,2B,40.6000023,0.1111722
R1308C,2B,40.7000008,0.1083499
R1308C,2B,40.8000031,0.1246474
R1308C,2B,40.9000015,0.1086102
R1308C,2B,41.0000038,0.1192051
R1308C,2B,41.1000023,0.1227328
R1308C,2B,41.2000008,0.1095281
R1308C,2B,41.3000031,0.1114146
R1308C,2B,41.4000015,0.1095082
R1308C,2B,41.5000038,0.103611
R1308C,2B,41.6000023,0.1286761
R1308C,2B,41.7000008,0.1076386
R1308C,2B,41.8000031,0.1144099
R1308C,2B,41.9000015,0.1129693
R1308C,2B,42.0000038,0.108319
R1308C,2B,42.1000023,0.1182542
R1308C,2B,42.2000008,0.1240923
R1308C,2B,42.3000031,0.1098222
R1308C,2B,42.4000015,0.1117356
R1308C,2B,42.5000038,0.1222748
R1308C,2B,42.6000023,0.112113
R1308C,2B,42.7000008,0.1036014
R1308C,2B,42.8000031,0.1092863
R1308C,2B,42.9000015,0.1221981
R1308C,2B,43.0000038,0.1153146
R1308C,2B,43.1000023,0.11097
R1308C,2B,43.2000008,0.1184429
R1308C,2B,43.3000031,0.1171546
R1308C,2B,43.4000015,0.1026099
R1308C,2B,43.5000038,0.1091814
R1308C,2B,43.6000023,0.1160517
R1308C,2B,43.7000008,0.1164024
R1308C,2B,43.8000031,0.1184905
R1308C,2B,43.9000015,0.1176099
R1308C,2B,44.0000038,0.1103093
R1308C,2B,44.1000023,0.106768
R1308C,2B,44.2000008,0.1125067
R1308C,2B,44.3000031,0.1217688
R1308C,2B,44.4000015,0.1091275
R1308C,2B,44.5000038,0.1226093
R1308C,2B,44.6000023,0.1174702
R1308C,2B,44.7000008,0.1097163
R1308C,2B,44.8000031,0.107873
R1308C,2B,44.9000015,0.1241814
R1308C,2B,45.0000038,0.1219033
R1308C,2B,45.1000023,0.1201616
R1308C,2B,45.2000008,0.1058174
R1308C,2B,45.3000031,0.1145714
R1308C,2B,45.4000015,0.1275876
R1308C,2B,45.5000038,0.1141314
R1308C,2B,45.6000023,0.1069859
R1308C,2B,45.7000008,0.1124125
R1308C,2B,45.8000031,0.1040745
R1308C,2B,45.9000015,0.1227803
R1308C,2B,46.0000038,0.1121893
R1308C,2B,46.1000023,0.112261
R1308C,2B,46.2000008,0.1110678
R1308C,2B,46.3000031,0.1192825
R1308C,2B,46.4000015,0.1038729
R1308C,2B,46.5000038,0.1136287
R1308C,2B,46.6000023,0.1127283
R1308C,2B,46.7000008,0.1137986
R1308C,2B,46.8000031,0.1216998
R1308C,2B,46.9000015,0.1223436
R1308C,2B,47.0000038,0.1198673
R1308C,2B,47.1000023,0.1232212
R1308C,2B,47.2000008,0.1160196
R1308C,2B,47.3000031,0.0952128
R1308C,2B,47.4000015,0.1002337
R1308C,2B,47.5000038,0.0987117
R1308C,2B,47.6000023,0.0939263
R1308C,2B,47.7000008,0.10911
R1308C,2B,47.8000031,0.1040855
R1308C,2B,47.9000015,0.0922248
R1308C,2B,48.0000038,0.0866372
R1308C,2B,48.1000023,0.0967536
R1308C,2B,48.2000008,0.1076611
R1308C,2B,48.3000031,0.1101767
R1308C,2B,48.4000015,0.0967682
R1308C,2B,48.5000038,0.1017712
R1308C,2B,48.6000023,0.0909471
R1308C,2B,48.7000008,0.0871745
R1308C,2B,48.8000031,0.0864753
R1308C,2B,48.9000015,0.0938132
R1308C,2B,49.0000038,0.0884753
R1308C,2B,49.1000023,0.0862937
R1308C,2B,49.2000008,0.092634
R1308C,2B,49.3000031,0.0817577
R1308C,2B,49.4000015,0.0822614
R1308C,2B,49.5000038,0.0823724
R1308C,2B,49.6000023,0.0936953
R1308C,2B,49.7000008,0.0842003
R1308C,2B,49.8000031,0.0935575
R1308C,2B,49.9000015,0.0845878
R1308C,2B,50.0000038,0.092962
R1341W,?,0.0,0.0004941
R1341W,?,0.1,0.0988945
R1341W,?,0.2,0.106941
R1341W,?,0.3,0.1130114
R1341W,?,0.4,0.1318771
R1341W,?,0.5,0.154106
R1341W,?,0.6,0.1874184
R1341W,?,0.7,0.1846668
R1341W,?,0.8,0.2287315
R1341W,?,0.9,0.2124679
R1341W,?,1.0,0.2125464
R1341W,?,1.1,0.1930415
R1341W,?,1.2,0.186617
R1341W,?,1.3000001,0.1652912
R1341W,?,1.4000001,0.138127
R1341W,?,1.5000001,0.1582225
R1341W,?,1.6,0.1210308
R1341W,?,1.7,0.153348
R1341W,?,1.8000001,0.136334
R1341W,?,1.9000001,0.1275792
R1341W,?,2.0,0.1282147
R1341W,?,2.1000001,0.1462577
R1341W,?,2.2,0.1659062
R1341W,?,2.3000002,0.1485512
R1341W,?,2.4000001,0.1487195
R1341W,?,2.5,0.1802107
R1341W,?,2.6000001,0.1837603
R1341W,?,2.7,0.1823015
R1341W,?,2.8000002,0.1453139
R1341W,?,2.9000001,0.1492783
R1341W,?,3.0000002,0.1303285
R1341W,?,3.1000001,0.1081402
R1341W,?,3.2,0.1152072
R1341W,?,3.3000002,0.13459
R1341W,?,3.4000001,0.1183241
R1341W,?,3.5000002,0.1501552
R1341W,?,3.6000001,0.160009
R1341W,?,3.7000003,0.1701078
R1341W,?,3.8000002,0.1622158
R1341W,?,3.9000001,0.1525984
R1341W,?,4.0,0.2340931
R1341W,?,4.1000004,0.2050515
R1341W,?,4.2000003,0.258045
R1341W,?,4.3000002,0.2420011
R1341W,?,4.4000001,0.2676253
R1341W,?,4.5,0.2512171
R1341W,?,4.6000004,0.2765647
R1341W,?,4.7000003,0.300959
R1341W,?,4.8000002,0.2653906
R1341W,?,4.9000001,0.25857
R1341W,?,5.0,0.2286792
R1341W,?,5.1000004,0.265682
R1341W,?,5.2000003,0.2464994
R1341W,?,5.3000002,0.2290149
R1341W,?,5.4000001,0.2644568
R1341W,?,5.5000005,0.2595739
R1341W,?,5.6000004,0.2223807
R1341W,?,5.7000003,0.2112059
R1341W,?,5.8000002,0.2860331
R1341W,?,5.9000001,0.2848388
R1341W,?,6.0000005,0.2444989
R1341W,?,6.1000004,0.3305151
R1341W,?,6.2000003,0.330572
R1341W,?,6.3000002,0.2414297
R1341W,?,6.4000001,0.184155
R1341W,?,6.5000005,0.1949736
R1341W,?,6.6000004,0.2484986
R1341W,?,6.7000003,0.2379959
R1341W,?,6.8000002,0.2113553
R1341W,?,6.9000001,0.244656
R1341W,?,7.0000005,0.1991922
R1341W,?,7.1000004,0.1662438
R1341W,?,7.2000003,0.1674384
R1341W,?,7.3000002,0.1581526
R1341W,?,7.4000006,0.1504235
R1341W,?,7.5000005,0.1783241
R1341W,?,7.6000004,0.1952111
R1341W,?,7.7000003,0.2282801
R1341W,?,7.8000002,0.2366605
R1341W,?,7.9000006,0.2039655
R1341W,?,8.0,0.174484
R1341W,?,8.1000004,0.213182
R1341W,?,8.2000008,0.2453952
R1341W,?,8.3000002,0.2484095
R1341W,?,8.4000006,0.2284831
R1341W,?,8.5,0.1991493
R1341W,?,8.6000004,0.213409
R1341W,?,8.7000008,0.2433799
R1341W,?,8.8000002,0.2145245
R1341W,?,8.9000006,0.261665
R1341W,?,9.0,0.2603042
R1341W,?,9.1000004,0.2539451
R1341W,?,9.2000008,0.2829267
R1341W,?,9.3000002,0.2751763
R1341W,?,9.4000006,0.2889846
R1341W,?,9.5,0.283772
R1341W,?,9.6000004,0.2565061
R1341W,?,9.7000008,0.3016219
R1341W,?,9.8000002,0.2669098
R1341W,?,9.9000006,0.2126343
R1341W,?,10.0,0.2227472
R1341W,?,10.1000004,0.2762744
R1341W,?,10.2000008,0.3112142
R1341W,?,10.3000002,0.3083565
R1341W,?,10.4000006,0.2227436
R1341W,?,10.500001,0.2499845
R1341W,?,10.6000004,0.1964469
R1341W,?,10.7000008,0.1870458
R1341W,?,10.8000002,0.1795989
R1341W,?,10.9000006,0.1918315
R1341W,?,11.000001,0.1777987
R1341W,?,11.1000004,0.2012051
R1341W,?,11.2000008,0.1908081
R1341W,?,11.3000002,0.174038
R1341W,?,11.4000006,0.1890408
R1341W,?,11.500001,0.1705141
R1341W,?,11.6000004,0.2037711
R1341W,?,11.7000008,0.1767107
R1341W,?,11.8000002,0.1753533
R1341W,?,11.9000006,0.1838112
R1341W,?,12.000001,0.188287
R1341W,?,12.1000004,0.1695169
R1341W,?,12.2000008,0.1793331
R1341W,?,12.3000002,0.1716466
R1341W,?,12.4000006,0.1972483
R1341W,?,12.500001,0.1641209
R1341W,?,12.6000004,0.1889634
R1341W,?,12.7000008,0.1694356
R1341W,?,12.8000002,0.1629314
R1341W,?,12.9000006,0.1523042
R1341W,?,13.000001,0.1611181
R1341W,?,13.1000004,0.1436744
R1341W,?,13.2000008,0.1573474
R1341W,?,13.3000002,0.1898512
R1341W,?,13.4000006,0.1702426
R1341W,?,13.500001,0.1821097
R1341W,?,13.6000004,0.1740262
R1341W,?,13.7000008,0.1778875
R1341W,?,13.8000002,0.1820893
R1341W,?,13.9000006,0.1295842
R1341W,?,14.000001,0.1335102
R1341W,?,14.1000004,0.1448738
R1341W,?,14.2000008,0.1256402
R1341W,?,14.3000011,0.1414972
R1341W,?,14.4000006,0.1475216
R1341W,?,14.500001,0.1452452
R1341W,?,14.6000004,0.1356973
R1341W,?,14.7000008,0.1515769
R1341W,?,14.8000011,0.1449987
R1341W,?,14.9000006,0.1567601
R1341W,?,15.000001,0.1629501
R1341W,?,15.1000004,0.1598613
R1341W,?,15.2000008,0.1563298
R1341W,?,15.3000011,0.1701231
R1341W,?,15.4000006,0.1468561
R1341W,?,15.500001,0.1328909
R1341W,?,15.6000004,0.1534519
R1341W,?,15.7000008,0.1553933
R1341W,?,15.8000011,0.1357999
R1341W,?,15.9000006,0.1558219
R1341W,?,16.0,0.1589291
R1341W,?,16.1000004,0.1449045
R1341W,?,16.2000008,0.1372424
R1341W,?,16.3000011,0.1434438
R1341W,?,16.4000015,0.1601548
R1341W,?,16.5,0.1715489
R1341W,?,16.6000004,0.1565007
R1341W,?,16.7000008,0.1485067
R1341W,?,16.8000011,0.1654353
R1341W,?,16.9000015,0.1465729
R1341W,?,17.0,0.1353855
R1341W,?,17.1000004,0.141931
R1341W,?,17.2000008,0.1293541
R1341W,?,17.3000011,0.1527241
R1341W,?,17.4000015,0.1508747
R1341W,?,17.5,0.129203
R1341W,?,17.6000004,0.1363332
R1341W,?,17.7000008,0.1220764
R1341W,?,17.8000011,0.133196
R1341W,?,17.9000015,0.1370941
R1341W,?,18.0,0.1427525
R1341W,?,18.1000004,0.1387108
R1341W,?,18.2000008,0.1321435
R1341W,?,18.3000011,0.1335224
R1341W,?,18.4000015,0.1484894
R1341W,?,18.5,0.1282682
R1341W,?,18.6000004,0.1495332
R1341W,?,18.7000008,0.1380321
R1341W,?,18.8000011,0.1513537
R1341W,?,18.9000015,0.1878171
R1341W,?,19.0,0.1872917
R1341W,?,19.1000004,0.184437
R1341W,?,19.2000008,0.1969695
R1341W,?,19.3000011,0.1756716
R1341W,?,19.4000015,0.158614
R1341W,?,19.5,0.1423703
R1341W,?,19.6000004,0.1805352
R1341W,?,19.7000008,0.2188895
R1341W,?,19.8000011,0.2071946
R1341W,?,19.9000015,0.1738477
R1341W,?,20.0,0.1742356
R1341W,?,20.1000004,0.1784816
R1341W,?,20.2000008,0.1787206
R1341W,?,20.3000011,0.1675489
R1341W,?,20.4000015,0.2525981
R1341W,?,20.5000019,0.2939114
R1341W,?,20.6000004,0.3056792
R1341W,?,20.7000008,0.2372151
R1341W,?,20.8000011,0.2139517
R1341W,?,20.9000015,0.2483139
R1341W,?,21.0000019,0.2885471
R1341W,?,21.1000004,0.2935189
R1341W,?,21.2000008,0.2346401
R1341W,?,21.3000011,0.2065555
R1341W,?,21.4000015,0.1457614
R1341W,?,21.5000019,0.1841778
R1341W,?,21.6000004,0.2240345
R1341W,?,21.7000008,0.192693
R1341W,?,21.8000011,0.1812335
R1341W,?,21.9000015,0.1667548
R1341W,?,22.0000019,0.1719617
R1341W,?,22.1000004,0.194738
R1341W,?,22.2000008,0.1950571
R1341W,?,22.3000011,0.2029348
R1341W,?,22.4000015,0.156594
R1341W,?,22.5000019,0.1718386
R1341W,?,22.6000004,0.1505432
R1341W,?,22.7000008,0.1865365
R1341W,?,22.8000011,0.1919412
R1341W,?,22.9000015,0.1739218
R1341W,?,23.0000019,0.1484538
R1341W,?,23.1000004,0.1594049
R1341W,?,23.2000008,0.1548367
R1341W,?,23.3000011,0.1447819
R1341W,?,23.4000015,0.1935422
R1341W,?,23.5000019,0.1443983
R1341W,?,23.6000004,0.143778
R1341W,?,23.7000008,0.1563582
R1341W,?,23.8000011,0.1480632
R1341W,?,23.9000015,0.1538565
R1341W,?,24.0000019,0.1374098
R1341W,?,24.1000004,0.1311658
R1341W,?,24.2000008,0.1148709
R1341W,?,24.3000011,0.1584696
R1341W,?,24.4000015,0.1229029
R1341W,?,24.5000019,0.1339248
R1341W,?,24.6000004,0.1776453
R1341W,?,24.7000008,0.1213937
R1341W,?,24.8000011,0.1127481
R1341W,?,24.9000015,0.1144846
R1341W,?,25.0000019,0.1127219
R1341W,?,25.1000004,0.1220731
R1341W,?,25.2000008,0.1308422
R1341W,?,25.3000011,0.1174325
R1341W,?,25.4000015,0.150366
R1341W,?,25.5000019,0.1561175
R1341W,?,25.6000004,0.1452001
R1341W,?,25.7000008,0.1615913
R1341W,?,25.8000011,0.2037886
R1341W,?,25.9000015,0.1989595
R1341W,?,26.0000019,0.2050553
R1341W,?,26.1000004,0.2660926
R1341W,?,26.2000008,0.2544033
R1341W,?,26.3000011,0.2329387
R1341W,?,26.4000015,0.3294237
R1341W,?,26.5000019,0.2968845
R1341W,?,26.6000004,0.2891999
R1341W,?,26.7000008,0.2962838
R1341W,?,26.8000011,0.2817239
R1341W,?,26.9000015,0.2905437
R1341W,?,27.0000019,0.2867065
R1341W,?,27.1000004,0.2823668
R1341W,?,27.2000008,0.259649
R1341W,?,27.3000011,0.25957
R1341W,?,27.4000015,0.2751833
R1341W,?,27.5000019,0.2323779
R1341W,?,27.6000004,0.2492182
R1341W,?,27.7000008,0.24107
R1341W,?,27.8000011,0.1941014
R1341W,?,27.9000015,0.2451358
R1341W,?,28.0000019,0.2648023
R1341W,?,28.1000004,0.2818858
R1341W,?,28.2000008,0.2742972
R1341W,?,28.3000011,0.280787
R1341W,?,28.4000015,0.3009257
R1341W,?,28.5000019,0.2484089
R1341W,?,28.6000023,0.2155305
R1341W,?,28.7000008,0.2000481
R1341W,?,28.8000011,0.1873316
R1341W,?,28.9000015,0.2238222
R1341W,?,29.0000019,0.2343751
R1341W,?,29.1000023,0.236043
R1341W,?,29.2000008,0.1923726
R1341W,?,29.3000011,0.1947618
R1341W,?,29.4000015,0.2726969
R1341W,?,29.5000019,0.2257185
R1341W,?,29.6000023,0.2581634
R1341W,?,29.7000008,0.2850636
R1341W,?,29.8000011,0.2769077
R1341W,?,29.9000015,0.2516281
R1341W,?,30.0000019,0.2084034
R1341W,?,30.1000023,0.2270594
R1341W,?,30.2000008,0.1829087
R1341W,?,30.3000011,0.1767109
R1341W,?,30.4000015,0.1999457
R1341W,?,30.5000019,0.2054248
R1341W,?,30.6000023,0.1956771
R1341W,?,30.7000008,0.1802042
R1341W,?,30.8000011,0.2106017
R1341W,?,30.9000015,0.2391028
R1341W,?,31.0000019,0.2553466
R1341W,?,31.1000023,0.1873118
R1341W,?,31.2000008,0.1660062
R1341W,?,31.3000011,0.1755065
R1341W,?,31.4000015,0.1456378
R1341W,?,31.5000019,0.1664697
R1341W,?,31.6000023,0.1657407
R1341W,?,31.7000008,0.1577066
R1341W,?,31.8000011,0.1491788
R1341W,?,31.9000015,0.1715452
R1341W,?,32.0,0.1723315
R1341W,?,32.1000023,0.186971
R1341W,?,32.2000008,0.1393814
R1341W,?,32.3000031,0.1561969
R1341W,?,32.4000015,0.1669139
R1341W,?,32.5,0.1568255
R1341W,?,32.6000023,0.1704095
R1341W,?,32.7000008,0.175592
R1341W,?,32.8000031,0.1789632
R1341W,?,32.9000015,0.1690602
R1341W,?,33.0,0.1543746
R1341W,?,33.1000023,0.1449829
R1341W,?,33.2000008,0.1586852
R1341W,?,33.3000031,0.1757514
R1341W,?,33.4000015,0.1649648
R1341W,?,33.5,0.1559441
R1341W,?,33.6000023,0.1561519
R1341W,?,33.7000008,0.1496263
R1341W,?,33.8000031,0.1574317
R1341W,?,33.9000015,0.1835308
R1341W,?,34.0,0.1721968
R1341W,?,34.1000023,0.1580343
R1341W,?,34.2000008,0.165171
R1341W,?,34.3000031,0.1915456
R1341W,?,34.4000015,0.1636801
R1341W,?,34.5,0.1960633
R1341W,?,34.6000023,0.2048525
R1341W,?,34.7000008,0.3165434
R1341W,?,34.8000031,0.3577017
R1341W,?,34.9000015,0.308125
R1341W,?,35.0,0.3645268
R1341W,?,35.1000023,0.376479
R1341W,?,35.2000008,0.389125
R1341W,?,35.3000031,0.3419767
R1341W,?,35.4000015,0.3831485
R1341W,?,35.5,0.3783826
R1341W,?,35.6000023,0.3880405
R1341W,?,35.7000008,0.385145
R1341W,?,35.8000031,0.3648303
R1341W,?,35.9000015,0.3741033
R1341W,?,36.0,0.4071572
R1341W,?,36.1000023,0.4295191
R1341W,?,36.2000008,0.404017
R1341W,?,36.3000031,0.3972596
R1341W,?,36.4000015,0.29383
R1341W,?,36.5,0.29317
R1341W,?,36.6000023,0.3219545
R1341W,?,36.7000008,0.2971958
R1341W,?,36.8000031,0.273726
R1341W,?,36.9000015,0.2820255
R1341W,?,37.0,0.2929626
R1341W,?,37.1000023,0.3085216
R1341W,?,37.2000008,0.2618987
R1341W,?,37.3000031,0.2862063
R1341W,?,37.4000015,0.2545436
R1341W,?,37.5,0.2215767
R1341W,?,37.6000023,0.2361753
R1341W,?,37.7000008,0.2452478
R1341W,?,37.8000031,0.2027058
R1341W,?,37.9000015,0.1898817
R1341W,?,38.0,0.1931136
R1341W,?,38.1000023,0.2029812
R1341W,?,38.2000008,0.2390414
R1341W,?,38.3000031,0.201368
R1341W,?,38.4000015,0.2260994
R1341W,?,38.5,0.3359481
R1341W,?,38.6000023,0.2887319
R1341W,?,38.7000008,0.3381649
R1341W,?,38.8000031,0.2916388
R1341W,?,38.9000015,0.256427
R1341W,?,39.0,0.3213443
R1341W,?,39.1000023,0.2694671
R1341W,?,39.2000008,0.2747602
R1341W,?,39.3000031,0.2856494
R1341W,?,39.4000015,0.2563143
R1341W,?,39.5,0.302063
R1341W,?,39.6000023,0.2987105
R1341W,?,39.7000008,0.3292121
R1341W,?,39.8000031,0.327303
R1341W,?,39.9000015,0.3173008
R1341W,?,40.0,0.3027755
R1341W,?,40.1000023,0.3172377
R1341W,?,40.2000008,0.2890351
R1341W,?,40.3000031,0.3606612
R1341W,?,40.4000015,0.3492984
R1341W,?,40.5000038,0.3603605
R1341W,?,40.6000023,0.3205675
R1341W,?,40.7000008,0.2931888
R1341W,?,40.8000031,0.3019678
R1341W,?,40.9000015,0.2950309
R1341W,?,41.0000038,0.3609093
R1341W,?,41.1000023,0.2138079
R1341W,?,41.2000008,0.1662515
R1341W,?,41.3000031,0.2011537
R1341W,?,41.4000015,0.1934137
R1341W,?,41.5000038,0.1972107
R1341W,?,41.6000023,0.176385
R1341W,?,41.7000008,0.1847769
R1341W,?,41.8000031,0.187362
R1341W,?,41.9000015,0.2072509
R1341W,?,42.0000038,0.1971183
R1341W,?,42.1000023,0.1793904
R1341W,?,42.2000008,0.1742615
R1341W,?,42.3000031,0.1793705
R1341W,?,42.4000015,0.2390268
R1341W,?,42.5000038,0.1798696
R1341W,?,42.6000023,0.1946457
R1341W,?,42.7000008,0.1711496
R1341W,?,42.8000031,0.1983127
R1341W,?,42.9000015,0.1986631
R1341W,?,43.0000038,0.208193
R1341W,?,43.1000023,0.1941215
R1341W,?,43.2000008,0.1855932
R1341W,?,43.3000031,0.1856905
R1341W,?,43.4000015,0.1786802
R1341W,?,43.5000038,0.1909926
R1341W,?,43.6000023,0.1575288
R1341W,?,43.7000008,0.2054999
R1341W,?,43.8000031,0.263074
R1341W,?,43.9000015,0.2326871
R1341W,?,44.0000038,0.226218
R1341W,?,44.1000023,0.2560608
R1341W,?,44.2000008,0.2879099
R1341W,?,44.3000031,0.3168685
R1341W,?,44.4000015,0.2644342
R1341W,?,44.5000038,0.249565
R1341W,?,44.6000023,0.232141
R1341W,?,44.7000008,0.2086896
R1341W,?,44.8000031,0.182279
R1341W,?,44.9000015,0.1552913
R1341W,?,45.0000038,0.2042267
R1341W,?,45.1000023,0.18995
R1341W,?,45.2000008,0.1816275
R1341W,?,45.3000031,0.1624291
R1341W,?,45.4000015,0.1849123
R1341W,?,45.5000038,0.2169831
R1341W,?,45.6000023,0.1942052
R1341W,?,45.7000008,0.1775148
R1341W,?,45.8000031,0.2364501
R1341W,?,45.9000015,0.2156841
R1341W,?,46.0000038,0.2195401
R1341W,?,46.1000023,0.2087425
R1341W,?,46.2000008,0.1732451
R1341W,?,46.3000031,0.166588
R1341W,?,46.4000015,0.1624196
R1341W,?,46.5000038,0.1923736
R1341W,?,46.6000023,0.2005639
R1341W,?,46.7000008,0.2144428
R1341W,?,46.8000031,0.2784953
R1341W,?,46.9000015,0.3068231
R1341W,?,47.0000038,0.3148042
R1341W,?,47.1000023,0.2923526
R1341W,?,47.2000008,0.3315154
R1341W,?,47.3000031,0.3419919
R1341W,?,47.4000015,0.3583371
R1341W,?,47.5000038,0.2932406
R1341W,?,47.6000023,0.2994045
R1341W,?,47.7000008,0.2478743
R1341W,?,47.8000031,0.2437637
R1341W,?,47.9000015,0.2815257
R1341W,?,48.0000038,0.3070195
R1341W,?,48.1000023,0.30178
R1341W,?,48.2000008,0.2777133
R1341W,?,48.3000031,0.3652166
R1341W,?,48.4000015,0.3040316
R1341W,?,48.5000038,0.3018462
R1341W,?,48.6000023,0.2876275
R1341W,?,48.7000008,0.3051604
R1341W,?,48.8000031,0.2980552
R1341W,?,48.9000015,0.2759158
R1341W,?,49.0000038,0.2471635
R1341W,?,49.1000023,0.2390548
R1341W,?,49.2000008,0.3004261
R1341W,?,49.3000031,0.3231869
R1341W,?,49.4000015,0.2712947
R1341W,?,49.5000038,0.2073426
R1341W,?,49.6000023,0.2671305
R1341W,?,49.7000008,0.2447576
R1341W,?,49.8000031,0.2672002
R1341W,?,49.9000015,0.2657326
R1341W,?,50.0000038,0.2843847
S1310F,2B,0.0,0.0005077
S1310F,2B,0.1,0.1030787
S1310F,2B,0.2,0.1280043
S1310F,2B,0.3,0.1139465
S1310F,2B,0.4,0.1121047
S1310F,2B,0.5,0.1187858
S1310F,2B,0.6,0.1391637
S1310F,2B,0.7,0.1197703
S1310F,2B,0.8,0.1302045
S1310F,2B,0.9,0.1168482
S1310F,2B,1.0,0.1016853
S1310F,2B,1.1,0.1100421
S1310F,2B,1.2,0.0983721
S1310F,2B,1.3000001,0.1080839
S1310F,2B,1.4000001,0.1152609
S1310F,2B,1.5000001,0.11626
S1310F,2B,1.6,0.1132296
S1310F,2B,1.7,0.1092626
S1310F,2B,1.8000001,0.1030174
S1310F,2B,1.9000001,0.1103703
S1310F,2B,2.0,0.1239999
S1310F,2B,2.1000001,0.11583
S1310F,2B,2.2,0.1196717
S1310F,2B,2.3000002,0.1160765
S1310F,2B,2.4000001,0.1117615
S1310F,2B,2.5,0.1256298
S1310F,2B,2.6000001,0.1286533
S1310F,2B,2.7,0.1124422
S1310F,2B,2.8000002,0.1330608
S1310F,2B,2.9000001,0.1288578
S1310F,2B,3.0000002,0.1247803
S1310F,2B,3.1000001,0.1293132
S1310F,2B,3.2,0.11932
S1310F,2B,3.3000002,0.1361875
S1310F,2B,3.4000001,0.1327877
S1310F,2B,3.5000002,0.1337299
S1310F,2B,3.6000001,0.1302076
S1310F,2B,3.7000003,0.157523
S1310F,2B,3.8000002,0.1234418
S1310F,2B,3.9000001,0.1291984
S1310F,2B,4.0,0.1373628
S1310F,2B,4.1000004,0.1285003
S1310F,2B,4.2000003,0.1457624
S1310F,2B,4.3000002,0.1316531
S1310F,2B,4.4000001,0.1385334
S1310F,2B,4.5,0.134851
S1310F,2B,4.6000004,0.1199785
S1310F,2B,4.7000003,0.1283417
S1310F,2B,4.8000002,0.1249015
S1310F,2B,4.9000001,0.1280993
S1310F,2B,5.0,0.138667
S1310F,2B,5.1000004,0.1383557
S1310F,2B,5.2000003,0.1264903
S1310F,2B,5.3000002,0.1333477
S1310F,2B,5.4000001,0.1250197
S1310F,2B,5.5000005,0.1471758
S1310F,2B,5.6000004,0.1434454
S1310F,2B,5.7000003,0.1395054
S1310F,2B,5.8000002,0.1259951
S1310F,2B,5.9000001,0.1267722
S1310F,2B,6.0000005,0.1181881
S1310F,2B,6.1000004,0.122989
S1310F,2B,6.2000003,0.1430777
S1310F,2B,6.3000002,0.1492454
S1310F,2B,6.4000001,0.1321501
S1310F,2B,6.5000005,0.1442082
S1310F,2B,6.6000004,0.1246598
S1310F,2B,6.7000003,0.1280796
S1310F,2B,6.8000002,0.1345988
S1310F,2B,6.9000001,0.1459256
S1310F,2B,7.0000005,0.1500174
S1310F,2B,7.1000004,0.129485
S1310F,2B,7.2000003,0.1588951
S1310F,2B,7.3000002,0.1375709
S1310F,2B,7.4000006,0.1408088
S1310F,2B,7.5000005,0.1268631
S1310F,2B,7.6000004,0.1264984
S1310F,2B,7.7000003,0.1225083
S1310F,2B,7.8000002,0.1250643
S1310F,2B,7.9000006,0.1492712
S1310F,2B,8.0,0.130898
S1310F,2B,8.1000004,0.137449
S1310F,2B,8.2000008,0.1372231
S1310F,2B,8.3000002,0.1402989
S1310F,2B,8.4000006,0.1466334
S1310F,2B,8.5,0.1340165
S1310F,2B,8.6000004,0.14591
S1310F,2B,8.7000008,0.1366779
S1310F,2B,8.8000002,0.1540083
S1310F,2B,8.9000006,0.1673389
S1310F,2B,9.0,0.151929
S1310F,2B,9.1000004,0.17154
S1310F,2B,9.2000008,0.1622179
S1310F,2B,9.3000002,0.1796504
S1310F,2B,9.4000006,0.1727311
S1310F,2B,9.5,0.1473567
S1310F,2B,9.6000004,0.1730826
S1310F,2B,9.7000008,0.1499428
S1310F,2B,9.8000002,0.1397192
S1310F,2B,9.9000006,0.1415164
S1310F,2B,10.0,0.1405869
S1310F,2B,10.1000004,0.1216712
S1310F,2B,10.2000008,0.1411888
S1310F,2B,10.3000002,0.1454625
S1310F,2B,10.4000006,0.1324157
S1310F,2B,10.500001,0.1448494
S1310F,2B,10.6000004,0.1550848
S1310F,2B,10.7000008,0.1323011
S1310F,2B,10.8000002,0.1291398
S1310F,2B,10.9000006,0.1490082
S1310F,2B,11.000001,0.1401302
S1310F,2B,11.1000004,0.133745
S1310F,2B,11.2000008,0.1315468
S1310F,2B,11.3000002,0.1625099
S1310F,2B,11.4000006,0.1540632
S1310F,2B,11.500001,0.1471873
S1310F,2B,11.6000004,0.1719046
S1310F,2B,11.7000008,0.1585811
S1310F,2B,11.8000002,0.1751865
S1310F,2B,11.9000006,0.1514745
S1310F,2B,12.000001,0.166219
S1310F,2B,12.1000004,0.1703255
S1310F,2B,12.2000008,0.1806
S1310F,2B,12.3000002,0.1371565
S1310F,2B,12.4000006,0.1716356
S1310F,2B,12.500001,0.1908979
S1310F,2B,12.6000004,0.170098
S1310F,2B,12.7000008,0.1836964
S1310F,2B,12.8000002,0.2347889
S1310F,2B,12.9000006,0.2358266
S1310F,2B,13.000001,0.2036721
S1310F,2B,13.1000004,0.2238098
S1310F,2B,13.2000008,0.2315931
S1310F,2B,13.3000002,0.2048097
S1310F,2B,13.4000006,0.1390339
S1310F,2B,13.500001,0.1220719
S1310F,2B,13.6000004,0.1340173
S1310F,2B,13.7000008,0.1239453
S1310F,2B,13.8000002,0.1315522
S1310F,2B,13.9000006,0.1067067
S1310F,2B,14.000001,0.1090909
S1310F,2B,14.1000004,0.1194797
S1310F,2B,14.2000008,0.1247315
S1310F,2B,14.3000011,0.1321134
S1310F,2B,14.4000006,0.1338622
S1310F,2B,14.500001,0.1472961
S1310F,2B,14.6000004,0.1415269
S1310F,2B,14.7000008,0.1417263
S1310F,2B,14.8000011,0.1568154
S1310F,2B,14.9000006,0.1834864
S1310F,2B,15.000001,0.163893
S1310F,2B,15.1000004,0.240603
S1310F,2B,15.2000008,0.1779893
S1310F,2B,15.3000011,0.1786893
S1310F,2B,15.4000006,0.1723736
S1310F,2B,15.500001,0.1530418
S1310F,2B,15.6000004,0.1964717
S1310F,2B,15.7000008,0.2111029
S1310F,2B,15.8000011,0.2000422
S1310F,2B,15.9000006,0.1960191
S1310F,2B,16.0,0.2063042
S1310F,2B,16.1000004,0.163583
S1310F,2B,16.2000008,0.1492456
S1310F,2B,16.3000011,0.1403863
S1310F,2B,16.4000015,0.1302119
S1310F,2B,16.5,0.1385521
S1310F,2B,16.6000004,0.1492478
S1310F,2B,16.7000008,0.1718554
S1310F,2B,16.8000011,0.170392
S1310F,2B,16.9000015,0.145144
S1310F,2B,17.0,0.1321706
S1310F,2B,17.1000004,0.1523737
S1310F,2B,17.2000008,0.1419418
S1310F,2B,17.3000011,0.1658691
S1310F,2B,17.4000015,0.1312929
S1310F,2B,17.5,0.1328112
S1310F,2B,17.6000004,0.1186675
S1310F,2B,17.7000008,0.1459598
S1310F,2B,17.8000011,0.137656
S1310F,2B,17.9000015,0.131279
S1310F,2B,18.0,0.1477167
S1310F,2B,18.1000004,0.1320406
S1310F,2B,18.2000008,0.1356918
S1310F,2B,18.3000011,0.119697
S1310F,2B,18.4000015,0.1159317
S1310F,2B,18.5,0.1280351
S1310F,2B,18.6000004,0.1381122
S1310F,2B,18.7000008,0.1399428
S1310F,2B,18.8000011,0.1447965
S1310F,2B,18.9000015,0.1408029
S1310F,2B,19.0,0.1479109
S1310F,2B,19.1000004,0.1347664
S1310F,2B,19.2000008,0.152731
S1310F,2B,19.3000011,0.1454032
S1310F,2B,19.4000015,0.1485325
S1310F,2B,19.5,0.1536134
S1310F,2B,19.6000004,0.1449781
S1310F,2B,19.7000008,0.1414354
S1310F,2B,19.8000011,0.1395553
S1310F,2B,19.9000015,0.140356
S1310F,2B,20.0,0.1460507
S1310F,2B,20.1000004,0.136071
S1310F,2B,20.2000008,0.1537406
S1310F,2B,20.3000011,0.1498841
S1310F,2B,20.4000015,0.1552237
S1310F,2B,20.5000019,0.1450272
S1310F,2B,20.6000004,0.1461813
S1310F,2B,20.7000008,0.1198378
S1310F,2B,20.8000011,0.1300555
S1310F,2B,20.9000015,0.1613521
S1310F,2B,21.0000019,0.1832523
S1310F,2B,21.1000004,0.1435426
S1310F,2B,21.2000008,0.1554453
S1310F,2B,21.3000011,0.1781839
S1310F,2B,21.4000015,0.1696706
S1310F,2B,21.5000019,0.1609725
S1310F,2B,21.6000004,0.1484868
S1310F,2B,21.7000008,0.1835916
S1310F,2B,21.8000011,0.1902613
S1310F,2B,21.9000015,0.1845207
S1310F,2B,22.0000019,0.1967637
S1310F,2B,22.1000004,0.2046254
S1310F,2B,22.2000008,0.1915753
S1310F,2B,22.3000011,0.1964345
S1310F,2B,22.4000015,0.2010093
S1310F,2B,22.5000019,0.1992556
S1310F,2B,22.6000004,0.1935154
S1310F,2B,22.7000008,0.2075032
S1310F,2B,22.8000011,0.1878175
S1310F,2B,22.9000015,0.1884994
S1310F,2B,23.0000019,0.1852785
S1310F,2B,23.1000004,0.1836059
S1310F,2B,23.2000008,0.192819
S1310F,2B,23.3000011,0.1776384
S1310F,2B,23.4000015,0.1482038
S1310F,2B,23.5000019,0.1512187
S1310F,2B,23.6000004,0.1407062
S1310F,2B,23.7000008,0.1366222
S1310F,2B,23.8000011,0.1263119
S1310F,2B,23.9000015,0.1622665
S1310F,2B,24.0000019,0.1408741
S1310F,2B,24.1000004,0.1455716
S1310F,2B,24.2000008,0.1604059
S1310F,2B,24.3000011,0.1405401
S1310F,2B,24.4000015,0.1471812
S1310F,2B,24.5000019,0.1579604
S1310F,2B,24.6000004,0.1486964
S1310F,2B,24.7000008,0.166951
S1310F,2B,24.8000011,0.1659184
S1310F,2B,24.9000015,0.1272616
S1310F,2B,25.0000019,0.1417113
S1310F,2B,25.1000004,0.1451166
S1310F,2B,25.2000008,0.1521243
S1310F,2B,25.3000011,0.1298507
S1310F,2B,25.4000015,0.1413361
S1310F,2B,25.5000019,0.1269672
S1310F,2B,25.6000004,0.1404698
S1310F,2B,25.7000008,0.1554391
S1310F,2B,25.8000011,0.1507849
S1310F,2B,25.9000015,0.1747222
S1310F,2B,26.0000019,0.1828038
S1310F,2B,26.1000004,0.2251247
S1310F,2B,26.2000008,0.2093421
S1310F,2B,26.3000011,0.2160819
S1310F,2B,26.4000015,0.1991698
S1310F,2B,26.5000019,0.2133338
S1310F,2B,26.6000004,0.1988275
S1310F,2B,26.7000008,0.205944
S1310F,2B,26.8000011,0.1932421
S1310F,2B,26.9000015,0.1990211
S1310F,2B,27.0000019,0.2123904
S1310F,2B,27.1000004,0.2126813
S1310F,2B,27.2000008,0.200011
S1310F,2B,27.3000011,0.1896873
S1310F,2B,27.4000015,0.1917806
S1310F,2B,27.5000019,0.2098662
S1310F,2B,27.6000004,0.1950101
S1310F,2B,27.7000008,0.192361
S1310F,2B,27.8000011,0.2011347
S1310F,2B,27.9000015,0.2014668
S1310F,2B,28.0000019,0.1700482
S1310F,2B,28.1000004,0.1949588
S1310F,2B,28.2000008,0.205816
S1310F,2B,28.3000011,0.1726972
S1310F,2B,28.4000015,0.1723132
S1310F,2B,28.5000019,0.1621958
S1310F,2B,28.6000023,0.1630059
S1310F,2B,28.7000008,0.1696866
S1310F,2B,28.8000011,0.1978726
S1310F,2B,28.9000015,0.1362536
S1310F,2B,29.0000019,0.1493891
S1310F,2B,29.1000023,0.1543353
S1310F,2B,29.2000008,0.1522635
S1310F,2B,29.3000011,0.1763494
S1310F,2B,29.4000015,0.1514713
S1310F,2B,29.5000019,0.1440726
S1310F,2B,29.6000023,0.1245551
S1310F,2B,29.7000008,0.1225389
S1310F,2B,29.8000011,0.1443603
S1310F,2B,29.9000015,0.1550556
S1310F,2B,30.0000019,0.1335241
S1310F,2B,30.1000023,0.1477407
S1310F,2B,30.2000008,0.1471457
S1310F,2B,30.3000011,0.14461
S1310F,2B,30.4000015,0.1558793
S1310F,2B,30.5000019,0.147567
S1310F,2B,30.6000023,0.1375846
S1310F,2B,30.7000008,0.1569227
S1310F,2B,30.8000011,0.143745
S1310F,2B,30.9000015,0.1534358
S1310F,2B,31.0000019,0.1683777
S1310F,2B,31.1000023,0.1535113
S1310F,2B,31.2000008,0.1483368
S1310F,2B,31.3000011,0.1492646
S1310F,2B,31.4000015,0.1304238
S1310F,2B,31.5000019,0.1447685
S1310F,2B,31.6000023,0.1250516
S1310F,2B,31.7000008,0.1373854
S1310F,2B,31.8000011,0.1480238
S1310F,2B,31.9000015,0.1393478
S1310F,2B,32.0,0.1476182
S1310F,2B,32.1000023,0.1516481
S1310F,2B,32.2000008,0.1652237
S1310F,2B,32.3000031,0.1842977
S1310F,2B,32.4000015,0.1671608
S1310F,2B,32.5,0.1715287
S1310F,2B,32.6000023,0.1767392
S1310F,2B,32.7000008,0.1992064
S1310F,2B,32.8000031,0.1699147
S1310F,2B,32.9000015,0.1739457
S1310F,2B,33.0,0.1577533
S1310F,2B,33.1000023,0.1766758
S1310F,2B,33.2000008,0.1669326
S1310F,2B,33.3000031,0.2065089
S1310F,2B,33.4000015,0.2335636
S1310F,2B,33.5,0.2091939
S1310F,2B,33.6000023,0.1837785
S1310F,2B,33.7000008,0.1734182
S1310F,2B,33.8000031,0.1729253
S1310F,2B,33.9000015,0.1654468
S1310F,2B,34.0,0.1505293
S1310F,2B,34.1000023,0.1648293
S1310F,2B,34.2000008,0.154884
S1310F,2B,34.3000031,0.1861323
S1310F,2B,34.4000015,0.1870263
S1310F,2B,34.5,0.2229777
S1310F,2B,34.6000023,0.2307142
S1310F,2B,34.7000008,0.2206719
S1310F,2B,34.8000031,0.1737908
S1310F,2B,34.9000015,0.148965
S1310F,2B,35.0,0.1234677
S1310F,2B,35.1000023,0.1603489
S1310F,2B,35.2000008,0.1569686
S1310F,2B,35.3000031,0.1450111
S1310F,2B,35.4000015,0.1683877
S1310F,2B,35.5,0.1800436
S1310F,2B,35.6000023,0.1927069
S1310F,2B,35.7000008,0.1937552
S1310F,2B,35.8000031,0.1782478
S1310F,2B,35.9000015,0.199782
S1310F,2B,36.0,0.2478426
S1310F,2B,36.1000023,0.190032
S1310F,2B,36.2000008,0.2264564
S1310F,2B,36.3000031,0.2240099
S1310F,2B,36.4000015,0.2116884
S1310F,2B,36.5,0.1940409
S1310F,2B,36.6000023,0.2386038
S1310F,2B,36.7000008,0.2236115
S1310F,2B,36.8000031,0.2087319
S1310F,2B,36.9000015,0.1924545
S1310F,2B,37.0,0.1972718
S1310F,2B,37.1000023,0.1962283
S1310F,2B,37.2000008,0.2212737
S1310F,2B,37.3000031,0.2536361
S1310F,2B,37.4000015,0.3284752
S1310F,2B,37.5,0.3761911
S1310F,2B,37.6000023,0.380015
S1310F,2B,37.7000008,0.3321302
S1310F,2B,37.8000031,0.365075
S1310F,2B,37.9000015,0.3174292
S1310F,2B,38.0,0.335187
S1310F,2B,38.1000023,0.318441
S1310F,2B,38.2000008,0.2924643
S1310F,2B,38.3000031,0.1771943
S1310F,2B,38.4000015,0.2098948
S1310F,2B,38.5,0.2251698
S1310F,2B,38.6000023,0.2025972
S1310F,2B,38.7000008,0.2423083
S1310F,2B,38.8000031,0.2544062
S1310F,2B,38.9000015,0.211107
S1310F,2B,39.0,0.2487762
S1310F,2B,39.1000023,0.2731844
S1310F,2B,39.2000008,0.2456135
S1310F,2B,39.3000031,0.2510101
S1310F,2B,39.4000015,0.2257168
S1310F,2B,39.5,0.2134393
S1310F,2B,39.6000023,0.1485776
S1310F,2B,39.7000008,0.1432867
S1310F,2B,39.8000031,0.1672766
S1310F,2B,39.9000015,0.1637828
S1310F,2B,40.0,0.1530149
S1310F,2B,40.1000023,0.1556553
S1310F,2B,40.2000008,0.1477285
S1310F,2B,40.3000031,0.1393193
S1310F,2B,40.4000015,0.1463068
S1310F,2B,40.5000038,0.1397349
S1310F,2B,40.6000023,0.1350678
S1310F,2B,40.7000008,0.1499502
S1310F,2B,40.8000031,0.1305255
S1310F,2B,40.9000015,0.1421892
S1310F,2B,41.0000038,0.1664945
S1310F,2B,41.1000023,0.1498065
S1310F,2B,41.2000008,0.1339371
S1310F,2B,41.3000031,0.1398858
S1310F,2B,41.4000015,0.1343663
S1310F,2B,41.5000038,0.128207
S1310F,2B,41.6000023,0.1327258
S1310F,2B,41.7000008,0.1491687
S1310F,2B,41.8000031,0.1390235
S1310F,2B,41.9000015,0.1412884
S1310F,2B,42.0000038,0.1614987
S1310F,2B,42.1000023,0.1475683
S1310F,2B,42.2000008,0.1445325
S1310F,2B,42.3000031,0.1769599
S1310F,2B,42.4000015,0.1813793
S1310F,2B,42.5000038,0.1710297
S1310F,2B,42.6000023,0.1910953
S1310F,2B,42.7000008,0.192323
S1310F,2B,42.8000031,0.1782886
S1310F,2B,42.9000015,0.1847405
S1310F,2B,43.0000038,0.1671063
S1310F,2B,43.1000023,0.1468332
S1310F,2B,43.2000008,0.1404674
S1310F,2B,43.3000031,0.1411078
S1310F,2B,43.4000015,0.1352419
S1310F,2B,43.5000038,0.1489197
S1310F,2B,43.6000023,0.1447617
S1310F,2B,43.7000008,0.1464894
S1310F,2B,43.8000031,0.135752
S1310F,2B,43.9000015,0.1463015
S1310F,2B,44.0000038,0.1473788
S1310F,2B,44.1000023,0.1426851
S1310F,2B,44.2000008,0.1590223
S1310F,2B,44.3000031,0.2103765
S1310F,2B,44.4000015,0.1652236
S1310F,2B,44.5000038,0.1783278
S1310F,2B,44.6000023,0.2026456
S1310F,2B,44.7000008,0.1993476
S1310F,2B,44.8000031,0.2356397
S1310F,2B,44.9000015,0.2183316
S1310F,2B,45.0000038,0.2127622
S1310F,2B,45.1000023,0.2605885
S1310F,2B,45.2000008,0.2907428
S1310F,2B,45.3000031,0.25639
S1310F,2B,45.4000015,0.2754338
S1310F,2B,45.5000038,0.2905111
S1310F,2B,45.6000023,0.2417163
S1310F,2B,45.7000008,0.2961718
S1310F,2B,45.8000031,0.2442358
S1310F,2B,45.9000015,0.2174467
S1310F,2B,46.0000038,0.2127512
S1310F,2B,46.1000023,0.2220723
S1310F,2B,46.2000008,0.2970418
S1310F,2B,46.3000031,0.252462
S1310F,2B,46.4000015,0.2482098
S1310F,2B,46.5000038,0.278019
S1310F,2B,46.6000023,0.264322
S1310F,2B,46.7000008,0.2453332
S1310F,2B,46.8000031,0.2908925
S1310F,2B,46.9000015,0.2801847
S1310F,2B,47.0000038,0.2260533
S1310F,2B,47.1000023,0.2039185
S1310F,2B,47.2000008,0.2411084
S1310F,2B,47.3000031,0.2311849
S1310F,2B,47.4000015,0.2099644
S1310F,2B,47.5000038,0.2309216
S1310F,2B,47.6000023,0.231935
S1310F,2B,47.7000008,0.1787117
S1310F,2B,47.8000031,0.1721041
S1310F,2B,47.9000015,0.1802238
S1310F,2B,48.0000038,0.1632354
S1310F,2B,48.1000023,0.1623434
S1310F,2B,48.2000008,0.1530526
S1310F,2B,48.3000031,0.201036
S1310F,2B,48.4000015,0.1587818
S1310F,2B,48.5000038,0.187575
S1310F,2B,48.6000023,0.1839368
S1310F,2B,48.7000008,0.2501124
S1310F,2B,48.8000031,0.1893809
S1310F,2B,48.9000015,0.182917
S1310F,2B,49.0000038,0.1976081
S1310F,2B,49.1000023,0.2057325
S1310F,2B,49.2000008,0.1777296
S1310F,2B,49.3000031,0.1413877
S1310F,2B,49.4000015,0.1723621
S1310F,2B,49.5000038,0.1688792
S1310F,2B,49.6000023,0.1703954
S1310F,2B,49.7000008,0.1760903
S1310F,2B,49.8000031,0.1694675
S1310F,2B,49.9000015,0.1743874
S1310F,2B,50.0000038,0.1843069
V1316M,2B,0.0,0.0004978
V1316M,2B,0.1,0.0956765
V1316M,2B,0.2,0.0979192
V1316M,2B,0.3,0.1094209
V1316M,2B,0.4,0.0988776
V1316M,2B,0.5,0.1348524
V1316M,2B,0.6,0.128014
V1316M,2B,0.7,0.1234308
V1316M,2B,0.8,0.1313399
V1316M,2B,0.9,0.1308144
V1316M,2B,1.0,0.1317203
V1316M,2B,1.1,0.133501
V1316M,2B,1.2,0.125908
V1316M,2B,1.3000001,0.1231121
V1316M,2B,1.4000001,0.1290329
V1316M,2B,1.5000001,0.1245225
V1316M,2B,1.6,0.1129035
V1316M,2B,1.7,0.1202077
V1316M,2B,1.8000001,0.1082208
V1316M,2B,1.9000001,0.1032965
V1316M,2B,2.0,0.1178906
V1316M,2B,2.1000001,0.103529
V1316M,2B,2.2,0.1128169
V1316M,2B,2.3000002,0.1124702
V1316M,2B,2.4000001,0.1123685
V1316M,2B,2.5,0.1157278
V1316M,2B,2.6000001,0.1172105
V1316M,2B,2.7,0.1205514
V1316M,2B,2.8000002,0.0974317
V1316M,2B,2.9000001,0.1021339
V1316M,2B,3.0000002,0.1290009
V1316M,2B,3.1000001,0.1394482
V1316M,2B,3.2,0.1038369
V1316M,2B,3.3000002,0.1140998
V1316M,2B,3.4000001,0.1182706
V1316M,2B,3.5000002,0.1028609
V1316M,2B,3.6000001,0.1158782
V1316M,2B,3.7000003,0.1186147
V1316M,2B,3.8000002,0.1199921
V1316M,2B,3.9000001,0.1238589
V1316M,2B,4.0,0.1204476
V1316M,2B,4.1000004,0.1188332
V1316M,2B,4.2000003,0.1186796
V1316M,2B,4.3000002,0.1088705
V1316M,2B,4.4000001,0.1115188
V1316M,2B,4.5,0.1249067
V1316M,2B,4.6000004,0.1258564
V1316M,2B,4.7000003,0.1088857
V1316M,2B,4.8000002,0.1198759
V1316M,2B,4.9000001,0.121302
V1316M,2B,5.0,0.1099371
V1316M,2B,5.1000004,0.1275208
V1316M,2B,5.2000003,0.1197444
V1316M,2B,5.3000002,0.1219265
V1316M,2B,5.4000001,0.1170642
V1316M,2B,5.5000005,0.1288968
V1316M,2B,5.6000004,0.121067
V1316M,2B,5.7000003,0.1207742
V1316M,2B,5.8000002,0.1314109
V1316M,2B,5.9000001,0.1324312
V1316M,2B,6.0000005,0.1258156
V1316M,2B,6.1000004,0.1250949
V1316M,2B,6.2000003,0.1117807
V1316M,2B,6.3000002,0.1190745
V1316M,2B,6.4000001,0.1193854
V1316M,2B,6.5000005,0.1192203
V1316M,2B,6.6000004,0.1233329
V1316M,2B,6.7000003,0.1108409
V1316M,2B,6.8000002,0.1102578
V1316M,2B,6.9000001,0.1160179
V1316M,2B,7.0000005,0.1368706
V1316M,2B,7.1000004,0.1229971
V1316M,2B,7.2000003,0.1254564
V1316M,2B,7.3000002,0.1142618
V1316M,2B,7.4000006,0.1173156
V1316M,2B,7.5000005,0.1065359
V1316M,2B,7.6000004,0.1096919
V1316M,2B,7.7000003,0.1149615
V1316M,2B,7.8000002,0.1215496
V1316M,2B,7.9000006,0.1338876
V1316M,2B,8.0,0.1149525
V1316M,2B,8.1000004,0.1190745
V1316M,2B,8.2000008,0.1229624
V1316M,2B,8.3000002,0.1142315
V1316M,2B,8.4000006,0.1340416
V1316M,2B,8.5,0.1261446
V1316M,2B,8.6000004,0.1251404
V1316M,2B,8.7000008,0.144137
V1316M,2B,8.8000002,0.1217545
V1316M,2B,8.9000006,0.1221504
V1316M,2B,9.0,0.1227409
V1316M,2B,9.1000004,0.1162268
V1316M,2B,9.2000008,0.1359068
V1316M,2B,9.3000002,0.1520019
V1316M,2B,9.4000006,0.1389295
V1316M,2B,9.5,0.1205029
V1316M,2B,9.6000004,0.1260131
V1316M,2B,9.7000008,0.1241164
V1316M,2B,9.8000002,0.1406459
V1316M,2B,9.9000006,0.1219116
V1316M,2B,10.0,0.1329331
V1316M,2B,10.1000004,0.1240432
V1316M,2B,10.2000008,0.1185453
V1316M,2B,10.3000002,0.1244236
V1316M,2B,10.4000006,0.1229256
V1316M,2B,10.500001,0.1279744
V1316M,2B,10.6000004,0.126385
V1316M,2B,10.7000008,0.1287096
V1316M,2B,10.8000002,0.1242284
V1316M,2B,10.9000006,0.1103651
V1316M,2B,11.000001,0.1220781
V1316M,2B,11.1000004,0.1137817
V1316M,2B,11.2000008,0.1068831
V1316M,2B,11.3000002,0.1198058
V1316M,2B,11.4000006,0.126061
V1316M,2B,11.500001,0.1091702
V1316M,2B,11.6000004,0.1177632
V1316M,2B,11.7000008,0.1187313
V1316M,2B,11.8000002,0.1212159
V1316M,2B,11.9000006,0.156641
V1316M,2B,12.000001,0.1407591
V1316M,2B,12.1000004,0.1496159
V1316M,2B,12.2000008,0.1568252
V1316M,2B,12.3000002,0.1525013
V1316M,2B,12.4000006,0.1547169
V1316M,2B,12.500001,0.1456057
V1316M,2B,12.6000004,0.147053
V1316M,2B,12.7000008,0.1593549
V1316M,2B,12.8000002,0.15058
V1316M,2B,12.9000006,0.1406937
V1316M,2B,13.000001,0.1428861
V1316M,2B,13.1000004,0.1391966
V1316M,2B,13.2000008,0.1437022
V1316M,2B,13.3000002,0.1558091
V1316M,2B,13.4000006,0.1523695
V1316M,2B,13.500001,0.1674985
V1316M,2B,13.6000004,0.1489683
V1316M,2B,13.7000008,0.1288072
V1316M,2B,13.8000002,0.1549991
V1316M,2B,13.9000006,0.1458841
V1316M,2B,14.000001,0.1458759
V1316M,2B,14.1000004,0.1502241
V1316M,2B,14.2000008,0.1353817
V1316M,2B,14.3000011,0.1429975
V1316M,2B,14.4000006,0.1353247
V1316M,2B,14.500001,0.1538353
V1316M,2B,14.6000004,0.146086
V1316M,2B,14.7000008,0.1544379
V1316M,2B,14.8000011,0.1753592
V1316M,2B,14.9000006,0.1751069
V1316M,2B,15.000001,0.1666118
V1316M,2B,15.1000004,0.1336489
V1316M,2B,15.2000008,0.1695732
V1316M,2B,15.3000011,0.1513809
V1316M,2B,15.4000006,0.1730041
V1316M,2B,15.500001,0.1578974
V1316M,2B,15.6000004,0.1540879
V1316M,2B,15.7000008,0.1408538
V1316M,2B,15.8000011,0.1619859
V1316M,2B,15.9000006,0.1426657
V1316M,2B,16.0,0.140385
V1316M,2B,16.1000004,0.1500756
V1316M,2B,16.2000008,0.1708269
V1316M,2B,16.3000011,0.1681219
V1316M,2B,16.4000015,0.1662657
V1316M,2B,16.5,0.1519933
V1316M,2B,16.6000004,0.1655374
V1316M,2B,16.7000008,0.1510283
V1316M,2B,16.8000011,0.1616419
V1316M,2B,16.9000015,0.1830351
V1316M,2B,17.0,0.1397661
V1316M,2B,17.1000004,0.1441458
V1316M,2B,17.2000008,0.1184242
V1316M,2B,17.3000011,0.1100431
V1316M,2B,17.4000015,0.1340307
V1316M,2B,17.5,0.1274078
V1316M,2B,17.6000004,0.1406134
V1316M,2B,17.7000008,0.1193218
V1316M,2B,17.8000011,0.1333812
V1316M,2B,17.9000015,0.1368292
V1316M,2B,18.0,0.1311081
V1316M,2B,18.1000004,0.1155222
V1316M,2B,18.2000008,0.11918
V1316M,2B,18.3000011,0.1385062
V1316M,2B,18.4000015,0.1465594
V1316M,2B,18.5,0.1563929
V1316M,2B,18.6000004,0.1597071
V1316M,2B,18.7000008,0.1344304
V1316M,2B,18.8000011,0.1142818
V1316M,2B,18.9000015,0.1163147
V1316M,2B,19.0,0.149822
V1316M,2B,19.1000004,0.1443391
V1316M,2B,19.2000008,0.1802081
V1316M,2B,19.3000011,0.1443234
V1316M,2B,19.4000015,0.1710057
V1316M,2B,19.5,0.1349583
V1316M,2B,19.6000004,0.1555483
V1316M,2B,19.7000008,0.1642999
V1316M,2B,19.8000011,0.1996672
V1316M,2B,19.9000015,0.2210544
V1316M,2B,20.0,0.2408872
V1316M,2B,20.1000004,0.2082915
V1316M,2B,20.2000008,0.2260939
V1316M,2B,20.3000011,0.2348495
V1316M,2B,20.4000015,0.2345801
V1316M,2B,20.5000019,0.1997485
V1316M,2B,20.6000004,0.2086539
V1316M,2B,20.7000008,0.1533282
V1316M,2B,20.8000011,0.1739962
V1316M,2B,20.9000015,0.1467334
V1316M,2B,21.0000019,0.1545418
V1316M,2B,21.1000004,0.1734586
V1316M,2B,21.2000008,0.1325399
V1316M,2B,21.3000011,0.1562442
V1316M,2B,21.4000015,0.1454486
V1316M,2B,21.5000019,0.1774495
V1316M,2B,21.6000004,0.147171
V1316M,2B,21.7000008,0.1688817
V1316M,2B,21.8000011,0.1852075
V1316M,2B,21.9000015,0.1900932
V1316M,2B,22.0000019,0.2127782
V1316M,2B,22.1000004,0.265575
V1316M,2B,22.2000008,0.1904576
V1316M,2B,22.3000011,0.1510717
V1316M,2B,22.4000015,0.1557746
V1316M,2B,22.5000019,0.1612715
V1316M,2B,22.6000004,0.215728
V1316M,2B,22.7000008,0.2614134
V1316M,2B,22.8000011,0.2350959
V1316M,2B,22.9000015,0.2127423
V1316M,2B,23.0000019,0.227714
V1316M,2B,23.1000004,0.2565294
V1316M,2B,23.2000008,0.2557893
V1316M,2B,23.3000011,0.205646
V1316M,2B,23.4000015,0.21608
V1316M,2B,23.5000019,0.2179379
V1316M,2B,23.6000004,0.2518956
V1316M,2B,23.7000008,0.2026788
V1316M,2B,23.8000011,0.2299808
V1316M,2B,23.9000015,0.2452162
V1316M,2B,24.0000019,0.2502295
V1316M,2B,24.1000004,0.222603
V1316M,2B,24.2000008,0.2269106
V1316M,2B,24.3000011,0.238038
V1316M,2B,24.4000015,0.2647003
V1316M,2B,24.5000019,0.2581557
V1316M,2B,24.6000004,0.2522396
V1316M,2B,24.7000008,0.2398768
V1316M,2B,24.8000011,0.2483692
V1316M,2B,24.9000015,0.2807299
V1316M,2B,25.0000019,0.2735617
V1316M,2B,25.1000004,0.2649198
V1316M,2B,25.2000008,0.2195546
V1316M,2B,25.3000011,0.2170156
V1316M,2B,25.4000015,0.2927957
V1316M,2B,25.5000019,0.3124086
V1316M,2B,25.6000004,0.3063802
V1316M,2B,25.7000008,0.257615
V1316M,2B,25.8000011,0.2754626
V1316M,2B,25.9000015,0.2898376
V1316M,2B,26.0000019,0.3464036
V1316M,2B,26.1000004,0.3630356
V1316M,2B,26.2000008,0.3675527
V1316M,2B,26.3000011,0.3465744
V1316M,2B,26.4000015,0.4066022
V1316M,2B,26.5000019,0.3915029
V1316M,2B,26.6000004,0.3864758
V1316M,2B,26.7000008,0.3743089
V1316M,2B,26.8000011,0.3687185
V1316M,2B,26.9000015,0.3721926
V1316M,2B,27.0000019,0.3906333
V1316M,2B,27.1000004,0.3959145
V1316M,2B,27.2000008,0.3554893
V1316M,2B,27.3000011,0.3335378
V1316M,2B,27.4000015,0.3222502
V1316M,2B,27.5000019,0.3145062
V1316M,2B,27.6000004,0.3539636
V1316M,2B,27.7000008,0.3354969
V1316M,2B,27.8000011,0.3407593
V1316M,2B,27.9000015,0.3897733
V1316M,2B,28.0000019,0.3956634
V1316M,2B,28.1000004,0.3040295
V1316M,2B,28.2000008,0.3043015
V1316M,2B,28.3000011,0.2664183
V1316M,2B,28.4000015,0.2365306
V1316M,2B,28.5000019,0.2321667
V1316M,2B,28.6000023,0.19573
V1316M,2B,28.7000008,0.1916752
V1316M,2B,28.8000011,0.1948821
V1316M,2B,28.9000015,0.1778007
V1316M,2B,29.0000019,0.1932106
V1316M,2B,29.1000023,0.155004
V1316M,2B,29.2000008,0.1624039
V1316M,2B,29.3000011,0.138192
V1316M,2B,29.4000015,0.1439191
V1316M,2B,29.5000019,0.1589771
V1316M,2B,29.6000023,0.1520886
V1316M,2B,29.7000008,0.1413426
V1316M,2B,29.8000011,0.171818
V1316M,2B,29.9000015,0.1553392
V1316M,2B,30.0000019,0.1958004
V1316M,2B,30.1000023,0.1702894
V1316M,2B,30.2000008,0.1734629
V1316M,2B,30.3000011,0.1769055
V1316M,2B,30.4000015,0.1722429
V1316M,2B,30.5000019,0.1562972
V1316M,2B,30.6000023,0.1768034
V1316M,2B,30.7000008,0.1859632
V1316M,2B,30.8000011,0.1928368
V1316M,2B,30.9000015,0.1684782
V1316M,2B,31.0000019,0.1630564
V1316M,2B,31.1000023,0.1499313
V1316M,2B,31.2000008,0.1527373
V1316M,2B,31.3000011,0.1609286
V1316M,2B,31.4000015,0.2018361
V1316M,2B,31.5000019,0.188755
V1316M,2B,31.6000023,0.1549682
V1316M,2B,31.7000008,0.1603681
V1316M,2B,31.8000011,0.2286132
V1316M,2B,31.9000015,0.1926762
V1316M,2B,32.0,0.1434031
V1316M,2B,32.1000023,0.2302777
V1316M,2B,32.2000008,0.2058807
V1316M,2B,32.3000031,0.1527176
V1316M,2B,32.4000015,0.1900435
V1316M,2B,32.5,0.2646517
V1316M,2B,32.6000023,0.3021836
V1316M,2B,32.7000008,0.2871895
V1316M,2B,32.8000031,0.2243196
V1316M,2B,32.9000015,0.2482336
V1316M,2B,33.0,0.2671082
V1316M,2B,33.1000023,0.2680448
V1316M,2B,33.2000008,0.2852866
V1316M,2B,33.3000031,0.26849
V1316M,2B,33.4000015,0.2893282
V1316M,2B,33.5,0.2684526
V1316M,2B,33.6000023,0.2623234
V1316M,2B,33.7000008,0.2877969
V1316M,2B,33.8000031,0.2999674
V1316M,2B,33.9000015,0.2747001
V1316M,2B,34.0,0.2872153
V1316M,2B,34.1000023,0.2952852
V1316M,2B,34.2000008,0.2968048
V1316M,2B,34.3000031,0.3266911
V1316M,2B,34.4000015,0.3633019
V1316M,2B,34.5,0.3547225
V1316M,2B,34.6000023,0.3137925
V1316M,2B,34.7000008,0.3072601
V1316M,2B,34.8000031,0.3454516
V1316M,2B,34.9000015,0.3415995
V1316M,2B,35.0,0.3375695
V1316M,2B,35.1000023,0.2757259
V1316M,2B,35.2000008,0.3118502
V1316M,2B,35.3000031,0.3274246
V1316M,2B,35.4000015,0.3332433
V1316M,2B,35.5,0.3687882
V1316M,2B,35.6000023,0.3898518
V1316M,2B,35.7000008,0.3884223
V1316M,2B,35.8000031,0.3832231
V1316M,2B,35.9000015,0.3423704
V1316M,2B,36.0,0.3226624
V1316M,2B,36.1000023,0.290343
V1316M,2B,36.2000008,0.3152875
V1316M,2B,36.3000031,0.2724556
V1316M,2B,36.4000015,0.2660273
V1316M,2B,36.5,0.2890783
V1316M,2B,36.6000023,0.3666914
V1316M,2B,36.7000008,0.3495363
V1316M,2B,36.8000031,0.3530945
V1316M,2B,36.9000015,0.3569216
V1316M,2B,37.0,0.3667477
V1316M,2B,37.1000023,0.3557989
V1316M,2B,37.2000008,0.3696851
V1316M,2B,37.3000031,0.41486
V1316M,2B,37.4000015,0.4215409
V1316M,2B,37.5,0.444828
V1316M,2B,37.6000023,0.4156889
V1316M,2B,37.7000008,0.4066311
V1316M,2B,37.8000031,0.4068783
V1316M,2B,37.9000015,0.4132507
V1316M,2B,38.0,0.372307
V1316M,2B,38.1000023,0.3630144
V1316M,2B,38.2000008,0.3740106
V1316M,2B,38.3000031,0.4086772
V1316M,2B,38.4000015,0.382157
V1316M,2B,38.5,0.3709653
V1316M,2B,38.6000023,0.3960397
V1316M,2B,38.7000008,0.3890431
V1316M,2B,38.8000031,0.3822141
V1316M,2B,38.9000015,0.3855259
V1316M,2B,39.0,0.3966418
V1316M,2B,39.1000023,0.3801964
V1316M,2B,39.2000008,0.3712447
V1316M,2B,39.3000031,0.3206205
V1316M,2B,39.4000015,0.3515403
V1316M,2B,39.5,0.3198221
V1316M,2B,39.6000023,0.2994008
V1316M,2B,39.7000008,0.3113355
V1316M,2B,39.8000031,0.3676029
V1316M,2B,39.9000015,0.3638453
V1316M,2B,40.0,0.4154593
V1316M,2B,40.1000023,0.4171415
V1316M,2B,40.2000008,0.4237543
V1316M,2B,40.3000031,0.4108315
V1316M,2B,40.4000015,0.4129905
V1316M,2B,40.5000038,0.4529391
V1316M,2B,40.6000023,0.4291681
V1316M,2B,40.7000008,0.3947014
V1316M,2B,40.8000031,0.4505881
V1316M,2B,40.9000015,0.474932
V1316M,2B,41.0000038,0.4531498
V1316M,2B,41.1000023,0.4432131
V1316M,2B,41.2000008,0.4230165
V1316M,2B,41.3000031,0.4115244
V1316M,2B,41.4000015,0.4201082
V1316M,2B,41.5000038,0.4614378
V1316M,2B,41.6000023,0.4588048
V1316M,2B,41.7000008,0.4254678
V1316M,2B,41.8000031,0.4677854
V1316M,2B,41.9000015,0.4568986
V1316M,2B,42.0000038,0.4708077
V1316M,2B,42.1000023,0.4330562
V1316M,2B,42.2000008,0.4357949
V1316M,2B,42.3000031,0.4170602
V1316M,2B,42.4000015,0.4510721
V1316M,2B,42.5000038,0.4596898
V1316M,2B,42.6000023,0.4439155
V1316M,2B,42.7000008,0.4700123
V1316M,2B,42.8000031,0.4722587
V1316M,2B,42.9000015,0.4583972
V1316M,2B,43.0000038,0.4814588
V1316M,2B,43.1000023,0.4748025
V1316M,2B,43.2000008,0.4822571
V1316M,2B,43.3000031,0.4986796
V1316M,2B,43.4000015,0.4707312
V1316M,2B,43.5000038,0.4845642
V1316M,2B,43.6000023,0.4854939
V1316M,2B,43.7000008,0.4573969
V1316M,2B,43.8000031,0.4288469
V1316M,2B,43.9000015,0.4360784
V1316M,2B,44.0000038,0.3836064
V1316M,2B,44.1000023,0.4621148
V1316M,2B,44.2000008,0.4594671
V1316M,2B,44.3000031,0.446421
V1316M,2B,44.4000015,0.4316977
V1316M,2B,44.5000038,0.4194216
V1316M,2B,44.6000023,0.377973
V1316M,2B,44.7000008,0.354634
V1316M,2B,44.8000031,0.3750622
V1316M,2B,44.9000015,0.4128831
V1316M,2B,45.0000038,0.4355004
V1316M,2B,45.1000023,0.4506402
V1316M,2B,45.2000008,0.3918415
V1316M,2B,45.3000031,0.4257525
V1316M,2B,45.4000015,0.4411044
V1316M,2B,45.5000038,0.4278199
V1316M,2B,45.6000023,0.437195
V1316M,2B,45.7000008,0.4360216
V1316M,2B,45.8000031,0.4338382
V1316M,2B,45.9000015,0.4368601
V1316M,2B,46.0000038,0.3952757
V1316M,2B,46.1000023,0.3457839
V1316M,2B,46.2000008,0.4080574
V1316M,2B,46.3000031,0.3896863
V1316M,2B,46.4000015,0.365293
V1316M,2B,46.5000038,0.4321869
V1316M,2B,46.6000023,0.4528708
V1316M,2B,46.7000008,0.4260154
V1316M,2B,46.8000031,0.4287672
V1316M,2B,46.9000015,0.4441732
V1316M,2B,47.0000038,0.4522852
V1316M,2B,47.1000023,0.435376
V1316M,2B,47.2000008,0.4575596
V1316M,2B,47.3000031,0.4577739
V1316M,2B,47.4000015,0.4710643
V1316M,2B,47.5000038,0.4446531
V1316M,2B,47.6000023,0.4799501
V1316M,2B,47.7000008,0.482495
V1316M,2B,47.8000031,0.4866841
V1316M,2B,47.9000015,0.4680963
V1316M,2B,48.0000038,0.4637947
V1316M,2B,48.1000023,0.4693892
V1316M,2B,48.2000008,0.4437434
V1316M,2B,48.3000031,0.458185
V1316M,2B,48.4000015,0.4496713
V1316M,2B,48.5000038,0.4380398
V1316M,2B,48.6000023,0.4147413
V1316M,2B,48.7000008,0.4255395
V1316M,2B,48.8000031,0.4667542
V1316M,2B,48.9000015,0.4337997
V1316M,2B,49.0000038,0.4684521
V1316M,2B,49.1000023,0.464623
V1316M,2B,49.2000008,0.488219
V1316M,2B,49.3000031,0.4521307
V1316M,2B,49.4000015,0.4232332
V1316M,2B,49.5000038,0.4137573
V1316M,2B,49.6000023,0.4202283
V1316M,2B,49.7000008,0.3924369
V1316M,2B,49.8000031,0.3992828
V1316M,2B,49.9000015,0.4058733
V1316M,2B,50.0000038,0.4142735
