{
    "confidence_score": 0.6409121751785278,
    "ptm": 0.8841454386711121,
    "iptm": 0.3547099828720093,
    "ligand_iptm": 0.0,
    "protein_iptm": 0.3547099828720093,
    "complex_plddt": 0.7124626636505127,
    "complex_iplddt": 0.6125122904777527,
    "complex_pde": 0.633192241191864,
    "complex_ipde": 6.772008895874023,
    "chains_ptm": {
        "0": 0.9037162661552429,
        "1": 0.8763136267662048
    },
    "pair_chains_iptm": {
        "0": {
            "0": 0.9037162661552429,
            "1": 0.17185258865356445
        },
        "1": {
            "0": 0.3547099828720093,
            "1": 0.8763136267662048
        }
    }
}