{
    "confidence_score": 0.6673933863639832,
    "ptm": 0.8598437905311584,
    "iptm": 0.5355744957923889,
    "ligand_iptm": 0.0,
    "protein_iptm": 0.5355744957923889,
    "complex_plddt": 0.7003481388092041,
    "complex_iplddt": 0.6475471258163452,
    "complex_pde": 0.726229190826416,
    "complex_ipde": 5.237363815307617,
    "chains_ptm": {
        "0": 0.872331440448761,
        "1": 0.901074230670929
    },
    "pair_chains_iptm": {
        "0": {
            "0": 0.872331440448761,
            "1": 0.3468147814273834
        },
        "1": {
            "0": 0.5355744957923889,
            "1": 0.901074230670929
        }
    }
}