{
    "confidence_score": 0.7146744728088379,
    "ptm": 0.8192846179008484,
    "iptm": 0.5467609763145447,
    "ligand_iptm": 0.0,
    "protein_iptm": 0.5467609763145447,
    "complex_plddt": 0.75665283203125,
    "complex_iplddt": 0.7114778757095337,
    "complex_pde": 0.8773430585861206,
    "complex_ipde": 5.084688186645508,
    "chains_ptm": {
        "0": 0.8291946053504944,
        "1": 0.8863872289657593
    },
    "pair_chains_iptm": {
        "0": {
            "0": 0.8291946053504944,
            "1": 0.35005465149879456
        },
        "1": {
            "0": 0.5467609763145447,
            "1": 0.8863872289657593
        }
    }
}