{
    "confidence_score": 0.7510797381401062,
    "ptm": 0.9097098708152771,
    "iptm": 0.8228142857551575,
    "ligand_iptm": 0.0,
    "protein_iptm": 0.8228142857551575,
    "complex_plddt": 0.7331461310386658,
    "complex_iplddt": 0.7138174176216125,
    "complex_pde": 0.5139834880828857,
    "complex_ipde": 2.317117929458618,
    "chains_ptm": {
        "0": 0.913729727268219,
        "1": 0.9244060516357422
    },
    "pair_chains_iptm": {
        "0": {
            "0": 0.913729727268219,
            "1": 0.6050227284431458
        },
        "1": {
            "0": 0.8228142857551575,
            "1": 0.9244060516357422
        }
    }
}