{
    "confidence_score": 0.687359094619751,
    "ptm": 0.8082957863807678,
    "iptm": 0.6825942993164062,
    "ligand_iptm": 0.0,
    "protein_iptm": 0.6825942993164062,
    "complex_plddt": 0.6885502934455872,
    "complex_iplddt": 0.6035531163215637,
    "complex_pde": 1.0226722955703735,
    "complex_ipde": 4.429920673370361,
    "chains_ptm": {
        "0": 0.8140957951545715,
        "1": 0.8908442258834839
    },
    "pair_chains_iptm": {
        "0": {
            "0": 0.8140957951545715,
            "1": 0.4517362117767334
        },
        "1": {
            "0": 0.6825942993164062,
            "1": 0.8908442258834839
        }
    }
}