case_id,output_type,track_index,track_name,status,signed_min,signed_max,abs_max,signed_mean,peak_position
CASE_T1_001,RNA_SEQ,0,CL:0000115 total RNA-seq,paired,-2.5,4.0,4.0,-3.5492217722050273e-06,1043160
CASE_T1_001,RNA_SEQ,1,CL:0002188 total RNA-seq,paired,-4.0,4.0,4.0,-4.6285901124962946e-05,1041930
CASE_T1_001,RNA_SEQ,2,CL:0002543 total RNA-seq,paired,-3.5,3.5,3.5,-6.829861319079897e-05,1042368
CASE_T1_001,RNA_SEQ,3,CL:0002545 total RNA-seq,paired,-2.5,2.5,2.5,-3.7178067877658046e-05,1041922
CASE_T1_001,RNA_SEQ,4,CL:0002618 polyA plus RNA-seq,paired,-8.0,8.0,8.0,-0.00021931001662151958,1041893
CASE_T1_001,RNA_SEQ,5,CL:0002618 total RNA-seq,paired,-3.5,3.0,3.5,-1.95776061372527e-05,1043237
CASE_T1_001,RNA_SEQ,6,CL:1001568 total RNA-seq,paired,-5.0,5.0,5.0,-5.8815683204511775e-05,1042325
CASE_T1_001,RNA_SEQ,7,CL:2000010 total RNA-seq,paired,-4.0,4.0,4.0,-6.887181301171847e-05,1041901
CASE_T1_001,RNA_SEQ,8,CL:2000011 total RNA-seq,paired,-4.0,4.0,4.0,-2.6386068786491464e-05,1042077
CASE_T1_001,RNA_SEQ,9,CL:2000016 total RNA-seq,paired,-3.5,3.5,3.5,-7.102639339822884e-05,1042697
CASE_T1_001,RNA_SEQ,10,CL:2000018 total RNA-seq,paired,-6.0,6.0,6.0,-6.628293649850665e-05,1042312
CASE_T1_001,RNA_SEQ,11,CL:2000040 total RNA-seq,paired,-4.5,4.5,4.5,-6.406263947511656e-05,1042081
CASE_T1_001,RNA_SEQ,12,CL:2000041 total RNA-seq,paired,-4.0,4.0,4.0,-8.440776123448679e-05,1041921
CASE_T1_001,RNA_SEQ,13,CL:0000115 total RNA-seq,paired,-0.25,0.25,0.25,6.899762487860839e-05,524219
CASE_T1_001,RNA_SEQ,14,CL:0002188 total RNA-seq,paired,-0.625,0.625,0.625,7.031520972912043e-05,523817
CASE_T1_001,RNA_SEQ,15,CL:0002543 total RNA-seq,paired,-0.5,0.5,0.5,5.813244189732669e-05,499427
CASE_T1_001,RNA_SEQ,16,CL:0002545 total RNA-seq,paired,-0.21875,0.28125,0.28125,4.187624130923273e-05,524256
CASE_T1_001,RNA_SEQ,17,CL:0002618 polyA plus RNA-seq,paired,-0.6875,0.6875,0.6875,0.00012015182980399683,472940
CASE_T1_001,RNA_SEQ,18,CL:0002618 total RNA-seq,paired,-0.25,0.3125,0.3125,6.110389727724715e-05,524190
CASE_T1_001,RNA_SEQ,19,CL:1001568 total RNA-seq,paired,-0.5,0.5,0.5,5.5251095040948286e-05,497309
CASE_T1_001,RNA_SEQ,20,CL:2000010 total RNA-seq,paired,-0.625,0.625,0.625,0.00016032531449341645,499457
CASE_T1_001,RNA_SEQ,21,CL:2000011 total RNA-seq,paired,-0.625,0.625,0.625,0.00011269025327066175,499330
CASE_T1_001,RNA_SEQ,22,CL:2000016 total RNA-seq,paired,-0.4375,0.625,0.625,9.005468708096005e-05,629869
CASE_T1_001,RNA_SEQ,23,CL:2000018 total RNA-seq,paired,-0.4375,0.5,0.5,6.350878005535981e-05,524214
CASE_T1_001,RNA_SEQ,24,CL:2000040 total RNA-seq,paired,-0.5,0.5,0.5,0.00010617856535077765,499426
CASE_T1_001,RNA_SEQ,25,CL:2000041 total RNA-seq,paired,-0.625,0.625,0.625,0.00011275814727013111,497341
CASE_T1_001,RNA_SEQ,26,CL:0002618 polyA plus RNA-seq,paired,-10.0,9.0,10.0,0.0002384931910620853,1041939
CASE_T1_001,SPLICE_SITE_USAGE,0,usage_CL:0000115 total RNA-seq,paired,-0.00390625,0.00390625,0.00390625,-1.0398246049319053e-08,705933
CASE_T1_001,SPLICE_SITE_USAGE,1,usage_CL:0002188 total RNA-seq,paired,-0.00390625,0.00390625,0.00390625,-4.834013634692769e-09,741643
CASE_T1_001,SPLICE_SITE_USAGE,2,usage_CL:0002543 total RNA-seq,paired,-0.00390625,0.00390625,0.00390625,-1.7641570180929912e-08,705933
CASE_T1_001,SPLICE_SITE_USAGE,3,usage_CL:0002545 total RNA-seq,paired,-0.005859375,0.00390625,0.005859375,-1.4031060006729473e-08,821237
CASE_T1_001,SPLICE_SITE_USAGE,4,usage_CL:0002618 polyA plus RNA-seq,paired,-0.005859375,0.00390625,0.005859375,-1.853207719877334e-09,821237
CASE_T1_001,SPLICE_SITE_USAGE,5,usage_CL:0002618 total RNA-seq,paired,-0.0048828125,0.00390625,0.0048828125,4.623101380885064e-09,821237
CASE_T1_001,SPLICE_SITE_USAGE,6,usage_CL:1001568 total RNA-seq,paired,-0.005859375,0.00390625,0.005859375,-8.716153317872045e-09,821237
CASE_T1_001,SPLICE_SITE_USAGE,7,usage_CL:2000010 total RNA-seq,paired,-0.005859375,0.00390625,0.005859375,-9.48166188692221e-09,821237
CASE_T1_001,SPLICE_SITE_USAGE,8,usage_CL:2000011 total RNA-seq,paired,-0.005859375,0.00390625,0.005859375,-1.59119217801873e-09,821237
CASE_T1_001,SPLICE_SITE_USAGE,9,usage_CL:2000016 total RNA-seq,paired,-0.005859375,0.00390625,0.005859375,-3.2080853190966097e-08,821237
CASE_T1_001,SPLICE_SITE_USAGE,10,usage_CL:2000018 total RNA-seq,paired,-0.00390625,0.00390625,0.00390625,2.6208905863720627e-09,743131
CASE_T1_001,SPLICE_SITE_USAGE,11,usage_CL:2000040 total RNA-seq,paired,-0.00390625,0.00390625,0.00390625,-9.635380002280102e-10,740933
CASE_T1_001,SPLICE_SITE_USAGE,12,usage_CL:2000041 total RNA-seq,paired,-0.005859375,0.00390625,0.005859375,-1.1047318060911299e-08,821237
CASE_T1_001,SPLICE_SITE_USAGE,13,usage_CL:0000115 total RNA-seq,paired,-0.0048828125,0.0078125,0.0078125,4.313978953024927e-09,249525
CASE_T1_001,SPLICE_SITE_USAGE,14,usage_CL:0002188 total RNA-seq,paired,-0.0048828125,0.0078125,0.0078125,3.794453879266495e-08,244685
CASE_T1_001,SPLICE_SITE_USAGE,15,usage_CL:0002543 total RNA-seq,paired,-0.0048828125,0.0078125,0.0078125,1.712625359138576e-08,244685
CASE_T1_001,SPLICE_SITE_USAGE,16,usage_CL:0002545 total RNA-seq,paired,-0.0078125,0.0078125,0.0078125,4.476958244764756e-08,249525
CASE_T1_001,SPLICE_SITE_USAGE,17,usage_CL:0002618 polyA plus RNA-seq,paired,-0.005859375,0.0078125,0.0078125,2.1698606321363415e-08,81202
CASE_T1_001,SPLICE_SITE_USAGE,18,usage_CL:0002618 total RNA-seq,paired,-0.0078125,0.0078125,0.0078125,1.876650449597355e-08,244685
CASE_T1_001,SPLICE_SITE_USAGE,19,usage_CL:1001568 total RNA-seq,paired,-0.0068359375,0.0078125,0.0078125,2.3964965364596407e-08,244685
CASE_T1_001,SPLICE_SITE_USAGE,20,usage_CL:2000010 total RNA-seq,paired,-0.005859375,0.005859375,0.005859375,2.0980444101932464e-08,948914
CASE_T1_001,SPLICE_SITE_USAGE,21,usage_CL:2000011 total RNA-seq,paired,-0.0068359375,0.0078125,0.0078125,7.615084414936684e-10,244685
CASE_T1_001,SPLICE_SITE_USAGE,22,usage_CL:2000016 total RNA-seq,paired,-0.0048828125,0.0078125,0.0078125,3.305073733473818e-08,615742
CASE_T1_001,SPLICE_SITE_USAGE,23,usage_CL:2000018 total RNA-seq,paired,-0.0078125,0.0078125,0.0078125,-9.456500543824629e-09,249525
CASE_T1_001,SPLICE_SITE_USAGE,24,usage_CL:2000040 total RNA-seq,paired,-0.005859375,0.0078125,0.0078125,2.146647459543183e-08,244685
CASE_T1_001,SPLICE_SITE_USAGE,25,usage_CL:2000041 total RNA-seq,paired,-0.005859375,0.0078125,0.0078125,2.328153187983459e-08,244685
CASE_T1_001,SPLICE_JUNCTIONS,0,junction_CL:0000115 total RNA-seq,paired,-0.02512592077255249,0.023473262786865234,0.02512592077255249,2.056066731754501e-05,10656
CASE_T1_001,SPLICE_JUNCTIONS,1,junction_CL:0002188 total RNA-seq,paired,-0.029195785522460938,0.03334522247314453,0.03334522247314453,3.4913070828663514e-05,12774
CASE_T1_001,SPLICE_JUNCTIONS,2,junction_CL:0002543 total RNA-seq,paired,-0.037200927734375,0.04112863540649414,0.04112863540649414,6.87019797291906e-05,2692
CASE_T1_001,SPLICE_JUNCTIONS,3,junction_CL:0002545 total RNA-seq,paired,-0.03877830505371094,0.0313340425491333,0.03877830505371094,5.030791496140263e-05,10656
CASE_T1_001,SPLICE_JUNCTIONS,4,junction_CL:0002618 polyA plus RNA-seq,paired,-0.028751134872436523,0.03221940994262695,0.03221940994262695,4.4052903946933126e-05,2417
CASE_T1_001,SPLICE_JUNCTIONS,5,junction_CL:0002618 total RNA-seq,paired,-0.027869224548339844,0.03041362762451172,0.03041362762451172,4.305383501591629e-05,12774
CASE_T1_001,SPLICE_JUNCTIONS,6,junction_CL:1001568 total RNA-seq,paired,-0.0344996452331543,0.03116166591644287,0.0344996452331543,5.015479079739051e-05,10656
CASE_T1_001,SPLICE_JUNCTIONS,7,junction_CL:2000010 total RNA-seq,paired,-0.036515235900878906,0.04880189895629883,0.04880189895629883,7.88747490563537e-05,2692
CASE_T1_001,SPLICE_JUNCTIONS,8,junction_CL:2000011 total RNA-seq,paired,-0.03714752197265625,0.04363393783569336,0.04363393783569336,7.016652591863864e-05,2692
CASE_T1_001,SPLICE_JUNCTIONS,9,junction_CL:2000016 total RNA-seq,paired,-0.03412771224975586,0.048569440841674805,0.048569440841674805,7.102350198414978e-05,2692
CASE_T1_001,SPLICE_JUNCTIONS,10,junction_CL:2000018 total RNA-seq,paired,-0.03509807586669922,0.03146076202392578,0.03509807586669922,4.735670114310619e-05,10806
CASE_T1_001,SPLICE_JUNCTIONS,11,junction_CL:2000040 total RNA-seq,paired,-0.038315773010253906,0.0442051887512207,0.0442051887512207,8.021878459667887e-05,2692
CASE_T1_001,SPLICE_JUNCTIONS,12,junction_CL:2000041 total RNA-seq,paired,-0.043239593505859375,0.046300411224365234,0.046300411224365234,8.003763237664833e-05,2692
CASE_T1_001,DNASE,0,CL:0000115 DNase-seq,paired,-0.375,0.15625,0.375,2.089981276043318e-06,784284
CASE_T1_001,DNASE,1,CL:0002618 DNase-seq,paired,-0.25,0.25,0.25,1.5665531060283524e-05,686007
CASE_T1_001,DNASE,2,CL:1000892 DNase-seq,paired,-0.0625,0.0625,0.0625,5.658530170649101e-06,250847
CASE_T1_001,DNASE,3,CL:1001568 DNase-seq,paired,-0.25,0.1875,0.25,1.4187708430740128e-05,622240
CASE_T1_001,DNASE,4,CL:2000010 DNase-seq,paired,-0.75,0.5,0.75,1.6429589692000384e-05,971060
CASE_T1_001,DNASE,5,CL:2000016 DNase-seq,paired,-0.75,2.0,2.0,1.3282289220484245e-05,1039779
CASE_T1_001,DNASE,6,CL:2000041 DNase-seq,paired,-0.625,0.75,0.75,2.417696491826437e-05,841760
CASE_T1_001,DNASE,7,CL:2000044 DNase-seq,paired,-0.25,0.5,0.5,1.253454137381451e-05,250847
CASE_T1_001,CHIP_TF,0,CL:0000115 TF ChIP-seq CTCF,paired,-16.0,4.0,16.0,-0.004222869873046875,6177
CASE_T1_001,CHIP_TF,1,CL:0002618 TF ChIP-seq CTCF,paired,-8.0,64.0,64.0,0.0182342529296875,3860
CASE_T1_001,CHIP_TF,2,CL:0002618 TF ChIP-seq FOS,paired,-12.0,12.0,12.0,0.00276947021484375,4859
CASE_T1_001,CHIP_TF,3,CL:0002618 TF ChIP-seq GATA2,paired,-8.0,40.0,40.0,0.00543975830078125,5160
CASE_T1_001,CHIP_TF,4,CL:0002618 TF ChIP-seq JUN,paired,-6.0,32.0,32.0,0.0117340087890625,5260
CASE_T1_001,CHIP_TF,5,CL:0002618 TF ChIP-seq MAX,paired,-4.0,8.0,8.0,0.00164031982421875,6949
CASE_T1_001,CHIP_TF,6,CL:0002618 TF ChIP-seq MYC,paired,-16.0,32.0,32.0,0.0055751800537109375,8116
CASE_T1_001,CHIP_TF,7,CL:0002618 TF ChIP-seq POLR2A,paired,-24.0,32.0,32.0,0.012084484100341797,7625
CASE_T1_001,CHIP_TF,8,CL:0002618 TF ChIP-seq POLR2AphosphoS5,paired,-16.0,32.0,32.0,0.00940704345703125,8172
CASE_T1_001,CHIP_TF,9,CL:2000044 TF ChIP-seq CTCF,paired,-80.0,64.0,80.0,0.0068817138671875,3861
CASE_T1_001,CAGE,0,hCAGE CL:0002138,paired,-32.0,64.0,64.0,9.884842390117665e-05,1039883
CASE_T1_001,CAGE,1,hCAGE CL:0002144,paired,-64.0,128.0,128.0,9.211941537179413e-05,1039886
CASE_T1_001,CAGE,2,hCAGE CL:0002188,paired,-32.0,96.0,96.0,0.0001312534007414934,1039883
CASE_T1_001,CAGE,3,hCAGE CL:0002543,paired,-20.0,32.0,32.0,0.00016570899964191144,1039882
CASE_T1_001,CAGE,4,hCAGE CL:0002544,paired,-32.0,64.0,64.0,0.00018996724446523894,1039883
CASE_T1_001,CAGE,5,hCAGE CL:0002545,paired,-16.0,128.0,128.0,0.0002609496155776547,1039883
CASE_T1_001,CAGE,6,hCAGE CL:0002588,paired,-12.0,384.0,384.0,0.0007105529686965428,1039886
CASE_T1_001,CAGE,7,hCAGE CL:0002618,paired,-32.0,256.0,256.0,0.00024263116512216604,1039884
CASE_T1_001,CAGE,8,hCAGE CL:1000413,paired,-64.0,384.0,384.0,0.00042341884510566086,1039886
CASE_T1_001,CAGE,9,hCAGE CL:0002138,paired,-8.0,8.0,8.0,7.567778518643986e-05,629908
CASE_T1_001,CAGE,10,hCAGE CL:0002144,paired,-16.0,8.0,16.0,0.00010005524784334474,847395
CASE_T1_001,CAGE,11,hCAGE CL:0002188,paired,-6.0,24.0,24.0,0.00013904076543413968,998630
CASE_T1_001,CAGE,12,hCAGE CL:0002543,paired,-4.0,24.0,24.0,0.00012793427860136042,998630
CASE_T1_001,CAGE,13,hCAGE CL:0002544,paired,-6.0,8.0,8.0,0.00010991550324834787,629954
CASE_T1_001,CAGE,14,hCAGE CL:0002545,paired,-8.0,12.0,12.0,0.00017390814013573674,629954
CASE_T1_001,CAGE,15,hCAGE CL:0002588,paired,-12.0,12.0,12.0,8.092150329006009e-05,847395
CASE_T1_001,CAGE,16,hCAGE CL:0002618,paired,-6.0,10.0,10.0,8.351411053557356e-05,630038
CASE_T1_001,CAGE,17,hCAGE CL:1000413,paired,-5.0,20.0,20.0,0.0001420385949048586,847444
CASE_T1_001,PROCAP,0,ENCSR801ECP,paired,-32.0,4.0,32.0,-1.8092063085548005e-05,1039887
CASE_T1_001,PROCAP,1,ENCSR801ECP,paired,-3.0,6.0,6.0,2.7265385607933013e-05,976044
CASE_T1_001,CHIP_HISTONE,0,CL:0002618 Histone ChIP-seq H2AFZ,paired,-12.0,16.0,16.0,0.01433563232421875,7627
CASE_T1_001,CHIP_HISTONE,1,CL:0002618 Histone ChIP-seq H3K27ac,paired,-48.0,64.0,64.0,0.016118407249450684,4864
CASE_T1_001,CHIP_HISTONE,2,CL:0002618 Histone ChIP-seq H3K27me3,paired,-4.0,4.0,4.0,0.004177093505859375,3517
CASE_T1_001,CHIP_HISTONE,3,CL:0002618 Histone ChIP-seq H3K36me3,paired,-16.0,16.0,16.0,0.028293609619140625,4100
CASE_T1_001,CHIP_HISTONE,4,CL:0002618 Histone ChIP-seq H3K4me1,paired,-12.0,24.0,24.0,0.036243438720703125,5355
CASE_T1_001,CHIP_HISTONE,5,CL:0002618 Histone ChIP-seq H3K4me2,paired,-16.0,32.0,32.0,0.023136138916015625,6606
CASE_T1_001,CHIP_HISTONE,6,CL:0002618 Histone ChIP-seq H3K4me3,paired,-32.0,32.0,32.0,-0.00506591796875,5520
CASE_T1_001,CHIP_HISTONE,7,CL:0002618 Histone ChIP-seq H3K79me2,paired,-24.0,12.0,24.0,-0.0060176849365234375,6600
CASE_T1_001,CHIP_HISTONE,8,CL:0002618 Histone ChIP-seq H3K9ac,paired,-96.0,64.0,96.0,0.012439727783203125,8126
CASE_T1_001,CHIP_HISTONE,9,CL:2000044 Histone ChIP-seq H3K27ac,paired,-32.0,8.0,32.0,-0.01416015625,8121
CASE_T1_001,CHIP_HISTONE,10,CL:2000044 Histone ChIP-seq H3K36me3,paired,-4.0,4.0,4.0,-0.006717681884765625,5793
CASE_T1_001,CHIP_HISTONE,11,CL:2000044 Histone ChIP-seq H3K4me3,paired,-320.0,512.0,512.0,0.0044689178466796875,7799
CASE_T1_001,SPLICE_SITES,0,donor,paired,-0.0078125,0.0078125,0.0078125,-1.2484586555359944e-07,737762
CASE_T1_001,SPLICE_SITES,1,acceptor,paired,-0.009765625,0.0078125,0.009765625,2.855334412660282e-08,741539
CASE_T1_001,SPLICE_SITES,2,donor,paired,-0.0078125,0.0078125,0.0078125,7.134081878718002e-08,476963
CASE_T1_001,SPLICE_SITES,3,acceptor,paired,-0.0078125,0.01708984375,0.01708984375,7.268147107775125e-08,524272
CASE_T1_002,RNA_SEQ,0,CL:0000115 total RNA-seq,paired,-0.375,0.75,0.75,1.5961657668317475e-05,1038374
CASE_T1_002,RNA_SEQ,1,CL:0002188 total RNA-seq,paired,-0.625,0.625,0.625,2.4786338113981315e-05,753603
CASE_T1_002,RNA_SEQ,2,CL:0002543 total RNA-seq,paired,-0.375,0.5,0.5,1.8090178133711027e-05,1038450
CASE_T1_002,RNA_SEQ,3,CL:0002545 total RNA-seq,paired,-0.3125,0.375,0.375,9.235585123092138e-06,1038355
CASE_T1_002,RNA_SEQ,4,CL:0002618 polyA plus RNA-seq,paired,-0.625,0.875,0.875,4.811997402846727e-05,761497
CASE_T1_002,RNA_SEQ,5,CL:0002618 total RNA-seq,paired,-0.3125,0.625,0.625,2.0029132445021497e-05,1038407
CASE_T1_002,RNA_SEQ,6,CL:1001568 total RNA-seq,paired,-0.375,0.625,0.625,3.185343525862155e-05,763319
CASE_T1_002,RNA_SEQ,7,CL:2000010 total RNA-seq,paired,-0.5,0.5,0.5,1.63301493052008e-05,753555
CASE_T1_002,RNA_SEQ,8,CL:2000011 total RNA-seq,paired,-1.25,1.0,1.25,1.7140230185762936e-05,1038517
CASE_T1_002,RNA_SEQ,9,CL:2000016 total RNA-seq,paired,-1.75,1.75,1.75,2.51790518868407e-05,1038496
CASE_T1_002,RNA_SEQ,10,CL:2000018 total RNA-seq,paired,-0.75,2.0,2.0,4.3432744256829275e-05,1038355
CASE_T1_002,RNA_SEQ,11,CL:2000040 total RNA-seq,paired,-0.75,1.25,1.25,3.571455012150109e-05,1038373
CASE_T1_002,RNA_SEQ,12,CL:2000041 total RNA-seq,paired,-0.75,0.75,0.75,2.050767073224775e-05,1038337
CASE_T1_002,RNA_SEQ,13,CL:0000115 total RNA-seq,paired,-0.1875,0.1875,0.1875,2.2009068666381526e-05,522142
CASE_T1_002,RNA_SEQ,14,CL:0002188 total RNA-seq,paired,-0.625,0.625,0.625,0.00010797781140163467,522202
CASE_T1_002,RNA_SEQ,15,CL:0002543 total RNA-seq,paired,-0.5,0.5,0.5,8.351999704656055e-05,522596
CASE_T1_002,RNA_SEQ,16,CL:0002545 total RNA-seq,paired,-0.21875,0.21875,0.21875,4.856650335914592e-05,522177
CASE_T1_002,RNA_SEQ,17,CL:0002618 polyA plus RNA-seq,paired,-0.6875,0.6875,0.6875,0.0001154270850796587,477127
CASE_T1_002,RNA_SEQ,18,CL:0002618 total RNA-seq,paired,-0.1875,0.1875,0.1875,5.6970011880887704e-05,477268
CASE_T1_002,RNA_SEQ,19,CL:1001568 total RNA-seq,paired,-0.5,0.5,0.5,0.00012564679270987006,504195
CASE_T1_002,RNA_SEQ,20,CL:2000010 total RNA-seq,paired,-0.75,0.875,0.875,0.00013227688533464562,638464
CASE_T1_002,RNA_SEQ,21,CL:2000011 total RNA-seq,paired,-0.625,0.625,0.625,0.00010267273053837789,521986
CASE_T1_002,RNA_SEQ,22,CL:2000016 total RNA-seq,paired,-0.625,0.625,0.625,8.816749783189886e-05,649262
CASE_T1_002,RNA_SEQ,23,CL:2000018 total RNA-seq,paired,-0.4375,0.4375,0.4375,8.138230418651936e-05,481608
CASE_T1_002,RNA_SEQ,24,CL:2000040 total RNA-seq,paired,-0.5,0.5,0.5,0.00010543983481006301,522125
CASE_T1_002,RNA_SEQ,25,CL:2000041 total RNA-seq,paired,-0.625,0.625,0.625,0.00011020842311429717,520047
CASE_T1_002,RNA_SEQ,26,CL:0002618 polyA plus RNA-seq,paired,-0.5,0.75,0.75,0.0001101088994565188,763591
CASE_T1_002,SPLICE_SITE_USAGE,0,usage_CL:0000115 total RNA-seq,paired,-0.0078125,0.005859375,0.0078125,-1.5822917087682242e-08,840435
CASE_T1_002,SPLICE_SITE_USAGE,1,usage_CL:0002188 total RNA-seq,paired,-0.005859375,0.00390625,0.005859375,-1.25289156549524e-08,840435
CASE_T1_002,SPLICE_SITE_USAGE,2,usage_CL:0002543 total RNA-seq,paired,-0.0029296875,0.00390625,0.00390625,2.8582268496446517e-09,760800
CASE_T1_002,SPLICE_SITE_USAGE,3,usage_CL:0002545 total RNA-seq,paired,-0.00390625,0.00390625,0.00390625,-1.012148531653878e-09,840435
CASE_T1_002,SPLICE_SITE_USAGE,4,usage_CL:0002618 polyA plus RNA-seq,paired,-0.00390625,0.00390625,0.00390625,8.630257730679602e-09,840435
CASE_T1_002,SPLICE_SITE_USAGE,5,usage_CL:0002618 total RNA-seq,paired,-0.00390625,0.00390625,0.00390625,-2.624255562855282e-09,763547
CASE_T1_002,SPLICE_SITE_USAGE,6,usage_CL:1001568 total RNA-seq,paired,-0.00390625,0.00390625,0.00390625,-8.33940963507196e-09,840435
CASE_T1_002,SPLICE_SITE_USAGE,7,usage_CL:2000010 total RNA-seq,paired,-0.00390625,0.00390625,0.00390625,-1.5800047520331262e-08,840230
CASE_T1_002,SPLICE_SITE_USAGE,8,usage_CL:2000011 total RNA-seq,paired,-0.00390625,0.00390625,0.00390625,-5.6625745759042445e-09,763547
CASE_T1_002,SPLICE_SITE_USAGE,9,usage_CL:2000016 total RNA-seq,paired,-0.00390625,0.00390625,0.00390625,8.702614101574468e-09,753605
CASE_T1_002,SPLICE_SITE_USAGE,10,usage_CL:2000018 total RNA-seq,paired,-0.00390625,0.00390625,0.00390625,-5.267686176146924e-09,840435
CASE_T1_002,SPLICE_SITE_USAGE,11,usage_CL:2000040 total RNA-seq,paired,-0.00390625,0.00390625,0.00390625,2.208458693697679e-09,840435
CASE_T1_002,SPLICE_SITE_USAGE,12,usage_CL:2000041 total RNA-seq,paired,-0.005859375,0.00390625,0.005859375,-9.847831966558473e-09,840435
CASE_T1_002,SPLICE_SITE_USAGE,13,usage_CL:0000115 total RNA-seq,paired,-0.0078125,0.005859375,0.0078125,7.948821829917296e-09,876873
CASE_T1_002,SPLICE_SITE_USAGE,14,usage_CL:0002188 total RNA-seq,paired,-0.0078125,0.005859375,0.0078125,3.643419406451631e-09,877076
CASE_T1_002,SPLICE_SITE_USAGE,15,usage_CL:0002543 total RNA-seq,paired,-0.0078125,0.00390625,0.0078125,1.7919862232984585e-08,140727
CASE_T1_002,SPLICE_SITE_USAGE,16,usage_CL:0002545 total RNA-seq,paired,-0.005859375,0.005859375,0.005859375,-1.0913162297454537e-08,877076
CASE_T1_002,SPLICE_SITE_USAGE,17,usage_CL:0002618 polyA plus RNA-seq,paired,-0.0078125,0.00390625,0.0078125,-1.826018354578185e-08,140727
CASE_T1_002,SPLICE_SITE_USAGE,18,usage_CL:0002618 total RNA-seq,paired,-0.005859375,0.005859375,0.005859375,5.233781500552093e-08,140727
CASE_T1_002,SPLICE_SITE_USAGE,19,usage_CL:1001568 total RNA-seq,paired,-0.0078125,0.0078125,0.0078125,-2.3787774250383364e-09,140727
CASE_T1_002,SPLICE_SITE_USAGE,20,usage_CL:2000010 total RNA-seq,paired,-0.0078125,0.00390625,0.0078125,-1.832572610327432e-08,140727
CASE_T1_002,SPLICE_SITE_USAGE,21,usage_CL:2000011 total RNA-seq,paired,-0.0078125,0.00390625,0.0078125,1.5435458675105984e-09,140727
CASE_T1_002,SPLICE_SITE_USAGE,22,usage_CL:2000016 total RNA-seq,paired,-0.0078125,0.00390625,0.0078125,4.786223216368679e-09,140727
CASE_T1_002,SPLICE_SITE_USAGE,23,usage_CL:2000018 total RNA-seq,paired,-0.0078125,0.005859375,0.0078125,-1.7155334583462967e-08,877076
CASE_T1_002,SPLICE_SITE_USAGE,24,usage_CL:2000040 total RNA-seq,paired,-0.0078125,0.0078125,0.0078125,7.972469552586237e-09,877076
CASE_T1_002,SPLICE_SITE_USAGE,25,usage_CL:2000041 total RNA-seq,paired,-0.0078125,0.00390625,0.0078125,-6.299461348391322e-09,877076
CASE_T1_002,SPLICE_JUNCTIONS,0,junction_CL:0000115 total RNA-seq,paired,-0.01593923568725586,0.026683807373046875,0.026683807373046875,2.956300266998829e-05,11440
CASE_T1_002,SPLICE_JUNCTIONS,1,junction_CL:0002188 total RNA-seq,paired,-0.02547168731689453,0.02376842498779297,0.02547168731689453,4.967090982262584e-05,2066
CASE_T1_002,SPLICE_JUNCTIONS,2,junction_CL:0002543 total RNA-seq,paired,-0.03938758373260498,0.04012918472290039,0.04012918472290039,8.794804866814852e-05,11439
CASE_T1_002,SPLICE_JUNCTIONS,3,junction_CL:0002545 total RNA-seq,paired,-0.02569580078125,0.03366374969482422,0.03366374969482422,6.492423510522404e-05,11439
CASE_T1_002,SPLICE_JUNCTIONS,4,junction_CL:0002618 polyA plus RNA-seq,paired,-0.02767479419708252,0.026675939559936523,0.02767479419708252,5.5329998329479975e-05,770
CASE_T1_002,SPLICE_JUNCTIONS,5,junction_CL:0002618 total RNA-seq,paired,-0.024507522583007812,0.026395797729492188,0.026395797729492188,4.7906579692153944e-05,11440
CASE_T1_002,SPLICE_JUNCTIONS,6,junction_CL:1001568 total RNA-seq,paired,-0.0349574089050293,0.03670644760131836,0.03670644760131836,6.197511255898868e-05,11439
CASE_T1_002,SPLICE_JUNCTIONS,7,junction_CL:2000010 total RNA-seq,paired,-0.04863452911376953,0.04866170883178711,0.04866170883178711,0.00012040200487663357,11439
CASE_T1_002,SPLICE_JUNCTIONS,8,junction_CL:2000011 total RNA-seq,paired,-0.05172252655029297,0.037489891052246094,0.05172252655029297,0.00010641942822583542,2239
CASE_T1_002,SPLICE_JUNCTIONS,9,junction_CL:2000016 total RNA-seq,paired,-0.05239582061767578,0.04412841796875,0.05239582061767578,0.00012101887950569749,2239
CASE_T1_002,SPLICE_JUNCTIONS,10,junction_CL:2000018 total RNA-seq,paired,-0.026947975158691406,0.029914140701293945,0.029914140701293945,5.731304528310005e-05,1316
CASE_T1_002,SPLICE_JUNCTIONS,11,junction_CL:2000040 total RNA-seq,paired,-0.042604923248291016,0.040164947509765625,0.042604923248291016,8.649094292311983e-05,2239
CASE_T1_002,SPLICE_JUNCTIONS,12,junction_CL:2000041 total RNA-seq,paired,-0.0531463623046875,0.049558162689208984,0.0531463623046875,0.0001355053168090827,2239
CASE_T1_002,DNASE,0,CL:0000115 DNase-seq,paired,-0.25,0.1875,0.25,5.956993263112054e-07,516860
CASE_T1_002,DNASE,1,CL:0002618 DNase-seq,paired,-0.375,0.25,0.375,3.453807094944963e-06,998812
CASE_T1_002,DNASE,2,CL:1000892 DNase-seq,paired,-0.0625,0.0625,0.0625,2.9310086233635957e-06,708444
CASE_T1_002,DNASE,3,CL:1001568 DNase-seq,paired,-0.25,0.25,0.25,4.50270490693214e-06,998812
CASE_T1_002,DNASE,4,CL:2000010 DNase-seq,paired,-0.5,1.0,1.0,3.5799455185074926e-06,1022043
CASE_T1_002,DNASE,5,CL:2000016 DNase-seq,paired,-0.5,1.0,1.0,4.4454292993378886e-06,1022126
CASE_T1_002,DNASE,6,CL:2000041 DNase-seq,paired,-0.75,0.625,0.75,6.0495045277633675e-06,273550
CASE_T1_002,DNASE,7,CL:2000044 DNase-seq,paired,-0.75,0.5,0.75,5.564627937117671e-06,1021354
CASE_T1_002,CHIP_TF,0,CL:0000115 TF ChIP-seq CTCF,paired,-16.0,32.0,32.0,-0.000911712646484375,4619
CASE_T1_002,CHIP_TF,1,CL:0002618 TF ChIP-seq CTCF,paired,-96.0,16.0,96.0,-0.021961212158203125,4619
CASE_T1_002,CHIP_TF,2,CL:0002618 TF ChIP-seq FOS,paired,-48.0,6.0,48.0,-0.004985809326171875,5438
CASE_T1_002,CHIP_TF,3,CL:0002618 TF ChIP-seq GATA2,paired,-8.0,8.0,8.0,0.00717926025390625,893
CASE_T1_002,CHIP_TF,4,CL:0002618 TF ChIP-seq JUN,paired,-8.0,16.0,16.0,0.00675201416015625,5437
CASE_T1_002,CHIP_TF,5,CL:0002618 TF ChIP-seq MAX,paired,-8.0,8.0,8.0,0.001247406005859375,4382
CASE_T1_002,CHIP_TF,6,CL:0002618 TF ChIP-seq MYC,paired,-8.0,48.0,48.0,0.011118121445178986,5535
CASE_T1_002,CHIP_TF,7,CL:0002618 TF ChIP-seq POLR2A,paired,-4.0,48.0,48.0,0.006412506103515625,7802
CASE_T1_002,CHIP_TF,8,CL:0002618 TF ChIP-seq POLR2AphosphoS5,paired,-32.0,32.0,32.0,0.00992584228515625,5038
CASE_T1_002,CHIP_TF,9,CL:2000044 TF ChIP-seq CTCF,paired,-16.0,192.0,192.0,0.03903961181640625,4425
CASE_T1_002,CAGE,0,hCAGE CL:0002138,paired,-12.0,12.0,12.0,6.810186183348055e-05,728445
CASE_T1_002,CAGE,1,hCAGE CL:0002144,paired,-24.0,8.0,24.0,6.910724247133349e-05,728471
CASE_T1_002,CAGE,2,hCAGE CL:0002188,paired,-16.0,16.0,16.0,9.762308013305798e-05,728457
CASE_T1_002,CAGE,3,hCAGE CL:0002543,paired,-4.0,10.0,10.0,8.001026967541236e-05,728468
CASE_T1_002,CAGE,4,hCAGE CL:0002544,paired,-16.0,32.0,32.0,8.698073596957734e-05,728470
CASE_T1_002,CAGE,5,hCAGE CL:0002545,paired,-32.0,8.0,32.0,6.337853060611742e-05,728471
CASE_T1_002,CAGE,6,hCAGE CL:0002588,paired,-8.0,12.0,12.0,1.131053159816875e-05,912239
CASE_T1_002,CAGE,7,hCAGE CL:0002618,paired,-16.0,8.0,16.0,3.372745264310084e-05,728471
CASE_T1_002,CAGE,8,hCAGE CL:1000413,paired,-4.0,32.0,32.0,0.00012351204074079192,728469
CASE_T1_002,CAGE,9,hCAGE CL:0002138,paired,-12.0,4.0,12.0,-9.43936001396306e-06,652741
CASE_T1_002,CAGE,10,hCAGE CL:0002144,paired,-6.0,4.0,6.0,-3.402720156309158e-06,652632
CASE_T1_002,CAGE,11,hCAGE CL:0002188,paired,-8.0,4.0,8.0,-1.3080519098429555e-05,652632
CASE_T1_002,CAGE,12,hCAGE CL:0002543,paired,-4.0,8.0,8.0,3.834732558227749e-05,652656
CASE_T1_002,CAGE,13,hCAGE CL:0002544,paired,-6.0,16.0,16.0,2.3604959549672344e-05,998748
CASE_T1_002,CAGE,14,hCAGE CL:0002545,paired,-16.0,16.0,16.0,-4.110175682114914e-05,998748
CASE_T1_002,CAGE,15,hCAGE CL:0002588,paired,-6.0,4.0,6.0,6.157373942286548e-06,1021335
CASE_T1_002,CAGE,16,hCAGE CL:0002618,paired,-8.0,8.0,8.0,-7.086639699671604e-06,652632
CASE_T1_002,CAGE,17,hCAGE CL:1000413,paired,-8.0,8.0,8.0,5.300700869348418e-07,998748
CASE_T1_002,PROCAP,0,ENCSR801ECP,paired,-2.5,4.0,4.0,9.269863879141083e-06,912233
CASE_T1_002,PROCAP,1,ENCSR801ECP,paired,-3.0,4.0,4.0,-1.7350584935349467e-05,1021871
CASE_T1_002,CHIP_HISTONE,0,CL:0002618 Histone ChIP-seq H2AFZ,paired,-12.0,12.0,12.0,0.0016536712646484375,7123
CASE_T1_002,CHIP_HISTONE,1,CL:0002618 Histone ChIP-seq H3K27ac,paired,-48.0,48.0,48.0,-0.0059070587158203125,5429
CASE_T1_002,CHIP_HISTONE,2,CL:0002618 Histone ChIP-seq H3K27me3,paired,-6.0,4.0,6.0,0.006692409515380859,6081
CASE_T1_002,CHIP_HISTONE,3,CL:0002618 Histone ChIP-seq H3K36me3,paired,-12.0,12.0,12.0,-0.010608673095703125,4403
CASE_T1_002,CHIP_HISTONE,4,CL:0002618 Histone ChIP-seq H3K4me1,paired,-16.0,12.0,16.0,0.002841949462890625,5031
CASE_T1_002,CHIP_HISTONE,5,CL:0002618 Histone ChIP-seq H3K4me2,paired,-32.0,40.0,40.0,0.011144638061523438,6781
CASE_T1_002,CHIP_HISTONE,6,CL:0002618 Histone ChIP-seq H3K4me3,paired,-96.0,24.0,96.0,-0.0071163177490234375,6794
CASE_T1_002,CHIP_HISTONE,7,CL:0002618 Histone ChIP-seq H3K79me2,paired,-32.0,16.0,32.0,0.035396575927734375,6790
CASE_T1_002,CHIP_HISTONE,8,CL:0002618 Histone ChIP-seq H3K9ac,paired,-48.0,48.0,48.0,-0.01206207275390625,5095
CASE_T1_002,CHIP_HISTONE,9,CL:2000044 Histone ChIP-seq H3K27ac,paired,-20.0,24.0,24.0,-0.0030660629272460938,6794
CASE_T1_002,CHIP_HISTONE,10,CL:2000044 Histone ChIP-seq H3K36me3,paired,-4.0,4.0,4.0,0.0042133331298828125,6680
CASE_T1_002,CHIP_HISTONE,11,CL:2000044 Histone ChIP-seq H3K4me3,paired,-320.0,160.0,320.0,-0.008214950561523438,7975
CASE_T1_002,SPLICE_SITES,0,donor,paired,-0.0078125,0.0078125,0.0078125,-4.095007107799559e-08,753284
CASE_T1_002,SPLICE_SITES,1,acceptor,paired,-0.0078125,0.005859375,0.0078125,-7.02649465902927e-08,40188
CASE_T1_002,SPLICE_SITES,2,donor,paired,-0.0078125,0.0078125,0.0078125,-2.1711702512250408e-08,482256
CASE_T1_002,SPLICE_SITES,3,acceptor,paired,-0.021484375,0.0103759765625,0.021484375,1.5743117282029928e-08,524195
CASE_T1_003,RNA_SEQ,0,CL:0000115 total RNA-seq,paired,-0.1875,0.15625,0.1875,-7.600695648424249e-06,787866
CASE_T1_003,RNA_SEQ,1,CL:0002188 total RNA-seq,paired,-0.625,0.625,0.625,1.4172513976955356e-05,778129
CASE_T1_003,RNA_SEQ,2,CL:0002543 total RNA-seq,paired,-0.4375,0.4375,0.4375,-5.232397139523504e-07,787847
CASE_T1_003,RNA_SEQ,3,CL:0002545 total RNA-seq,paired,-0.3125,0.3125,0.3125,6.419286480235931e-06,787863
CASE_T1_003,RNA_SEQ,4,CL:0002618 polyA plus RNA-seq,paired,-0.75,0.75,0.75,1.1890361816606078e-05,787889
CASE_T1_003,RNA_SEQ,5,CL:0002618 total RNA-seq,paired,-0.3125,0.3125,0.3125,8.63495088330394e-06,787843
CASE_T1_003,RNA_SEQ,6,CL:1001568 total RNA-seq,paired,-0.5625,0.5625,0.5625,7.093330356392857e-06,778108
CASE_T1_003,RNA_SEQ,7,CL:2000010 total RNA-seq,paired,-0.5,0.5,0.5,1.1365263711358032e-06,785295
CASE_T1_003,RNA_SEQ,8,CL:2000011 total RNA-seq,paired,-0.5,0.4375,0.5,9.684035832059797e-07,778035
CASE_T1_003,RNA_SEQ,9,CL:2000016 total RNA-seq,paired,-0.4375,0.4375,0.4375,4.6528672713140725e-07,778059
CASE_T1_003,RNA_SEQ,10,CL:2000018 total RNA-seq,paired,-0.4375,0.4375,0.4375,9.201936957008963e-06,785270
CASE_T1_003,RNA_SEQ,11,CL:2000040 total RNA-seq,paired,-0.5,0.5,0.5,4.890681397021397e-06,787845
CASE_T1_003,RNA_SEQ,12,CL:2000041 total RNA-seq,paired,-0.5,0.5,0.5,1.702857752352671e-06,778032
CASE_T1_003,RNA_SEQ,13,CL:0000115 total RNA-seq,paired,-4.96875,0.21484375,4.96875,-6.973924322203895e-05,524287
CASE_T1_003,RNA_SEQ,14,CL:0002188 total RNA-seq,paired,-10.0,0.3125,10.0,-0.0010582948472243302,524287
CASE_T1_003,RNA_SEQ,15,CL:0002543 total RNA-seq,paired,-7.0390625,0.375,7.0390625,-0.0008311398169911777,524287
CASE_T1_003,RNA_SEQ,16,CL:0002545 total RNA-seq,paired,-3.8671875,0.1875,3.8671875,-0.0004581344017139388,524287
CASE_T1_003,RNA_SEQ,17,CL:0002618 polyA plus RNA-seq,paired,-11.40625,0.6875,11.40625,-0.0004654625745691242,524287
CASE_T1_003,RNA_SEQ,18,CL:0002618 total RNA-seq,paired,-5.265625,0.28125,5.265625,-0.0002845320631678083,524240
CASE_T1_003,RNA_SEQ,19,CL:1001568 total RNA-seq,paired,-8.0546875,0.3125,8.0546875,-0.0011976617543954255,524287
CASE_T1_003,RNA_SEQ,20,CL:2000010 total RNA-seq,paired,-13.125,0.5,13.125,-0.0014322334614905192,524287
CASE_T1_003,RNA_SEQ,21,CL:2000011 total RNA-seq,paired,-10.03125,0.5,10.03125,-0.0011657720179034867,524287
CASE_T1_003,RNA_SEQ,22,CL:2000016 total RNA-seq,paired,-8.140625,0.25,8.140625,-0.0009543301182444808,524287
CASE_T1_003,RNA_SEQ,23,CL:2000018 total RNA-seq,paired,-7.0859375,0.375,7.0859375,-0.0009674406525089427,524287
CASE_T1_003,RNA_SEQ,24,CL:2000040 total RNA-seq,paired,-9.703125,0.4375,9.703125,-0.0009760382414424167,524287
CASE_T1_003,RNA_SEQ,25,CL:2000041 total RNA-seq,paired,-10.34375,0.5,10.34375,-0.0011193905242822431,524287
CASE_T1_003,RNA_SEQ,26,CL:0002618 polyA plus RNA-seq,paired,-9.671875,0.75,9.671875,-0.0005805348788998689,524287
CASE_T1_003,SPLICE_SITE_USAGE,0,usage_CL:0000115 total RNA-seq,paired,-0.00390625,0.00390625,0.00390625,2.6204783176719815e-08,868473
CASE_T1_003,SPLICE_SITE_USAGE,1,usage_CL:0002188 total RNA-seq,paired,-0.00390625,0.0078125,0.0078125,2.2264355636902877e-08,1047680
CASE_T1_003,SPLICE_SITE_USAGE,2,usage_CL:0002543 total RNA-seq,paired,-0.00390625,0.00390625,0.00390625,1.0141875228519837e-08,753169
CASE_T1_003,SPLICE_SITE_USAGE,3,usage_CL:0002545 total RNA-seq,paired,-0.00390625,0.00390625,0.00390625,1.924563294841697e-08,788796
CASE_T1_003,SPLICE_SITE_USAGE,4,usage_CL:0002618 polyA plus RNA-seq,paired,-0.00390625,0.00390625,0.00390625,2.286249906058302e-08,937058
CASE_T1_003,SPLICE_SITE_USAGE,5,usage_CL:0002618 total RNA-seq,paired,-0.00390625,0.00390625,0.00390625,7.959286035807978e-09,785236
CASE_T1_003,SPLICE_SITE_USAGE,6,usage_CL:1001568 total RNA-seq,paired,-0.00390625,0.00390625,0.00390625,1.6930611135279605e-08,788796
CASE_T1_003,SPLICE_SITE_USAGE,7,usage_CL:2000010 total RNA-seq,paired,-0.00390625,0.00390625,0.00390625,1.9158553854481397e-08,868523
CASE_T1_003,SPLICE_SITE_USAGE,8,usage_CL:2000011 total RNA-seq,paired,-0.00390625,0.00390625,0.00390625,1.0231838043495145e-08,46798
CASE_T1_003,SPLICE_SITE_USAGE,9,usage_CL:2000016 total RNA-seq,paired,-0.00390625,0.00390625,0.00390625,3.137961138155454e-08,870905
CASE_T1_003,SPLICE_SITE_USAGE,10,usage_CL:2000018 total RNA-seq,paired,-0.00390625,0.00390625,0.00390625,1.6373114419820922e-08,937058
CASE_T1_003,SPLICE_SITE_USAGE,11,usage_CL:2000040 total RNA-seq,paired,-0.00390625,0.00390625,0.00390625,9.357478153448895e-09,937288
CASE_T1_003,SPLICE_SITE_USAGE,12,usage_CL:2000041 total RNA-seq,paired,-0.00390625,0.0078125,0.0078125,3.174879745215797e-08,1047680
CASE_T1_003,SPLICE_SITE_USAGE,13,usage_CL:0000115 total RNA-seq,paired,-0.69921875,0.6913872957229614,0.69921875,-1.1533728231163942e-08,524203
CASE_T1_003,SPLICE_SITE_USAGE,14,usage_CL:0002188 total RNA-seq,paired,-0.7294921875,0.6718572378158569,0.7294921875,-6.561515926428729e-08,524203
CASE_T1_003,SPLICE_SITE_USAGE,15,usage_CL:0002543 total RNA-seq,paired,-0.71484375,0.6601361036300659,0.71484375,-6.585037238843877e-08,524203
CASE_T1_003,SPLICE_SITE_USAGE,16,usage_CL:0002545 total RNA-seq,paired,-0.697265625,0.6210770606994629,0.697265625,-1.1878117225916363e-07,524203
CASE_T1_003,SPLICE_SITE_USAGE,17,usage_CL:0002618 polyA plus RNA-seq,paired,-0.7021484375,0.6523236036300659,0.7021484375,-4.806603864839637e-08,524203
CASE_T1_003,SPLICE_SITE_USAGE,18,usage_CL:0002618 total RNA-seq,paired,-0.67138671875,0.5351395606994629,0.67138671875,-1.4965769468133772e-07,524203
CASE_T1_003,SPLICE_SITE_USAGE,19,usage_CL:1001568 total RNA-seq,paired,-0.7255859375,0.6796685457229614,0.7255859375,-4.4219542806069045e-08,524203
CASE_T1_003,SPLICE_SITE_USAGE,20,usage_CL:2000010 total RNA-seq,paired,-0.7265625,0.7382569313049316,0.7382569313049316,2.9536728031291648e-08,524289
CASE_T1_003,SPLICE_SITE_USAGE,21,usage_CL:2000011 total RNA-seq,paired,-0.7236328125,0.7421631813049316,0.7421631813049316,3.005289036291797e-08,524289
CASE_T1_003,SPLICE_SITE_USAGE,22,usage_CL:2000016 total RNA-seq,paired,-0.71875,0.7538803815841675,0.7538803815841675,1.3287400256467574e-08,524289
CASE_T1_003,SPLICE_SITE_USAGE,23,usage_CL:2000018 total RNA-seq,paired,-0.728515625,0.7148236036300659,0.728515625,-1.0921191139802444e-08,524203
CASE_T1_003,SPLICE_SITE_USAGE,24,usage_CL:2000040 total RNA-seq,paired,-0.71875,0.7499741315841675,0.7499741315841675,3.14374917860169e-08,524289
CASE_T1_003,SPLICE_SITE_USAGE,25,usage_CL:2000041 total RNA-seq,paired,-0.720703125,0.7577881813049316,0.7577881813049316,1.2567596226718825e-08,524289
CASE_T1_003,SPLICE_JUNCTIONS,0,junction_CL:0000115 total RNA-seq,paired,-3.969596266746521,4.0559724774211645,4.0559724774211645,-0.00012802619046187628,569
CASE_T1_003,SPLICE_JUNCTIONS,1,junction_CL:0002188 total RNA-seq,paired,-5.0784220695495605,5.47852489631623,5.47852489631623,-0.0002114546773889504,569
CASE_T1_003,SPLICE_JUNCTIONS,2,junction_CL:0002543 total RNA-seq,paired,-5.629754066467285,6.996653653681278,6.996653653681278,-0.0003657515995833747,569
CASE_T1_003,SPLICE_JUNCTIONS,3,junction_CL:0002545 total RNA-seq,paired,-4.866882085800171,5.545750813558698,5.545750813558698,-0.00031764004113447143,569
CASE_T1_003,SPLICE_JUNCTIONS,4,junction_CL:0002618 polyA plus RNA-seq,paired,-4.753854751586914,5.394185779616237,5.394185779616237,-6.811977659393864e-05,569
CASE_T1_003,SPLICE_JUNCTIONS,5,junction_CL:0002618 total RNA-seq,paired,-4.419003009796143,4.802741098217666,4.802741098217666,-0.000209232365885966,569
CASE_T1_003,SPLICE_JUNCTIONS,6,junction_CL:1001568 total RNA-seq,paired,-5.05394172668457,5.795859118923545,5.795859118923545,-0.0003257311104703829,569
CASE_T1_003,SPLICE_JUNCTIONS,7,junction_CL:2000010 total RNA-seq,paired,-6.241887092590332,8.33723795041442,8.33723795041442,-0.0003667186041824145,569
CASE_T1_003,SPLICE_JUNCTIONS,8,junction_CL:2000011 total RNA-seq,paired,-6.1097633838653564,8.387682691216469,8.387682691216469,-0.00031083150078153746,569
CASE_T1_003,SPLICE_JUNCTIONS,9,junction_CL:2000016 total RNA-seq,paired,-6.1182451248168945,8.465623870491982,8.465623870491982,-0.0003248595776454801,569
CASE_T1_003,SPLICE_JUNCTIONS,10,junction_CL:2000018 total RNA-seq,paired,-5.089345455169678,5.652387329377234,5.652387329377234,-0.00028156104255934103,569
CASE_T1_003,SPLICE_JUNCTIONS,11,junction_CL:2000040 total RNA-seq,paired,-6.16591477394104,8.221091020852327,8.221091020852327,-0.0002971399551380808,569
CASE_T1_003,SPLICE_JUNCTIONS,12,junction_CL:2000041 total RNA-seq,paired,-6.239331007003784,8.580951072275639,8.580951072275639,-0.00032929023047443916,569
CASE_T1_003,DNASE,0,CL:0000115 DNase-seq,paired,-0.375,0.25,0.375,-1.0186308461612725e-05,976345
CASE_T1_003,DNASE,1,CL:0002618 DNase-seq,paired,-0.25,0.25,0.25,-2.2170990058397068e-05,733026
CASE_T1_003,DNASE,2,CL:1000892 DNase-seq,paired,-0.0625,0.03125,0.0625,-1.5388609568844913e-05,720532
CASE_T1_003,DNASE,3,CL:1001568 DNase-seq,paired,-0.1875,0.125,0.1875,-2.1920109345057796e-05,139011
CASE_T1_003,DNASE,4,CL:2000010 DNase-seq,paired,-0.5,0.375,0.5,-4.448417724344305e-05,732940
CASE_T1_003,DNASE,5,CL:2000016 DNase-seq,paired,-0.5,2.0,2.0,-1.9746416256793964e-05,889363
CASE_T1_003,DNASE,6,CL:2000041 DNase-seq,paired,-0.5,0.5,0.5,-3.776289424831938e-05,732934
CASE_T1_003,DNASE,7,CL:2000044 DNase-seq,paired,-1.0,0.5,1.0,3.5959898233755075e-06,1023421
CASE_T1_003,CHIP_TF,0,CL:0000115 TF ChIP-seq CTCF,paired,-16.0,32.0,32.0,0.0145416259765625,4812
CASE_T1_003,CHIP_TF,1,CL:0002618 TF ChIP-seq CTCF,paired,-96.0,64.0,96.0,-0.0215911865234375,4811
CASE_T1_003,CHIP_TF,2,CL:0002618 TF ChIP-seq FOS,paired,-16.0,32.0,32.0,-0.0042266845703125,5628
CASE_T1_003,CHIP_TF,3,CL:0002618 TF ChIP-seq GATA2,paired,-8.0,8.0,8.0,-0.011462211608886719,5658
CASE_T1_003,CHIP_TF,4,CL:0002618 TF ChIP-seq JUN,paired,-8.0,8.0,8.0,0.002040863037109375,1085
CASE_T1_003,CHIP_TF,5,CL:0002618 TF ChIP-seq MAX,paired,-4.0,8.0,8.0,-0.0030012130737304688,3868
CASE_T1_003,CHIP_TF,6,CL:0002618 TF ChIP-seq MYC,paired,-24.0,32.0,32.0,-0.012575149536132812,5728
CASE_T1_003,CHIP_TF,7,CL:0002618 TF ChIP-seq POLR2A,paired,-31.0,16.0,31.0,-0.08733367919921875,4095
CASE_T1_003,CHIP_TF,8,CL:0002618 TF ChIP-seq POLR2AphosphoS5,paired,-62.0,24.0,62.0,-0.1522197723388672,4095
CASE_T1_003,CHIP_TF,9,CL:2000044 TF ChIP-seq CTCF,paired,-192.0,48.0,192.0,-0.025569915771484375,4812
CASE_T1_003,CAGE,0,hCAGE CL:0002138,paired,-8.0,24.0,24.0,6.760675577965891e-05,753004
CASE_T1_003,CAGE,1,hCAGE CL:0002144,paired,-12.0,16.0,16.0,4.590804522575098e-05,753002
CASE_T1_003,CAGE,2,hCAGE CL:0002188,paired,-12.0,12.0,12.0,-7.370004907247818e-06,753000
CASE_T1_003,CAGE,3,hCAGE CL:0002543,paired,-8.0,12.0,12.0,2.160728188882466e-05,752971
CASE_T1_003,CAGE,4,hCAGE CL:0002544,paired,-6.0,16.0,16.0,2.5387610659399762e-05,753002
CASE_T1_003,CAGE,5,hCAGE CL:0002545,paired,-8.0,40.0,40.0,5.853146271039833e-05,753002
CASE_T1_003,CAGE,6,hCAGE CL:0002588,paired,-4.0,24.0,24.0,8.248037835982547e-05,753004
CASE_T1_003,CAGE,7,hCAGE CL:0002618,paired,-2.0,32.0,32.0,5.1679273297189354e-05,753002
CASE_T1_003,CAGE,8,hCAGE CL:1000413,paired,-12.0,16.0,16.0,1.965474323961658e-06,753002
CASE_T1_003,CAGE,9,hCAGE CL:0002138,paired,-4.5,16.0,16.0,-0.00013942765360497322,677189
CASE_T1_003,CAGE,10,hCAGE CL:0002144,paired,-12.0,6.0,12.0,-0.00014952490274744434,677147
CASE_T1_003,CAGE,11,hCAGE CL:0002188,paired,-4.0,8.0,8.0,-7.96630186925551e-05,1045866
CASE_T1_003,CAGE,12,hCAGE CL:0002543,paired,-12.0,4.0,12.0,-9.418928151738726e-05,1045852
CASE_T1_003,CAGE,13,hCAGE CL:0002544,paired,-6.0,16.0,16.0,-8.346424423710808e-05,677189
CASE_T1_003,CAGE,14,hCAGE CL:0002545,paired,-8.0,16.0,16.0,-9.604963600340355e-05,677189
CASE_T1_003,CAGE,15,hCAGE CL:0002588,paired,-4.0,8.0,8.0,-3.951825212392124e-05,1045866
CASE_T1_003,CAGE,16,hCAGE CL:0002618,paired,-40.0,10.0,40.0,-0.000163351871642875,1023281
CASE_T1_003,CAGE,17,hCAGE CL:1000413,paired,-6.0,4.0,6.0,-0.00010673672526628764,1023280
CASE_T1_003,PROCAP,0,ENCSR801ECP,paired,-12.0,4.0,12.0,-3.5799053864082886e-06,1046736
CASE_T1_003,PROCAP,1,ENCSR801ECP,paired,-8.0,12.0,12.0,-3.580716056611477e-05,1045866
CASE_T1_003,CHIP_HISTONE,0,CL:0002618 Histone ChIP-seq H2AFZ,paired,-16.0,8.0,16.0,0.006847381591796875,7993
CASE_T1_003,CHIP_HISTONE,1,CL:0002618 Histone ChIP-seq H3K27ac,paired,-48.0,48.0,48.0,-0.06601333618164062,5231
CASE_T1_003,CHIP_HISTONE,2,CL:0002618 Histone ChIP-seq H3K27me3,paired,-4.0,5.0,5.0,0.03669548034667969,4095
CASE_T1_003,CHIP_HISTONE,3,CL:0002618 Histone ChIP-seq H3K36me3,paired,-52.0,8.0,52.0,-0.18571090698242188,4095
CASE_T1_003,CHIP_HISTONE,4,CL:0002618 Histone ChIP-seq H3K4me1,paired,-16.0,12.0,16.0,-0.07504081726074219,5661
CASE_T1_003,CHIP_HISTONE,5,CL:0002618 Histone ChIP-seq H3K4me2,paired,-32.0,16.0,32.0,-0.054201602935791016,6974
CASE_T1_003,CHIP_HISTONE,6,CL:0002618 Histone ChIP-seq H3K4me3,paired,-64.0,80.0,80.0,-0.00775146484375,6981
CASE_T1_003,CHIP_HISTONE,7,CL:0002618 Histone ChIP-seq H3K79me2,paired,-32.0,12.0,32.0,-0.21598577499389648,6979
CASE_T1_003,CHIP_HISTONE,8,CL:0002618 Histone ChIP-seq H3K9ac,paired,-32.0,32.0,32.0,-0.054637908935546875,5225
CASE_T1_003,CHIP_HISTONE,9,CL:2000044 Histone ChIP-seq H3K27ac,paired,-32.0,48.0,48.0,0.018523216247558594,6949
CASE_T1_003,CHIP_HISTONE,10,CL:2000044 Histone ChIP-seq H3K36me3,paired,-3.5,5.0,5.0,-0.006288766860961914,4095
CASE_T1_003,CHIP_HISTONE,11,CL:2000044 Histone ChIP-seq H3K4me3,paired,-128.0,64.0,128.0,-0.047297000885009766,6975
CASE_T1_003,SPLICE_SITES,0,donor,paired,-0.005859375,0.0078125,0.0078125,-2.6681799924002658e-08,778672
CASE_T1_003,SPLICE_SITES,1,acceptor,paired,-0.01171875,0.0078125,0.01171875,4.970089340083916e-10,882882
CASE_T1_003,SPLICE_SITES,2,donor,paired,-0.16357421875,0.97930908203125,0.97930908203125,7.092090546084728e-07,524289
CASE_T1_003,SPLICE_SITES,3,acceptor,paired,-0.0078125,0.0390625,0.0390625,6.854124213195867e-07,523383
CASE_T1_005,RNA_SEQ,0,CL:0000115 total RNA-seq,paired,-2.5,2.5,2.5,-6.705120164753053e-05,1032670
CASE_T1_005,RNA_SEQ,1,CL:0002188 total RNA-seq,paired,-4.0,6.0,6.0,-5.794716583841297e-05,1032806
CASE_T1_005,RNA_SEQ,2,CL:0002543 total RNA-seq,paired,-3.5,3.0,3.5,-5.930689279082767e-05,1031518
CASE_T1_005,RNA_SEQ,3,CL:0002545 total RNA-seq,paired,-2.5,2.5,2.5,-4.051556541380223e-05,1031477
CASE_T1_005,RNA_SEQ,4,CL:0002618 polyA plus RNA-seq,paired,-12.0,12.0,12.0,-0.00015621782886274962,1032698
CASE_T1_005,RNA_SEQ,5,CL:0002618 total RNA-seq,paired,-4.5,4.5,4.5,-5.1932525037892696e-05,1032144
CASE_T1_005,RNA_SEQ,6,CL:1001568 total RNA-seq,paired,-5.0,5.0,5.0,-2.9401814658197047e-05,1029784
CASE_T1_005,RNA_SEQ,7,CL:2000010 total RNA-seq,paired,-4.0,4.0,4.0,-3.162896700646594e-05,1032252
CASE_T1_005,RNA_SEQ,8,CL:2000011 total RNA-seq,paired,-4.0,4.0,4.0,-6.768011678929989e-05,1031465
CASE_T1_005,RNA_SEQ,9,CL:2000016 total RNA-seq,paired,-3.5,3.5,3.5,-6.559057619547575e-05,1031445
CASE_T1_005,RNA_SEQ,10,CL:2000018 total RNA-seq,paired,-6.0,5.0,6.0,-3.08126801252217e-05,1032115
CASE_T1_005,RNA_SEQ,11,CL:2000040 total RNA-seq,paired,-4.5,4.5,4.5,-3.636908617561877e-05,1031465
CASE_T1_005,RNA_SEQ,12,CL:2000041 total RNA-seq,paired,-4.0,4.0,4.0,-5.429222755132875e-05,1031442
CASE_T1_005,RNA_SEQ,13,CL:0000115 total RNA-seq,paired,-0.25,0.25,0.25,0.00012102396409317123,444033
CASE_T1_005,RNA_SEQ,14,CL:0002188 total RNA-seq,paired,-0.625,0.625,0.625,0.0002080453800749211,489068
CASE_T1_005,RNA_SEQ,15,CL:0002543 total RNA-seq,paired,-0.5,0.5,0.5,0.0002529257323155322,489365
CASE_T1_005,RNA_SEQ,16,CL:0002545 total RNA-seq,paired,-0.34375,0.21875,0.34375,0.00019150249727785396,524291
CASE_T1_005,RNA_SEQ,17,CL:0002618 polyA plus RNA-seq,paired,-0.625,0.6875,0.6875,9.521003784819163e-05,462508
CASE_T1_005,RNA_SEQ,18,CL:0002618 total RNA-seq,paired,-0.25,0.1875,0.25,0.0002232427111781895,524289
CASE_T1_005,RNA_SEQ,19,CL:1001568 total RNA-seq,paired,-0.5,0.5,0.5,0.00015601346687764764,489366
CASE_T1_005,RNA_SEQ,20,CL:2000010 total RNA-seq,paired,-0.625,0.625,0.625,0.0003323971418684449,444071
CASE_T1_005,RNA_SEQ,21,CL:2000011 total RNA-seq,paired,-0.625,0.625,0.625,0.00020390580563023385,486908
CASE_T1_005,RNA_SEQ,22,CL:2000016 total RNA-seq,paired,-0.4375,0.5,0.5,0.00015740038685448972,524286
CASE_T1_005,RNA_SEQ,23,CL:2000018 total RNA-seq,paired,-0.4375,0.4375,0.4375,0.00019141854475572203,448481
CASE_T1_005,RNA_SEQ,24,CL:2000040 total RNA-seq,paired,-0.5,0.5,0.5,0.00028104709047328195,488993
CASE_T1_005,RNA_SEQ,25,CL:2000041 total RNA-seq,paired,-0.625,0.625,0.625,0.00019517243959158435,488852
CASE_T1_005,RNA_SEQ,26,CL:0002618 polyA plus RNA-seq,paired,-10.0,8.0,10.0,-1.4542655498387135e-05,1033047
CASE_T1_005,SPLICE_SITE_USAGE,0,usage_CL:0000115 total RNA-seq,paired,-0.00390625,0.00390625,0.00390625,1.0900814953820892e-08,695507
CASE_T1_005,SPLICE_SITE_USAGE,1,usage_CL:0002188 total RNA-seq,paired,-0.00390625,0.00390625,0.00390625,6.4076237743472195e-09,812799
CASE_T1_005,SPLICE_SITE_USAGE,2,usage_CL:0002543 total RNA-seq,paired,-0.00390625,0.00390625,0.00390625,-3.853892441150119e-09,881104
CASE_T1_005,SPLICE_SITE_USAGE,3,usage_CL:0002545 total RNA-seq,paired,-0.00390625,0.00390625,0.00390625,6.999476609426125e-09,730507
CASE_T1_005,SPLICE_SITE_USAGE,4,usage_CL:0002618 polyA plus RNA-seq,paired,-0.00390625,0.00390625,0.00390625,2.365446703095353e-09,730418
CASE_T1_005,SPLICE_SITE_USAGE,5,usage_CL:0002618 total RNA-seq,paired,-0.00390625,0.005859375,0.005859375,1.1525668154062753e-08,955797
CASE_T1_005,SPLICE_SITE_USAGE,6,usage_CL:1001568 total RNA-seq,paired,-0.00390625,0.00390625,0.00390625,1.5301954169044674e-08,812799
CASE_T1_005,SPLICE_SITE_USAGE,7,usage_CL:2000010 total RNA-seq,paired,-0.00390625,0.0078125,0.0078125,5.434937156573172e-09,955797
CASE_T1_005,SPLICE_SITE_USAGE,8,usage_CL:2000011 total RNA-seq,paired,-0.00390625,0.0078125,0.0078125,2.8100210179571317e-09,955797
CASE_T1_005,SPLICE_SITE_USAGE,9,usage_CL:2000016 total RNA-seq,paired,-0.00390625,0.0078125,0.0078125,1.4762127193795839e-09,955797
CASE_T1_005,SPLICE_SITE_USAGE,10,usage_CL:2000018 total RNA-seq,paired,-0.00390625,0.00390625,0.00390625,-6.881706597774246e-09,812799
CASE_T1_005,SPLICE_SITE_USAGE,11,usage_CL:2000040 total RNA-seq,paired,-0.00390625,0.0078125,0.0078125,6.529230241864546e-09,955797
CASE_T1_005,SPLICE_SITE_USAGE,12,usage_CL:2000041 total RNA-seq,paired,-0.00390625,0.0078125,0.0078125,1.4196718724213131e-08,955797
CASE_T1_005,SPLICE_SITE_USAGE,13,usage_CL:0000115 total RNA-seq,paired,-0.0078125,0.0078125,0.0078125,3.620578110427386e-08,322762
CASE_T1_005,SPLICE_SITE_USAGE,14,usage_CL:0002188 total RNA-seq,paired,-0.0078125,0.01171875,0.01171875,4.485976283467741e-08,417562
CASE_T1_005,SPLICE_SITE_USAGE,15,usage_CL:0002543 total RNA-seq,paired,-0.0078125,0.01171875,0.01171875,5.4432504823000104e-08,417562
CASE_T1_005,SPLICE_SITE_USAGE,16,usage_CL:0002545 total RNA-seq,paired,-0.0078125,0.0078125,0.0078125,2.913734896359042e-08,301035
CASE_T1_005,SPLICE_SITE_USAGE,17,usage_CL:0002618 polyA plus RNA-seq,paired,-0.0078125,0.0078125,0.0078125,3.760545228972015e-08,322711
CASE_T1_005,SPLICE_SITE_USAGE,18,usage_CL:0002618 total RNA-seq,paired,-0.01171875,0.0078125,0.01171875,5.507051703382605e-08,524284
CASE_T1_005,SPLICE_SITE_USAGE,19,usage_CL:1001568 total RNA-seq,paired,-0.0078125,0.0078125,0.0078125,3.537969733277601e-08,60605
CASE_T1_005,SPLICE_SITE_USAGE,20,usage_CL:2000010 total RNA-seq,paired,-0.0078125,0.01171875,0.01171875,5.05313573262482e-08,417562
CASE_T1_005,SPLICE_SITE_USAGE,21,usage_CL:2000011 total RNA-seq,paired,-0.0078125,0.01171875,0.01171875,6.335576416210595e-08,417562
CASE_T1_005,SPLICE_SITE_USAGE,22,usage_CL:2000016 total RNA-seq,paired,-0.0078125,0.01171875,0.01171875,3.84152540560778e-08,417562
CASE_T1_005,SPLICE_SITE_USAGE,23,usage_CL:2000018 total RNA-seq,paired,-0.0078125,0.0078125,0.0078125,5.0132805519971765e-08,60605
CASE_T1_005,SPLICE_SITE_USAGE,24,usage_CL:2000040 total RNA-seq,paired,-0.0078125,0.0078125,0.0078125,6.199082647609093e-09,301035
CASE_T1_005,SPLICE_SITE_USAGE,25,usage_CL:2000041 total RNA-seq,paired,-0.00390625,0.0078125,0.0078125,2.8458362429527197e-08,130094
CASE_T1_005,SPLICE_JUNCTIONS,0,junction_CL:0000115 total RNA-seq,paired,-0.01835012435913086,0.045108795166015625,0.045108795166015625,-2.030703167784626e-06,3932
CASE_T1_005,SPLICE_JUNCTIONS,1,junction_CL:0002188 total RNA-seq,paired,-0.01995837688446045,0.07467114925384521,0.07467114925384521,7.706016542605256e-06,3923
CASE_T1_005,SPLICE_JUNCTIONS,2,junction_CL:0002543 total RNA-seq,paired,-0.03449535369873047,0.11867713928222656,0.11867713928222656,2.1746598047481507e-05,3923
CASE_T1_005,SPLICE_JUNCTIONS,3,junction_CL:0002545 total RNA-seq,paired,-0.02431929111480713,0.1122884750366211,0.1122884750366211,2.415625805733375e-05,3923
CASE_T1_005,SPLICE_JUNCTIONS,4,junction_CL:0002618 polyA plus RNA-seq,paired,-0.022423267364501953,0.06891465187072754,0.06891465187072754,6.172233410123344e-06,3923
CASE_T1_005,SPLICE_JUNCTIONS,5,junction_CL:0002618 total RNA-seq,paired,-0.018975257873535156,0.07856118679046631,0.07856118679046631,1.514041200475157e-05,3923
CASE_T1_005,SPLICE_JUNCTIONS,6,junction_CL:1001568 total RNA-seq,paired,-0.023926615715026855,0.11906313896179199,0.11906313896179199,3.6705791415832013e-05,3923
CASE_T1_005,SPLICE_JUNCTIONS,7,junction_CL:2000010 total RNA-seq,paired,-0.04325270652770996,0.1465587615966797,0.1465587615966797,4.854690238781448e-05,3923
CASE_T1_005,SPLICE_JUNCTIONS,8,junction_CL:2000011 total RNA-seq,paired,-0.04340720176696777,0.14714336395263672,0.14714336395263672,3.730323664152146e-05,3923
CASE_T1_005,SPLICE_JUNCTIONS,9,junction_CL:2000016 total RNA-seq,paired,-0.05189847946166992,0.1461329460144043,0.1461329460144043,1.5525522602522402e-05,3923
CASE_T1_005,SPLICE_JUNCTIONS,10,junction_CL:2000018 total RNA-seq,paired,-0.025365829467773438,0.110748291015625,0.110748291015625,3.059833966007815e-05,3923
CASE_T1_005,SPLICE_JUNCTIONS,11,junction_CL:2000040 total RNA-seq,paired,-0.03833508491516113,0.13643932342529297,0.13643932342529297,3.628202742900634e-05,3923
CASE_T1_005,SPLICE_JUNCTIONS,12,junction_CL:2000041 total RNA-seq,paired,-0.045435190200805664,0.14745759963989258,0.14745759963989258,3.357098811536935e-05,3923
CASE_T1_005,DNASE,0,CL:0000115 DNase-seq,paired,-0.5,0.25,0.5,-4.878049392864625e-06,965759
CASE_T1_005,DNASE,1,CL:0002618 DNase-seq,paired,-0.25,0.3125,0.3125,-1.7153782789025552e-05,611741
CASE_T1_005,DNASE,2,CL:1000892 DNase-seq,paired,-0.0625,0.0625,0.0625,-7.999320246199204e-06,524285
CASE_T1_005,DNASE,3,CL:1001568 DNase-seq,paired,-0.125,0.25,0.25,-6.68360351759048e-06,831355
CASE_T1_005,DNASE,4,CL:2000010 DNase-seq,paired,-0.625,1.0,1.0,-1.8493946358198316e-05,1029353
CASE_T1_005,DNASE,5,CL:2000016 DNase-seq,paired,-0.5,0.625,0.625,-8.994090958225343e-06,965752
CASE_T1_005,DNASE,6,CL:2000041 DNase-seq,paired,-0.625,1.0,1.0,-1.4949304161686298e-05,1029319
CASE_T1_005,DNASE,7,CL:2000044 DNase-seq,paired,-0.75,0.5,0.75,-4.315723561818712e-06,965616
CASE_T1_005,CHIP_TF,0,CL:0000115 TF ChIP-seq CTCF,paired,-4.0,32.0,32.0,0.0127105712890625,8069
CASE_T1_005,CHIP_TF,1,CL:0002618 TF ChIP-seq CTCF,paired,-96.0,16.0,96.0,-0.0076503753662109375,4360
CASE_T1_005,CHIP_TF,2,CL:0002618 TF ChIP-seq FOS,paired,-12.0,16.0,16.0,-0.005645751953125,4780
CASE_T1_005,CHIP_TF,3,CL:0002618 TF ChIP-seq GATA2,paired,-16.0,12.0,16.0,-0.005126953125,5179
CASE_T1_005,CHIP_TF,4,CL:0002618 TF ChIP-seq JUN,paired,-8.0,12.0,12.0,-0.001552581787109375,4780
CASE_T1_005,CHIP_TF,5,CL:0002618 TF ChIP-seq MAX,paired,-4.0,8.0,8.0,-0.00600433349609375,7394
CASE_T1_005,CHIP_TF,6,CL:0002618 TF ChIP-seq MYC,paired,-32.0,48.0,48.0,-0.013901948928833008,8043
CASE_T1_005,CHIP_TF,7,CL:0002618 TF ChIP-seq POLR2A,paired,-24.0,12.0,24.0,0.04705810546875,7721
CASE_T1_005,CHIP_TF,8,CL:0002618 TF ChIP-seq POLR2AphosphoS5,paired,-48.0,64.0,64.0,0.09670257568359375,6867
CASE_T1_005,CHIP_TF,9,CL:2000044 TF ChIP-seq CTCF,paired,-256.0,128.0,256.0,-0.016470909118652344,4165
CASE_T1_005,CAGE,0,hCAGE CL:0002138,paired,-128.0,16.0,128.0,4.149442399958847e-06,1029459
CASE_T1_005,CAGE,1,hCAGE CL:0002144,paired,-192.0,48.0,192.0,1.560088778784774e-05,1029461
CASE_T1_005,CAGE,2,hCAGE CL:0002188,paired,-128.0,160.0,160.0,4.422606370491078e-05,1029463
CASE_T1_005,CAGE,3,hCAGE CL:0002543,paired,-64.0,32.0,64.0,2.9717933399231455e-05,1029458
CASE_T1_005,CAGE,4,hCAGE CL:0002544,paired,-64.0,32.0,64.0,8.259572431001949e-05,1029457
CASE_T1_005,CAGE,5,hCAGE CL:0002545,paired,-192.0,32.0,192.0,-0.00017805764426509496,1029458
CASE_T1_005,CAGE,6,hCAGE CL:0002588,paired,-192.0,24.0,192.0,-0.00016702857701107743,1029458
CASE_T1_005,CAGE,7,hCAGE CL:0002618,paired,-10.0,96.0,96.0,0.0002459404602515314,1029463
CASE_T1_005,CAGE,8,hCAGE CL:1000413,paired,-128.0,16.0,128.0,-8.74683881356697e-05,1029458
CASE_T1_005,CAGE,9,hCAGE CL:0002138,paired,-8.0,16.0,16.0,0.0001458274238732571,965619
CASE_T1_005,CAGE,10,hCAGE CL:0002144,paired,-8.0,16.0,16.0,0.00011162435896855394,619527
CASE_T1_005,CAGE,11,hCAGE CL:0002188,paired,-6.0,10.0,10.0,6.254075507072798e-05,619485
CASE_T1_005,CAGE,12,hCAGE CL:0002543,paired,-6.0,8.0,8.0,7.448883405203333e-05,619485
CASE_T1_005,CAGE,13,hCAGE CL:0002544,paired,-6.0,16.0,16.0,8.172573195119881e-05,988204
CASE_T1_005,CAGE,14,hCAGE CL:0002545,paired,-8.0,16.0,16.0,0.0001090042198425012,619483
CASE_T1_005,CAGE,15,hCAGE CL:0002588,paired,-8.0,4.0,8.0,-7.545821927384955e-06,988196
CASE_T1_005,CAGE,16,hCAGE CL:0002618,paired,-8.0,12.0,12.0,9.73905041737333e-05,837018
CASE_T1_005,CAGE,17,hCAGE CL:1000413,paired,-8.0,16.0,16.0,8.891872858818317e-05,619527
CASE_T1_005,PROCAP,0,ENCSR801ECP,paired,-24.0,24.0,24.0,3.5050058676822093e-06,1029461
CASE_T1_005,PROCAP,1,ENCSR801ECP,paired,-4.0,8.0,8.0,4.239127271138399e-05,965616
CASE_T1_005,CHIP_HISTONE,0,CL:0002618 Histone ChIP-seq H2AFZ,paired,-16.0,16.0,16.0,-0.037723541259765625,6865
CASE_T1_005,CHIP_HISTONE,1,CL:0002618 Histone ChIP-seq H3K27ac,paired,-48.0,64.0,64.0,-0.05809736251831055,4838
CASE_T1_005,CHIP_HISTONE,2,CL:0002618 Histone ChIP-seq H3K27me3,paired,-4.0,3.0,4.0,-0.015728473663330078,6289
CASE_T1_005,CHIP_HISTONE,3,CL:0002618 Histone ChIP-seq H3K36me3,paired,-8.0,12.0,12.0,0.17294692993164062,3469
CASE_T1_005,CHIP_HISTONE,4,CL:0002618 Histone ChIP-seq H3K4me1,paired,-16.0,12.0,16.0,-0.047405242919921875,632
CASE_T1_005,CHIP_HISTONE,5,CL:0002618 Histone ChIP-seq H3K4me2,paired,-24.0,24.0,24.0,-0.007534027099609375,4776
CASE_T1_005,CHIP_HISTONE,6,CL:0002618 Histone ChIP-seq H3K4me3,paired,-32.0,32.0,32.0,-0.00266265869140625,6538
CASE_T1_005,CHIP_HISTONE,7,CL:0002618 Histone ChIP-seq H3K79me2,paired,-16.0,24.0,24.0,0.10569572448730469,6532
CASE_T1_005,CHIP_HISTONE,8,CL:0002618 Histone ChIP-seq H3K9ac,paired,-80.0,48.0,80.0,-0.02069854736328125,6869
CASE_T1_005,CHIP_HISTONE,9,CL:2000044 Histone ChIP-seq H3K27ac,paired,-24.0,32.0,32.0,0.0002727508544921875,6500
CASE_T1_005,CHIP_HISTONE,10,CL:2000044 Histone ChIP-seq H3K36me3,paired,-4.0,4.0,4.0,0.007617950439453125,6439
CASE_T1_005,CHIP_HISTONE,11,CL:2000044 Histone ChIP-seq H3K4me3,paired,-320.0,192.0,320.0,-0.018575668334960938,6525
CASE_T1_005,SPLICE_SITES,0,donor,paired,-0.0068359375,0.0087890625,0.0087890625,2.9260441344186594e-08,1032131
CASE_T1_005,SPLICE_SITES,1,acceptor,paired,-0.0048828125,0.0078125,0.0078125,3.866612813957504e-08,7059
CASE_T1_005,SPLICE_SITES,2,donor,paired,-0.0078125,0.0078125,0.0078125,1.3831819030418746e-08,671753
CASE_T1_005,SPLICE_SITES,3,acceptor,paired,-0.0078125,0.0078125,0.0078125,1.66833054870974e-08,510493
CASE_T1_006,RNA_SEQ,0,CL:0000115 total RNA-seq,paired,-8.6259765625,7.927734375,8.6259765625,-8.68218943955723e-06,777662
CASE_T1_006,RNA_SEQ,1,CL:0002188 total RNA-seq,paired,-19.189453125,16.439453125,19.189453125,-3.731531442827769e-06,777662
CASE_T1_006,RNA_SEQ,2,CL:0002543 total RNA-seq,paired,-13.04296875,12.01171875,13.04296875,2.15238540652099e-06,777662
CASE_T1_006,RNA_SEQ,3,CL:0002545 total RNA-seq,paired,-9.13671875,7.990234375,9.13671875,-3.2262568713109507e-06,777662
CASE_T1_006,RNA_SEQ,4,CL:0002618 polyA plus RNA-seq,paired,-24.3203125,29.1640625,29.1640625,7.4398656911320515e-06,778709
CASE_T1_006,RNA_SEQ,5,CL:0002618 total RNA-seq,paired,-12.02734375,11.3046875,12.02734375,-3.840751041287935e-06,777662
CASE_T1_006,RNA_SEQ,6,CL:1001568 total RNA-seq,paired,-19.03515625,17.7138671875,19.03515625,5.350690892674554e-06,777662
CASE_T1_006,RNA_SEQ,7,CL:2000010 total RNA-seq,paired,-21.12109375,18.630859375,21.12109375,2.6694871457300703e-06,777662
CASE_T1_006,RNA_SEQ,8,CL:2000011 total RNA-seq,paired,-18.669921875,17.9599609375,18.669921875,-4.610820132158744e-07,777662
CASE_T1_006,RNA_SEQ,9,CL:2000016 total RNA-seq,paired,-14.8935546875,14.998046875,14.998046875,-5.366088049656788e-06,767968
CASE_T1_006,RNA_SEQ,10,CL:2000018 total RNA-seq,paired,-16.484375,14.3671875,16.484375,7.323261892412973e-06,777662
CASE_T1_006,RNA_SEQ,11,CL:2000040 total RNA-seq,paired,-17.625,15.392578125,17.625,-9.172230618076122e-06,777662
CASE_T1_006,RNA_SEQ,12,CL:2000041 total RNA-seq,paired,-18.05859375,18.076171875,18.076171875,-1.6207662357908283e-06,767968
CASE_T1_006,RNA_SEQ,13,CL:0000115 total RNA-seq,paired,-6.10546875,6.146484375,6.146484375,0.0003021119698369268,534452
CASE_T1_006,RNA_SEQ,14,CL:0002188 total RNA-seq,paired,-11.0234375,10.49609375,11.0234375,0.0012591052568634597,536848
CASE_T1_006,RNA_SEQ,15,CL:0002543 total RNA-seq,paired,-8.87109375,8.4765625,8.87109375,0.0007430635704291921,652807
CASE_T1_006,RNA_SEQ,16,CL:0002545 total RNA-seq,paired,-5.54296875,5.3515625,5.54296875,5.393960270549947e-05,652807
CASE_T1_006,RNA_SEQ,17,CL:0002618 polyA plus RNA-seq,paired,-13.1796875,15.3125,15.3125,0.0010111525840252433,525688
CASE_T1_006,RNA_SEQ,18,CL:0002618 total RNA-seq,paired,-6.4296875,6.611328125,6.611328125,0.0005812645372485145,534452
CASE_T1_006,RNA_SEQ,19,CL:1001568 total RNA-seq,paired,-10.21875,10.568359375,10.568359375,0.0007291350997663702,663772
CASE_T1_006,RNA_SEQ,20,CL:2000010 total RNA-seq,paired,-14.15625,13.95703125,14.15625,0.0013106717136663606,617768
CASE_T1_006,RNA_SEQ,21,CL:2000011 total RNA-seq,paired,-12.86328125,12.1953125,12.86328125,0.0011425739692134916,663607
CASE_T1_006,RNA_SEQ,22,CL:2000016 total RNA-seq,paired,-10.65625,9.5498046875,10.65625,0.000959947285444118,663607
CASE_T1_006,RNA_SEQ,23,CL:2000018 total RNA-seq,paired,-9.296875,9.4765625,9.4765625,0.0006072266062647023,663772
CASE_T1_006,RNA_SEQ,24,CL:2000040 total RNA-seq,paired,-10.2109375,9.88671875,10.2109375,0.0009592324589534269,652807
CASE_T1_006,RNA_SEQ,25,CL:2000041 total RNA-seq,paired,-12.48828125,11.763671875,12.48828125,0.0010759082515077473,663607
CASE_T1_006,RNA_SEQ,26,CL:0002618 polyA plus RNA-seq,paired,-25.6171875,25.8203125,25.8203125,0.0010358192727656765,777999
CASE_T1_006,SPLICE_SITE_USAGE,0,usage_CL:0000115 total RNA-seq,paired,-0.9726517498493195,0.9726551845669746,0.9726551845669746,-6.391721291132413e-09,775920
CASE_T1_006,SPLICE_SITE_USAGE,1,usage_CL:0002188 total RNA-seq,paired,-0.9921805262565613,0.9921861290931702,0.9921861290931702,1.5382398216301496e-08,775920
CASE_T1_006,SPLICE_SITE_USAGE,2,usage_CL:0002543 total RNA-seq,paired,-0.9843692183494568,0.9843737930059433,0.9843737930059433,-6.122604478964178e-09,775920
CASE_T1_006,SPLICE_SITE_USAGE,3,usage_CL:0002545 total RNA-seq,paired,-0.9801006317138672,0.9804676100611687,0.9804676100611687,-2.926679870673965e-09,775920
CASE_T1_006,SPLICE_SITE_USAGE,4,usage_CL:0002618 polyA plus RNA-seq,paired,-0.9843684732913971,0.984373539686203,0.984373539686203,1.6638402960955645e-08,775920
CASE_T1_006,SPLICE_SITE_USAGE,5,usage_CL:0002618 total RNA-seq,paired,-0.9765570759773254,0.9765612110495567,0.9765612110495567,1.8028672998937623e-10,775920
CASE_T1_006,SPLICE_SITE_USAGE,6,usage_CL:1001568 total RNA-seq,paired,-0.9882742762565613,0.9882796928286552,0.9882796928286552,-2.086352202113062e-09,775920
CASE_T1_006,SPLICE_SITE_USAGE,7,usage_CL:2000010 total RNA-seq,paired,-0.9882742762565613,0.9882796928286552,0.9882796928286552,1.787720960155781e-08,775920
CASE_T1_006,SPLICE_SITE_USAGE,8,usage_CL:2000011 total RNA-seq,paired,-0.9882747232913971,0.9882798790931702,0.9882798790931702,1.6602822949796092e-08,775920
CASE_T1_006,SPLICE_SITE_USAGE,9,usage_CL:2000016 total RNA-seq,paired,-0.9882747232913971,0.988279789686203,0.988279789686203,1.4493329925091558e-08,775920
CASE_T1_006,SPLICE_SITE_USAGE,10,usage_CL:2000018 total RNA-seq,paired,-0.9882747232913971,0.9882798790931702,0.9882798790931702,4.154714183801644e-09,775920
CASE_T1_006,SPLICE_SITE_USAGE,11,usage_CL:2000040 total RNA-seq,paired,-0.9882742762565613,0.988279789686203,0.988279789686203,2.7718147888045053e-08,775920
CASE_T1_006,SPLICE_SITE_USAGE,12,usage_CL:2000041 total RNA-seq,paired,-0.9882747232913971,0.988279789686203,0.988279789686203,1.8176617933018946e-08,775920
CASE_T1_006,SPLICE_SITE_USAGE,13,usage_CL:0000115 total RNA-seq,paired,-0.976549506187439,0.9764223098754883,0.976549506187439,4.287829849861091e-08,1035295
CASE_T1_006,SPLICE_SITE_USAGE,14,usage_CL:0002188 total RNA-seq,paired,-0.9843583106994629,0.9841718673706055,0.9843583106994629,7.485196393958171e-08,1035295
CASE_T1_006,SPLICE_SITE_USAGE,15,usage_CL:0002543 total RNA-seq,paired,-0.9765467643737793,0.9763936996459961,0.9765467643737793,7.275677255808022e-08,1035295
CASE_T1_006,SPLICE_SITE_USAGE,16,usage_CL:0002545 total RNA-seq,paired,-0.9765477776527405,0.9763936996459961,0.9765477776527405,7.676686629431995e-08,1035295
CASE_T1_006,SPLICE_SITE_USAGE,17,usage_CL:0002618 polyA plus RNA-seq,paired,-0.9843560457229614,0.9841957092285156,0.9843560457229614,7.718669009504353e-08,1035295
CASE_T1_006,SPLICE_SITE_USAGE,18,usage_CL:0002618 total RNA-seq,paired,-0.9765458106994629,0.9763593673706055,0.9765458106994629,8.032671926921919e-08,1035295
CASE_T1_006,SPLICE_SITE_USAGE,19,usage_CL:1001568 total RNA-seq,paired,-0.9843560457229614,0.9841842651367188,0.9843560457229614,2.8612372478253878e-08,1035295
CASE_T1_006,SPLICE_SITE_USAGE,20,usage_CL:2000010 total RNA-seq,paired,-0.9843583106994629,0.9841842651367188,0.9843583106994629,3.6006584332171077e-08,1035295
CASE_T1_006,SPLICE_SITE_USAGE,21,usage_CL:2000011 total RNA-seq,paired,-0.9843572378158569,0.9841957092285156,0.9843572378158569,6.179296365566023e-08,1035295
CASE_T1_006,SPLICE_SITE_USAGE,22,usage_CL:2000016 total RNA-seq,paired,-0.9843572378158569,0.9841842651367188,0.9843572378158569,6.734732036633995e-08,1035295
CASE_T1_006,SPLICE_SITE_USAGE,23,usage_CL:2000018 total RNA-seq,paired,-0.9843583106994629,0.9841957092285156,0.9843583106994629,7.265949150681017e-08,1035295
CASE_T1_006,SPLICE_SITE_USAGE,24,usage_CL:2000040 total RNA-seq,paired,-0.9843572378158569,0.9841842651367188,0.9843572378158569,6.448944612352792e-08,1035295
CASE_T1_006,SPLICE_SITE_USAGE,25,usage_CL:2000041 total RNA-seq,paired,-0.9843572378158569,0.9841957092285156,0.9843572378158569,6.363097911771254e-08,1035295
CASE_T1_006,SPLICE_JUNCTIONS,0,junction_CL:0000115 total RNA-seq,paired,-0.02342367172241211,0.06104278564453125,0.06104278564453125,0.00022070260857882387,1708
CASE_T1_006,SPLICE_JUNCTIONS,1,junction_CL:0002188 total RNA-seq,paired,-0.015610694885253906,0.08611488342285156,0.08611488342285156,0.00045699699362531895,1708
CASE_T1_006,SPLICE_JUNCTIONS,2,junction_CL:0002543 total RNA-seq,paired,-0.04344749450683594,0.09954357147216797,0.09954357147216797,0.0009034519517156756,3688
CASE_T1_006,SPLICE_JUNCTIONS,3,junction_CL:0002545 total RNA-seq,paired,-0.05425214767456055,0.09186840057373047,0.09186840057373047,0.0005776170770767115,3688
CASE_T1_006,SPLICE_JUNCTIONS,4,junction_CL:0002618 polyA plus RNA-seq,paired,-0.007792472839355469,0.09284830093383789,0.09284830093383789,0.0005260006761809693,1425
CASE_T1_006,SPLICE_JUNCTIONS,5,junction_CL:0002618 total RNA-seq,paired,-0.016627788543701172,0.08097457885742188,0.08097457885742188,0.0004922086699717201,1425
CASE_T1_006,SPLICE_JUNCTIONS,6,junction_CL:1001568 total RNA-seq,paired,-0.05280637741088867,0.09065723419189453,0.09065723419189453,0.0006611700349603279,1708
CASE_T1_006,SPLICE_JUNCTIONS,7,junction_CL:2000010 total RNA-seq,paired,-0.05612754821777344,0.10434818267822266,0.10434818267822266,0.0011484120327959705,1425
CASE_T1_006,SPLICE_JUNCTIONS,8,junction_CL:2000011 total RNA-seq,paired,-0.051563262939453125,0.10425662994384766,0.10425662994384766,0.0011514471012966329,1708
CASE_T1_006,SPLICE_JUNCTIONS,9,junction_CL:2000016 total RNA-seq,paired,-0.06402397155761719,0.1021890640258789,0.1021890640258789,0.0012001902781755389,3688
CASE_T1_006,SPLICE_JUNCTIONS,10,junction_CL:2000018 total RNA-seq,paired,-0.05558156967163086,0.09317970275878906,0.09317970275878906,0.0005335569260047431,1708
CASE_T1_006,SPLICE_JUNCTIONS,11,junction_CL:2000040 total RNA-seq,paired,-0.05635356903076172,0.1048593521118164,0.1048593521118164,0.0010596578511317507,5720
CASE_T1_006,SPLICE_JUNCTIONS,12,junction_CL:2000041 total RNA-seq,paired,-0.05869483947753906,0.10854053497314453,0.10854053497314453,0.0011801739804498503,3688
CASE_T1_006,DNASE,0,CL:0000115 DNase-seq,paired,-30.28515625,27.4375,30.28515625,1.0607587359601212e-06,827638
CASE_T1_006,DNASE,1,CL:0002618 DNase-seq,paired,-40.7265625,41.3515625,41.3515625,1.4735975346829547e-05,879193
CASE_T1_006,DNASE,2,CL:1000892 DNase-seq,paired,-7.037109375,6.7529296875,7.037109375,-4.623633572009567e-06,865902
CASE_T1_006,DNASE,3,CL:1001568 DNase-seq,paired,-34.8671875,35.6083984375,35.6083984375,2.18216802746001e-05,879193
CASE_T1_006,DNASE,4,CL:2000010 DNase-seq,paired,-61.79296875,62.568359375,62.568359375,1.1983374389405732e-05,879193
CASE_T1_006,DNASE,5,CL:2000016 DNase-seq,paired,-72.9296875,73.7978515625,73.7978515625,2.276285490743213e-05,879193
CASE_T1_006,DNASE,6,CL:2000041 DNase-seq,paired,-62.8046875,63.83984375,63.83984375,1.9000943807399348e-05,879193
CASE_T1_006,DNASE,7,CL:2000044 DNase-seq,paired,-70.0,73.765625,73.765625,2.572236667445593e-05,879193
CASE_T1_006,CHIP_TF,0,CL:0000115 TF ChIP-seq CTCF,paired,-32.0,32.0,32.0,0.0239715576171875,771
CASE_T1_006,CHIP_TF,1,CL:0002618 TF ChIP-seq CTCF,paired,-96.0,64.0,96.0,-0.031792283058166504,4536
CASE_T1_006,CHIP_TF,2,CL:0002618 TF ChIP-seq FOS,paired,-8.0,32.0,32.0,0.001811981201171875,5647
CASE_T1_006,CHIP_TF,3,CL:0002618 TF ChIP-seq GATA2,paired,-6.0,16.0,16.0,0.014312744140625,5549
CASE_T1_006,CHIP_TF,4,CL:0002618 TF ChIP-seq JUN,paired,-8.0,16.0,16.0,0.020517349243164062,5646
CASE_T1_006,CHIP_TF,5,CL:0002618 TF ChIP-seq MAX,paired,-16.0,4.0,16.0,0.02013397216796875,7237
CASE_T1_006,CHIP_TF,6,CL:0002618 TF ChIP-seq MYC,paired,-16.0,16.0,16.0,0.03804969787597656,4537
CASE_T1_006,CHIP_TF,7,CL:0002618 TF ChIP-seq POLR2A,paired,-24.0,12.0,24.0,-0.068145751953125,7918
CASE_T1_006,CHIP_TF,8,CL:0002618 TF ChIP-seq POLR2AphosphoS5,paired,-32.0,16.0,32.0,-0.121826171875,5149
CASE_T1_006,CHIP_TF,9,CL:2000044 TF ChIP-seq CTCF,paired,-192.0,128.0,192.0,-0.00547027587890625,4537
CASE_T1_006,CAGE,0,hCAGE CL:0002138,paired,-1060.0,1024.0,1060.0,2.0265962545007454e-05,742831
CASE_T1_006,CAGE,1,hCAGE CL:0002144,paired,-1128.0,1104.0,1128.0,4.1977191087338994e-05,742831
CASE_T1_006,CAGE,2,hCAGE CL:0002188,paired,-1056.0,1048.0,1056.0,2.363177001651895e-05,742831
CASE_T1_006,CAGE,3,hCAGE CL:0002543,paired,-1004.0,968.0,1004.0,1.503393046298207e-05,742831
CASE_T1_006,CAGE,4,hCAGE CL:0002544,paired,-1184.0,1072.0,1184.0,4.776139284512482e-06,742831
CASE_T1_006,CAGE,5,hCAGE CL:0002545,paired,-1204.0,1088.0,1204.0,1.3452400187574654e-05,742831
CASE_T1_006,CAGE,6,hCAGE CL:0002588,paired,-958.0,1000.0,1000.0,-1.677854421265612e-05,742834
CASE_T1_006,CAGE,7,hCAGE CL:0002618,paired,-988.0,1000.0,1000.0,4.510077688729686e-06,742834
CASE_T1_006,CAGE,8,hCAGE CL:1000413,paired,-1136.0,1040.0,1136.0,4.248176289034511e-05,742831
CASE_T1_006,CAGE,9,hCAGE CL:0002138,paired,-820.0,1079.0,1079.0,0.00031732570221487677,1013111
CASE_T1_006,CAGE,10,hCAGE CL:0002144,paired,-834.0,1080.0,1080.0,0.000276926253301335,1013111
CASE_T1_006,CAGE,11,hCAGE CL:0002188,paired,-758.0,953.0,953.0,0.00019297427387232613,1013111
CASE_T1_006,CAGE,12,hCAGE CL:0002543,paired,-760.0,1032.0,1032.0,0.00015945842516273956,1013111
CASE_T1_006,CAGE,13,hCAGE CL:0002544,paired,-842.0,1122.0,1122.0,0.0001692131494628324,1013111
CASE_T1_006,CAGE,14,hCAGE CL:0002545,paired,-916.0,1215.0,1215.0,0.0002479508692665444,1013111
CASE_T1_006,CAGE,15,hCAGE CL:0002588,paired,-860.0,1066.0,1066.0,2.7675973042484703e-05,1013111
CASE_T1_006,CAGE,16,hCAGE CL:0002618,paired,-820.0,1043.0,1043.0,0.0001924748307751134,1013111
CASE_T1_006,CAGE,17,hCAGE CL:1000413,paired,-808.0,1065.0,1065.0,0.00020614871247881528,1013111
CASE_T1_006,PROCAP,0,ENCSR801ECP,paired,-284.78125,268.75,284.78125,4.0677054228166476e-05,1013495
CASE_T1_006,PROCAP,1,ENCSR801ECP,paired,-1754.0,2049.125,2049.125,6.895540813789403e-05,1013111
CASE_T1_006,CHIP_HISTONE,0,CL:0002618 Histone ChIP-seq H2AFZ,paired,-12.0,12.0,12.0,0.070465087890625,7601
CASE_T1_006,CHIP_HISTONE,1,CL:0002618 Histone ChIP-seq H3K27ac,paired,-64.0,64.0,64.0,-0.025790929794311523,5147
CASE_T1_006,CHIP_HISTONE,2,CL:0002618 Histone ChIP-seq H3K27me3,paired,-2.0,4.0,4.0,0.16975796222686768,3813
CASE_T1_006,CHIP_HISTONE,3,CL:0002618 Histone ChIP-seq H3K36me3,paired,-16.0,16.0,16.0,-0.16344070434570312,4384
CASE_T1_006,CHIP_HISTONE,4,CL:0002618 Histone ChIP-seq H3K4me1,paired,-16.0,16.0,16.0,-0.09012722969055176,5147
CASE_T1_006,CHIP_HISTONE,5,CL:0002618 Histone ChIP-seq H3K4me2,paired,-32.0,16.0,32.0,-0.04840660095214844,8085
CASE_T1_006,CHIP_HISTONE,6,CL:0002618 Histone ChIP-seq H3K4me3,paired,-64.0,64.0,64.0,-0.045745849609375,8090
CASE_T1_006,CHIP_HISTONE,7,CL:0002618 Histone ChIP-seq H3K79me2,paired,-32.0,16.0,32.0,-0.5415592193603516,6891
CASE_T1_006,CHIP_HISTONE,8,CL:0002618 Histone ChIP-seq H3K9ac,paired,-32.0,32.0,32.0,-0.008939743041992188,5153
CASE_T1_006,CHIP_HISTONE,9,CL:2000044 Histone ChIP-seq H3K27ac,paired,-24.0,32.0,32.0,0.0816030502319336,6864
CASE_T1_006,CHIP_HISTONE,10,CL:2000044 Histone ChIP-seq H3K36me3,paired,-4.0,4.0,4.0,0.05497384071350098,6082
CASE_T1_006,CHIP_HISTONE,11,CL:2000044 Histone ChIP-seq H3K4me3,paired,-320.0,128.0,320.0,-0.1009988784790039,7911
CASE_T1_006,SPLICE_SITES,0,donor,paired,-0.9999798536300659,0.999996155500412,0.999996155500412,-1.1472541388245217e-08,928878
CASE_T1_006,SPLICE_SITES,1,acceptor,paired,-0.9999881386756897,0.9999772310256958,0.9999881386756897,-7.813679606116786e-09,932545
CASE_T1_006,SPLICE_SITES,2,donor,paired,-0.9999956488609314,0.999996155500412,0.999996155500412,1.736635548074683e-07,568340
CASE_T1_006,SPLICE_SITES,3,acceptor,paired,-0.9999804496765137,0.9999913573265076,0.9999913573265076,2.2226964667415583e-07,875581
CASE_T1_007,RNA_SEQ,0,CL:0000115 total RNA-seq,paired,-2.5,1.5,2.5,-5.032002152485088e-06,1038391
CASE_T1_007,RNA_SEQ,1,CL:0002188 total RNA-seq,paired,-4.0,4.0,4.0,9.04436469402647e-05,1037224
CASE_T1_007,RNA_SEQ,2,CL:0002543 total RNA-seq,paired,-3.5,3.5,3.5,5.128692287736892e-05,1037601
CASE_T1_007,RNA_SEQ,3,CL:0002545 total RNA-seq,paired,-2.5,2.5,2.5,5.8594643332282766e-05,1037198
CASE_T1_007,RNA_SEQ,4,CL:0002618 polyA plus RNA-seq,paired,-8.0,8.0,8.0,0.00011267264345213163,1038020
CASE_T1_007,RNA_SEQ,5,CL:0002618 total RNA-seq,paired,-3.5,4.5,4.5,1.8983239407409673e-05,1038817
CASE_T1_007,RNA_SEQ,6,CL:1001568 total RNA-seq,paired,-5.0,5.0,5.0,0.00011720810458720228,1037377
CASE_T1_007,RNA_SEQ,7,CL:2000010 total RNA-seq,paired,-4.0,4.0,4.0,3.8080377774074245e-05,1037194
CASE_T1_007,RNA_SEQ,8,CL:2000011 total RNA-seq,paired,-4.0,4.0,4.0,9.620364923356535e-05,1037615
CASE_T1_007,RNA_SEQ,9,CL:2000016 total RNA-seq,paired,-3.5,3.5,3.5,5.489207271186714e-05,1037224
CASE_T1_007,RNA_SEQ,10,CL:2000018 total RNA-seq,paired,-6.0,5.0,6.0,9.794330973669676e-05,1037619
CASE_T1_007,RNA_SEQ,11,CL:2000040 total RNA-seq,paired,-3.5,4.5,4.5,4.767606809198688e-05,1038280
CASE_T1_007,RNA_SEQ,12,CL:2000041 total RNA-seq,paired,-4.0,4.0,4.0,0.00010165171613176394,1037193
CASE_T1_007,RNA_SEQ,13,CL:0000115 total RNA-seq,paired,-1.25,3.232421875,3.232421875,-0.00046945882358059854,524286
CASE_T1_007,RNA_SEQ,14,CL:0002188 total RNA-seq,paired,-2.8125,5.017578125,5.017578125,-0.0016799572230532349,524286
CASE_T1_007,RNA_SEQ,15,CL:0002543 total RNA-seq,paired,-2.5,4.1171875,4.1171875,-0.0012205129396602177,524286
CASE_T1_007,RNA_SEQ,16,CL:0002545 total RNA-seq,paired,-1.28125,2.5126953125,2.5126953125,-0.0006457657377451076,524286
CASE_T1_007,RNA_SEQ,17,CL:0002618 polyA plus RNA-seq,paired,-2.3125,5.330078125,5.330078125,-0.0014734551236063832,524286
CASE_T1_007,RNA_SEQ,18,CL:0002618 total RNA-seq,paired,-1.46875,3.16015625,3.16015625,-0.000759037200721251,524286
CASE_T1_007,RNA_SEQ,19,CL:1001568 total RNA-seq,paired,-2.6875,4.587890625,4.587890625,-0.0016238349949169758,524286
CASE_T1_007,RNA_SEQ,20,CL:2000010 total RNA-seq,paired,-3.875,7.08203125,7.08203125,-0.002060603412679945,524286
CASE_T1_007,RNA_SEQ,21,CL:2000011 total RNA-seq,paired,-3.125,5.39453125,5.39453125,-0.0017291937453011068,524286
CASE_T1_007,RNA_SEQ,22,CL:2000016 total RNA-seq,paired,-2.5625,4.5107421875,4.5107421875,-0.0014474845117000965,524286
CASE_T1_007,RNA_SEQ,23,CL:2000018 total RNA-seq,paired,-2.4375,4.341796875,4.341796875,-0.0013847429510588285,524286
CASE_T1_007,RNA_SEQ,24,CL:2000040 total RNA-seq,paired,-3.3125,5.53515625,5.53515625,-0.0015128715590059137,524286
CASE_T1_007,RNA_SEQ,25,CL:2000041 total RNA-seq,paired,-3.125,5.615234375,5.615234375,-0.0017531686758452767,524286
CASE_T1_007,RNA_SEQ,26,CL:0002618 polyA plus RNA-seq,paired,-10.0,10.0,10.0,-0.0011921101333480044,1035508
CASE_T1_007,SPLICE_SITE_USAGE,0,usage_CL:0000115 total RNA-seq,paired,-0.00390625,0.00390625,0.00390625,5.029623289035112e-09,733386
CASE_T1_007,SPLICE_SITE_USAGE,1,usage_CL:0002188 total RNA-seq,paired,-0.00390625,0.00390625,0.00390625,1.028405592629067e-08,818651
CASE_T1_007,SPLICE_SITE_USAGE,2,usage_CL:0002543 total RNA-seq,paired,-0.00390625,0.00390625,0.00390625,6.956369357283276e-09,734069
CASE_T1_007,SPLICE_SITE_USAGE,3,usage_CL:0002545 total RNA-seq,paired,-0.00390625,0.00390625,0.00390625,-8.911278981762506e-09,726083
CASE_T1_007,SPLICE_SITE_USAGE,4,usage_CL:0002618 polyA plus RNA-seq,paired,-0.00390625,0.00390625,0.00390625,9.727069089429663e-09,889162
CASE_T1_007,SPLICE_SITE_USAGE,5,usage_CL:0002618 total RNA-seq,paired,-0.00390625,0.00390625,0.00390625,3.006640075797762e-09,1015577
CASE_T1_007,SPLICE_SITE_USAGE,6,usage_CL:1001568 total RNA-seq,paired,-0.00390625,0.00390625,0.00390625,7.1844993548147995e-09,726083
CASE_T1_007,SPLICE_SITE_USAGE,7,usage_CL:2000010 total RNA-seq,paired,-0.00390625,0.00390625,0.00390625,7.1847000571168e-10,726083
CASE_T1_007,SPLICE_SITE_USAGE,8,usage_CL:2000011 total RNA-seq,paired,-0.00390625,0.00390625,0.00390625,2.874969080716213e-08,827085
CASE_T1_007,SPLICE_SITE_USAGE,9,usage_CL:2000016 total RNA-seq,paired,-0.00390625,0.00390625,0.00390625,1.908661393897667e-08,726083
CASE_T1_007,SPLICE_SITE_USAGE,10,usage_CL:2000018 total RNA-seq,paired,-0.00390625,0.00390625,0.00390625,-4.991941246978125e-09,726083
CASE_T1_007,SPLICE_SITE_USAGE,11,usage_CL:2000040 total RNA-seq,paired,-0.00390625,0.00390625,0.00390625,5.239419786917665e-09,736849
CASE_T1_007,SPLICE_SITE_USAGE,12,usage_CL:2000041 total RNA-seq,paired,-0.00390625,0.00390625,0.00390625,-3.1300128348280953e-09,736222
CASE_T1_007,SPLICE_SITE_USAGE,13,usage_CL:0000115 total RNA-seq,paired,-0.791748046875,0.03514474630355835,0.791748046875,-8.904197970987277e-07,524288
CASE_T1_007,SPLICE_SITE_USAGE,14,usage_CL:0002188 total RNA-seq,paired,-0.773193359375,0.026365309953689575,0.773193359375,-9.209404248664809e-07,524288
CASE_T1_007,SPLICE_SITE_USAGE,15,usage_CL:0002543 total RNA-seq,paired,-0.77587890625,0.030271172523498535,0.77587890625,-9.402912344903443e-07,524288
CASE_T1_007,SPLICE_SITE_USAGE,16,usage_CL:0002545 total RNA-seq,paired,-0.75439453125,0.027219414710998535,0.75439453125,-9.258393008428329e-07,524288
CASE_T1_007,SPLICE_SITE_USAGE,17,usage_CL:0002618 polyA plus RNA-seq,paired,-0.7490234375,0.028431594371795654,0.7490234375,-9.23856070097113e-07,524288
CASE_T1_007,SPLICE_SITE_USAGE,18,usage_CL:0002618 total RNA-seq,paired,-0.69580078125,0.020627886056900024,0.69580078125,-9.104488599639566e-07,524288
CASE_T1_007,SPLICE_SITE_USAGE,19,usage_CL:1001568 total RNA-seq,paired,-0.786376953125,0.02929447591304779,0.786376953125,-9.028736649597189e-07,524288
CASE_T1_007,SPLICE_SITE_USAGE,20,usage_CL:2000010 total RNA-seq,paired,-0.80419921875,0.037350788712501526,0.80419921875,-8.640248313262488e-07,524288
CASE_T1_007,SPLICE_SITE_USAGE,21,usage_CL:2000011 total RNA-seq,paired,-0.80712890625,0.0373506098985672,0.80712890625,-9.07260445599049e-07,524288
CASE_T1_007,SPLICE_SITE_USAGE,22,usage_CL:2000016 total RNA-seq,paired,-0.81005859375,0.0385713130235672,0.81005859375,-8.382703639857565e-07,524288
CASE_T1_007,SPLICE_SITE_USAGE,23,usage_CL:2000018 total RNA-seq,paired,-0.797607421875,0.03246830403804779,0.797607421875,-9.064791210392342e-07,524288
CASE_T1_007,SPLICE_SITE_USAGE,24,usage_CL:2000040 total RNA-seq,paired,-0.80224609375,0.0395478755235672,0.80224609375,-8.62900116896696e-07,524288
CASE_T1_007,SPLICE_SITE_USAGE,25,usage_CL:2000041 total RNA-seq,paired,-0.8134765625,0.0395478755235672,0.8134765625,-8.341888945411242e-07,524288
CASE_T1_007,SPLICE_JUNCTIONS,0,junction_CL:0000115 total RNA-seq,paired,-2.5693376064300537,1.472083038650453,2.5693376064300537,-0.0005083136317216172,3749
CASE_T1_007,SPLICE_JUNCTIONS,1,junction_CL:0002188 total RNA-seq,paired,-2.951000690460205,1.785979827400297,2.951000690460205,-0.0009948832543417883,3749
CASE_T1_007,SPLICE_JUNCTIONS,2,junction_CL:0002543 total RNA-seq,paired,-3.2066774368286133,3.1829273430630565,3.2066774368286133,-0.0021851648149966347,3749
CASE_T1_007,SPLICE_JUNCTIONS,3,junction_CL:0002545 total RNA-seq,paired,-2.8245153427124023,2.373793364968151,2.8245153427124023,-0.0014252430164730582,3749
CASE_T1_007,SPLICE_JUNCTIONS,4,junction_CL:0002618 polyA plus RNA-seq,paired,-2.575901746749878,1.449610139010474,2.575901746749878,-0.001143647598348855,3749
CASE_T1_007,SPLICE_JUNCTIONS,5,junction_CL:0002618 total RNA-seq,paired,-2.5974090099334717,1.4045126766432077,2.5974090099334717,-0.0010678148603743918,3749
CASE_T1_007,SPLICE_JUNCTIONS,6,junction_CL:1001568 total RNA-seq,paired,-2.921030044555664,2.340267648920417,2.921030044555664,-0.0016007729329145426,3749
CASE_T1_007,SPLICE_JUNCTIONS,7,junction_CL:2000010 total RNA-seq,paired,-3.5017495155334473,4.079093943350017,4.079093943350017,-0.002796559590351382,3672
CASE_T1_007,SPLICE_JUNCTIONS,8,junction_CL:2000011 total RNA-seq,paired,-3.4203038215637207,4.1729698572307825,4.1729698572307825,-0.0027534532462302305,3672
CASE_T1_007,SPLICE_JUNCTIONS,9,junction_CL:2000016 total RNA-seq,paired,-3.413205623626709,4.135313392616808,4.135313392616808,-0.0030132266767030447,3672
CASE_T1_007,SPLICE_JUNCTIONS,10,junction_CL:2000018 total RNA-seq,paired,-2.9417219161987305,2.1929564555175602,2.9417219161987305,-0.0012556699472582955,3749
CASE_T1_007,SPLICE_JUNCTIONS,11,junction_CL:2000040 total RNA-seq,paired,-3.463088035583496,4.025167760439217,4.025167760439217,-0.0026359219945725266,3672
CASE_T1_007,SPLICE_JUNCTIONS,12,junction_CL:2000041 total RNA-seq,paired,-3.485644817352295,4.211185283027589,4.211185283027589,-0.002952650656343067,3672
CASE_T1_007,DNASE,0,CL:0000115 DNase-seq,paired,-0.375,0.375,0.375,7.366502376981998e-07,785862
CASE_T1_007,DNASE,1,CL:0002618 DNase-seq,paired,-0.375,0.5,0.5,-1.565118342637301e-05,1035068
CASE_T1_007,DNASE,2,CL:1000892 DNase-seq,paired,-0.0625,0.03125,0.0625,-1.0125741596311855e-05,994056
CASE_T1_007,DNASE,3,CL:1001568 DNase-seq,paired,-0.25,0.25,0.25,-1.542325811172077e-05,994629
CASE_T1_007,DNASE,4,CL:2000010 DNase-seq,paired,-0.625,1.5,1.5,-2.5305525232003868e-05,1035068
CASE_T1_007,DNASE,5,CL:2000016 DNase-seq,paired,-0.75,0.75,0.75,-1.6630550207175077e-05,994712
CASE_T1_007,DNASE,6,CL:2000041 DNase-seq,paired,-1.0,0.5,1.0,-3.040274400909023e-05,824126
CASE_T1_007,DNASE,7,CL:2000044 DNase-seq,paired,-0.5,0.5,0.5,8.288344912512138e-06,971389
CASE_T1_007,CHIP_TF,0,CL:0000115 TF ChIP-seq CTCF,paired,-8.0,16.0,16.0,0.0054779052734375,6091
CASE_T1_007,CHIP_TF,1,CL:0002618 TF ChIP-seq CTCF,paired,-64.0,16.0,64.0,-0.012454986572265625,5440
CASE_T1_007,CHIP_TF,2,CL:0002618 TF ChIP-seq FOS,paired,-40.0,4.0,40.0,-0.012226104736328125,6100
CASE_T1_007,CHIP_TF,3,CL:0002618 TF ChIP-seq GATA2,paired,-8.0,8.0,8.0,-0.00475311279296875,2075
CASE_T1_007,CHIP_TF,4,CL:0002618 TF ChIP-seq JUN,paired,-16.0,8.0,16.0,0.0002593994140625,6100
CASE_T1_007,CHIP_TF,5,CL:0002618 TF ChIP-seq MAX,paired,-4.0,10.0,10.0,0.00447845458984375,4096
CASE_T1_007,CHIP_TF,6,CL:0002618 TF ChIP-seq MYC,paired,-48.0,24.0,48.0,-0.023412704467773438,4824
CASE_T1_007,CHIP_TF,7,CL:0002618 TF ChIP-seq POLR2A,paired,-18.0,16.0,18.0,-0.07280349731445312,4096
CASE_T1_007,CHIP_TF,8,CL:0002618 TF ChIP-seq POLR2AphosphoS5,paired,-64.0,32.0,64.0,-0.1448211669921875,4823
CASE_T1_007,CHIP_TF,9,CL:2000044 TF ChIP-seq CTCF,paired,-192.0,96.0,192.0,-0.021732330322265625,6437
CASE_T1_007,CAGE,0,hCAGE CL:0002138,paired,-96.0,8.0,96.0,-0.00020289831055042562,1035178
CASE_T1_007,CAGE,1,hCAGE CL:0002144,paired,-64.0,20.0,64.0,-0.0002290800371788082,1035181
CASE_T1_007,CAGE,2,hCAGE CL:0002188,paired,-64.0,12.0,64.0,-0.000208849674451006,1035179
CASE_T1_007,CAGE,3,hCAGE CL:0002543,paired,-96.0,12.0,96.0,-0.00020080565983460197,1035179
CASE_T1_007,CAGE,4,hCAGE CL:0002544,paired,-32.0,12.0,32.0,-0.00012467846523300796,1035171
CASE_T1_007,CAGE,5,hCAGE CL:0002545,paired,-64.0,320.0,320.0,3.0095966237708716e-05,1035176
CASE_T1_007,CAGE,6,hCAGE CL:0002588,paired,-64.0,256.0,256.0,8.32656684667532e-05,1035176
CASE_T1_007,CAGE,7,hCAGE CL:0002618,paired,-64.0,192.0,192.0,3.339021726986302e-05,1035176
CASE_T1_007,CAGE,8,hCAGE CL:1000413,paired,-56.0,4.0,56.0,-0.00028013780206559424,1035180
CASE_T1_007,CAGE,9,hCAGE CL:0002138,paired,-16.0,6.0,16.0,-0.0005653223655963935,625200
CASE_T1_007,CAGE,10,hCAGE CL:0002144,paired,-12.0,8.0,12.0,-0.00045467557745026976,625322
CASE_T1_007,CAGE,11,hCAGE CL:0002188,paired,-12.0,6.0,12.0,-0.0002858284096112218,625200
CASE_T1_007,CAGE,12,hCAGE CL:0002543,paired,-12.0,5.0,12.0,-0.0003280993846612734,625240
CASE_T1_007,CAGE,13,hCAGE CL:0002544,paired,-11.0,6.0,11.0,-0.0002960635049251703,625322
CASE_T1_007,CAGE,14,hCAGE CL:0002545,paired,-13.0,6.0,13.0,-0.0003925721729758358,625322
CASE_T1_007,CAGE,15,hCAGE CL:0002588,paired,-8.0,6.0,8.0,1.7547656269795153e-05,842684
CASE_T1_007,CAGE,16,hCAGE CL:0002618,paired,-32.0,4.0,32.0,-0.0003775971833372277,993919
CASE_T1_007,CAGE,17,hCAGE CL:1000413,paired,-16.0,6.0,16.0,-0.00039441015178931504,625242
CASE_T1_007,PROCAP,0,ENCSR801ECP,paired,-8.0,24.0,24.0,6.363028829156625e-06,1035176
CASE_T1_007,PROCAP,1,ENCSR801ECP,paired,-4.0,8.0,8.0,-1.566663967050852e-05,994456
CASE_T1_007,CHIP_HISTONE,0,CL:0002618 Histone ChIP-seq H2AFZ,paired,-16.0,24.0,24.0,0.018760204315185547,7444
CASE_T1_007,CHIP_HISTONE,1,CL:0002618 Histone ChIP-seq H3K27ac,paired,-48.0,64.0,64.0,-0.049831390380859375,5603
CASE_T1_007,CHIP_HISTONE,2,CL:0002618 Histone ChIP-seq H3K27me3,paired,-4.0,4.0,4.0,0.013714313507080078,3476
CASE_T1_007,CHIP_HISTONE,3,CL:0002618 Histone ChIP-seq H3K36me3,paired,-24.0,12.0,24.0,-0.20495986938476562,4096
CASE_T1_007,CHIP_HISTONE,4,CL:0002618 Histone ChIP-seq H3K4me1,paired,-16.0,16.0,16.0,-0.03603553771972656,4817
CASE_T1_007,CHIP_HISTONE,5,CL:0002618 Histone ChIP-seq H3K4me2,paired,-24.0,32.0,32.0,-0.03451347351074219,6568
CASE_T1_007,CHIP_HISTONE,6,CL:0002618 Histone ChIP-seq H3K4me3,paired,-64.0,80.0,80.0,-0.036785125732421875,5481
CASE_T1_007,CHIP_HISTONE,7,CL:0002618 Histone ChIP-seq H3K79me2,paired,-40.0,16.0,40.0,-0.2512655258178711,4096
CASE_T1_007,CHIP_HISTONE,8,CL:0002618 Histone ChIP-seq H3K9ac,paired,-32.0,64.0,64.0,-0.043005943298339844,6913
CASE_T1_007,CHIP_HISTONE,9,CL:2000044 Histone ChIP-seq H3K27ac,paired,-32.0,24.0,32.0,0.02079486846923828,6581
CASE_T1_007,CHIP_HISTONE,10,CL:2000044 Histone ChIP-seq H3K36me3,paired,-4.0,4.0,4.0,-0.011966705322265625,5751
CASE_T1_007,CHIP_HISTONE,11,CL:2000044 Histone ChIP-seq H3K4me3,paired,-128.0,256.0,256.0,0.03418540954589844,7761
CASE_T1_007,SPLICE_SITES,0,donor,paired,-0.0078125,0.0078125,0.0078125,1.419792007226195e-08,10489
CASE_T1_007,SPLICE_SITES,1,acceptor,paired,-0.01171875,0.01171875,0.01171875,-4.006181032745193e-09,1021647
CASE_T1_007,SPLICE_SITES,2,donor,paired,-0.6328125,0.68121337890625,0.68121337890625,1.2093902360260644e-06,524284
CASE_T1_007,SPLICE_SITES,3,acceptor,paired,-0.02734375,0.01953125,0.02734375,-2.677416408025657e-08,524473
CASE_T1_008,RNA_SEQ,0,CL:0000115 total RNA-seq,paired,-2.5,1.5,2.5,1.4846759273962062e-05,1042830
CASE_T1_008,RNA_SEQ,1,CL:0002188 total RNA-seq,paired,-4.0,6.0,6.0,0.00011227725426395503,1042828
CASE_T1_008,RNA_SEQ,2,CL:0002543 total RNA-seq,paired,-3.5,3.5,3.5,8.148472064030757e-05,1042221
CASE_T1_008,RNA_SEQ,3,CL:0002545 total RNA-seq,paired,-2.5,2.5,2.5,3.272378618194866e-05,1041650
CASE_T1_008,RNA_SEQ,4,CL:0002618 polyA plus RNA-seq,paired,-8.0,8.0,8.0,0.00010034633478852548,1042699
CASE_T1_008,RNA_SEQ,5,CL:0002618 total RNA-seq,paired,-3.0,4.5,4.5,6.119759722725878e-05,1042253
CASE_T1_008,RNA_SEQ,6,CL:1001568 total RNA-seq,paired,-5.0,5.0,5.0,0.0001858244022453036,1041641
CASE_T1_008,RNA_SEQ,7,CL:2000010 total RNA-seq,paired,-4.0,4.0,4.0,0.00012299613589392106,1041640
CASE_T1_008,RNA_SEQ,8,CL:2000011 total RNA-seq,paired,-3.0,4.0,4.0,7.588837465649038e-05,1042076
CASE_T1_008,RNA_SEQ,9,CL:2000016 total RNA-seq,paired,-3.5,3.5,3.5,3.895490241086918e-05,1041625
CASE_T1_008,RNA_SEQ,10,CL:2000018 total RNA-seq,paired,-4.0,6.0,6.0,0.00010738340366492165,1042052
CASE_T1_008,RNA_SEQ,11,CL:2000040 total RNA-seq,paired,-4.5,4.5,4.5,0.00011009811630453972,1041803
CASE_T1_008,RNA_SEQ,12,CL:2000041 total RNA-seq,paired,-4.0,4.0,4.0,9.042310537358655e-05,1041681
CASE_T1_008,RNA_SEQ,13,CL:0000115 total RNA-seq,paired,-0.3125,0.1875,0.3125,-1.991291248590321e-05,524289
CASE_T1_008,RNA_SEQ,14,CL:0002188 total RNA-seq,paired,-0.625,0.75,0.75,0.00011322010269955789,524127
CASE_T1_008,RNA_SEQ,15,CL:0002543 total RNA-seq,paired,-0.5,0.5625,0.5625,0.00014949493440398476,524408
CASE_T1_008,RNA_SEQ,16,CL:0002545 total RNA-seq,paired,-0.21875,0.375,0.375,0.00010921145803283183,524164
CASE_T1_008,RNA_SEQ,17,CL:0002618 polyA plus RNA-seq,paired,-0.6875,0.75,0.75,0.0001452516678042069,524414
CASE_T1_008,RNA_SEQ,18,CL:0002618 total RNA-seq,paired,-0.3125,0.3125,0.3125,7.163122748520077e-05,524298
CASE_T1_008,RNA_SEQ,19,CL:1001568 total RNA-seq,paired,-0.5,0.5625,0.5625,0.00020371765354671562,524167
CASE_T1_008,RNA_SEQ,20,CL:2000010 total RNA-seq,paired,-0.625,0.75,0.75,0.0002814460674279961,524192
CASE_T1_008,RNA_SEQ,21,CL:2000011 total RNA-seq,paired,-0.625,0.75,0.75,0.000203303066925474,524177
CASE_T1_008,RNA_SEQ,22,CL:2000016 total RNA-seq,paired,-0.625,0.625,0.625,0.0001694506232913245,626308
CASE_T1_008,RNA_SEQ,23,CL:2000018 total RNA-seq,paired,-0.4375,0.5625,0.5625,0.0002042409114398566,524288
CASE_T1_008,RNA_SEQ,24,CL:2000040 total RNA-seq,paired,-0.5,0.625,0.625,0.00021621889068851167,524166
CASE_T1_008,RNA_SEQ,25,CL:2000041 total RNA-seq,paired,-0.625,0.625,0.625,0.0001929241354425422,499068
CASE_T1_008,RNA_SEQ,26,CL:0002618 polyA plus RNA-seq,paired,-10.0,10.0,10.0,0.0002327659887224622,1039928
CASE_T1_008,SPLICE_SITE_USAGE,0,usage_CL:0000115 total RNA-seq,paired,-0.00390625,0.00390625,0.00390625,-1.121721092324935e-08,741382
CASE_T1_008,SPLICE_SITE_USAGE,1,usage_CL:0002188 total RNA-seq,paired,-0.00390625,0.00390625,0.00390625,2.9087032955843473e-10,730533
CASE_T1_008,SPLICE_SITE_USAGE,2,usage_CL:0002543 total RNA-seq,paired,-0.00390625,0.00390625,0.00390625,-9.287817545871463e-09,740434
CASE_T1_008,SPLICE_SITE_USAGE,3,usage_CL:0002545 total RNA-seq,paired,-0.00390625,0.00390625,0.00390625,-1.0892234076492757e-08,958554
CASE_T1_008,SPLICE_SITE_USAGE,4,usage_CL:0002618 polyA plus RNA-seq,paired,-0.00390625,0.00390625,0.00390625,-1.8776496624878236e-09,742870
CASE_T1_008,SPLICE_SITE_USAGE,5,usage_CL:0002618 total RNA-seq,paired,-0.00390625,0.00390625,0.00390625,-5.2431600231200165e-09,740434
CASE_T1_008,SPLICE_SITE_USAGE,6,usage_CL:1001568 total RNA-seq,paired,-0.00390625,0.00390625,0.00390625,-5.034465048420569e-09,962513
CASE_T1_008,SPLICE_SITE_USAGE,7,usage_CL:2000010 total RNA-seq,paired,-0.00390625,0.00390625,0.00390625,-7.77331433943207e-09,895219
CASE_T1_008,SPLICE_SITE_USAGE,8,usage_CL:2000011 total RNA-seq,paired,-0.00390625,0.00390625,0.00390625,6.32350140266746e-09,738519
CASE_T1_008,SPLICE_SITE_USAGE,9,usage_CL:2000016 total RNA-seq,paired,-0.00390625,0.00390625,0.00390625,4.535974867022892e-09,822803
CASE_T1_008,SPLICE_SITE_USAGE,10,usage_CL:2000018 total RNA-seq,paired,-0.00390625,0.00390625,0.00390625,-9.336458738521216e-09,741382
CASE_T1_008,SPLICE_SITE_USAGE,11,usage_CL:2000040 total RNA-seq,paired,-0.00390625,0.00390625,0.00390625,-1.1759498333430152e-08,822803
CASE_T1_008,SPLICE_SITE_USAGE,12,usage_CL:2000041 total RNA-seq,paired,-0.00390625,0.00390625,0.00390625,-1.4160923907016038e-09,740672
CASE_T1_008,SPLICE_SITE_USAGE,13,usage_CL:0000115 total RNA-seq,paired,-0.005859375,0.0078125,0.0078125,4.5404376453727824e-08,426147
CASE_T1_008,SPLICE_SITE_USAGE,14,usage_CL:0002188 total RNA-seq,paired,-0.00390625,0.0078125,0.0078125,8.607266472085538e-08,152834
CASE_T1_008,SPLICE_SITE_USAGE,15,usage_CL:0002543 total RNA-seq,paired,-0.005859375,0.0078125,0.0078125,4.507586787774172e-08,426147
CASE_T1_008,SPLICE_SITE_USAGE,16,usage_CL:0002545 total RNA-seq,paired,-0.005859375,0.0078125,0.0078125,8.428312106902625e-08,152834
CASE_T1_008,SPLICE_SITE_USAGE,17,usage_CL:0002618 polyA plus RNA-seq,paired,-0.005859375,0.0078125,0.0078125,3.7479332157163206e-08,152834
CASE_T1_008,SPLICE_SITE_USAGE,18,usage_CL:0002618 total RNA-seq,paired,-0.005859375,0.0078125,0.0078125,7.520386635178039e-08,152834
CASE_T1_008,SPLICE_SITE_USAGE,19,usage_CL:1001568 total RNA-seq,paired,-0.0078125,0.0078125,0.0078125,4.182626716786865e-08,152834
CASE_T1_008,SPLICE_SITE_USAGE,20,usage_CL:2000010 total RNA-seq,paired,-0.005859375,0.0078125,0.0078125,5.151074254896296e-08,152834
CASE_T1_008,SPLICE_SITE_USAGE,21,usage_CL:2000011 total RNA-seq,paired,-0.0078125,0.0078125,0.0078125,5.5767706878244754e-08,152834
CASE_T1_008,SPLICE_SITE_USAGE,22,usage_CL:2000016 total RNA-seq,paired,-0.005859375,0.0078125,0.0078125,3.2243683399348555e-08,152834
CASE_T1_008,SPLICE_SITE_USAGE,23,usage_CL:2000018 total RNA-seq,paired,-0.005859375,0.0078125,0.0078125,4.8355857391981116e-08,152834
CASE_T1_008,SPLICE_SITE_USAGE,24,usage_CL:2000040 total RNA-seq,paired,-0.0078125,0.0078125,0.0078125,3.764679650062082e-08,152834
CASE_T1_008,SPLICE_SITE_USAGE,25,usage_CL:2000041 total RNA-seq,paired,-0.005859375,0.0078125,0.0078125,2.574575851887353e-08,426147
CASE_T1_008,SPLICE_JUNCTIONS,0,junction_CL:0000115 total RNA-seq,paired,-0.01965475082397461,0.028764724731445312,0.028764724731445312,1.348082164962436e-05,3709
CASE_T1_008,SPLICE_JUNCTIONS,1,junction_CL:0002188 total RNA-seq,paired,-0.022061824798583984,0.03822517395019531,0.03822517395019531,4.850912187099311e-05,3709
CASE_T1_008,SPLICE_JUNCTIONS,2,junction_CL:0002543 total RNA-seq,paired,-0.038619041442871094,0.043682098388671875,0.043682098388671875,0.00012541208939802927,3709
CASE_T1_008,SPLICE_JUNCTIONS,3,junction_CL:0002545 total RNA-seq,paired,-0.02567768096923828,0.03341484069824219,0.03341484069824219,8.579997616550736e-05,3709
CASE_T1_008,SPLICE_JUNCTIONS,4,junction_CL:0002618 polyA plus RNA-seq,paired,-0.030732154846191406,0.039644718170166016,0.039644718170166016,5.7968702894395714e-05,3709
CASE_T1_008,SPLICE_JUNCTIONS,5,junction_CL:0002618 total RNA-seq,paired,-0.030789852142333984,0.0356898307800293,0.0356898307800293,5.230404610494949e-05,3709
CASE_T1_008,SPLICE_JUNCTIONS,6,junction_CL:1001568 total RNA-seq,paired,-0.031065940856933594,0.04091167449951172,0.04091167449951172,9.202182772725798e-05,3709
CASE_T1_008,SPLICE_JUNCTIONS,7,junction_CL:2000010 total RNA-seq,paired,-0.033692359924316406,0.04297447204589844,0.04297447204589844,0.00017160337253338672,3709
CASE_T1_008,SPLICE_JUNCTIONS,8,junction_CL:2000011 total RNA-seq,paired,-0.03588390350341797,0.03996562957763672,0.03996562957763672,0.0001678134061066203,3709
CASE_T1_008,SPLICE_JUNCTIONS,9,junction_CL:2000016 total RNA-seq,paired,-0.037841796875,0.04112529754638672,0.04112529754638672,0.00020632699610370384,3709
CASE_T1_008,SPLICE_JUNCTIONS,10,junction_CL:2000018 total RNA-seq,paired,-0.030084609985351562,0.04020118713378906,0.04020118713378906,7.60200762676615e-05,3709
CASE_T1_008,SPLICE_JUNCTIONS,11,junction_CL:2000040 total RNA-seq,paired,-0.03761482238769531,0.04644775390625,0.04644775390625,0.00017861346188737277,3709
CASE_T1_008,SPLICE_JUNCTIONS,12,junction_CL:2000041 total RNA-seq,paired,-0.041258811950683594,0.043160438537597656,0.043160438537597656,0.0001825905562912179,3709
CASE_T1_008,DNASE,0,CL:0000115 DNase-seq,paired,-0.125,0.375,0.375,6.52909680631808e-06,493850
CASE_T1_008,DNASE,1,CL:0002618 DNase-seq,paired,-0.25,0.5,0.5,1.685098062029848e-05,976126
CASE_T1_008,DNASE,2,CL:1000892 DNase-seq,paired,-0.03125,0.03125,0.03125,6.334551613917938e-06,91581
CASE_T1_008,DNASE,3,CL:1001568 DNase-seq,paired,-0.25,0.25,0.25,8.521983823933618e-06,841406
CASE_T1_008,DNASE,4,CL:2000010 DNase-seq,paired,-0.5,0.5,0.5,1.4763712387678862e-05,975820
CASE_T1_008,DNASE,5,CL:2000016 DNase-seq,paired,-0.75,0.625,0.75,5.24420703440498e-06,976126
CASE_T1_008,DNASE,6,CL:2000041 DNase-seq,paired,-0.75,0.5,0.75,1.580765512200335e-05,841499
CASE_T1_008,DNASE,7,CL:2000044 DNase-seq,paired,-0.25,0.5,0.5,1.1229572900645947e-05,889241
CASE_T1_008,CHIP_TF,0,CL:0000115 TF ChIP-seq CTCF,paired,-32.0,16.0,32.0,0.000286102294921875,4244
CASE_T1_008,CHIP_TF,1,CL:0002618 TF ChIP-seq CTCF,paired,-12.0,16.0,16.0,0.00775146484375,7319
CASE_T1_008,CHIP_TF,2,CL:0002618 TF ChIP-seq FOS,paired,-12.0,16.0,16.0,0.008697509765625,5257
CASE_T1_008,CHIP_TF,3,CL:0002618 TF ChIP-seq GATA2,paired,-16.0,8.0,16.0,-0.001392364501953125,4858
CASE_T1_008,CHIP_TF,4,CL:0002618 TF ChIP-seq JUN,paired,-6.0,4.0,6.0,-0.0011216402053833008,3920
CASE_T1_008,CHIP_TF,5,CL:0002618 TF ChIP-seq MAX,paired,-8.0,6.0,8.0,-0.003630399703979492,5288
CASE_T1_008,CHIP_TF,6,CL:0002618 TF ChIP-seq MYC,paired,-16.0,24.0,24.0,0.023090362548828125,4856
CASE_T1_008,CHIP_TF,7,CL:0002618 TF ChIP-seq POLR2A,paired,-32.0,24.0,32.0,0.026272296905517578,7623
CASE_T1_008,CHIP_TF,8,CL:0002618 TF ChIP-seq POLR2AphosphoS5,paired,-48.0,48.0,48.0,0.06622314453125,5511
CASE_T1_008,CHIP_TF,9,CL:2000044 TF ChIP-seq CTCF,paired,-128.0,96.0,128.0,0.014476776123046875,7583
CASE_T1_008,CAGE,0,hCAGE CL:0002138,paired,-128.0,256.0,256.0,0.00017441013032312713,1039625
CASE_T1_008,CAGE,1,hCAGE CL:0002144,paired,-64.0,256.0,256.0,0.0002656116000474551,1039624
CASE_T1_008,CAGE,2,hCAGE CL:0002188,paired,-160.0,32.0,160.0,-8.985973922270851e-05,1039628
CASE_T1_008,CAGE,3,hCAGE CL:0002543,paired,-128.0,512.0,512.0,0.00036742434141956437,1039624
CASE_T1_008,CAGE,4,hCAGE CL:0002544,paired,-12.0,32.0,32.0,9.11458304094781e-05,705506
CASE_T1_008,CAGE,5,hCAGE CL:0002545,paired,-128.0,256.0,256.0,0.0002571469094482248,1039624
CASE_T1_008,CAGE,6,hCAGE CL:0002588,paired,-128.0,192.0,192.0,4.560809527187626e-05,1039623
CASE_T1_008,CAGE,7,hCAGE CL:0002618,paired,-96.0,128.0,128.0,0.00012481848326462153,1039624
CASE_T1_008,CAGE,8,hCAGE CL:1000413,paired,-8.0,256.0,256.0,0.0004310384888472907,1039624
CASE_T1_008,CAGE,9,hCAGE CL:0002138,paired,-20.0,5.0,20.0,-0.00010154280968588392,847183
CASE_T1_008,CAGE,10,hCAGE CL:0002144,paired,-24.0,6.0,24.0,-0.00011900388814489737,629690
CASE_T1_008,CAGE,11,hCAGE CL:0002188,paired,-10.0,40.0,40.0,-4.261035366703858e-05,975784
CASE_T1_008,CAGE,12,hCAGE CL:0002543,paired,-20.0,8.0,20.0,-0.00010416379096156447,629692
CASE_T1_008,CAGE,13,hCAGE CL:0002544,paired,-20.0,16.0,20.0,-9.641256019821132e-05,629692
CASE_T1_008,CAGE,14,hCAGE CL:0002545,paired,-16.0,40.0,40.0,-7.38322708804251e-05,975784
CASE_T1_008,CAGE,15,hCAGE CL:0002588,paired,-6.0,8.0,8.0,8.87673392954702e-06,998355
CASE_T1_008,CAGE,16,hCAGE CL:0002618,paired,-8.0,24.0,24.0,-5.071652501352497e-05,975784
CASE_T1_008,CAGE,17,hCAGE CL:1000413,paired,-8.0,6.0,8.0,-8.848126188587546e-05,629690
CASE_T1_008,PROCAP,0,ENCSR801ECP,paired,-8.0,16.0,16.0,2.8738434036834626e-05,1039624
CASE_T1_008,PROCAP,1,ENCSR801ECP,paired,-4.0,4.0,4.0,2.2485443023023688e-05,847111
CASE_T1_008,CHIP_HISTONE,0,CL:0002618 Histone ChIP-seq H2AFZ,paired,-32.0,16.0,32.0,0.0024175643920898438,7479
CASE_T1_008,CHIP_HISTONE,1,CL:0002618 Histone ChIP-seq H3K27ac,paired,-80.0,48.0,80.0,0.03443419933319092,5357
CASE_T1_008,CHIP_HISTONE,2,CL:0002618 Histone ChIP-seq H3K27me3,paired,-8.0,4.0,8.0,0.0017266273498535156,6369
CASE_T1_008,CHIP_HISTONE,3,CL:0002618 Histone ChIP-seq H3K36me3,paired,-12.0,12.0,12.0,0.0280609130859375,4097
CASE_T1_008,CHIP_HISTONE,4,CL:0002618 Histone ChIP-seq H3K4me1,paired,-20.0,20.0,20.0,0.03972053527832031,4839
CASE_T1_008,CHIP_HISTONE,5,CL:0002618 Histone ChIP-seq H3K4me2,paired,-24.0,32.0,32.0,0.04367256164550781,7794
CASE_T1_008,CHIP_HISTONE,6,CL:0002618 Histone ChIP-seq H3K4me3,paired,-32.0,24.0,32.0,0.0048980712890625,7479
CASE_T1_008,CHIP_HISTONE,7,CL:0002618 Histone ChIP-seq H3K79me2,paired,-24.0,16.0,24.0,0.02877664566040039,6595
CASE_T1_008,CHIP_HISTONE,8,CL:0002618 Histone ChIP-seq H3K9ac,paired,-40.0,48.0,48.0,0.021357059478759766,8123
CASE_T1_008,CHIP_HISTONE,9,CL:2000044 Histone ChIP-seq H3K27ac,paired,-64.0,24.0,64.0,0.0014286041259765625,6570
CASE_T1_008,CHIP_HISTONE,10,CL:2000044 Histone ChIP-seq H3K36me3,paired,-4.0,8.0,8.0,0.004146575927734375,8152
CASE_T1_008,CHIP_HISTONE,11,CL:2000044 Histone ChIP-seq H3K4me3,paired,-192.0,768.0,768.0,0.13077163696289062,8131
CASE_T1_008,SPLICE_SITES,0,donor,paired,-0.0078125,0.0078125,0.0078125,-2.2712861477008905e-08,17315
CASE_T1_008,SPLICE_SITES,1,acceptor,paired,-0.0234375,0.0078125,0.0234375,4.022601524100722e-08,1042209
CASE_T1_008,SPLICE_SITES,2,donor,paired,-0.0078125,0.009765625,0.009765625,-1.4208728665865422e-08,882774
CASE_T1_008,SPLICE_SITES,3,acceptor,paired,-0.0078125,0.005859375,0.0078125,5.025123224478012e-08,475886
CASE_T1_009,RNA_SEQ,0,CL:0000115 total RNA-seq,paired,-1.5,2.5,2.5,-7.432116267731478e-06,1040068
CASE_T1_009,RNA_SEQ,1,CL:0002188 total RNA-seq,paired,-6.0,4.0,6.0,5.1758550696810705e-05,1040212
CASE_T1_009,RNA_SEQ,2,CL:0002543 total RNA-seq,paired,-3.5,3.5,3.5,-1.4650452056814457e-05,1039325
CASE_T1_009,RNA_SEQ,3,CL:0002545 total RNA-seq,paired,-2.5,2.5,2.5,9.289996961369795e-06,1037162
CASE_T1_009,RNA_SEQ,4,CL:0002618 polyA plus RNA-seq,paired,-8.0,8.0,8.0,5.7527235788050685e-05,1039656
CASE_T1_009,RNA_SEQ,5,CL:0002618 total RNA-seq,paired,-4.5,4.5,4.5,2.6268511258944116e-05,1040575
CASE_T1_009,RNA_SEQ,6,CL:1001568 total RNA-seq,paired,-5.0,5.0,5.0,1.3505912613587863e-05,1038897
CASE_T1_009,RNA_SEQ,7,CL:2000010 total RNA-seq,paired,-4.0,4.0,4.0,-1.608950402664277e-05,1038891
CASE_T1_009,RNA_SEQ,8,CL:2000011 total RNA-seq,paired,-4.0,3.0,4.0,-5.523851829529339e-06,1040067
CASE_T1_009,RNA_SEQ,9,CL:2000016 total RNA-seq,paired,-3.5,3.5,3.5,2.4468490488822623e-05,1039292
CASE_T1_009,RNA_SEQ,10,CL:2000018 total RNA-seq,paired,-6.0,6.0,6.0,-5.715801323339981e-06,1039273
CASE_T1_009,RNA_SEQ,11,CL:2000040 total RNA-seq,paired,-4.5,4.5,4.5,1.6827031316756988e-05,1039473
CASE_T1_009,RNA_SEQ,12,CL:2000041 total RNA-seq,paired,-4.0,4.0,4.0,-2.7619092587759854e-05,1038865
CASE_T1_009,RNA_SEQ,13,CL:0000115 total RNA-seq,paired,-0.1875,0.25,0.25,8.050574913546354e-05,524291
CASE_T1_009,RNA_SEQ,14,CL:0002188 total RNA-seq,paired,-0.625,0.625,0.625,9.24890797139968e-05,496466
CASE_T1_009,RNA_SEQ,15,CL:0002543 total RNA-seq,paired,-0.5,0.5,0.5,0.00017891847041982128,496500
CASE_T1_009,RNA_SEQ,16,CL:0002545 total RNA-seq,paired,-0.21875,0.21875,0.21875,0.00012861039873839075,496410
CASE_T1_009,RNA_SEQ,17,CL:0002618 polyA plus RNA-seq,paired,-0.6875,0.6875,0.6875,0.00010832959550702656,451377
CASE_T1_009,RNA_SEQ,18,CL:0002618 total RNA-seq,paired,-0.1875,0.1875,0.1875,0.000164769586364074,451251
CASE_T1_009,RNA_SEQ,19,CL:1001568 total RNA-seq,paired,-0.5,0.5,0.5,5.6624580081113696e-05,478527
CASE_T1_009,RNA_SEQ,20,CL:2000010 total RNA-seq,paired,-0.875,0.625,0.875,0.00019859514243990577,521656
CASE_T1_009,RNA_SEQ,21,CL:2000011 total RNA-seq,paired,-0.625,0.625,0.625,9.591423918670029e-05,496295
CASE_T1_009,RNA_SEQ,22,CL:2000016 total RNA-seq,paired,-0.625,0.625,0.625,8.32983142959315e-05,612766
CASE_T1_009,RNA_SEQ,23,CL:2000018 total RNA-seq,paired,-0.4375,0.4375,0.4375,8.07264096101012e-05,455851
CASE_T1_009,RNA_SEQ,24,CL:2000040 total RNA-seq,paired,-0.5,0.5,0.5,0.0001676374589079919,496433
CASE_T1_009,RNA_SEQ,25,CL:2000041 total RNA-seq,paired,-0.625,0.625,0.625,0.00011935140893485263,494306
CASE_T1_009,RNA_SEQ,26,CL:0002618 polyA plus RNA-seq,paired,-10.0,10.0,10.0,0.0001681926936835518,1040320
CASE_T1_009,SPLICE_SITE_USAGE,0,usage_CL:0000115 total RNA-seq,paired,-0.00390625,0.0078125,0.0078125,3.611743633802258e-08,960071
CASE_T1_009,SPLICE_SITE_USAGE,1,usage_CL:0002188 total RNA-seq,paired,-0.00390625,0.00390625,0.00390625,2.0910680520458413e-08,814691
CASE_T1_009,SPLICE_SITE_USAGE,2,usage_CL:0002543 total RNA-seq,paired,-0.00390625,0.0078125,0.0078125,2.0985664400023987e-08,960071
CASE_T1_009,SPLICE_SITE_USAGE,3,usage_CL:0002545 total RNA-seq,paired,-0.00390625,0.0078125,0.0078125,3.5058049522012497e-08,960071
CASE_T1_009,SPLICE_SITE_USAGE,4,usage_CL:0002618 polyA plus RNA-seq,paired,-0.00390625,0.00390625,0.00390625,3.9430428425829556e-08,954639
CASE_T1_009,SPLICE_SITE_USAGE,5,usage_CL:0002618 total RNA-seq,paired,-0.00390625,0.00390625,0.00390625,2.482493406674724e-08,960071
CASE_T1_009,SPLICE_SITE_USAGE,6,usage_CL:1001568 total RNA-seq,paired,-0.00390625,0.0078125,0.0078125,2.252203821646848e-08,960071
CASE_T1_009,SPLICE_SITE_USAGE,7,usage_CL:2000010 total RNA-seq,paired,-0.00390625,0.00390625,0.00390625,2.8729447712526682e-08,702892
CASE_T1_009,SPLICE_SITE_USAGE,8,usage_CL:2000011 total RNA-seq,paired,-0.00390625,0.00390625,0.00390625,2.908971339203874e-08,727861
CASE_T1_009,SPLICE_SITE_USAGE,9,usage_CL:2000016 total RNA-seq,paired,-0.00390625,0.0078125,0.0078125,3.188146599595199e-08,961274
CASE_T1_009,SPLICE_SITE_USAGE,10,usage_CL:2000018 total RNA-seq,paired,-0.00390625,0.00390625,0.00390625,2.8580999798300845e-08,702892
CASE_T1_009,SPLICE_SITE_USAGE,11,usage_CL:2000040 total RNA-seq,paired,-0.00390625,0.0078125,0.0078125,3.612938906383256e-08,961274
CASE_T1_009,SPLICE_SITE_USAGE,12,usage_CL:2000041 total RNA-seq,paired,-0.00390625,0.00390625,0.00390625,3.0701925548756726e-08,737654
CASE_T1_009,SPLICE_SITE_USAGE,13,usage_CL:0000115 total RNA-seq,paired,-0.0078125,0.0078125,0.0078125,-7.390798714255237e-08,137479
CASE_T1_009,SPLICE_SITE_USAGE,14,usage_CL:0002188 total RNA-seq,paired,-0.009765625,0.0078125,0.009765625,-4.64288207987881e-08,851129
CASE_T1_009,SPLICE_SITE_USAGE,15,usage_CL:0002543 total RNA-seq,paired,-0.005859375,0.0078125,0.0078125,-2.063505691049389e-08,1043969
CASE_T1_009,SPLICE_SITE_USAGE,16,usage_CL:0002545 total RNA-seq,paired,-0.0078125,0.0078125,0.0078125,-1.3334341117240687e-08,137479
CASE_T1_009,SPLICE_SITE_USAGE,17,usage_CL:0002618 polyA plus RNA-seq,paired,-0.0078125,0.0078125,0.0078125,-7.321823248524787e-08,253297
CASE_T1_009,SPLICE_SITE_USAGE,18,usage_CL:0002618 total RNA-seq,paired,-0.0068359375,0.0078125,0.0078125,-5.2638245909814884e-08,1043969
CASE_T1_009,SPLICE_SITE_USAGE,19,usage_CL:1001568 total RNA-seq,paired,-0.009765625,0.00390625,0.009765625,-2.0935454592153693e-08,851129
CASE_T1_009,SPLICE_SITE_USAGE,20,usage_CL:2000010 total RNA-seq,paired,-0.0078125,0.00390625,0.0078125,-4.585628267622693e-08,137479
CASE_T1_009,SPLICE_SITE_USAGE,21,usage_CL:2000011 total RNA-seq,paired,-0.0078125,0.00390625,0.0078125,-4.98269561840432e-09,851129
CASE_T1_009,SPLICE_SITE_USAGE,22,usage_CL:2000016 total RNA-seq,paired,-0.0078125,0.00390625,0.0078125,-3.83948433288156e-08,137479
CASE_T1_009,SPLICE_SITE_USAGE,23,usage_CL:2000018 total RNA-seq,paired,-0.009765625,0.0078125,0.009765625,-5.0049561492182944e-08,851129
CASE_T1_009,SPLICE_SITE_USAGE,24,usage_CL:2000040 total RNA-seq,paired,-0.0078125,0.00390625,0.0078125,-5.323884647300677e-08,137479
CASE_T1_009,SPLICE_SITE_USAGE,25,usage_CL:2000041 total RNA-seq,paired,-0.009765625,0.00390625,0.009765625,-5.840901392061271e-08,851129
CASE_T1_009,SPLICE_JUNCTIONS,0,junction_CL:0000115 total RNA-seq,paired,-0.025780677795410156,0.023012876510620117,0.025780677795410156,-6.194737990975807e-06,230
CASE_T1_009,SPLICE_JUNCTIONS,1,junction_CL:0002188 total RNA-seq,paired,-0.04183244705200195,0.03464674949645996,0.04183244705200195,6.891057357010415e-06,3257
CASE_T1_009,SPLICE_JUNCTIONS,2,junction_CL:0002543 total RNA-seq,paired,-0.042964935302734375,0.039263248443603516,0.042964935302734375,2.159253492687593e-05,3257
CASE_T1_009,SPLICE_JUNCTIONS,3,junction_CL:0002545 total RNA-seq,paired,-0.031083106994628906,0.04064464569091797,0.04064464569091797,3.041562269700877e-05,3326
CASE_T1_009,SPLICE_JUNCTIONS,4,junction_CL:0002618 polyA plus RNA-seq,paired,-0.0316619873046875,0.034770965576171875,0.034770965576171875,1.1793184835084169e-05,3326
CASE_T1_009,SPLICE_JUNCTIONS,5,junction_CL:0002618 total RNA-seq,paired,-0.032401084899902344,0.029511451721191406,0.032401084899902344,1.5092149672677435e-05,3257
CASE_T1_009,SPLICE_JUNCTIONS,6,junction_CL:1001568 total RNA-seq,paired,-0.03570747375488281,0.0424046516418457,0.0424046516418457,2.725514712316951e-05,3326
CASE_T1_009,SPLICE_JUNCTIONS,7,junction_CL:2000010 total RNA-seq,paired,-0.04651355743408203,0.043718576431274414,0.04651355743408203,2.8065422816093335e-05,3257
CASE_T1_009,SPLICE_JUNCTIONS,8,junction_CL:2000011 total RNA-seq,paired,-0.038506507873535156,0.0461583137512207,0.0461583137512207,4.760792802992868e-05,3326
CASE_T1_009,SPLICE_JUNCTIONS,9,junction_CL:2000016 total RNA-seq,paired,-0.043659210205078125,0.05069899559020996,0.05069899559020996,5.849218176754398e-05,5197
CASE_T1_009,SPLICE_JUNCTIONS,10,junction_CL:2000018 total RNA-seq,paired,-0.04104423522949219,0.04036831855773926,0.04104423522949219,1.7556752559949835e-05,3257
CASE_T1_009,SPLICE_JUNCTIONS,11,junction_CL:2000040 total RNA-seq,paired,-0.04458141326904297,0.04448580741882324,0.04458141326904297,4.552109468980168e-05,3257
CASE_T1_009,SPLICE_JUNCTIONS,12,junction_CL:2000041 total RNA-seq,paired,-0.037677764892578125,0.04987215995788574,0.04987215995788574,7.184121451167408e-05,5197
CASE_T1_009,DNASE,0,CL:0000115 DNase-seq,paired,-0.5,0.25,0.5,-1.0132223371428495e-06,1036756
CASE_T1_009,DNASE,1,CL:0002618 DNase-seq,paired,-0.5,0.1875,0.5,-2.922804634483808e-07,1036738
CASE_T1_009,DNASE,2,CL:1000892 DNase-seq,paired,-0.0625,0.0625,0.0625,3.1091124697013583e-06,247806
CASE_T1_009,DNASE,3,CL:1001568 DNase-seq,paired,-0.25,0.125,0.25,-1.5236810329065202e-06,825783
CASE_T1_009,DNASE,4,CL:2000010 DNase-seq,paired,-0.5,0.5,0.5,-7.008185834655164e-06,825796
CASE_T1_009,DNASE,5,CL:2000016 DNase-seq,paired,-0.75,0.625,0.75,-1.0389247977471427e-06,1036756
CASE_T1_009,DNASE,6,CL:2000041 DNase-seq,paired,-0.625,0.625,0.625,-8.365088717972522e-06,838782
CASE_T1_009,DNASE,7,CL:2000044 DNase-seq,paired,-0.375,0.75,0.75,-6.164591218106065e-07,996270
CASE_T1_009,CHIP_TF,0,CL:0000115 TF ChIP-seq CTCF,paired,-16.0,16.0,16.0,-0.002254486083984375,3660
CASE_T1_009,CHIP_TF,1,CL:0002618 TF ChIP-seq CTCF,paired,-16.0,8.0,16.0,-0.010608673095703125,8129
CASE_T1_009,CHIP_TF,2,CL:0002618 TF ChIP-seq FOS,paired,-12.0,12.0,12.0,-0.006732940673828125,1938
CASE_T1_009,CHIP_TF,3,CL:0002618 TF ChIP-seq GATA2,paired,-8.0,6.0,8.0,0.00075531005859375,5235
CASE_T1_009,CHIP_TF,4,CL:0002618 TF ChIP-seq JUN,paired,-32.0,8.0,32.0,-0.00647735595703125,5333
CASE_T1_009,CHIP_TF,5,CL:0002618 TF ChIP-seq MAX,paired,-28.0,8.0,28.0,-0.01244354248046875,7451
CASE_T1_009,CHIP_TF,6,CL:0002618 TF ChIP-seq MYC,paired,-48.0,16.0,48.0,-0.014494538307189941,8106
CASE_T1_009,CHIP_TF,7,CL:0002618 TF ChIP-seq POLR2A,paired,-24.0,32.0,32.0,0.03357982635498047,8101
CASE_T1_009,CHIP_TF,8,CL:0002618 TF ChIP-seq POLR2AphosphoS5,paired,-48.0,32.0,48.0,0.050853729248046875,5266
CASE_T1_009,CHIP_TF,9,CL:2000044 TF ChIP-seq CTCF,paired,-128.0,48.0,128.0,-0.02886962890625,6475
CASE_T1_009,CAGE,0,hCAGE CL:0002138,paired,-96.0,8.0,96.0,-0.00018241246529221433,1036842
CASE_T1_009,CAGE,1,hCAGE CL:0002144,paired,-256.0,64.0,256.0,-0.0003213651522187555,1036844
CASE_T1_009,CAGE,2,hCAGE CL:0002188,paired,-96.0,12.0,96.0,-0.00013525593735602692,1036842
CASE_T1_009,CAGE,3,hCAGE CL:0002543,paired,-128.0,64.0,128.0,-0.00013860596621739774,1036845
CASE_T1_009,CAGE,4,hCAGE CL:0002544,paired,-64.0,96.0,96.0,-2.241745479181212e-05,1036848
CASE_T1_009,CAGE,5,hCAGE CL:0002545,paired,-32.0,32.0,32.0,-9.430356808648455e-05,1036842
CASE_T1_009,CAGE,6,hCAGE CL:0002588,paired,-256.0,128.0,256.0,-0.0005516514072258921,1036844
CASE_T1_009,CAGE,7,hCAGE CL:0002618,paired,-192.0,32.0,192.0,-0.00025874759841809647,1036846
CASE_T1_009,CAGE,8,hCAGE CL:1000413,paired,-256.0,256.0,256.0,-0.00018846195869093307,1036847
CASE_T1_009,CAGE,9,hCAGE CL:0002138,paired,-8.0,20.0,20.0,5.7943769115248456e-05,995587
CASE_T1_009,CAGE,10,hCAGE CL:0002144,paired,-16.0,8.0,16.0,5.363525114482348e-05,844403
CASE_T1_009,CAGE,11,hCAGE CL:0002188,paired,-8.0,8.0,8.0,5.196694136599955e-05,626911
CASE_T1_009,CAGE,12,hCAGE CL:0002543,paired,-12.0,6.0,12.0,4.718268333347986e-05,844403
CASE_T1_009,CAGE,13,hCAGE CL:0002544,paired,-12.0,12.0,12.0,4.74039151692196e-05,844354
CASE_T1_009,CAGE,14,hCAGE CL:0002545,paired,-12.0,8.0,12.0,6.057846078721951e-05,626898
CASE_T1_009,CAGE,15,hCAGE CL:0002588,paired,-16.0,6.0,16.0,4.831202109704946e-05,973004
CASE_T1_009,CAGE,16,hCAGE CL:0002618,paired,-8.0,6.0,8.0,3.2337037761509535e-05,626912
CASE_T1_009,CAGE,17,hCAGE CL:1000413,paired,-16.0,8.0,16.0,2.6130023015380477e-05,973004
CASE_T1_009,PROCAP,0,ENCSR801ECP,paired,-12.0,32.0,32.0,2.2096631548479406e-05,1036847
CASE_T1_009,PROCAP,1,ENCSR801ECP,paired,-3.0,5.0,5.0,6.725587954892198e-07,447586
CASE_T1_009,CHIP_HISTONE,0,CL:0002618 Histone ChIP-seq H2AFZ,paired,-12.0,8.0,12.0,-0.003799915313720703,6769
CASE_T1_009,CHIP_HISTONE,1,CL:0002618 Histone ChIP-seq H3K27ac,paired,-64.0,64.0,64.0,0.035175323486328125,4830
CASE_T1_009,CHIP_HISTONE,2,CL:0002618 Histone ChIP-seq H3K27me3,paired,-2.0,4.0,4.0,-0.01758575439453125,5871
CASE_T1_009,CHIP_HISTONE,3,CL:0002618 Histone ChIP-seq H3K36me3,paired,-16.0,12.0,16.0,0.07161331176757812,4432
CASE_T1_009,CHIP_HISTONE,4,CL:0002618 Histone ChIP-seq H3K4me1,paired,-16.0,12.0,16.0,0.010890960693359375,4829
CASE_T1_009,CHIP_HISTONE,5,CL:0002618 Histone ChIP-seq H3K4me2,paired,-32.0,48.0,48.0,-0.00493621826171875,7773
CASE_T1_009,CHIP_HISTONE,6,CL:0002618 Histone ChIP-seq H3K4me3,paired,-96.0,64.0,96.0,-0.032912254333496094,6592
CASE_T1_009,CHIP_HISTONE,7,CL:0002618 Histone ChIP-seq H3K79me2,paired,-40.0,16.0,40.0,0.0043792724609375,6572
CASE_T1_009,CHIP_HISTONE,8,CL:0002618 Histone ChIP-seq H3K9ac,paired,-48.0,48.0,48.0,-0.018441200256347656,4834
CASE_T1_009,CHIP_HISTONE,9,CL:2000044 Histone ChIP-seq H3K27ac,paired,-80.0,20.0,80.0,-0.037400007247924805,6549
CASE_T1_009,CHIP_HISTONE,10,CL:2000044 Histone ChIP-seq H3K36me3,paired,-4.0,4.0,4.0,-0.016916990280151367,5765
CASE_T1_009,CHIP_HISTONE,11,CL:2000044 Histone ChIP-seq H3K4me3,paired,-384.0,512.0,512.0,-0.06608104705810547,7781
CASE_T1_009,SPLICE_SITES,0,donor,paired,-0.005859375,0.0078125,0.0078125,2.4575895315320784e-08,734716
CASE_T1_009,SPLICE_SITES,1,acceptor,paired,-0.0078125,0.0087890625,0.0087890625,3.639230736207644e-08,830467
CASE_T1_009,SPLICE_SITES,2,donor,paired,-0.0078125,0.0087890625,0.0087890625,3.5451804339392545e-08,523451
CASE_T1_009,SPLICE_SITES,3,acceptor,paired,-0.005859375,0.0078125,0.0078125,9.060811184680162e-09,63183
CASE_T1_010,RNA_SEQ,0,CL:0000115 total RNA-seq,paired,-1.0,0.625,1.0,-1.4803413753178285e-05,1023016
CASE_T1_010,RNA_SEQ,1,CL:0002188 total RNA-seq,paired,-0.75,1.0,1.0,-1.2674029774829257e-05,1047498
CASE_T1_010,RNA_SEQ,2,CL:0002543 total RNA-seq,paired,-0.5,0.375,0.5,-1.5065767729707802e-05,1047477
CASE_T1_010,RNA_SEQ,3,CL:0002545 total RNA-seq,paired,-0.5,0.5,0.5,-1.0078394495289904e-05,1047498
CASE_T1_010,RNA_SEQ,4,CL:0002618 polyA plus RNA-seq,paired,-2.0,1.5,2.0,-6.045626170476238e-06,1047220
CASE_T1_010,RNA_SEQ,5,CL:0002618 total RNA-seq,paired,-0.75,0.625,0.75,-1.717338293894682e-05,1022978
CASE_T1_010,RNA_SEQ,6,CL:1001568 total RNA-seq,paired,-1.5,2.0,2.0,-1.6877950059638377e-07,1047467
CASE_T1_010,RNA_SEQ,7,CL:2000010 total RNA-seq,paired,-1.0,0.5,1.0,-3.230054775053533e-06,1047211
CASE_T1_010,RNA_SEQ,8,CL:2000011 total RNA-seq,paired,-1.5,1.25,1.5,-2.8853706363431413e-05,1022978
CASE_T1_010,RNA_SEQ,9,CL:2000016 total RNA-seq,paired,-2.0,1.75,2.0,-1.5851062606366727e-05,1022978
CASE_T1_010,RNA_SEQ,10,CL:2000018 total RNA-seq,paired,-1.5,1.25,1.5,-1.178652694460225e-05,1022989
CASE_T1_010,RNA_SEQ,11,CL:2000040 total RNA-seq,paired,-1.5,1.5,1.5,-1.1861134427193756e-05,1022977
CASE_T1_010,RNA_SEQ,12,CL:2000041 total RNA-seq,paired,-1.25,0.75,1.25,-7.184886046434009e-06,1047473
CASE_T1_010,RNA_SEQ,13,CL:0000115 total RNA-seq,paired,-0.25,0.1875,0.25,-7.428854886507019e-05,524289
CASE_T1_010,RNA_SEQ,14,CL:0002188 total RNA-seq,paired,-0.625,0.625,0.625,-0.0001929640698887865,506710
CASE_T1_010,RNA_SEQ,15,CL:0002543 total RNA-seq,paired,-0.5,0.5,0.5,-0.0001458299862679424,506712
CASE_T1_010,RNA_SEQ,16,CL:0002545 total RNA-seq,paired,-0.21875,0.21875,0.21875,-9.766582024184345e-05,506752
CASE_T1_010,RNA_SEQ,17,CL:0002618 polyA plus RNA-seq,paired,-0.6875,0.6875,0.6875,-0.00015260248889366467,480228
CASE_T1_010,RNA_SEQ,18,CL:0002618 total RNA-seq,paired,-0.375,0.1875,0.375,-0.0001675946337399148,524289
CASE_T1_010,RNA_SEQ,19,CL:1001568 total RNA-seq,paired,-0.5,0.5,0.5,-0.00012630440646320363,504486
CASE_T1_010,RNA_SEQ,20,CL:2000010 total RNA-seq,paired,-0.625,0.625,0.625,-0.0001474860950555876,524289
CASE_T1_010,RNA_SEQ,21,CL:2000011 total RNA-seq,paired,-0.625,0.625,0.625,-0.00012681449598815533,504663
CASE_T1_010,RNA_SEQ,22,CL:2000016 total RNA-seq,paired,-0.625,0.625,0.625,-0.00010526742872007922,633864
CASE_T1_010,RNA_SEQ,23,CL:2000018 total RNA-seq,paired,-0.4375,0.4375,0.4375,-0.00012446080638718582,480227
CASE_T1_010,RNA_SEQ,24,CL:2000040 total RNA-seq,paired,-0.5,0.5,0.5,-0.00013240303419468345,506712
CASE_T1_010,RNA_SEQ,25,CL:2000041 total RNA-seq,paired,-0.625,0.625,0.625,-0.00014978561490092807,506571
CASE_T1_010,RNA_SEQ,26,CL:0002618 polyA plus RNA-seq,paired,-1.5,2.0,2.0,-0.0001632790907762613,1047475
CASE_T1_010,SPLICE_SITE_USAGE,0,usage_CL:0000115 total RNA-seq,paired,-0.0048828125,0.00390625,0.0048828125,-3.4345142710737186e-09,906872
CASE_T1_010,SPLICE_SITE_USAGE,1,usage_CL:0002188 total RNA-seq,paired,-0.0048828125,0.005859375,0.005859375,-1.9827004621442157e-08,830351
CASE_T1_010,SPLICE_SITE_USAGE,2,usage_CL:0002543 total RNA-seq,paired,-0.005859375,0.00390625,0.005859375,-1.1413296176210341e-08,906872
CASE_T1_010,SPLICE_SITE_USAGE,3,usage_CL:0002545 total RNA-seq,paired,-0.005859375,0.00390625,0.005859375,5.829629723397289e-09,906872
CASE_T1_010,SPLICE_SITE_USAGE,4,usage_CL:0002618 polyA plus RNA-seq,paired,-0.005859375,0.00390625,0.005859375,-3.4564483497590004e-09,906872
CASE_T1_010,SPLICE_SITE_USAGE,5,usage_CL:0002618 total RNA-seq,paired,-0.00390625,0.00390625,0.00390625,2.8145163628087028e-08,899099
CASE_T1_010,SPLICE_SITE_USAGE,6,usage_CL:1001568 total RNA-seq,paired,-0.0068359375,0.00390625,0.0068359375,2.288575726150377e-08,906872
CASE_T1_010,SPLICE_SITE_USAGE,7,usage_CL:2000010 total RNA-seq,paired,-0.005859375,0.00390625,0.005859375,1.5334552821988368e-08,906872
CASE_T1_010,SPLICE_SITE_USAGE,8,usage_CL:2000011 total RNA-seq,paired,-0.005859375,0.00390625,0.005859375,1.7758574342822964e-08,906872
CASE_T1_010,SPLICE_SITE_USAGE,9,usage_CL:2000016 total RNA-seq,paired,-0.005859375,0.00390625,0.005859375,9.393306527570588e-09,906872
CASE_T1_010,SPLICE_SITE_USAGE,10,usage_CL:2000018 total RNA-seq,paired,-0.0078125,0.0048828125,0.0078125,1.2421884909574743e-09,906872
CASE_T1_010,SPLICE_SITE_USAGE,11,usage_CL:2000040 total RNA-seq,paired,-0.0068359375,0.00390625,0.0068359375,-3.1363455166300014e-09,906872
CASE_T1_010,SPLICE_SITE_USAGE,12,usage_CL:2000041 total RNA-seq,paired,-0.0078125,0.00390625,0.0078125,1.3613244198573682e-08,906872
CASE_T1_010,SPLICE_SITE_USAGE,13,usage_CL:0000115 total RNA-seq,paired,-0.0078125,0.0078125,0.0078125,2.3882523017375312e-08,125411
CASE_T1_010,SPLICE_SITE_USAGE,14,usage_CL:0002188 total RNA-seq,paired,-0.005859375,0.0078125,0.0078125,2.670648234070344e-08,860908
CASE_T1_010,SPLICE_SITE_USAGE,15,usage_CL:0002543 total RNA-seq,paired,-0.005859375,0.009765625,0.009765625,5.1003739156923154e-08,860908
CASE_T1_010,SPLICE_SITE_USAGE,16,usage_CL:0002545 total RNA-seq,paired,-0.0078125,0.0078125,0.0078125,1.680587789765209e-08,160456
CASE_T1_010,SPLICE_SITE_USAGE,17,usage_CL:0002618 polyA plus RNA-seq,paired,-0.0078125,0.0078125,0.0078125,-2.2377885791798058e-08,860908
CASE_T1_010,SPLICE_SITE_USAGE,18,usage_CL:0002618 total RNA-seq,paired,-0.0078125,0.0078125,0.0078125,6.137708316849427e-09,125411
CASE_T1_010,SPLICE_SITE_USAGE,19,usage_CL:1001568 total RNA-seq,paired,-0.0078125,0.0078125,0.0078125,6.98287106002532e-09,78318
CASE_T1_010,SPLICE_SITE_USAGE,20,usage_CL:2000010 total RNA-seq,paired,-0.0078125,0.0078125,0.0078125,1.739776608390177e-08,78318
CASE_T1_010,SPLICE_SITE_USAGE,21,usage_CL:2000011 total RNA-seq,paired,-0.005859375,0.0078125,0.0078125,1.9807770452063417e-09,860908
CASE_T1_010,SPLICE_SITE_USAGE,22,usage_CL:2000016 total RNA-seq,paired,-0.0078125,0.0078125,0.0078125,4.426953870107983e-08,860908
CASE_T1_010,SPLICE_SITE_USAGE,23,usage_CL:2000018 total RNA-seq,paired,-0.0078125,0.0078125,0.0078125,-5.358386452212691e-09,78318
CASE_T1_010,SPLICE_SITE_USAGE,24,usage_CL:2000040 total RNA-seq,paired,-0.0078125,0.01171875,0.01171875,-1.0339660919990445e-09,860908
CASE_T1_010,SPLICE_SITE_USAGE,25,usage_CL:2000041 total RNA-seq,paired,-0.0078125,0.0078125,0.0078125,3.944375269199912e-08,78318
CASE_T1_010,SPLICE_JUNCTIONS,0,junction_CL:0000115 total RNA-seq,paired,-0.03083515167236328,0.016089916229248047,0.03083515167236328,-3.351771115574342e-05,2077
CASE_T1_010,SPLICE_JUNCTIONS,1,junction_CL:0002188 total RNA-seq,paired,-0.048177242279052734,0.018622875213623047,0.048177242279052734,-8.84466950771757e-05,1897
CASE_T1_010,SPLICE_JUNCTIONS,2,junction_CL:0002543 total RNA-seq,paired,-0.045207977294921875,0.036954402923583984,0.045207977294921875,-0.00011388630243681204,2077
CASE_T1_010,SPLICE_JUNCTIONS,3,junction_CL:0002545 total RNA-seq,paired,-0.0458829402923584,0.026059985160827637,0.0458829402923584,-9.875859302425708e-05,2077
CASE_T1_010,SPLICE_JUNCTIONS,4,junction_CL:0002618 polyA plus RNA-seq,paired,-0.04590487480163574,0.019759178161621094,0.04590487480163574,-8.289964118658318e-05,2077
CASE_T1_010,SPLICE_JUNCTIONS,5,junction_CL:0002618 total RNA-seq,paired,-0.03920316696166992,0.02045726776123047,0.03920316696166992,-7.776212541312177e-05,2077
CASE_T1_010,SPLICE_JUNCTIONS,6,junction_CL:1001568 total RNA-seq,paired,-0.041676998138427734,0.03106403350830078,0.041676998138427734,-9.728725718424327e-05,1897
CASE_T1_010,SPLICE_JUNCTIONS,7,junction_CL:2000010 total RNA-seq,paired,-0.05402851104736328,0.0329747200012207,0.05402851104736328,-0.00015645020223361436,3660
CASE_T1_010,SPLICE_JUNCTIONS,8,junction_CL:2000011 total RNA-seq,paired,-0.05108833312988281,0.0330204963684082,0.05108833312988281,-0.0001199085680970447,2077
CASE_T1_010,SPLICE_JUNCTIONS,9,junction_CL:2000016 total RNA-seq,paired,-0.048625946044921875,0.03476285934448242,0.048625946044921875,-0.00012724347890399754,1897
CASE_T1_010,SPLICE_JUNCTIONS,10,junction_CL:2000018 total RNA-seq,paired,-0.043682098388671875,0.023601293563842773,0.043682098388671875,-8.211141349395677e-05,2077
CASE_T1_010,SPLICE_JUNCTIONS,11,junction_CL:2000040 total RNA-seq,paired,-0.0470271110534668,0.027870655059814453,0.0470271110534668,-0.00013738220167966466,2077
CASE_T1_010,SPLICE_JUNCTIONS,12,junction_CL:2000041 total RNA-seq,paired,-0.050904273986816406,0.03407907485961914,0.050904273986816406,-0.0001457741793406101,2077
CASE_T1_010,DNASE,0,CL:0000115 DNase-seq,paired,-0.25,0.375,0.375,-5.612486438266728e-06,936396
CASE_T1_010,DNASE,1,CL:0002618 DNase-seq,paired,-0.375,0.375,0.375,-6.1719178183280315e-06,849047
CASE_T1_010,DNASE,2,CL:1000892 DNase-seq,paired,-0.0625,0.0625,0.0625,-5.996869901991886e-06,836056
CASE_T1_010,DNASE,3,CL:1001568 DNase-seq,paired,-0.25,0.125,0.25,-5.975813437409874e-06,680692
CASE_T1_010,DNASE,4,CL:2000010 DNase-seq,paired,-1.0,0.5,1.0,-7.138965203301543e-06,836124
CASE_T1_010,DNASE,5,CL:2000016 DNase-seq,paired,-0.75,0.625,0.75,-1.3789833722910316e-05,680692
CASE_T1_010,DNASE,6,CL:2000041 DNase-seq,paired,-0.5,0.625,0.625,-7.984003352802922e-06,836069
CASE_T1_010,DNASE,7,CL:2000044 DNase-seq,paired,-0.5,0.5,0.5,-8.070652560089077e-06,896789
CASE_T1_010,CHIP_TF,0,CL:0000115 TF ChIP-seq CTCF,paired,-32.0,16.0,32.0,-0.01572418212890625,6182
CASE_T1_010,CHIP_TF,1,CL:0002618 TF ChIP-seq CTCF,paired,-16.0,16.0,16.0,0.0010700225830078125,1263
CASE_T1_010,CHIP_TF,2,CL:0002618 TF ChIP-seq FOS,paired,-12.0,16.0,16.0,0.00139617919921875,5695
CASE_T1_010,CHIP_TF,3,CL:0002618 TF ChIP-seq GATA2,paired,-24.0,8.0,24.0,-0.0070934295654296875,5346
CASE_T1_010,CHIP_TF,4,CL:0002618 TF ChIP-seq JUN,paired,-24.0,16.0,24.0,-0.0050727128982543945,6532
CASE_T1_010,CHIP_TF,5,CL:0002618 TF ChIP-seq MAX,paired,-4.0,8.0,8.0,-0.004685878753662109,277
CASE_T1_010,CHIP_TF,6,CL:0002618 TF ChIP-seq MYC,paired,-48.0,32.0,48.0,-0.0026809051632881165,5415
CASE_T1_010,CHIP_TF,7,CL:0002618 TF ChIP-seq POLR2A,paired,-12.0,32.0,32.0,-0.012997627258300781,7681
CASE_T1_010,CHIP_TF,8,CL:0002618 TF ChIP-seq POLR2AphosphoS5,paired,-16.0,24.0,24.0,-0.05019378662109375,4979
CASE_T1_010,CHIP_TF,9,CL:2000044 TF ChIP-seq CTCF,paired,-192.0,128.0,192.0,-0.0167388916015625,4534
CASE_T1_010,CAGE,0,hCAGE CL:0002138,paired,-8.0,32.0,32.0,6.216475810794098e-05,1047176
CASE_T1_010,CAGE,1,hCAGE CL:0002144,paired,-192.0,64.0,192.0,-8.867818283547768e-05,1047173
CASE_T1_010,CAGE,2,hCAGE CL:0002188,paired,-12.0,48.0,48.0,4.996344742735914e-05,1047176
CASE_T1_010,CAGE,3,hCAGE CL:0002543,paired,-12.0,32.0,32.0,8.012663073841964e-05,1047176
CASE_T1_010,CAGE,4,hCAGE CL:0002544,paired,-12.0,8.0,12.0,2.08890498638592e-05,713022
CASE_T1_010,CAGE,5,hCAGE CL:0002545,paired,-32.0,48.0,48.0,8.118067999807188e-05,1047176
CASE_T1_010,CAGE,6,hCAGE CL:0002588,paired,-12.0,192.0,192.0,0.00031980408169161173,1047174
CASE_T1_010,CAGE,7,hCAGE CL:0002618,paired,-8.0,96.0,96.0,0.00010050109345807745,1047176
CASE_T1_010,CAGE,8,hCAGE CL:1000413,paired,-12.0,192.0,192.0,0.0001908364400331486,1047175
CASE_T1_010,CAGE,9,hCAGE CL:0002138,paired,-12.0,8.0,12.0,-5.4430852831521825e-05,1005915
CASE_T1_010,CAGE,10,hCAGE CL:0002144,paired,-8.0,8.0,8.0,-8.217069658478238e-05,637238
CASE_T1_010,CAGE,11,hCAGE CL:0002188,paired,-12.0,12.0,12.0,-8.70727992641207e-06,854682
CASE_T1_010,CAGE,12,hCAGE CL:0002543,paired,-12.0,16.0,16.0,-1.476444960624157e-05,637240
CASE_T1_010,CAGE,13,hCAGE CL:0002544,paired,-12.0,12.0,12.0,-4.047915953808712e-05,637198
CASE_T1_010,CAGE,14,hCAGE CL:0002545,paired,-24.0,8.0,24.0,-5.812439003749503e-05,1005917
CASE_T1_010,CAGE,15,hCAGE CL:0002588,paired,-16.0,12.0,16.0,-2.051379251438723e-06,1005917
CASE_T1_010,CAGE,16,hCAGE CL:0002618,paired,-10.0,6.0,10.0,-6.544242461861693e-05,637239
CASE_T1_010,CAGE,17,hCAGE CL:1000413,paired,-12.0,12.0,12.0,-2.4115149308778783e-05,637198
CASE_T1_010,PROCAP,0,ENCSR801ECP,paired,-6.0,24.0,24.0,1.597085889423755e-05,1047175
CASE_T1_010,PROCAP,1,ENCSR801ECP,paired,-16.0,6.0,16.0,-2.2254954399725246e-05,983332
CASE_T1_010,CHIP_HISTONE,0,CL:0002618 Histone ChIP-seq H2AFZ,paired,-12.0,16.0,16.0,0.009268760681152344,7537
CASE_T1_010,CHIP_HISTONE,1,CL:0002618 Histone ChIP-seq H3K27ac,paired,-80.0,48.0,80.0,-0.05677306652069092,5416
CASE_T1_010,CHIP_HISTONE,2,CL:0002618 Histone ChIP-seq H3K27me3,paired,-4.0,4.0,4.0,-0.0037689208984375,5957
CASE_T1_010,CHIP_HISTONE,3,CL:0002618 Histone ChIP-seq H3K36me3,paired,-12.0,16.0,16.0,-0.0407867431640625,4096
CASE_T1_010,CHIP_HISTONE,4,CL:0002618 Histone ChIP-seq H3K4me1,paired,-16.0,12.0,16.0,-0.012801170349121094,5324
CASE_T1_010,CHIP_HISTONE,5,CL:0002618 Histone ChIP-seq H3K4me2,paired,-16.0,32.0,32.0,0.01454019546508789,6662
CASE_T1_010,CHIP_HISTONE,6,CL:0002618 Histone ChIP-seq H3K4me3,paired,-96.0,24.0,96.0,-0.03449726104736328,8183
CASE_T1_010,CHIP_HISTONE,7,CL:0002618 Histone ChIP-seq H3K79me2,paired,-40.0,32.0,40.0,-0.06941986083984375,6668
CASE_T1_010,CHIP_HISTONE,8,CL:0002618 Histone ChIP-seq H3K9ac,paired,-48.0,48.0,48.0,-0.021511077880859375,6674
CASE_T1_010,CHIP_HISTONE,9,CL:2000044 Histone ChIP-seq H3K27ac,paired,-32.0,32.0,32.0,-0.0066375732421875,6671
CASE_T1_010,CHIP_HISTONE,10,CL:2000044 Histone ChIP-seq H3K36me3,paired,-4.0,4.0,4.0,-0.004184722900390625,6575
CASE_T1_010,CHIP_HISTONE,11,CL:2000044 Histone ChIP-seq H3K4me3,paired,-768.0,512.0,768.0,0.02728748321533203,8183
CASE_T1_010,SPLICE_SITES,0,donor,paired,-0.00390625,0.01171875,0.01171875,2.6655993920834953e-08,1047502
CASE_T1_010,SPLICE_SITES,1,acceptor,paired,-0.0078125,0.005859375,0.0078125,3.024878104940232e-08,713548
CASE_T1_010,SPLICE_SITES,2,donor,paired,-0.0078125,0.01171875,0.01171875,1.1837867491815146e-08,844531
CASE_T1_010,SPLICE_SITES,3,acceptor,paired,-0.005859375,0.0078125,0.0078125,3.9631660606054275e-08,546534
CASE_T2B_001,RNA_SEQ,0,CL:0000115 total RNA-seq,paired,-4.0,1.5,4.0,-5.934963702811796e-05,1042565
CASE_T2B_001,RNA_SEQ,1,CL:0002188 total RNA-seq,paired,-4.0,4.0,4.0,-9.690799072339292e-05,1039638
CASE_T2B_001,RNA_SEQ,2,CL:0002543 total RNA-seq,paired,-3.5,3.5,3.5,-4.778675049421557e-05,1041344
CASE_T2B_001,RNA_SEQ,3,CL:0002545 total RNA-seq,paired,-2.5,2.5,2.5,-8.869905904127168e-05,1041326
CASE_T2B_001,RNA_SEQ,4,CL:0002618 polyA plus RNA-seq,paired,-8.0,8.0,8.0,-4.1407160192132364e-05,1041761
CASE_T2B_001,RNA_SEQ,5,CL:0002618 total RNA-seq,paired,-4.5,4.5,4.5,-4.197797466095547e-05,1041938
CASE_T2B_001,RNA_SEQ,6,CL:1001568 total RNA-seq,paired,-5.0,5.0,5.0,-2.3847391514963045e-05,1041537
CASE_T2B_001,RNA_SEQ,7,CL:2000010 total RNA-seq,paired,-4.0,4.0,4.0,1.8867328721952918e-05,1041539
CASE_T2B_001,RNA_SEQ,8,CL:2000011 total RNA-seq,paired,-4.0,4.0,4.0,-0.0001015447352169462,1041346
CASE_T2B_001,RNA_SEQ,9,CL:2000016 total RNA-seq,paired,-3.5,3.5,3.5,-5.175371185182128e-05,1041329
CASE_T2B_001,RNA_SEQ,10,CL:2000018 total RNA-seq,paired,-6.0,4.0,6.0,-9.06088113707147e-05,1042025
CASE_T2B_001,RNA_SEQ,11,CL:2000040 total RNA-seq,paired,-4.5,4.5,4.5,-5.398739936741362e-05,1041775
CASE_T2B_001,RNA_SEQ,12,CL:2000041 total RNA-seq,paired,-4.0,4.0,4.0,-9.489332576183057e-05,1041324
CASE_T2B_001,RNA_SEQ,13,CL:0000115 total RNA-seq,paired,-0.1875,0.25,0.25,0.00012742918896959873,524275
CASE_T2B_001,RNA_SEQ,14,CL:0002188 total RNA-seq,paired,-0.625,0.625,0.625,1.5355602566673496e-05,498897
CASE_T2B_001,RNA_SEQ,15,CL:0002543 total RNA-seq,paired,-0.5,0.5,0.5,7.56057601614818e-05,498936
CASE_T2B_001,RNA_SEQ,16,CL:0002545 total RNA-seq,paired,-0.21875,0.21875,0.21875,7.540949997978524e-05,498925
CASE_T2B_001,RNA_SEQ,17,CL:0002618 polyA plus RNA-seq,paired,-0.6875,0.6875,0.6875,7.723595902571513e-05,480984
CASE_T2B_001,RNA_SEQ,18,CL:0002618 total RNA-seq,paired,-0.1875,0.25,0.25,9.400838961375925e-05,524273
CASE_T2B_001,RNA_SEQ,19,CL:1001568 total RNA-seq,paired,-0.5,0.5,0.5,-5.028533037003012e-05,496756
CASE_T2B_001,RNA_SEQ,20,CL:2000010 total RNA-seq,paired,-0.625,0.625,0.625,4.000352191401964e-05,498925
CASE_T2B_001,RNA_SEQ,21,CL:2000011 total RNA-seq,paired,-0.625,0.625,0.625,1.3973793292650126e-05,498775
CASE_T2B_001,RNA_SEQ,22,CL:2000016 total RNA-seq,paired,-0.625,0.625,0.625,2.911792436550867e-06,626009
CASE_T2B_001,RNA_SEQ,23,CL:2000018 total RNA-seq,paired,-0.4375,0.4375,0.4375,-3.531960950880564e-05,458363
CASE_T2B_001,RNA_SEQ,24,CL:2000040 total RNA-seq,paired,-0.5,0.5,0.5,4.7873537491558864e-05,498939
CASE_T2B_001,RNA_SEQ,25,CL:2000041 total RNA-seq,paired,-0.625,0.625,0.625,3.142206229637495e-05,500866
CASE_T2B_001,RNA_SEQ,26,CL:0002618 polyA plus RNA-seq,paired,-10.0,10.0,10.0,-8.601566808392791e-05,1041327
CASE_T2B_001,SPLICE_SITE_USAGE,0,usage_CL:0000115 total RNA-seq,paired,-0.00390625,0.00390625,0.00390625,-9.172431113257939e-10,737544
CASE_T2B_001,SPLICE_SITE_USAGE,1,usage_CL:0002188 total RNA-seq,paired,-0.00390625,0.00390625,0.00390625,-3.1091828651074425e-08,818599
CASE_T2B_001,SPLICE_SITE_USAGE,2,usage_CL:0002543 total RNA-seq,paired,-0.00390625,0.00390625,0.00390625,-3.0621108674188345e-08,889403
CASE_T2B_001,SPLICE_SITE_USAGE,3,usage_CL:0002545 total RNA-seq,paired,-0.00390625,0.00390625,0.00390625,-1.547972876758067e-08,816974
CASE_T2B_001,SPLICE_SITE_USAGE,4,usage_CL:0002618 polyA plus RNA-seq,paired,-0.00390625,0.00390625,0.00390625,-7.379162575768669e-09,737544
CASE_T2B_001,SPLICE_SITE_USAGE,5,usage_CL:0002618 total RNA-seq,paired,-0.00390625,0.00390625,0.00390625,4.892300412007167e-09,889403
CASE_T2B_001,SPLICE_SITE_USAGE,6,usage_CL:1001568 total RNA-seq,paired,-0.00390625,0.00390625,0.00390625,-2.372028138456785e-08,705380
CASE_T2B_001,SPLICE_SITE_USAGE,7,usage_CL:2000010 total RNA-seq,paired,-0.005859375,0.00390625,0.005859375,-4.720541123119128e-08,818599
CASE_T2B_001,SPLICE_SITE_USAGE,8,usage_CL:2000011 total RNA-seq,paired,-0.00390625,0.00390625,0.00390625,-4.456806160899767e-08,738301
CASE_T2B_001,SPLICE_SITE_USAGE,9,usage_CL:2000016 total RNA-seq,paired,-0.00390625,0.00390625,0.00390625,8.606477478118654e-10,816974
CASE_T2B_001,SPLICE_SITE_USAGE,10,usage_CL:2000018 total RNA-seq,paired,-0.00390625,0.00390625,0.00390625,5.720302245770803e-09,816974
CASE_T2B_001,SPLICE_SITE_USAGE,11,usage_CL:2000040 total RNA-seq,paired,-0.00390625,0.00390625,0.00390625,-3.419730826119405e-08,818599
CASE_T2B_001,SPLICE_SITE_USAGE,12,usage_CL:2000041 total RNA-seq,paired,-0.00390625,0.00390625,0.00390625,-3.4523083655702e-08,818599
CASE_T2B_001,SPLICE_SITE_USAGE,13,usage_CL:0000115 total RNA-seq,paired,-0.0078125,0.0078125,0.0078125,-6.547898754673283e-09,249132
CASE_T2B_001,SPLICE_SITE_USAGE,14,usage_CL:0002188 total RNA-seq,paired,-0.0078125,0.0078125,0.0078125,2.3917806322173535e-09,625989
CASE_T2B_001,SPLICE_SITE_USAGE,15,usage_CL:0002543 total RNA-seq,paired,-0.00390625,0.0078125,0.0078125,1.4677478820702379e-08,948532
CASE_T2B_001,SPLICE_SITE_USAGE,16,usage_CL:0002545 total RNA-seq,paired,-0.0078125,0.0078125,0.0078125,-1.657364608810359e-08,476414
CASE_T2B_001,SPLICE_SITE_USAGE,17,usage_CL:0002618 polyA plus RNA-seq,paired,-0.0078125,0.0078125,0.0078125,4.2417964993199234e-08,527713
CASE_T2B_001,SPLICE_SITE_USAGE,18,usage_CL:0002618 total RNA-seq,paired,-0.0078125,0.0078125,0.0078125,-9.18573038339799e-09,476414
CASE_T2B_001,SPLICE_SITE_USAGE,19,usage_CL:1001568 total RNA-seq,paired,-0.005859375,0.0078125,0.0078125,1.3554150408952673e-08,853068
CASE_T2B_001,SPLICE_SITE_USAGE,20,usage_CL:2000010 total RNA-seq,paired,-0.005859375,0.0078125,0.0078125,3.3351009105849073e-08,249132
CASE_T2B_001,SPLICE_SITE_USAGE,21,usage_CL:2000011 total RNA-seq,paired,-0.005859375,0.0078125,0.0078125,2.9742321288658666e-08,853068
CASE_T2B_001,SPLICE_SITE_USAGE,22,usage_CL:2000016 total RNA-seq,paired,-0.0078125,0.0078125,0.0078125,-1.6303882939422067e-08,853068
CASE_T2B_001,SPLICE_SITE_USAGE,23,usage_CL:2000018 total RNA-seq,paired,-0.0078125,0.0078125,0.0078125,1.3230054983566933e-08,476414
CASE_T2B_001,SPLICE_SITE_USAGE,24,usage_CL:2000040 total RNA-seq,paired,-0.0078125,0.0078125,0.0078125,-1.2451523815914123e-08,625989
CASE_T2B_001,SPLICE_SITE_USAGE,25,usage_CL:2000041 total RNA-seq,paired,-0.005859375,0.0078125,0.0078125,4.578130076082149e-08,249132
CASE_T2B_001,SPLICE_JUNCTIONS,0,junction_CL:0000115 total RNA-seq,paired,-0.026920795440673828,0.027301311492919922,0.027301311492919922,-2.645749058912627e-05,3405
CASE_T2B_001,SPLICE_JUNCTIONS,1,junction_CL:0002188 total RNA-seq,paired,-0.03483772277832031,0.023893356323242188,0.03483772277832031,-5.987608601760003e-05,10448
CASE_T2B_001,SPLICE_JUNCTIONS,2,junction_CL:0002543 total RNA-seq,paired,-0.041370391845703125,0.036040306091308594,0.041370391845703125,-0.00012323660586654637,10448
CASE_T2B_001,SPLICE_JUNCTIONS,3,junction_CL:0002545 total RNA-seq,paired,-0.03719806671142578,0.029712200164794922,0.03719806671142578,-9.03135522498419e-05,10448
CASE_T2B_001,SPLICE_JUNCTIONS,4,junction_CL:0002618 polyA plus RNA-seq,paired,-0.03622770309448242,0.033225059509277344,0.03622770309448242,-6.373623928610983e-05,7841
CASE_T2B_001,SPLICE_JUNCTIONS,5,junction_CL:0002618 total RNA-seq,paired,-0.030064105987548828,0.026602745056152344,0.030064105987548828,-6.137369114228934e-05,1344
CASE_T2B_001,SPLICE_JUNCTIONS,6,junction_CL:1001568 total RNA-seq,paired,-0.03781318664550781,0.02861166000366211,0.03781318664550781,-8.877989517679087e-05,10448
CASE_T2B_001,SPLICE_JUNCTIONS,7,junction_CL:2000010 total RNA-seq,paired,-0.04712963104248047,0.03349125385284424,0.04712963104248047,-0.00015263539749382868,10448
CASE_T2B_001,SPLICE_JUNCTIONS,8,junction_CL:2000011 total RNA-seq,paired,-0.04720020294189453,0.030447959899902344,0.04720020294189453,-0.00017918266402851325,10448
CASE_T2B_001,SPLICE_JUNCTIONS,9,junction_CL:2000016 total RNA-seq,paired,-0.048874855041503906,0.03156721591949463,0.048874855041503906,-0.0001813589219444688,10448
CASE_T2B_001,SPLICE_JUNCTIONS,10,junction_CL:2000018 total RNA-seq,paired,-0.040343284606933594,0.027950763702392578,0.040343284606933594,-8.578939114436297e-05,10448
CASE_T2B_001,SPLICE_JUNCTIONS,11,junction_CL:2000040 total RNA-seq,paired,-0.04371356964111328,0.03125882148742676,0.04371356964111328,-0.00014272032206695147,7841
CASE_T2B_001,SPLICE_JUNCTIONS,12,junction_CL:2000041 total RNA-seq,paired,-0.03922271728515625,0.027484893798828125,0.03922271728515625,-0.00013962507002598397,10448
CASE_T2B_001,DNASE,0,CL:0000115 DNase-seq,paired,-0.25,0.375,0.375,-2.5243611396774668e-06,928522
CASE_T2B_001,DNASE,1,CL:0002618 DNase-seq,paired,-0.375,0.75,0.75,-1.1883740109611747e-06,1039226
CASE_T2B_001,DNASE,2,CL:1000892 DNase-seq,paired,-0.0625,0.0625,0.0625,-3.962134087487357e-06,621634
CASE_T2B_001,DNASE,3,CL:1001568 DNase-seq,paired,-0.25,0.125,0.25,-2.4290486841269676e-06,828284
CASE_T2B_001,DNASE,4,CL:2000010 DNase-seq,paired,-0.5,0.5,0.5,-3.3349449409297677e-06,828271
CASE_T2B_001,DNASE,5,CL:2000016 DNase-seq,paired,-1.25,0.5,1.25,-5.141125120289303e-06,975834
CASE_T2B_001,DNASE,6,CL:2000041 DNase-seq,paired,-1.0,0.5,1.0,-9.154952363198476e-06,841574
CASE_T2B_001,DNASE,7,CL:2000044 DNase-seq,paired,-1.0,0.75,1.0,-1.0079188180308219e-05,998787
CASE_T2B_001,CHIP_TF,0,CL:0000115 TF ChIP-seq CTCF,paired,-24.0,8.0,24.0,-0.00508880615234375,7254
CASE_T2B_001,CHIP_TF,1,CL:0002618 TF ChIP-seq CTCF,paired,-8.0,16.0,16.0,0.011322021484375,477
CASE_T2B_001,CHIP_TF,2,CL:0002618 TF ChIP-seq FOS,paired,-8.0,32.0,32.0,0.009899139404296875,4673
CASE_T2B_001,CHIP_TF,3,CL:0002618 TF ChIP-seq GATA2,paired,-16.0,6.0,16.0,-0.0025177001953125,6643
CASE_T2B_001,CHIP_TF,4,CL:0002618 TF ChIP-seq JUN,paired,-8.0,16.0,16.0,0.005796909332275391,712
CASE_T2B_001,CHIP_TF,5,CL:0002618 TF ChIP-seq MAX,paired,-6.0,8.0,8.0,-0.0035483241081237793,4215
CASE_T2B_001,CHIP_TF,6,CL:0002618 TF ChIP-seq MYC,paired,-16.0,48.0,48.0,0.009141206741333008,8125
CASE_T2B_001,CHIP_TF,7,CL:0002618 TF ChIP-seq POLR2A,paired,-16.0,16.0,16.0,0.03543853759765625,8113
CASE_T2B_001,CHIP_TF,8,CL:0002618 TF ChIP-seq POLR2AphosphoS5,paired,-48.0,32.0,48.0,0.04425811767578125,7620
CASE_T2B_001,CHIP_TF,9,CL:2000044 TF ChIP-seq CTCF,paired,-128.0,192.0,192.0,-0.027675628662109375,8147
CASE_T2B_001,CAGE,0,hCAGE CL:0002138,paired,-128.0,128.0,128.0,6.813015709911108e-05,1039331
CASE_T2B_001,CAGE,1,hCAGE CL:0002144,paired,-192.0,256.0,256.0,0.000173830657162366,1039335
CASE_T2B_001,CAGE,2,hCAGE CL:0002188,paired,-256.0,96.0,256.0,-0.0001132289666309072,1039333
CASE_T2B_001,CAGE,3,hCAGE CL:0002543,paired,-12.0,64.0,64.0,7.71196428324128e-05,1039330
CASE_T2B_001,CAGE,4,hCAGE CL:0002544,paired,-16.0,64.0,64.0,0.0001646939830987626,1039329
CASE_T2B_001,CAGE,5,hCAGE CL:0002545,paired,-16.0,96.0,96.0,0.00016588865960698307,1039337
CASE_T2B_001,CAGE,6,hCAGE CL:0002588,paired,-16.0,192.0,192.0,0.00029558528057220534,1039335
CASE_T2B_001,CAGE,7,hCAGE CL:0002618,paired,-16.0,192.0,192.0,0.00033211664372877203,1039335
CASE_T2B_001,CAGE,8,hCAGE CL:1000413,paired,-256.0,32.0,256.0,-0.00033642430716729343,1039334
CASE_T2B_001,CAGE,9,hCAGE CL:0002138,paired,-20.0,8.0,20.0,-1.263421916625207e-05,998075
CASE_T2B_001,CAGE,10,hCAGE CL:0002144,paired,-4.0,8.0,8.0,6.943937705949921e-07,629357
CASE_T2B_001,CAGE,11,hCAGE CL:0002188,paired,-6.0,8.0,8.0,1.572361202545336e-05,629399
CASE_T2B_001,CAGE,12,hCAGE CL:0002543,paired,-4.0,8.0,8.0,9.90184593407939e-06,629399
CASE_T2B_001,CAGE,13,hCAGE CL:0002544,paired,-8.0,4.0,8.0,-1.3624706598491798e-06,998075
CASE_T2B_001,CAGE,14,hCAGE CL:0002545,paired,-8.0,8.0,8.0,2.2276280609023758e-07,629398
CASE_T2B_001,CAGE,15,hCAGE CL:0002588,paired,-6.0,6.0,6.0,3.5536036616379274e-06,846856
CASE_T2B_001,CAGE,16,hCAGE CL:0002618,paired,-8.0,6.0,8.0,-8.175721502967637e-06,975489
CASE_T2B_001,CAGE,17,hCAGE CL:1000413,paired,-4.0,6.0,6.0,-6.418842593003404e-06,629484
CASE_T2B_001,PROCAP,0,ENCSR801ECP,paired,-64.0,6.0,64.0,-8.384098036234855e-05,1039332
CASE_T2B_001,PROCAP,1,ENCSR801ECP,paired,-32.0,4.0,32.0,-1.973891473144862e-05,975489
CASE_T2B_001,CHIP_HISTONE,0,CL:0002618 Histone ChIP-seq H2AFZ,paired,-16.0,12.0,16.0,-0.0335845947265625,7471
CASE_T2B_001,CHIP_HISTONE,1,CL:0002618 Histone ChIP-seq H3K27ac,paired,-48.0,48.0,48.0,-0.05389511585235596,5284
CASE_T2B_001,CHIP_HISTONE,2,CL:0002618 Histone ChIP-seq H3K27me3,paired,-4.0,4.0,4.0,-0.03540670871734619,5902
CASE_T2B_001,CHIP_HISTONE,3,CL:0002618 Histone ChIP-seq H3K36me3,paired,-12.0,20.0,20.0,0.15253067016601562,4096
CASE_T2B_001,CHIP_HISTONE,4,CL:0002618 Histone ChIP-seq H3K4me1,paired,-12.0,12.0,12.0,-0.018110275268554688,4363
CASE_T2B_001,CHIP_HISTONE,5,CL:0002618 Histone ChIP-seq H3K4me2,paired,-16.0,24.0,24.0,-0.003667116165161133,4914
CASE_T2B_001,CHIP_HISTONE,6,CL:0002618 Histone ChIP-seq H3K4me3,paired,-64.0,64.0,64.0,0.015847206115722656,6613
CASE_T2B_001,CHIP_HISTONE,7,CL:0002618 Histone ChIP-seq H3K79me2,paired,-16.0,48.0,48.0,0.06413531303405762,8130
CASE_T2B_001,CHIP_HISTONE,8,CL:0002618 Histone ChIP-seq H3K9ac,paired,-32.0,32.0,32.0,-0.02011871337890625,6577
CASE_T2B_001,CHIP_HISTONE,9,CL:2000044 Histone ChIP-seq H3K27ac,paired,-24.0,24.0,24.0,-0.007862091064453125,8103
CASE_T2B_001,CHIP_HISTONE,10,CL:2000044 Histone ChIP-seq H3K36me3,paired,-4.0,4.0,4.0,-0.00682830810546875,6526
CASE_T2B_001,CHIP_HISTONE,11,CL:2000044 Histone ChIP-seq H3K4me3,paired,-192.0,512.0,512.0,0.124603271484375,7795
CASE_T2B_001,SPLICE_SITES,0,donor,paired,-0.0078125,0.009765625,0.009765625,8.548428428144239e-08,800312
CASE_T2B_001,SPLICE_SITES,1,acceptor,paired,-0.0078125,0.009765625,0.009765625,2.2406581208500587e-09,1041604
CASE_T2B_001,SPLICE_SITES,2,donor,paired,-0.0078125,0.01171875,0.01171875,7.508211975759682e-09,947785
CASE_T2B_001,SPLICE_SITES,3,acceptor,paired,-0.005859375,0.0078125,0.0078125,3.685646076528881e-08,561883
CASE_T2B_002,RNA_SEQ,0,CL:0000115 total RNA-seq,paired,-4.0,1.5,4.0,-5.934963702811796e-05,1042565
CASE_T2B_002,RNA_SEQ,1,CL:0002188 total RNA-seq,paired,-4.0,4.0,4.0,-9.690799072339292e-05,1039638
CASE_T2B_002,RNA_SEQ,2,CL:0002543 total RNA-seq,paired,-3.5,3.5,3.5,-4.778675049421557e-05,1041344
CASE_T2B_002,RNA_SEQ,3,CL:0002545 total RNA-seq,paired,-2.5,2.5,2.5,-8.869905904127168e-05,1041326
CASE_T2B_002,RNA_SEQ,4,CL:0002618 polyA plus RNA-seq,paired,-8.0,8.0,8.0,-4.1407160192132364e-05,1041761
CASE_T2B_002,RNA_SEQ,5,CL:0002618 total RNA-seq,paired,-4.5,4.5,4.5,-4.197797466095547e-05,1041938
CASE_T2B_002,RNA_SEQ,6,CL:1001568 total RNA-seq,paired,-5.0,5.0,5.0,-2.3847391514963045e-05,1041537
CASE_T2B_002,RNA_SEQ,7,CL:2000010 total RNA-seq,paired,-4.0,4.0,4.0,1.8867328721952918e-05,1041539
CASE_T2B_002,RNA_SEQ,8,CL:2000011 total RNA-seq,paired,-4.0,4.0,4.0,-0.0001015447352169462,1041346
CASE_T2B_002,RNA_SEQ,9,CL:2000016 total RNA-seq,paired,-3.5,3.5,3.5,-5.175371185182128e-05,1041329
CASE_T2B_002,RNA_SEQ,10,CL:2000018 total RNA-seq,paired,-6.0,4.0,6.0,-9.06088113707147e-05,1042025
CASE_T2B_002,RNA_SEQ,11,CL:2000040 total RNA-seq,paired,-4.5,4.5,4.5,-5.398739936741362e-05,1041775
CASE_T2B_002,RNA_SEQ,12,CL:2000041 total RNA-seq,paired,-4.0,4.0,4.0,-9.489332576183057e-05,1041324
CASE_T2B_002,RNA_SEQ,13,CL:0000115 total RNA-seq,paired,-0.1875,0.25,0.25,0.00012742918896959873,524275
CASE_T2B_002,RNA_SEQ,14,CL:0002188 total RNA-seq,paired,-0.625,0.625,0.625,1.5355602566673496e-05,498897
CASE_T2B_002,RNA_SEQ,15,CL:0002543 total RNA-seq,paired,-0.5,0.5,0.5,7.56057601614818e-05,498936
CASE_T2B_002,RNA_SEQ,16,CL:0002545 total RNA-seq,paired,-0.21875,0.21875,0.21875,7.540949997978524e-05,498925
CASE_T2B_002,RNA_SEQ,17,CL:0002618 polyA plus RNA-seq,paired,-0.6875,0.6875,0.6875,7.723595902571513e-05,480984
CASE_T2B_002,RNA_SEQ,18,CL:0002618 total RNA-seq,paired,-0.1875,0.25,0.25,9.400838961375925e-05,524273
CASE_T2B_002,RNA_SEQ,19,CL:1001568 total RNA-seq,paired,-0.5,0.5,0.5,-5.028533037003012e-05,496756
CASE_T2B_002,RNA_SEQ,20,CL:2000010 total RNA-seq,paired,-0.625,0.625,0.625,4.000352191401964e-05,498925
CASE_T2B_002,RNA_SEQ,21,CL:2000011 total RNA-seq,paired,-0.625,0.625,0.625,1.3973793292650126e-05,498775
CASE_T2B_002,RNA_SEQ,22,CL:2000016 total RNA-seq,paired,-0.625,0.625,0.625,2.911792436550867e-06,626009
CASE_T2B_002,RNA_SEQ,23,CL:2000018 total RNA-seq,paired,-0.4375,0.4375,0.4375,-3.531960950880564e-05,458363
CASE_T2B_002,RNA_SEQ,24,CL:2000040 total RNA-seq,paired,-0.5,0.5,0.5,4.7873537491558864e-05,498939
CASE_T2B_002,RNA_SEQ,25,CL:2000041 total RNA-seq,paired,-0.625,0.625,0.625,3.142206229637495e-05,500866
CASE_T2B_002,RNA_SEQ,26,CL:0002618 polyA plus RNA-seq,paired,-10.0,10.0,10.0,-8.601566808392791e-05,1041327
CASE_T2B_002,SPLICE_SITE_USAGE,0,usage_CL:0000115 total RNA-seq,paired,-0.00390625,0.00390625,0.00390625,-9.172431113257939e-10,737544
CASE_T2B_002,SPLICE_SITE_USAGE,1,usage_CL:0002188 total RNA-seq,paired,-0.00390625,0.00390625,0.00390625,-3.1091828651074425e-08,818599
CASE_T2B_002,SPLICE_SITE_USAGE,2,usage_CL:0002543 total RNA-seq,paired,-0.00390625,0.00390625,0.00390625,-3.0621108674188345e-08,889403
CASE_T2B_002,SPLICE_SITE_USAGE,3,usage_CL:0002545 total RNA-seq,paired,-0.00390625,0.00390625,0.00390625,-1.547972876758067e-08,816974
CASE_T2B_002,SPLICE_SITE_USAGE,4,usage_CL:0002618 polyA plus RNA-seq,paired,-0.00390625,0.00390625,0.00390625,-7.379162575768669e-09,737544
CASE_T2B_002,SPLICE_SITE_USAGE,5,usage_CL:0002618 total RNA-seq,paired,-0.00390625,0.00390625,0.00390625,4.892300412007167e-09,889403
CASE_T2B_002,SPLICE_SITE_USAGE,6,usage_CL:1001568 total RNA-seq,paired,-0.00390625,0.00390625,0.00390625,-2.372028138456785e-08,705380
CASE_T2B_002,SPLICE_SITE_USAGE,7,usage_CL:2000010 total RNA-seq,paired,-0.005859375,0.00390625,0.005859375,-4.720541123119128e-08,818599
CASE_T2B_002,SPLICE_SITE_USAGE,8,usage_CL:2000011 total RNA-seq,paired,-0.00390625,0.00390625,0.00390625,-4.456806160899767e-08,738301
CASE_T2B_002,SPLICE_SITE_USAGE,9,usage_CL:2000016 total RNA-seq,paired,-0.00390625,0.00390625,0.00390625,8.606477478118654e-10,816974
CASE_T2B_002,SPLICE_SITE_USAGE,10,usage_CL:2000018 total RNA-seq,paired,-0.00390625,0.00390625,0.00390625,5.720302245770803e-09,816974
CASE_T2B_002,SPLICE_SITE_USAGE,11,usage_CL:2000040 total RNA-seq,paired,-0.00390625,0.00390625,0.00390625,-3.419730826119405e-08,818599
CASE_T2B_002,SPLICE_SITE_USAGE,12,usage_CL:2000041 total RNA-seq,paired,-0.00390625,0.00390625,0.00390625,-3.4523083655702e-08,818599
CASE_T2B_002,SPLICE_SITE_USAGE,13,usage_CL:0000115 total RNA-seq,paired,-0.0078125,0.0078125,0.0078125,-6.547898754673283e-09,249132
CASE_T2B_002,SPLICE_SITE_USAGE,14,usage_CL:0002188 total RNA-seq,paired,-0.0078125,0.0078125,0.0078125,2.3917806322173535e-09,625989
CASE_T2B_002,SPLICE_SITE_USAGE,15,usage_CL:0002543 total RNA-seq,paired,-0.00390625,0.0078125,0.0078125,1.4677478820702379e-08,948532
CASE_T2B_002,SPLICE_SITE_USAGE,16,usage_CL:0002545 total RNA-seq,paired,-0.0078125,0.0078125,0.0078125,-1.657364608810359e-08,476414
CASE_T2B_002,SPLICE_SITE_USAGE,17,usage_CL:0002618 polyA plus RNA-seq,paired,-0.0078125,0.0078125,0.0078125,4.2417964993199234e-08,527713
CASE_T2B_002,SPLICE_SITE_USAGE,18,usage_CL:0002618 total RNA-seq,paired,-0.0078125,0.0078125,0.0078125,-9.18573038339799e-09,476414
CASE_T2B_002,SPLICE_SITE_USAGE,19,usage_CL:1001568 total RNA-seq,paired,-0.005859375,0.0078125,0.0078125,1.3554150408952673e-08,853068
CASE_T2B_002,SPLICE_SITE_USAGE,20,usage_CL:2000010 total RNA-seq,paired,-0.005859375,0.0078125,0.0078125,3.3351009105849073e-08,249132
CASE_T2B_002,SPLICE_SITE_USAGE,21,usage_CL:2000011 total RNA-seq,paired,-0.005859375,0.0078125,0.0078125,2.9742321288658666e-08,853068
CASE_T2B_002,SPLICE_SITE_USAGE,22,usage_CL:2000016 total RNA-seq,paired,-0.0078125,0.0078125,0.0078125,-1.6303882939422067e-08,853068
CASE_T2B_002,SPLICE_SITE_USAGE,23,usage_CL:2000018 total RNA-seq,paired,-0.0078125,0.0078125,0.0078125,1.3230054983566933e-08,476414
CASE_T2B_002,SPLICE_SITE_USAGE,24,usage_CL:2000040 total RNA-seq,paired,-0.0078125,0.0078125,0.0078125,-1.2451523815914123e-08,625989
CASE_T2B_002,SPLICE_SITE_USAGE,25,usage_CL:2000041 total RNA-seq,paired,-0.005859375,0.0078125,0.0078125,4.578130076082149e-08,249132
CASE_T2B_002,SPLICE_JUNCTIONS,0,junction_CL:0000115 total RNA-seq,paired,-0.026920795440673828,0.027301311492919922,0.027301311492919922,-2.645749058912627e-05,3405
CASE_T2B_002,SPLICE_JUNCTIONS,1,junction_CL:0002188 total RNA-seq,paired,-0.03483772277832031,0.023893356323242188,0.03483772277832031,-5.987608601760003e-05,10448
CASE_T2B_002,SPLICE_JUNCTIONS,2,junction_CL:0002543 total RNA-seq,paired,-0.041370391845703125,0.036040306091308594,0.041370391845703125,-0.00012323660586654637,10448
CASE_T2B_002,SPLICE_JUNCTIONS,3,junction_CL:0002545 total RNA-seq,paired,-0.03719806671142578,0.029712200164794922,0.03719806671142578,-9.03135522498419e-05,10448
CASE_T2B_002,SPLICE_JUNCTIONS,4,junction_CL:0002618 polyA plus RNA-seq,paired,-0.03622770309448242,0.033225059509277344,0.03622770309448242,-6.373623928610983e-05,7841
CASE_T2B_002,SPLICE_JUNCTIONS,5,junction_CL:0002618 total RNA-seq,paired,-0.030064105987548828,0.026602745056152344,0.030064105987548828,-6.137369114228934e-05,1344
CASE_T2B_002,SPLICE_JUNCTIONS,6,junction_CL:1001568 total RNA-seq,paired,-0.03781318664550781,0.02861166000366211,0.03781318664550781,-8.877989517679087e-05,10448
CASE_T2B_002,SPLICE_JUNCTIONS,7,junction_CL:2000010 total RNA-seq,paired,-0.04712963104248047,0.03349125385284424,0.04712963104248047,-0.00015263539749382868,10448
CASE_T2B_002,SPLICE_JUNCTIONS,8,junction_CL:2000011 total RNA-seq,paired,-0.04720020294189453,0.030447959899902344,0.04720020294189453,-0.00017918266402851325,10448
CASE_T2B_002,SPLICE_JUNCTIONS,9,junction_CL:2000016 total RNA-seq,paired,-0.048874855041503906,0.03156721591949463,0.048874855041503906,-0.0001813589219444688,10448
CASE_T2B_002,SPLICE_JUNCTIONS,10,junction_CL:2000018 total RNA-seq,paired,-0.040343284606933594,0.027950763702392578,0.040343284606933594,-8.578939114436297e-05,10448
CASE_T2B_002,SPLICE_JUNCTIONS,11,junction_CL:2000040 total RNA-seq,paired,-0.04371356964111328,0.03125882148742676,0.04371356964111328,-0.00014272032206695147,7841
CASE_T2B_002,SPLICE_JUNCTIONS,12,junction_CL:2000041 total RNA-seq,paired,-0.03922271728515625,0.027484893798828125,0.03922271728515625,-0.00013962507002598397,10448
CASE_T2B_002,DNASE,0,CL:0000115 DNase-seq,paired,-0.25,0.375,0.375,-2.5243611396774668e-06,928522
CASE_T2B_002,DNASE,1,CL:0002618 DNase-seq,paired,-0.375,0.75,0.75,-1.1883740109611747e-06,1039226
CASE_T2B_002,DNASE,2,CL:1000892 DNase-seq,paired,-0.0625,0.0625,0.0625,-3.962134087487357e-06,621634
CASE_T2B_002,DNASE,3,CL:1001568 DNase-seq,paired,-0.25,0.125,0.25,-2.4290486841269676e-06,828284
CASE_T2B_002,DNASE,4,CL:2000010 DNase-seq,paired,-0.5,0.5,0.5,-3.3349449409297677e-06,828271
CASE_T2B_002,DNASE,5,CL:2000016 DNase-seq,paired,-1.25,0.5,1.25,-5.141125120289303e-06,975834
CASE_T2B_002,DNASE,6,CL:2000041 DNase-seq,paired,-1.0,0.5,1.0,-9.154952363198476e-06,841574
CASE_T2B_002,DNASE,7,CL:2000044 DNase-seq,paired,-1.0,0.75,1.0,-1.0079188180308219e-05,998787
CASE_T2B_002,CHIP_TF,0,CL:0000115 TF ChIP-seq CTCF,paired,-24.0,8.0,24.0,-0.00508880615234375,7254
CASE_T2B_002,CHIP_TF,1,CL:0002618 TF ChIP-seq CTCF,paired,-8.0,16.0,16.0,0.011322021484375,477
CASE_T2B_002,CHIP_TF,2,CL:0002618 TF ChIP-seq FOS,paired,-8.0,32.0,32.0,0.009899139404296875,4673
CASE_T2B_002,CHIP_TF,3,CL:0002618 TF ChIP-seq GATA2,paired,-16.0,6.0,16.0,-0.0025177001953125,6643
CASE_T2B_002,CHIP_TF,4,CL:0002618 TF ChIP-seq JUN,paired,-8.0,16.0,16.0,0.005796909332275391,712
CASE_T2B_002,CHIP_TF,5,CL:0002618 TF ChIP-seq MAX,paired,-6.0,8.0,8.0,-0.0035483241081237793,4215
CASE_T2B_002,CHIP_TF,6,CL:0002618 TF ChIP-seq MYC,paired,-16.0,48.0,48.0,0.009141206741333008,8125
CASE_T2B_002,CHIP_TF,7,CL:0002618 TF ChIP-seq POLR2A,paired,-16.0,16.0,16.0,0.03543853759765625,8113
CASE_T2B_002,CHIP_TF,8,CL:0002618 TF ChIP-seq POLR2AphosphoS5,paired,-48.0,32.0,48.0,0.04425811767578125,7620
CASE_T2B_002,CHIP_TF,9,CL:2000044 TF ChIP-seq CTCF,paired,-128.0,192.0,192.0,-0.027675628662109375,8147
CASE_T2B_002,CAGE,0,hCAGE CL:0002138,paired,-128.0,128.0,128.0,6.813015709911108e-05,1039331
CASE_T2B_002,CAGE,1,hCAGE CL:0002144,paired,-192.0,256.0,256.0,0.000173830657162366,1039335
CASE_T2B_002,CAGE,2,hCAGE CL:0002188,paired,-256.0,96.0,256.0,-0.0001132289666309072,1039333
CASE_T2B_002,CAGE,3,hCAGE CL:0002543,paired,-12.0,64.0,64.0,7.71196428324128e-05,1039330
CASE_T2B_002,CAGE,4,hCAGE CL:0002544,paired,-16.0,64.0,64.0,0.0001646939830987626,1039329
CASE_T2B_002,CAGE,5,hCAGE CL:0002545,paired,-16.0,96.0,96.0,0.00016588865960698307,1039337
CASE_T2B_002,CAGE,6,hCAGE CL:0002588,paired,-16.0,192.0,192.0,0.00029558528057220534,1039335
CASE_T2B_002,CAGE,7,hCAGE CL:0002618,paired,-16.0,192.0,192.0,0.00033211664372877203,1039335
CASE_T2B_002,CAGE,8,hCAGE CL:1000413,paired,-256.0,32.0,256.0,-0.00033642430716729343,1039334
CASE_T2B_002,CAGE,9,hCAGE CL:0002138,paired,-20.0,8.0,20.0,-1.263421916625207e-05,998075
CASE_T2B_002,CAGE,10,hCAGE CL:0002144,paired,-4.0,8.0,8.0,6.943937705949921e-07,629357
CASE_T2B_002,CAGE,11,hCAGE CL:0002188,paired,-6.0,8.0,8.0,1.572361202545336e-05,629399
CASE_T2B_002,CAGE,12,hCAGE CL:0002543,paired,-4.0,8.0,8.0,9.90184593407939e-06,629399
CASE_T2B_002,CAGE,13,hCAGE CL:0002544,paired,-8.0,4.0,8.0,-1.3624706598491798e-06,998075
CASE_T2B_002,CAGE,14,hCAGE CL:0002545,paired,-8.0,8.0,8.0,2.2276280609023758e-07,629398
CASE_T2B_002,CAGE,15,hCAGE CL:0002588,paired,-6.0,6.0,6.0,3.5536036616379274e-06,846856
CASE_T2B_002,CAGE,16,hCAGE CL:0002618,paired,-8.0,6.0,8.0,-8.175721502967637e-06,975489
CASE_T2B_002,CAGE,17,hCAGE CL:1000413,paired,-4.0,6.0,6.0,-6.418842593003404e-06,629484
CASE_T2B_002,PROCAP,0,ENCSR801ECP,paired,-64.0,6.0,64.0,-8.384098036234855e-05,1039332
CASE_T2B_002,PROCAP,1,ENCSR801ECP,paired,-32.0,4.0,32.0,-1.973891473144862e-05,975489
CASE_T2B_002,CHIP_HISTONE,0,CL:0002618 Histone ChIP-seq H2AFZ,paired,-16.0,12.0,16.0,-0.0335845947265625,7471
CASE_T2B_002,CHIP_HISTONE,1,CL:0002618 Histone ChIP-seq H3K27ac,paired,-48.0,48.0,48.0,-0.05389511585235596,5284
CASE_T2B_002,CHIP_HISTONE,2,CL:0002618 Histone ChIP-seq H3K27me3,paired,-4.0,4.0,4.0,-0.03540670871734619,5902
CASE_T2B_002,CHIP_HISTONE,3,CL:0002618 Histone ChIP-seq H3K36me3,paired,-12.0,20.0,20.0,0.15253067016601562,4096
CASE_T2B_002,CHIP_HISTONE,4,CL:0002618 Histone ChIP-seq H3K4me1,paired,-12.0,12.0,12.0,-0.018110275268554688,4363
CASE_T2B_002,CHIP_HISTONE,5,CL:0002618 Histone ChIP-seq H3K4me2,paired,-16.0,24.0,24.0,-0.003667116165161133,4914
CASE_T2B_002,CHIP_HISTONE,6,CL:0002618 Histone ChIP-seq H3K4me3,paired,-64.0,64.0,64.0,0.015847206115722656,6613
CASE_T2B_002,CHIP_HISTONE,7,CL:0002618 Histone ChIP-seq H3K79me2,paired,-16.0,48.0,48.0,0.06413531303405762,8130
CASE_T2B_002,CHIP_HISTONE,8,CL:0002618 Histone ChIP-seq H3K9ac,paired,-32.0,32.0,32.0,-0.02011871337890625,6577
CASE_T2B_002,CHIP_HISTONE,9,CL:2000044 Histone ChIP-seq H3K27ac,paired,-24.0,24.0,24.0,-0.007862091064453125,8103
CASE_T2B_002,CHIP_HISTONE,10,CL:2000044 Histone ChIP-seq H3K36me3,paired,-4.0,4.0,4.0,-0.00682830810546875,6526
CASE_T2B_002,CHIP_HISTONE,11,CL:2000044 Histone ChIP-seq H3K4me3,paired,-192.0,512.0,512.0,0.124603271484375,7795
CASE_T2B_002,SPLICE_SITES,0,donor,paired,-0.0078125,0.009765625,0.009765625,8.548428428144239e-08,800312
CASE_T2B_002,SPLICE_SITES,1,acceptor,paired,-0.0078125,0.009765625,0.009765625,2.2406581208500587e-09,1041604
CASE_T2B_002,SPLICE_SITES,2,donor,paired,-0.0078125,0.01171875,0.01171875,7.508211975759682e-09,947785
CASE_T2B_002,SPLICE_SITES,3,acceptor,paired,-0.005859375,0.0078125,0.0078125,3.685646076528881e-08,561883
CASE_T2B_003,RNA_SEQ,0,CL:0000115 total RNA-seq,paired,-1.5,4.0,4.0,5.835577843221751e-05,1042686
CASE_T2B_003,RNA_SEQ,1,CL:0002188 total RNA-seq,paired,-4.0,4.0,4.0,8.889826950266201e-05,1041381
CASE_T2B_003,RNA_SEQ,2,CL:0002543 total RNA-seq,paired,-3.0,3.5,3.5,4.257243527622245e-05,1041785
CASE_T2B_003,RNA_SEQ,3,CL:0002545 total RNA-seq,paired,-2.5,2.5,2.5,4.88076752701125e-05,1041305
CASE_T2B_003,RNA_SEQ,4,CL:0002618 polyA plus RNA-seq,paired,-8.0,8.0,8.0,0.00013537892299976317,1041509
CASE_T2B_003,RNA_SEQ,5,CL:0002618 total RNA-seq,paired,-4.5,4.5,4.5,-3.2231729271707445e-06,1042728
CASE_T2B_003,RNA_SEQ,6,CL:1001568 total RNA-seq,paired,-5.0,5.0,5.0,3.867771903334348e-05,1041532
CASE_T2B_003,RNA_SEQ,7,CL:2000010 total RNA-seq,paired,-4.0,4.0,4.0,8.0602472179736e-05,1041806
CASE_T2B_003,RNA_SEQ,8,CL:2000011 total RNA-seq,paired,-3.0,4.0,4.0,8.865557721425381e-05,1041937
CASE_T2B_003,RNA_SEQ,9,CL:2000016 total RNA-seq,paired,-3.5,3.5,3.5,6.817092531075005e-05,1041382
CASE_T2B_003,RNA_SEQ,10,CL:2000018 total RNA-seq,paired,-5.0,6.0,6.0,7.303767453556475e-05,1041968
CASE_T2B_003,RNA_SEQ,11,CL:2000040 total RNA-seq,paired,-4.5,4.5,4.5,9.321828665572363e-05,1041747
CASE_T2B_003,RNA_SEQ,12,CL:2000041 total RNA-seq,paired,-4.0,4.0,4.0,8.325692756626862e-05,1041311
CASE_T2B_003,RNA_SEQ,13,CL:0000115 total RNA-seq,paired,-0.1875,0.15625,0.1875,-6.593669969013477e-05,498846
CASE_T2B_003,RNA_SEQ,14,CL:0002188 total RNA-seq,paired,-0.625,0.625,0.625,-0.00010558011411925078,499313
CASE_T2B_003,RNA_SEQ,15,CL:0002543 total RNA-seq,paired,-0.5,0.5,0.5,-4.8464026658340265e-05,498853
CASE_T2B_003,RNA_SEQ,16,CL:0002545 total RNA-seq,paired,-0.21875,0.21875,0.21875,-1.4426404138123683e-05,498916
CASE_T2B_003,RNA_SEQ,17,CL:0002618 polyA plus RNA-seq,paired,-0.6875,0.6875,0.6875,-0.00012339598986237037,472352
CASE_T2B_003,RNA_SEQ,18,CL:0002618 total RNA-seq,paired,-0.3125,0.1875,0.3125,-3.07964226612667e-05,524286
CASE_T2B_003,RNA_SEQ,19,CL:1001568 total RNA-seq,paired,-0.5,0.5625,0.5625,-3.061813025863791e-05,524283
CASE_T2B_003,RNA_SEQ,20,CL:2000010 total RNA-seq,paired,-0.625,0.625,0.625,-9.792085422588375e-05,498862
CASE_T2B_003,RNA_SEQ,21,CL:2000011 total RNA-seq,paired,-0.625,0.625,0.625,-4.199935938047398e-05,496764
CASE_T2B_003,RNA_SEQ,22,CL:2000016 total RNA-seq,paired,-0.625,0.625,0.625,-3.113998282956327e-05,629273
CASE_T2B_003,RNA_SEQ,23,CL:2000018 total RNA-seq,paired,-0.4375,0.4375,0.4375,-1.0354073158820327e-05,458322
CASE_T2B_003,RNA_SEQ,24,CL:2000040 total RNA-seq,paired,-0.5,0.5,0.5,-3.240536626288615e-05,498950
CASE_T2B_003,RNA_SEQ,25,CL:2000041 total RNA-seq,paired,-0.625,0.625,0.625,-5.999209697091066e-05,498702
CASE_T2B_003,RNA_SEQ,26,CL:0002618 polyA plus RNA-seq,paired,-10.0,10.0,10.0,0.0001348847142782456,1041295
CASE_T2B_003,SPLICE_SITE_USAGE,0,usage_CL:0000115 total RNA-seq,paired,-0.005859375,0.00390625,0.005859375,-9.589693317945324e-09,818427
CASE_T2B_003,SPLICE_SITE_USAGE,1,usage_CL:0002188 total RNA-seq,paired,-0.00390625,0.00390625,0.00390625,-5.47275174483941e-09,818427
CASE_T2B_003,SPLICE_SITE_USAGE,2,usage_CL:0002543 total RNA-seq,paired,-0.00390625,0.00390625,0.00390625,3.5200654453998795e-09,893623
CASE_T2B_003,SPLICE_SITE_USAGE,3,usage_CL:0002545 total RNA-seq,paired,-0.00390625,0.00390625,0.00390625,8.76540414470467e-09,895138
CASE_T2B_003,SPLICE_SITE_USAGE,4,usage_CL:0002618 polyA plus RNA-seq,paired,-0.00390625,0.00390625,0.00390625,1.6417852274084113e-09,821053
CASE_T2B_003,SPLICE_SITE_USAGE,5,usage_CL:0002618 total RNA-seq,paired,-0.00390625,0.00390625,0.00390625,-8.326972888994533e-09,890177
CASE_T2B_003,SPLICE_SITE_USAGE,6,usage_CL:1001568 total RNA-seq,paired,-0.00390625,0.00390625,0.00390625,2.1231932226251082e-08,740125
CASE_T2B_003,SPLICE_SITE_USAGE,7,usage_CL:2000010 total RNA-seq,paired,-0.00390625,0.00390625,0.00390625,-1.7654767364727077e-08,818427
CASE_T2B_003,SPLICE_SITE_USAGE,8,usage_CL:2000011 total RNA-seq,paired,-0.00390625,0.00390625,0.00390625,2.2036999683394676e-08,705363
CASE_T2B_003,SPLICE_SITE_USAGE,9,usage_CL:2000016 total RNA-seq,paired,-0.00390625,0.00390625,0.00390625,-1.4028035399960004e-09,818427
CASE_T2B_003,SPLICE_SITE_USAGE,10,usage_CL:2000018 total RNA-seq,paired,-0.00390625,0.00390625,0.00390625,-1.3435089784189316e-08,890864
CASE_T2B_003,SPLICE_SITE_USAGE,11,usage_CL:2000040 total RNA-seq,paired,-0.00390625,0.00390625,0.00390625,3.884375262262242e-08,823543
CASE_T2B_003,SPLICE_SITE_USAGE,12,usage_CL:2000041 total RNA-seq,paired,-0.00390625,0.00390625,0.00390625,1.1167807469373778e-08,818427
CASE_T2B_003,SPLICE_SITE_USAGE,13,usage_CL:0000115 total RNA-seq,paired,-0.00390625,0.009765625,0.009765625,4.9697964759474464e-08,953555
CASE_T2B_003,SPLICE_SITE_USAGE,14,usage_CL:0002188 total RNA-seq,paired,-0.00390625,0.009765625,0.009765625,3.952931044135967e-08,953555
CASE_T2B_003,SPLICE_SITE_USAGE,15,usage_CL:0002543 total RNA-seq,paired,-0.00390625,0.0078125,0.0078125,7.726652112433944e-09,427418
CASE_T2B_003,SPLICE_SITE_USAGE,16,usage_CL:0002545 total RNA-seq,paired,-0.0078125,0.009765625,0.009765625,6.265428922052242e-08,953555
CASE_T2B_003,SPLICE_SITE_USAGE,17,usage_CL:0002618 polyA plus RNA-seq,paired,-0.005859375,0.009765625,0.009765625,5.967391267563483e-08,953438
CASE_T2B_003,SPLICE_SITE_USAGE,18,usage_CL:0002618 total RNA-seq,paired,-0.005859375,0.0078125,0.0078125,5.366947240584929e-08,953438
CASE_T2B_003,SPLICE_SITE_USAGE,19,usage_CL:1001568 total RNA-seq,paired,-0.00390625,0.009765625,0.009765625,6.164940546994694e-08,953555
CASE_T2B_003,SPLICE_SITE_USAGE,20,usage_CL:2000010 total RNA-seq,paired,-0.005859375,0.009765625,0.009765625,7.247308124321431e-08,953555
CASE_T2B_003,SPLICE_SITE_USAGE,21,usage_CL:2000011 total RNA-seq,paired,-0.005859375,0.009765625,0.009765625,8.397771122615366e-08,953555
CASE_T2B_003,SPLICE_SITE_USAGE,22,usage_CL:2000016 total RNA-seq,paired,-0.005859375,0.009765625,0.009765625,6.562358746956411e-08,953555
CASE_T2B_003,SPLICE_SITE_USAGE,23,usage_CL:2000018 total RNA-seq,paired,-0.0078125,0.009765625,0.009765625,7.934234702465862e-08,953555
CASE_T2B_003,SPLICE_SITE_USAGE,24,usage_CL:2000040 total RNA-seq,paired,-0.0078125,0.009765625,0.009765625,5.053607051945943e-08,953555
CASE_T2B_003,SPLICE_SITE_USAGE,25,usage_CL:2000041 total RNA-seq,paired,-0.005859375,0.009765625,0.009765625,7.367111072632466e-08,953438
CASE_T2B_003,SPLICE_JUNCTIONS,0,junction_CL:0000115 total RNA-seq,paired,-0.02713298797607422,0.015523910522460938,0.02713298797607422,-1.4597589051429488e-05,7398
CASE_T2B_003,SPLICE_JUNCTIONS,1,junction_CL:0002188 total RNA-seq,paired,-0.026856422424316406,0.019850730895996094,0.026856422424316406,-2.2176564156927967e-05,7398
CASE_T2B_003,SPLICE_JUNCTIONS,2,junction_CL:0002543 total RNA-seq,paired,-0.039812564849853516,0.03388714790344238,0.039812564849853516,-1.7791613126237724e-05,3357
CASE_T2B_003,SPLICE_JUNCTIONS,3,junction_CL:0002545 total RNA-seq,paired,-0.03027975559234619,0.024150848388671875,0.03027975559234619,-1.6885715553763267e-05,3357
CASE_T2B_003,SPLICE_JUNCTIONS,4,junction_CL:0002618 polyA plus RNA-seq,paired,-0.03168058395385742,0.021575927734375,0.03168058395385742,-1.3473434574751838e-05,7398
CASE_T2B_003,SPLICE_JUNCTIONS,5,junction_CL:0002618 total RNA-seq,paired,-0.027077674865722656,0.023399829864501953,0.027077674865722656,-6.181009419480357e-06,7398
CASE_T2B_003,SPLICE_JUNCTIONS,6,junction_CL:1001568 total RNA-seq,paired,-0.029887795448303223,0.029831767082214355,0.029887795448303223,-1.3285771625271934e-05,3357
CASE_T2B_003,SPLICE_JUNCTIONS,7,junction_CL:2000010 total RNA-seq,paired,-0.04422473907470703,0.04002737998962402,0.04422473907470703,-2.3993360050445596e-05,3357
CASE_T2B_003,SPLICE_JUNCTIONS,8,junction_CL:2000011 total RNA-seq,paired,-0.04558110237121582,0.04727768898010254,0.04727768898010254,8.222798058944196e-06,10249
CASE_T2B_003,SPLICE_JUNCTIONS,9,junction_CL:2000016 total RNA-seq,paired,-0.04747295379638672,0.04496359825134277,0.04747295379638672,-2.462682506749661e-06,3357
CASE_T2B_003,SPLICE_JUNCTIONS,10,junction_CL:2000018 total RNA-seq,paired,-0.025869369506835938,0.025309324264526367,0.025869369506835938,-4.768941647155589e-06,7398
CASE_T2B_003,SPLICE_JUNCTIONS,11,junction_CL:2000040 total RNA-seq,paired,-0.0471339225769043,0.04245591163635254,0.0471339225769043,-2.041241962109365e-05,3357
CASE_T2B_003,SPLICE_JUNCTIONS,12,junction_CL:2000041 total RNA-seq,paired,-0.04218864440917969,0.03935599327087402,0.04218864440917969,-1.2381612202628644e-05,3357
CASE_T2B_003,DNASE,0,CL:0000115 DNase-seq,paired,-0.5,0.375,0.5,1.2777364082339204e-06,998095
CASE_T2B_003,DNASE,1,CL:0002618 DNase-seq,paired,-0.3125,0.5,0.5,1.9569128438131673e-05,841557
CASE_T2B_003,DNASE,2,CL:1000892 DNase-seq,paired,-0.0625,0.03125,0.0625,1.5768119851600204e-05,998853
CASE_T2B_003,DNASE,3,CL:1001568 DNase-seq,paired,-0.25,0.25,0.25,1.9008669751487656e-05,676453
CASE_T2B_003,DNASE,4,CL:2000010 DNase-seq,paired,-0.75,0.75,0.75,3.972252104649765e-05,841190
CASE_T2B_003,DNASE,5,CL:2000016 DNase-seq,paired,-0.75,0.5,0.75,2.5554614961009747e-05,998046
CASE_T2B_003,DNASE,6,CL:2000041 DNase-seq,paired,-0.75,1.5,1.5,3.5308149473015774e-05,841557
CASE_T2B_003,DNASE,7,CL:2000044 DNase-seq,paired,-0.75,0.75,0.75,2.1835695370811276e-06,250277
CASE_T2B_003,CHIP_TF,0,CL:0000115 TF ChIP-seq CTCF,paired,-16.0,32.0,32.0,0.00122833251953125,7582
CASE_T2B_003,CHIP_TF,1,CL:0002618 TF ChIP-seq CTCF,paired,-32.0,16.0,32.0,-0.002437591552734375,6494
CASE_T2B_003,CHIP_TF,2,CL:0002618 TF ChIP-seq FOS,paired,-16.0,32.0,32.0,0.01415252685546875,6642
CASE_T2B_003,CHIP_TF,3,CL:0002618 TF ChIP-seq GATA2,paired,-16.0,4.0,16.0,-0.001102447509765625,6469
CASE_T2B_003,CHIP_TF,4,CL:0002618 TF ChIP-seq JUN,paired,-8.0,16.0,16.0,0.00283050537109375,6470
CASE_T2B_003,CHIP_TF,5,CL:0002618 TF ChIP-seq MAX,paired,-4.0,12.0,12.0,-0.000179290771484375,7254
CASE_T2B_003,CHIP_TF,6,CL:0002618 TF ChIP-seq MYC,paired,-16.0,48.0,48.0,0.034195899963378906,6567
CASE_T2B_003,CHIP_TF,7,CL:0002618 TF ChIP-seq POLR2A,paired,-12.0,16.0,16.0,0.0414276123046875,5509
CASE_T2B_003,CHIP_TF,8,CL:0002618 TF ChIP-seq POLR2AphosphoS5,paired,-32.0,16.0,32.0,0.012277603149414062,8156
CASE_T2B_003,CHIP_TF,9,CL:2000044 TF ChIP-seq CTCF,paired,-48.0,320.0,320.0,0.021245956420898438,3856
CASE_T2B_003,CAGE,0,hCAGE CL:0002138,paired,-8.0,16.0,16.0,2.8094890465457656e-06,705200
CASE_T2B_003,CAGE,1,hCAGE CL:0002144,paired,-16.0,12.0,16.0,-3.7354850616955204e-05,888966
CASE_T2B_003,CAGE,2,hCAGE CL:0002188,paired,-12.0,16.0,16.0,-2.9898605801936817e-05,705202
CASE_T2B_003,CAGE,3,hCAGE CL:0002543,paired,-64.0,32.0,64.0,-4.591371760254148e-05,1039319
CASE_T2B_003,CAGE,4,hCAGE CL:0002544,paired,-64.0,64.0,64.0,-5.207054310835124e-05,1039312
CASE_T2B_003,CAGE,5,hCAGE CL:0002545,paired,-96.0,32.0,96.0,-0.00013971166870829776,1039319
CASE_T2B_003,CAGE,6,hCAGE CL:0002588,paired,-12.0,96.0,96.0,5.171460119512972e-05,1039313
CASE_T2B_003,CAGE,7,hCAGE CL:0002618,paired,-96.0,16.0,96.0,-9.876574336195598e-05,1039320
CASE_T2B_003,CAGE,8,hCAGE CL:1000413,paired,-16.0,16.0,16.0,-2.6015961902547957e-06,705197
CASE_T2B_003,CAGE,9,hCAGE CL:0002138,paired,-16.0,16.0,16.0,-9.122401990890872e-05,975475
CASE_T2B_003,CAGE,10,hCAGE CL:0002144,paired,-8.0,8.0,8.0,-5.9728384858681594e-05,975475
CASE_T2B_003,CAGE,11,hCAGE CL:0002188,paired,-12.0,8.0,12.0,-6.398458176867794e-05,846825
CASE_T2B_003,CAGE,12,hCAGE CL:0002543,paired,-16.0,8.0,16.0,-6.387600653656733e-05,846825
CASE_T2B_003,CAGE,13,hCAGE CL:0002544,paired,-8.0,8.0,8.0,-6.179547528939455e-05,629384
CASE_T2B_003,CAGE,14,hCAGE CL:0002545,paired,-16.0,8.0,16.0,-9.066967496945688e-05,998060
CASE_T2B_003,CAGE,15,hCAGE CL:0002588,paired,-8.0,4.0,8.0,-6.7234485143091716e-06,998059
CASE_T2B_003,CAGE,16,hCAGE CL:0002618,paired,-10.0,8.0,10.0,-6.317272558102605e-05,998061
CASE_T2B_003,CAGE,17,hCAGE CL:1000413,paired,-12.0,16.0,16.0,-5.052320794041165e-05,975475
CASE_T2B_003,PROCAP,0,ENCSR801ECP,paired,-48.0,2.0,48.0,-4.939430075713569e-05,1039315
CASE_T2B_003,PROCAP,1,ENCSR801ECP,paired,-4.0,3.0,4.0,1.3305422291276514e-05,998060
CASE_T2B_003,CHIP_HISTONE,0,CL:0002618 Histone ChIP-seq H2AFZ,paired,-8.0,8.0,8.0,0.007048606872558594,5506
CASE_T2B_003,CHIP_HISTONE,1,CL:0002618 Histone ChIP-seq H3K27ac,paired,-48.0,64.0,64.0,0.10890865325927734,5630
CASE_T2B_003,CHIP_HISTONE,2,CL:0002618 Histone ChIP-seq H3K27me3,paired,-4.0,4.0,4.0,-0.011915206909179688,3512
CASE_T2B_003,CHIP_HISTONE,3,CL:0002618 Histone ChIP-seq H3K36me3,paired,-12.0,12.0,12.0,0.005907535552978516,3898
CASE_T2B_003,CHIP_HISTONE,4,CL:0002618 Histone ChIP-seq H3K4me1,paired,-16.0,12.0,16.0,0.08298152685165405,6569
CASE_T2B_003,CHIP_HISTONE,5,CL:0002618 Histone ChIP-seq H3K4me2,paired,-24.0,32.0,32.0,0.05329132080078125,6601
CASE_T2B_003,CHIP_HISTONE,6,CL:0002618 Histone ChIP-seq H3K4me3,paired,-32.0,40.0,40.0,0.03073883056640625,5516
CASE_T2B_003,CHIP_HISTONE,7,CL:0002618 Histone ChIP-seq H3K79me2,paired,-24.0,24.0,24.0,0.032953739166259766,6609
CASE_T2B_003,CHIP_HISTONE,8,CL:0002618 Histone ChIP-seq H3K9ac,paired,-32.0,48.0,48.0,0.0718839168548584,5515
CASE_T2B_003,CHIP_HISTONE,9,CL:2000044 Histone ChIP-seq H3K27ac,paired,-32.0,32.0,32.0,0.0041294097900390625,6610
CASE_T2B_003,CHIP_HISTONE,10,CL:2000044 Histone ChIP-seq H3K36me3,paired,-4.0,4.0,4.0,-0.004062652587890625,6510
CASE_T2B_003,CHIP_HISTONE,11,CL:2000044 Histone ChIP-seq H3K4me3,paired,-384.0,384.0,384.0,-0.019519329071044922,6611
CASE_T2B_003,SPLICE_SITES,0,donor,paired,-0.0078125,0.005859375,0.0078125,3.493702320674086e-08,735302
CASE_T2B_003,SPLICE_SITES,1,acceptor,paired,-0.0078125,0.0078125,0.0078125,4.0438630430350564e-08,921795
CASE_T2B_003,SPLICE_SITES,2,donor,paired,-0.0078125,0.01171875,0.01171875,5.1372396461801806e-08,524178
CASE_T2B_003,SPLICE_SITES,3,acceptor,paired,-0.0078125,0.0078125,0.0078125,-8.271721467500992e-10,531417
CASE_T2B_004,RNA_SEQ,0,CL:0000115 total RNA-seq,paired,-1.5,4.0,4.0,7.213270053578122e-05,1042562
CASE_T2B_004,RNA_SEQ,1,CL:0002188 total RNA-seq,paired,-4.0,6.0,6.0,0.00022332890436433474,1042666
CASE_T2B_004,RNA_SEQ,2,CL:0002543 total RNA-seq,paired,-2.5,3.5,3.5,0.00019779289262652176,1041786
CASE_T2B_004,RNA_SEQ,3,CL:0002545 total RNA-seq,paired,-2.5,2.5,2.5,0.00014394174710863437,1039643
CASE_T2B_004,RNA_SEQ,4,CL:0002618 polyA plus RNA-seq,paired,-8.0,8.0,8.0,0.0003714043421912833,1041322
CASE_T2B_004,RNA_SEQ,5,CL:0002618 total RNA-seq,paired,-2.5,4.5,4.5,0.0001281853673694676,1042109
CASE_T2B_004,RNA_SEQ,6,CL:1001568 total RNA-seq,paired,-4.0,5.0,5.0,0.0002958294261166718,1041357
CASE_T2B_004,RNA_SEQ,7,CL:2000010 total RNA-seq,paired,-4.0,4.0,4.0,0.00018592912115282398,1041506
CASE_T2B_004,RNA_SEQ,8,CL:2000011 total RNA-seq,paired,-4.0,4.0,4.0,0.00015615162458571061,1041318
CASE_T2B_004,RNA_SEQ,9,CL:2000016 total RNA-seq,paired,-3.0,3.5,3.5,0.00016023983042041498,1041726
CASE_T2B_004,RNA_SEQ,10,CL:2000018 total RNA-seq,paired,-5.0,6.0,6.0,0.0002517188661832583,1041783
CASE_T2B_004,RNA_SEQ,11,CL:2000040 total RNA-seq,paired,-4.5,4.5,4.5,0.000212440960836381,1041334
CASE_T2B_004,RNA_SEQ,12,CL:2000041 total RNA-seq,paired,-4.0,4.0,4.0,0.00015005291339365023,1041351
CASE_T2B_004,RNA_SEQ,13,CL:0000115 total RNA-seq,paired,-0.1875,0.25,0.25,6.533467071119514e-05,524160
CASE_T2B_004,RNA_SEQ,14,CL:0002188 total RNA-seq,paired,-0.75,0.625,0.75,-0.00011539687878958515,524275
CASE_T2B_004,RNA_SEQ,15,CL:0002543 total RNA-seq,paired,-0.5625,0.5,0.5625,-1.4521529494368468e-06,524077
CASE_T2B_004,RNA_SEQ,16,CL:0002545 total RNA-seq,paired,-0.375,0.21875,0.375,3.4419225771076256e-05,524127
CASE_T2B_004,RNA_SEQ,17,CL:0002618 polyA plus RNA-seq,paired,-0.75,0.6875,0.75,-6.27267443761638e-05,524106
CASE_T2B_004,RNA_SEQ,18,CL:0002618 total RNA-seq,paired,-0.25,0.3125,0.3125,5.1356532716156575e-05,524215
CASE_T2B_004,RNA_SEQ,19,CL:1001568 total RNA-seq,paired,-0.5625,0.5,0.5625,-4.9704643799513074e-05,524056
CASE_T2B_004,RNA_SEQ,20,CL:2000010 total RNA-seq,paired,-0.875,0.625,0.875,-6.361372544098996e-05,615178
CASE_T2B_004,RNA_SEQ,21,CL:2000011 total RNA-seq,paired,-0.75,0.625,0.75,-5.874752387481988e-05,524096
CASE_T2B_004,RNA_SEQ,22,CL:2000016 total RNA-seq,paired,-0.625,0.4375,0.625,-5.860745456652409e-05,615182
CASE_T2B_004,RNA_SEQ,23,CL:2000018 total RNA-seq,paired,-0.4375,0.4375,0.4375,-2.396476041752844e-05,458333
CASE_T2B_004,RNA_SEQ,24,CL:2000040 total RNA-seq,paired,-0.5625,0.5,0.5625,-4.416124315702975e-05,524056
CASE_T2B_004,RNA_SEQ,25,CL:2000041 total RNA-seq,paired,-0.625,0.625,0.625,-5.886014547048905e-05,496742
CASE_T2B_004,RNA_SEQ,26,CL:0002618 polyA plus RNA-seq,paired,-10.0,10.0,10.0,0.00044662209530934254,1041570
CASE_T2B_004,SPLICE_SITE_USAGE,0,usage_CL:0000115 total RNA-seq,paired,-0.00390625,0.0078125,0.0078125,-1.3751098693320224e-08,962197
CASE_T2B_004,SPLICE_SITE_USAGE,1,usage_CL:0002188 total RNA-seq,paired,-0.00390625,0.00390625,0.00390625,-2.037844646718759e-09,740118
CASE_T2B_004,SPLICE_SITE_USAGE,2,usage_CL:0002543 total RNA-seq,paired,-0.00390625,0.00390625,0.00390625,1.3055014270796014e-08,705356
CASE_T2B_004,SPLICE_SITE_USAGE,3,usage_CL:0002545 total RNA-seq,paired,-0.00390625,0.00390625,0.00390625,-1.402691655882915e-08,740118
CASE_T2B_004,SPLICE_SITE_USAGE,4,usage_CL:0002618 polyA plus RNA-seq,paired,-0.00390625,0.00390625,0.00390625,5.086497660566902e-09,737520
CASE_T2B_004,SPLICE_SITE_USAGE,5,usage_CL:0002618 total RNA-seq,paired,-0.00390625,0.00390625,0.00390625,4.28993347507782e-09,740118
CASE_T2B_004,SPLICE_SITE_USAGE,6,usage_CL:1001568 total RNA-seq,paired,-0.00390625,0.00390625,0.00390625,-2.450905867146247e-10,740983
CASE_T2B_004,SPLICE_SITE_USAGE,7,usage_CL:2000010 total RNA-seq,paired,-0.00390625,0.00390625,0.00390625,-5.803062838420636e-09,740118
CASE_T2B_004,SPLICE_SITE_USAGE,8,usage_CL:2000011 total RNA-seq,paired,-0.00390625,0.00390625,0.00390625,2.3603940808207893e-09,816950
CASE_T2B_004,SPLICE_SITE_USAGE,9,usage_CL:2000016 total RNA-seq,paired,-0.00390625,0.00390625,0.00390625,-2.530403196980731e-09,816950
CASE_T2B_004,SPLICE_SITE_USAGE,10,usage_CL:2000018 total RNA-seq,paired,-0.00390625,0.005859375,0.005859375,-1.002791882268473e-08,899008
CASE_T2B_004,SPLICE_SITE_USAGE,11,usage_CL:2000040 total RNA-seq,paired,-0.00390625,0.00390625,0.00390625,5.289556275411486e-09,741066
CASE_T2B_004,SPLICE_SITE_USAGE,12,usage_CL:2000041 total RNA-seq,paired,-0.00390625,0.00390625,0.00390625,-1.0397528338312867e-08,818575
CASE_T2B_004,SPLICE_SITE_USAGE,13,usage_CL:0000115 total RNA-seq,paired,-0.00390625,0.00390625,0.00390625,-5.944652398804795e-08,70454
CASE_T2B_004,SPLICE_SITE_USAGE,14,usage_CL:0002188 total RNA-seq,paired,-0.005859375,0.0078125,0.0078125,-2.3586673767328328e-08,518436
CASE_T2B_004,SPLICE_SITE_USAGE,15,usage_CL:0002543 total RNA-seq,paired,-0.0078125,0.0078125,0.0078125,-3.6413725380678106e-08,80625
CASE_T2B_004,SPLICE_SITE_USAGE,16,usage_CL:0002545 total RNA-seq,paired,-0.005859375,0.0078125,0.0078125,-4.5071715588854545e-09,541282
CASE_T2B_004,SPLICE_SITE_USAGE,17,usage_CL:0002618 polyA plus RNA-seq,paired,-0.0078125,0.0078125,0.0078125,-2.0592851433876395e-08,80625
CASE_T2B_004,SPLICE_SITE_USAGE,18,usage_CL:0002618 total RNA-seq,paired,-0.0078125,0.0078125,0.0078125,-3.9145470038925566e-08,518436
CASE_T2B_004,SPLICE_SITE_USAGE,19,usage_CL:1001568 total RNA-seq,paired,-0.0078125,0.00390625,0.0078125,-4.968332942513527e-08,528422
CASE_T2B_004,SPLICE_SITE_USAGE,20,usage_CL:2000010 total RNA-seq,paired,-0.0078125,0.00390625,0.0078125,-9.376605502591673e-09,80625
CASE_T2B_004,SPLICE_SITE_USAGE,21,usage_CL:2000011 total RNA-seq,paired,-0.00390625,0.00390625,0.00390625,-3.7716926116253435e-08,68359
CASE_T2B_004,SPLICE_SITE_USAGE,22,usage_CL:2000016 total RNA-seq,paired,-0.00390625,0.00390625,0.00390625,-1.9548911653381793e-08,68359
CASE_T2B_004,SPLICE_SITE_USAGE,23,usage_CL:2000018 total RNA-seq,paired,-0.00390625,0.00390625,0.00390625,-6.7361443228114e-08,68359
CASE_T2B_004,SPLICE_SITE_USAGE,24,usage_CL:2000040 total RNA-seq,paired,-0.005859375,0.0078125,0.0078125,-1.6704352855660714e-08,518436
CASE_T2B_004,SPLICE_SITE_USAGE,25,usage_CL:2000041 total RNA-seq,paired,-0.00390625,0.00390625,0.00390625,-3.018900545862088e-09,80625
CASE_T2B_004,SPLICE_JUNCTIONS,0,junction_CL:0000115 total RNA-seq,paired,-0.030518531799316406,0.017231464385986328,0.030518531799316406,-1.3905033853725778e-05,5318
CASE_T2B_004,SPLICE_JUNCTIONS,1,junction_CL:0002188 total RNA-seq,paired,-0.034481048583984375,0.030538201332092285,0.034481048583984375,-3.340208024662962e-05,5318
CASE_T2B_004,SPLICE_JUNCTIONS,2,junction_CL:0002543 total RNA-seq,paired,-0.03947710990905762,0.04757952690124512,0.04757952690124512,-7.19783734086242e-05,2177
CASE_T2B_004,SPLICE_JUNCTIONS,3,junction_CL:0002545 total RNA-seq,paired,-0.03812885284423828,0.04095029830932617,0.04095029830932617,-3.969908986694586e-05,2177
CASE_T2B_004,SPLICE_JUNCTIONS,4,junction_CL:0002618 polyA plus RNA-seq,paired,-0.03864574432373047,0.02998948097229004,0.03864574432373047,-4.3881935033728737e-05,10186
CASE_T2B_004,SPLICE_JUNCTIONS,5,junction_CL:0002618 total RNA-seq,paired,-0.031232833862304688,0.03409934043884277,0.03409934043884277,-3.0826885173171624e-05,2177
CASE_T2B_004,SPLICE_JUNCTIONS,6,junction_CL:1001568 total RNA-seq,paired,-0.043593406677246094,0.041332244873046875,0.043593406677246094,-4.896857912129847e-05,5318
CASE_T2B_004,SPLICE_JUNCTIONS,7,junction_CL:2000010 total RNA-seq,paired,-0.05008888244628906,0.052037715911865234,0.052037715911865234,-0.00010250010690150032,2177
CASE_T2B_004,SPLICE_JUNCTIONS,8,junction_CL:2000011 total RNA-seq,paired,-0.04845237731933594,0.0516510009765625,0.0516510009765625,-7.501493698091188e-05,2177
CASE_T2B_004,SPLICE_JUNCTIONS,9,junction_CL:2000016 total RNA-seq,paired,-0.044510841369628906,0.048666954040527344,0.048666954040527344,-0.00011289209802417243,2177
CASE_T2B_004,SPLICE_JUNCTIONS,10,junction_CL:2000018 total RNA-seq,paired,-0.039936065673828125,0.033100128173828125,0.039936065673828125,-3.7411203493176206e-05,5318
CASE_T2B_004,SPLICE_JUNCTIONS,11,junction_CL:2000040 total RNA-seq,paired,-0.052193641662597656,0.0519709587097168,0.052193641662597656,-0.000102143209713287,10186
CASE_T2B_004,SPLICE_JUNCTIONS,12,junction_CL:2000041 total RNA-seq,paired,-0.046927452087402344,0.053307533264160156,0.053307533264160156,-0.00010990408020268478,2177
CASE_T2B_004,DNASE,0,CL:0000115 DNase-seq,paired,-0.5,0.1875,0.5,3.7662381480174645e-07,1042817
CASE_T2B_004,DNASE,1,CL:0002618 DNase-seq,paired,-0.3125,0.25,0.3125,-6.522926507135515e-07,543030
CASE_T2B_004,DNASE,2,CL:1000892 DNase-seq,paired,-0.046875,0.0625,0.0625,4.067193884793596e-06,975499
CASE_T2B_004,DNASE,3,CL:1001568 DNase-seq,paired,-0.1875,0.25,0.25,-2.9103216644151128e-06,1039220
CASE_T2B_004,DNASE,4,CL:2000010 DNase-seq,paired,-1.0,0.5,1.0,2.424260346495402e-07,1042817
CASE_T2B_004,DNASE,5,CL:2000016 DNase-seq,paired,-0.5,0.625,0.625,1.3668407050637654e-06,828316
CASE_T2B_004,DNASE,6,CL:2000041 DNase-seq,paired,-0.5,0.625,0.625,3.81098745394296e-06,685157
CASE_T2B_004,DNASE,7,CL:2000044 DNase-seq,paired,-1.0,0.5,1.0,5.414902463681285e-06,998763
CASE_T2B_004,CHIP_TF,0,CL:0000115 TF ChIP-seq CTCF,paired,-32.0,4.0,32.0,-0.00360870361328125,3856
CASE_T2B_004,CHIP_TF,1,CL:0002618 TF ChIP-seq CTCF,paired,-16.0,64.0,64.0,0.01212310791015625,4258
CASE_T2B_004,CHIP_TF,2,CL:0002618 TF ChIP-seq FOS,paired,-16.0,8.0,16.0,-0.001468658447265625,5352
CASE_T2B_004,CHIP_TF,3,CL:0002618 TF ChIP-seq GATA2,paired,-24.0,12.0,24.0,0.00061798095703125,5157
CASE_T2B_004,CHIP_TF,4,CL:0002618 TF ChIP-seq JUN,paired,-12.0,8.0,12.0,0.0035886764526367188,4672
CASE_T2B_004,CHIP_TF,5,CL:0002618 TF ChIP-seq MAX,paired,-8.0,8.0,8.0,0.001419663429260254,6570
CASE_T2B_004,CHIP_TF,6,CL:0002618 TF ChIP-seq MYC,paired,-32.0,48.0,48.0,0.022269099950790405,8120
CASE_T2B_004,CHIP_TF,7,CL:0002618 TF ChIP-seq POLR2A,paired,-12.0,12.0,12.0,0.0384063720703125,4899
CASE_T2B_004,CHIP_TF,8,CL:0002618 TF ChIP-seq POLR2AphosphoS5,paired,-48.0,48.0,48.0,0.065277099609375,7620
CASE_T2B_004,CHIP_TF,9,CL:2000044 TF ChIP-seq CTCF,paired,-16.0,16.0,16.0,-0.007984161376953125,4384
CASE_T2B_004,CAGE,0,hCAGE CL:0002138,paired,-32.0,192.0,192.0,0.000529904309235607,1039307
CASE_T2B_004,CAGE,1,hCAGE CL:0002144,paired,-128.0,192.0,192.0,3.607622166090785e-05,1039307
CASE_T2B_004,CAGE,2,hCAGE CL:0002188,paired,-320.0,192.0,320.0,6.6905338457767805e-06,1039311
CASE_T2B_004,CAGE,3,hCAGE CL:0002543,paired,-96.0,128.0,128.0,0.00019866960421821567,1039308
CASE_T2B_004,CAGE,4,hCAGE CL:0002544,paired,-64.0,512.0,512.0,0.0007925201781521229,1039308
CASE_T2B_004,CAGE,5,hCAGE CL:0002545,paired,-64.0,320.0,320.0,0.0006131260860002818,1039307
CASE_T2B_004,CAGE,6,hCAGE CL:0002588,paired,-64.0,192.0,192.0,0.00011478626355858335,1039307
CASE_T2B_004,CAGE,7,hCAGE CL:0002618,paired,-192.0,192.0,192.0,7.098773858740803e-05,1039307
CASE_T2B_004,CAGE,8,hCAGE CL:1000413,paired,-320.0,256.0,320.0,0.0003081002220588491,1039311
CASE_T2B_004,CAGE,9,hCAGE CL:0002138,paired,-8.0,16.0,16.0,5.807454810879964e-05,629331
CASE_T2B_004,CAGE,10,hCAGE CL:0002144,paired,-8.0,12.0,12.0,5.963332808661681e-05,629331
CASE_T2B_004,CAGE,11,hCAGE CL:0002188,paired,-4.0,6.0,6.0,4.484187809028484e-05,975465
CASE_T2B_004,CAGE,12,hCAGE CL:0002543,paired,-8.0,8.0,8.0,8.286629984288751e-05,629331
CASE_T2B_004,CAGE,13,hCAGE CL:0002544,paired,-8.0,16.0,16.0,8.20235641692535e-05,846818
CASE_T2B_004,CAGE,14,hCAGE CL:0002545,paired,-8.0,8.0,8.0,8.206776897651258e-05,629332
CASE_T2B_004,CAGE,15,hCAGE CL:0002588,paired,-12.0,8.0,12.0,5.1821898935419664e-05,998051
CASE_T2B_004,CAGE,16,hCAGE CL:0002618,paired,-6.0,8.0,8.0,7.263777045592862e-05,629334
CASE_T2B_004,CAGE,17,hCAGE CL:1000413,paired,-20.0,8.0,20.0,6.961054577458992e-05,629376
CASE_T2B_004,PROCAP,0,ENCSR801ECP,paired,-32.0,16.0,32.0,-2.5579051468035963e-05,1039311
CASE_T2B_004,PROCAP,1,ENCSR801ECP,paired,-2.5,10.0,10.0,2.6021759804650824e-05,975467
CASE_T2B_004,CHIP_HISTONE,0,CL:0002618 Histone ChIP-seq H2AFZ,paired,-24.0,12.0,24.0,-0.01053619384765625,6787
CASE_T2B_004,CHIP_HISTONE,1,CL:0002618 Histone ChIP-seq H3K27ac,paired,-32.0,64.0,64.0,0.06909847259521484,5349
CASE_T2B_004,CHIP_HISTONE,2,CL:0002618 Histone ChIP-seq H3K27me3,paired,-4.0,2.0,4.0,-0.018650054931640625,6314
CASE_T2B_004,CHIP_HISTONE,3,CL:0002618 Histone ChIP-seq H3K36me3,paired,-16.0,8.0,16.0,0.052747249603271484,3826
CASE_T2B_004,CHIP_HISTONE,4,CL:0002618 Histone ChIP-seq H3K4me1,paired,-16.0,12.0,16.0,0.030827045440673828,2111
CASE_T2B_004,CHIP_HISTONE,5,CL:0002618 Histone ChIP-seq H3K4me2,paired,-32.0,16.0,32.0,0.006992340087890625,8130
CASE_T2B_004,CHIP_HISTONE,6,CL:0002618 Histone ChIP-seq H3K4me3,paired,-32.0,64.0,64.0,0.011989593505859375,8122
CASE_T2B_004,CHIP_HISTONE,7,CL:0002618 Histone ChIP-seq H3K79me2,paired,-16.0,12.0,16.0,0.10061359405517578,4897
CASE_T2B_004,CHIP_HISTONE,8,CL:0002618 Histone ChIP-seq H3K9ac,paired,-32.0,96.0,96.0,0.027639389038085938,6612
CASE_T2B_004,CHIP_HISTONE,9,CL:2000044 Histone ChIP-seq H3K27ac,paired,-16.0,24.0,24.0,0.0053272247314453125,8120
CASE_T2B_004,CHIP_HISTONE,10,CL:2000044 Histone ChIP-seq H3K36me3,paired,-4.0,8.0,8.0,-0.0013756752014160156,8141
CASE_T2B_004,CHIP_HISTONE,11,CL:2000044 Histone ChIP-seq H3K4me3,paired,-512.0,384.0,512.0,-0.03844451904296875,6615
CASE_T2B_004,SPLICE_SITES,0,donor,paired,-0.0078125,0.0078125,0.0078125,1.2626223080958177e-08,817433
CASE_T2B_004,SPLICE_SITES,1,acceptor,paired,-0.01171875,0.009765625,0.01171875,1.505606159191153e-08,1041580
CASE_T2B_004,SPLICE_SITES,2,donor,paired,-0.0078125,0.0078125,0.0078125,-3.236769732795075e-08,628789
CASE_T2B_004,SPLICE_SITES,3,acceptor,paired,-0.0078125,0.009765625,0.009765625,-2.0152307586562834e-08,846816
CASE_T2B_005_VARIANT_1,RNA_SEQ,0,CL:0000115 total RNA-seq,paired,-4.0,1.5,4.0,-8.657398480061904e-06,1043039
CASE_T2B_005_VARIANT_1,RNA_SEQ,1,CL:0002188 total RNA-seq,paired,-6.0,4.0,6.0,1.1421796790509858e-05,1042984
CASE_T2B_005_VARIANT_1,RNA_SEQ,2,CL:0002543 total RNA-seq,paired,-3.5,3.5,3.5,-7.167324934523062e-06,1041965
CASE_T2B_005_VARIANT_1,RNA_SEQ,3,CL:0002545 total RNA-seq,paired,-2.5,2.5,2.5,-4.163368310783518e-06,1041961
CASE_T2B_005_VARIANT_1,RNA_SEQ,4,CL:0002618 polyA plus RNA-seq,paired,-12.0,8.0,12.0,-7.65750944878695e-05,1043160
CASE_T2B_005_VARIANT_1,RNA_SEQ,5,CL:0002618 total RNA-seq,paired,-3.0,3.0,3.0,-1.4103526799087978e-05,1042873
CASE_T2B_005_VARIANT_1,RNA_SEQ,6,CL:1001568 total RNA-seq,paired,-5.0,5.0,5.0,-1.7686015186375425e-05,1042580
CASE_T2B_005_VARIANT_1,RNA_SEQ,7,CL:2000010 total RNA-seq,paired,-3.5,3.0,3.5,-5.8809062567475884e-08,1040083
CASE_T2B_005_VARIANT_1,RNA_SEQ,8,CL:2000011 total RNA-seq,paired,-4.0,4.0,4.0,-1.916745308853116e-05,1041967
CASE_T2B_005_VARIANT_1,RNA_SEQ,9,CL:2000016 total RNA-seq,paired,-3.0,3.5,3.5,1.4086205003618153e-05,1042037
CASE_T2B_005_VARIANT_1,RNA_SEQ,10,CL:2000018 total RNA-seq,paired,-6.0,5.0,6.0,-1.1532170274580972e-05,1042975
CASE_T2B_005_VARIANT_1,RNA_SEQ,11,CL:2000040 total RNA-seq,paired,-4.5,4.5,4.5,6.76539404868918e-06,1041809
CASE_T2B_005_VARIANT_1,RNA_SEQ,12,CL:2000041 total RNA-seq,paired,-4.0,4.0,4.0,3.184423407813578e-05,1041757
CASE_T2B_005_VARIANT_1,RNA_SEQ,13,CL:0000115 total RNA-seq,paired,-0.25,0.25,0.25,4.5914955849227224e-05,524281
CASE_T2B_005_VARIANT_1,RNA_SEQ,14,CL:0002188 total RNA-seq,paired,-0.625,0.75,0.75,6.575516930562878e-05,524280
CASE_T2B_005_VARIANT_1,RNA_SEQ,15,CL:0002543 total RNA-seq,paired,-0.5,0.5,0.5,2.4624304729825575e-05,499720
CASE_T2B_005_VARIANT_1,RNA_SEQ,16,CL:0002545 total RNA-seq,paired,-0.21875,0.34375,0.34375,1.7528574355926696e-05,524280
CASE_T2B_005_VARIANT_1,RNA_SEQ,17,CL:0002618 polyA plus RNA-seq,paired,-0.6875,0.6875,0.6875,-7.540455123065536e-06,481462
CASE_T2B_005_VARIANT_1,RNA_SEQ,18,CL:0002618 total RNA-seq,paired,-0.25,0.3125,0.3125,4.835770571354897e-06,524281
CASE_T2B_005_VARIANT_1,RNA_SEQ,19,CL:1001568 total RNA-seq,paired,-0.5,0.5625,0.5625,7.30102427431809e-05,524304
CASE_T2B_005_VARIANT_1,RNA_SEQ,20,CL:2000010 total RNA-seq,paired,-0.625,0.75,0.75,0.00016886198854507422,524280
CASE_T2B_005_VARIANT_1,RNA_SEQ,21,CL:2000011 total RNA-seq,paired,-0.625,0.875,0.875,0.00013894117786776615,524278
CASE_T2B_005_VARIANT_1,RNA_SEQ,22,CL:2000016 total RNA-seq,paired,-0.625,0.5625,0.625,9.531024622763836e-05,626447
CASE_T2B_005_VARIANT_1,RNA_SEQ,23,CL:2000018 total RNA-seq,paired,-0.4375,0.6875,0.6875,6.290296090872985e-05,524278
CASE_T2B_005_VARIANT_1,RNA_SEQ,24,CL:2000040 total RNA-seq,paired,-0.5,0.625,0.625,0.00012845965708183467,524289
CASE_T2B_005_VARIANT_1,RNA_SEQ,25,CL:2000041 total RNA-seq,paired,-0.625,0.625,0.625,0.0001262366445092866,497218
CASE_T2B_005_VARIANT_1,RNA_SEQ,26,CL:0002618 polyA plus RNA-seq,paired,-10.0,8.0,10.0,-6.591907727848591e-05,1043242
CASE_T2B_005_VARIANT_1,SPLICE_SITE_USAGE,0,usage_CL:0000115 total RNA-seq,paired,-0.005859375,0.00390625,0.005859375,-6.4696219213402685e-09,822798
CASE_T2B_005_VARIANT_1,SPLICE_SITE_USAGE,1,usage_CL:0002188 total RNA-seq,paired,-0.00390625,0.00390625,0.00390625,-1.772573666048837e-08,738663
CASE_T2B_005_VARIANT_1,SPLICE_SITE_USAGE,2,usage_CL:0002543 total RNA-seq,paired,-0.00390625,0.00390625,0.00390625,-3.0589801337799205e-08,894051
CASE_T2B_005_VARIANT_1,SPLICE_SITE_USAGE,3,usage_CL:0002545 total RNA-seq,paired,-0.00390625,0.00390625,0.00390625,-1.9851863160280647e-08,738663
CASE_T2B_005_VARIANT_1,SPLICE_SITE_USAGE,4,usage_CL:0002618 polyA plus RNA-seq,paired,-0.005859375,0.00390625,0.005859375,-3.096221103116026e-08,822798
CASE_T2B_005_VARIANT_1,SPLICE_SITE_USAGE,5,usage_CL:0002618 total RNA-seq,paired,-0.00390625,0.00390625,0.00390625,-2.785136415939249e-08,738663
CASE_T2B_005_VARIANT_1,SPLICE_SITE_USAGE,6,usage_CL:1001568 total RNA-seq,paired,-0.00390625,0.00390625,0.00390625,-2.449906946026272e-08,730785
CASE_T2B_005_VARIANT_1,SPLICE_SITE_USAGE,7,usage_CL:2000010 total RNA-seq,paired,-0.005859375,0.00390625,0.005859375,-3.735707288128609e-08,822798
CASE_T2B_005_VARIANT_1,SPLICE_SITE_USAGE,8,usage_CL:2000011 total RNA-seq,paired,-0.00390625,0.00390625,0.00390625,-2.2910165098068364e-08,820256
CASE_T2B_005_VARIANT_1,SPLICE_SITE_USAGE,9,usage_CL:2000016 total RNA-seq,paired,-0.00390625,0.00390625,0.00390625,-1.133240172505206e-08,737883
CASE_T2B_005_VARIANT_1,SPLICE_SITE_USAGE,10,usage_CL:2000018 total RNA-seq,paired,-0.005859375,0.00390625,0.005859375,-1.0796559271608608e-08,822798
CASE_T2B_005_VARIANT_1,SPLICE_SITE_USAGE,11,usage_CL:2000040 total RNA-seq,paired,-0.005859375,0.00390625,0.005859375,-4.339763107208405e-08,822798
CASE_T2B_005_VARIANT_1,SPLICE_SITE_USAGE,12,usage_CL:2000041 total RNA-seq,paired,-0.005859375,0.00390625,0.005859375,-1.9083951738330107e-08,822798
CASE_T2B_005_VARIANT_1,SPLICE_SITE_USAGE,13,usage_CL:0000115 total RNA-seq,paired,-0.0078125,0.005859375,0.0078125,3.384903830675913e-09,68819
CASE_T2B_005_VARIANT_1,SPLICE_SITE_USAGE,14,usage_CL:0002188 total RNA-seq,paired,-0.0078125,0.0048828125,0.0078125,1.680655193218955e-08,68819
CASE_T2B_005_VARIANT_1,SPLICE_SITE_USAGE,15,usage_CL:0002543 total RNA-seq,paired,-0.0078125,0.0078125,0.0078125,-3.4233955506994174e-09,68819
CASE_T2B_005_VARIANT_1,SPLICE_SITE_USAGE,16,usage_CL:0002545 total RNA-seq,paired,-0.00390625,0.005859375,0.005859375,6.5500414876165445e-09,335686
CASE_T2B_005_VARIANT_1,SPLICE_SITE_USAGE,17,usage_CL:0002618 polyA plus RNA-seq,paired,-0.0078125,0.0078125,0.0078125,-6.570760719084269e-09,244650
CASE_T2B_005_VARIANT_1,SPLICE_SITE_USAGE,18,usage_CL:0002618 total RNA-seq,paired,-0.0078125,0.005859375,0.0078125,-2.339317943036769e-08,577693
CASE_T2B_005_VARIANT_1,SPLICE_SITE_USAGE,19,usage_CL:1001568 total RNA-seq,paired,-0.0078125,0.005859375,0.0078125,-5.911410177710805e-09,359294
CASE_T2B_005_VARIANT_1,SPLICE_SITE_USAGE,20,usage_CL:2000010 total RNA-seq,paired,-0.00390625,0.005859375,0.005859375,2.0717705545250596e-08,948797
CASE_T2B_005_VARIANT_1,SPLICE_SITE_USAGE,21,usage_CL:2000011 total RNA-seq,paired,-0.00390625,0.0068359375,0.0068359375,-1.8958038329598078e-08,948797
CASE_T2B_005_VARIANT_1,SPLICE_SITE_USAGE,22,usage_CL:2000016 total RNA-seq,paired,-0.0078125,0.0068359375,0.0078125,1.4086626448553053e-08,577693
CASE_T2B_005_VARIANT_1,SPLICE_SITE_USAGE,23,usage_CL:2000018 total RNA-seq,paired,-0.00390625,0.0078125,0.0078125,-9.696584686233467e-09,83206
CASE_T2B_005_VARIANT_1,SPLICE_SITE_USAGE,24,usage_CL:2000040 total RNA-seq,paired,-0.00390625,0.005859375,0.005859375,7.071827019944959e-09,948797
CASE_T2B_005_VARIANT_1,SPLICE_SITE_USAGE,25,usage_CL:2000041 total RNA-seq,paired,-0.0078125,0.0078125,0.0078125,2.0136366864121433e-08,335686
CASE_T2B_005_VARIANT_1,SPLICE_JUNCTIONS,0,junction_CL:0000115 total RNA-seq,paired,-0.019711971282958984,0.021991729736328125,0.021991729736328125,4.027004267721758e-06,32
CASE_T2B_005_VARIANT_1,SPLICE_JUNCTIONS,1,junction_CL:0002188 total RNA-seq,paired,-0.029982566833496094,0.031183719635009766,0.031183719635009766,1.1675604810216011e-05,4337
CASE_T2B_005_VARIANT_1,SPLICE_JUNCTIONS,2,junction_CL:0002543 total RNA-seq,paired,-0.040157318115234375,0.035350799560546875,0.040157318115234375,6.490553832876258e-05,11612
CASE_T2B_005_VARIANT_1,SPLICE_JUNCTIONS,3,junction_CL:0002545 total RNA-seq,paired,-0.02736186981201172,0.030821800231933594,0.030821800231933594,2.783240263396579e-05,4337
CASE_T2B_005_VARIANT_1,SPLICE_JUNCTIONS,4,junction_CL:0002618 polyA plus RNA-seq,paired,-0.027828216552734375,0.029036998748779297,0.029036998748779297,2.5267505231159467e-05,4337
CASE_T2B_005_VARIANT_1,SPLICE_JUNCTIONS,5,junction_CL:0002618 total RNA-seq,paired,-0.024986743927001953,0.029612064361572266,0.029612064361572266,1.311087549012553e-05,4337
CASE_T2B_005_VARIANT_1,SPLICE_JUNCTIONS,6,junction_CL:1001568 total RNA-seq,paired,-0.036658287048339844,0.03455352783203125,0.036658287048339844,3.211734376907062e-05,13179
CASE_T2B_005_VARIANT_1,SPLICE_JUNCTIONS,7,junction_CL:2000010 total RNA-seq,paired,-0.03099346160888672,0.04317116737365723,0.04317116737365723,9.486147382747201e-05,4050
CASE_T2B_005_VARIANT_1,SPLICE_JUNCTIONS,8,junction_CL:2000011 total RNA-seq,paired,-0.03246307373046875,0.041192054748535156,0.041192054748535156,9.328229113666501e-05,1590
CASE_T2B_005_VARIANT_1,SPLICE_JUNCTIONS,9,junction_CL:2000016 total RNA-seq,paired,-0.029424667358398438,0.04354047775268555,0.04354047775268555,0.0001060032225809426,4050
CASE_T2B_005_VARIANT_1,SPLICE_JUNCTIONS,10,junction_CL:2000018 total RNA-seq,paired,-0.03866291046142578,0.03479766845703125,0.03866291046142578,3.089366554976525e-05,13179
CASE_T2B_005_VARIANT_1,SPLICE_JUNCTIONS,11,junction_CL:2000040 total RNA-seq,paired,-0.0323944091796875,0.03919219970703125,0.03919219970703125,7.532025880406271e-05,4337
CASE_T2B_005_VARIANT_1,SPLICE_JUNCTIONS,12,junction_CL:2000041 total RNA-seq,paired,-0.03119659423828125,0.03844165802001953,0.03844165802001953,9.999613839349184e-05,4050
CASE_T2B_005_VARIANT_1,DNASE,0,CL:0000115 DNase-seq,paired,-0.25,0.625,0.625,-2.2245269803988776e-06,1043271
CASE_T2B_005_VARIANT_1,DNASE,1,CL:0002618 DNase-seq,paired,-0.5,0.5,0.5,-1.1546681992125887e-05,842010
CASE_T2B_005_VARIANT_1,DNASE,2,CL:1000892 DNase-seq,paired,-0.0625,0.03125,0.0625,-1.6038119099448522e-06,976037
CASE_T2B_005_VARIANT_1,DNASE,3,CL:1001568 DNase-seq,paired,-0.15625,0.1875,0.1875,-4.304482914350982e-06,841578
CASE_T2B_005_VARIANT_1,DNASE,4,CL:2000010 DNase-seq,paired,-1.0,0.75,1.0,-4.992913226078013e-06,1043277
CASE_T2B_005_VARIANT_1,DNASE,5,CL:2000016 DNase-seq,paired,-1.25,0.5,1.25,-6.241301658604925e-06,976270
CASE_T2B_005_VARIANT_1,DNASE,6,CL:2000041 DNase-seq,paired,-0.75,0.5,0.75,-1.3146776497161721e-05,1043277
CASE_T2B_005_VARIANT_1,DNASE,7,CL:2000044 DNase-seq,paired,-0.5,0.75,0.75,-6.318293879896929e-06,1039718
CASE_T2B_005_VARIANT_1,CHIP_TF,0,CL:0000115 TF ChIP-seq CTCF,paired,-16.0,32.0,32.0,0.00157928466796875,8151
CASE_T2B_005_VARIANT_1,CHIP_TF,1,CL:0002618 TF ChIP-seq CTCF,paired,-48.0,96.0,96.0,0.011249542236328125,4246
CASE_T2B_005_VARIANT_1,CHIP_TF,2,CL:0002618 TF ChIP-seq FOS,paired,-12.0,40.0,40.0,0.01004791259765625,6136
CASE_T2B_005_VARIANT_1,CHIP_TF,3,CL:0002618 TF ChIP-seq GATA2,paired,-12.0,8.0,12.0,-0.001537322998046875,5258
CASE_T2B_005_VARIANT_1,CHIP_TF,4,CL:0002618 TF ChIP-seq JUN,paired,-8.0,8.0,8.0,-0.002254486083984375,4858
CASE_T2B_005_VARIANT_1,CHIP_TF,5,CL:0002618 TF ChIP-seq MAX,paired,-8.0,8.0,8.0,-0.005352020263671875,8129
CASE_T2B_005_VARIANT_1,CHIP_TF,6,CL:0002618 TF ChIP-seq MYC,paired,-24.0,48.0,48.0,-0.000152587890625,8121
CASE_T2B_005_VARIANT_1,CHIP_TF,7,CL:0002618 TF ChIP-seq POLR2A,paired,-24.0,24.0,24.0,-0.005614638328552246,8126
CASE_T2B_005_VARIANT_1,CHIP_TF,8,CL:0002618 TF ChIP-seq POLR2AphosphoS5,paired,-48.0,64.0,64.0,0.0026092529296875,5356
CASE_T2B_005_VARIANT_1,CHIP_TF,9,CL:2000044 TF ChIP-seq CTCF,paired,-64.0,16.0,64.0,-0.025630950927734375,4260
CASE_T2B_005_VARIANT_1,CAGE,0,hCAGE CL:0002138,paired,-4.0,96.0,96.0,0.00017605829074074375,1039772
CASE_T2B_005_VARIANT_1,CAGE,1,hCAGE CL:0002144,paired,-6.0,96.0,96.0,0.0002786544193800755,1039772
CASE_T2B_005_VARIANT_1,CAGE,2,hCAGE CL:0002188,paired,-8.0,64.0,64.0,0.00023617641887613283,1039766
CASE_T2B_005_VARIANT_1,CAGE,3,hCAGE CL:0002543,paired,-16.0,96.0,96.0,0.000176635451837992,1039766
CASE_T2B_005_VARIANT_1,CAGE,4,hCAGE CL:0002544,paired,-4.0,16.0,16.0,0.00010659888598385514,705650
CASE_T2B_005_VARIANT_1,CAGE,5,hCAGE CL:0002545,paired,-8.0,128.0,128.0,0.0003340180001881743,1039771
CASE_T2B_005_VARIANT_1,CAGE,6,hCAGE CL:0002588,paired,-12.0,96.0,96.0,0.00015488499032803582,1039766
CASE_T2B_005_VARIANT_1,CAGE,7,hCAGE CL:0002618,paired,-8.0,128.0,128.0,0.00045764721059000923,1039768
CASE_T2B_005_VARIANT_1,CAGE,8,hCAGE CL:1000413,paired,-128.0,256.0,256.0,0.000207972070146889,1039771
CASE_T2B_005_VARIANT_1,CAGE,9,hCAGE CL:0002138,paired,-16.0,20.0,20.0,-6.793231942159306e-05,847327
CASE_T2B_005_VARIANT_1,CAGE,10,hCAGE CL:0002144,paired,-16.0,12.0,16.0,-8.854561913035353e-05,629794
CASE_T2B_005_VARIANT_1,CAGE,11,hCAGE CL:0002188,paired,-8.0,12.0,12.0,-5.913223929110423e-05,847327
CASE_T2B_005_VARIANT_1,CAGE,12,hCAGE CL:0002543,paired,-6.0,4.0,6.0,-7.81683392014898e-05,998501
CASE_T2B_005_VARIANT_1,CAGE,13,hCAGE CL:0002544,paired,-6.0,4.0,6.0,-6.527253470511862e-05,975930
CASE_T2B_005_VARIANT_1,CAGE,14,hCAGE CL:0002545,paired,-8.0,12.0,12.0,-0.00011615092243033587,998517
CASE_T2B_005_VARIANT_1,CAGE,15,hCAGE CL:0002588,paired,-12.0,6.0,12.0,-0.00011273880127216085,998499
CASE_T2B_005_VARIANT_1,CAGE,16,hCAGE CL:0002618,paired,-8.0,10.0,10.0,-4.3795109390731835e-05,629835
CASE_T2B_005_VARIANT_1,CAGE,17,hCAGE CL:1000413,paired,-12.0,4.0,12.0,-9.593351241576897e-05,629794
CASE_T2B_005_VARIANT_1,PROCAP,0,ENCSR801ECP,paired,-24.0,48.0,48.0,5.250870357614845e-05,1039768
CASE_T2B_005_VARIANT_1,PROCAP,1,ENCSR801ECP,paired,-4.0,6.0,6.0,3.939409453590503e-06,975927
CASE_T2B_005_VARIANT_1,CHIP_HISTONE,0,CL:0002618 Histone ChIP-seq H2AFZ,paired,-12.0,12.0,12.0,-0.012941360473632812,7477
CASE_T2B_005_VARIANT_1,CHIP_HISTONE,1,CL:0002618 Histone ChIP-seq H3K27ac,paired,-48.0,32.0,48.0,-0.06482887268066406,5256
CASE_T2B_005_VARIANT_1,CHIP_HISTONE,2,CL:0002618 Histone ChIP-seq H3K27me3,paired,-4.0,4.0,4.0,-0.0017786026000976562,3523
CASE_T2B_005_VARIANT_1,CHIP_HISTONE,3,CL:0002618 Histone ChIP-seq H3K36me3,paired,-12.0,12.0,12.0,0.028644561767578125,4096
CASE_T2B_005_VARIANT_1,CHIP_HISTONE,4,CL:0002618 Histone ChIP-seq H3K4me1,paired,-16.0,16.0,16.0,-0.0186920166015625,5054
CASE_T2B_005_VARIANT_1,CHIP_HISTONE,5,CL:0002618 Histone ChIP-seq H3K4me2,paired,-48.0,24.0,48.0,-0.014630794525146484,7810
CASE_T2B_005_VARIANT_1,CHIP_HISTONE,6,CL:0002618 Histone ChIP-seq H3K4me3,paired,-80.0,32.0,80.0,-0.001678466796875,5515
CASE_T2B_005_VARIANT_1,CHIP_HISTONE,7,CL:0002618 Histone ChIP-seq H3K79me2,paired,-32.0,32.0,32.0,0.007902145385742188,6598
CASE_T2B_005_VARIANT_1,CHIP_HISTONE,8,CL:0002618 Histone ChIP-seq H3K9ac,paired,-48.0,64.0,64.0,0.003292083740234375,6572
CASE_T2B_005_VARIANT_1,CHIP_HISTONE,9,CL:2000044 Histone ChIP-seq H3K27ac,paired,-32.0,32.0,32.0,-0.0003414154052734375,6570
CASE_T2B_005_VARIANT_1,CHIP_HISTONE,10,CL:2000044 Histone ChIP-seq H3K36me3,paired,-8.0,4.0,8.0,-0.013140678405761719,8154
CASE_T2B_005_VARIANT_1,CHIP_HISTONE,11,CL:2000044 Histone ChIP-seq H3K4me3,paired,-96.0,320.0,320.0,0.07979965209960938,5514
CASE_T2B_005_VARIANT_1,SPLICE_SITES,0,donor,paired,-0.0078125,0.0078125,0.0078125,-1.912963505483478e-08,17459
CASE_T2B_005_VARIANT_1,SPLICE_SITES,1,acceptor,paired,-0.025390625,0.009765625,0.025390625,-2.9042582151694862e-08,1043353
CASE_T2B_005_VARIANT_1,SPLICE_SITES,2,donor,paired,-0.0078125,0.0078125,0.0078125,1.2161988388603717e-08,450084
CASE_T2B_005_VARIANT_1,SPLICE_SITES,3,acceptor,paired,-0.01171875,0.0078125,0.01171875,6.368038804605014e-09,539130
CASE_T2B_005_VARIANT_2_BENIGN,RNA_SEQ,0,CL:0000115 total RNA-seq,paired,-0.15625,0.15625,0.15625,-8.922569906838484e-06,773543
CASE_T2B_005_VARIANT_2_BENIGN,RNA_SEQ,1,CL:0002188 total RNA-seq,paired,-0.625,0.625,0.625,-2.389961966868401e-05,773614
CASE_T2B_005_VARIANT_2_BENIGN,RNA_SEQ,2,CL:0002543 total RNA-seq,paired,-0.375,0.375,0.375,-2.2548835311931442e-05,780738
CASE_T2B_005_VARIANT_2_BENIGN,RNA_SEQ,3,CL:0002545 total RNA-seq,paired,-0.21875,0.1875,0.21875,-1.741216435657833e-05,781524
CASE_T2B_005_VARIANT_2_BENIGN,RNA_SEQ,4,CL:0002618 polyA plus RNA-seq,paired,-0.75,0.75,0.75,-1.7112139322541298e-05,784286
CASE_T2B_005_VARIANT_2_BENIGN,RNA_SEQ,5,CL:0002618 total RNA-seq,paired,-0.3125,0.3125,0.3125,-1.6437838005579214e-05,783360
CASE_T2B_005_VARIANT_2_BENIGN,RNA_SEQ,6,CL:1001568 total RNA-seq,paired,-0.625,0.625,0.625,-1.7599251772029527e-05,783349
CASE_T2B_005_VARIANT_2_BENIGN,RNA_SEQ,7,CL:2000010 total RNA-seq,paired,-0.5,0.5,0.5,-2.504400770453265e-05,773514
CASE_T2B_005_VARIANT_2_BENIGN,RNA_SEQ,8,CL:2000011 total RNA-seq,paired,-0.5,0.5,0.5,-1.9250860047037664e-05,773513
CASE_T2B_005_VARIANT_2_BENIGN,RNA_SEQ,9,CL:2000016 total RNA-seq,paired,-0.4375,0.3125,0.4375,-1.5966566139917352e-05,783611
CASE_T2B_005_VARIANT_2_BENIGN,RNA_SEQ,10,CL:2000018 total RNA-seq,paired,-0.4375,0.3125,0.4375,-1.8517696150532198e-05,773533
CASE_T2B_005_VARIANT_2_BENIGN,RNA_SEQ,11,CL:2000040 total RNA-seq,paired,-0.5,0.5,0.5,-1.925621212051185e-05,783574
CASE_T2B_005_VARIANT_2_BENIGN,RNA_SEQ,12,CL:2000041 total RNA-seq,paired,-0.5,0.5,0.5,-1.3672567863855169e-05,773519
CASE_T2B_005_VARIANT_2_BENIGN,RNA_SEQ,13,CL:0000115 total RNA-seq,paired,-0.1875,0.1875,0.1875,-7.443343960902848e-05,542162
CASE_T2B_005_VARIANT_2_BENIGN,RNA_SEQ,14,CL:0002188 total RNA-seq,paired,-0.625,0.625,0.625,-0.0001873626174180177,566597
CASE_T2B_005_VARIANT_2_BENIGN,RNA_SEQ,15,CL:0002543 total RNA-seq,paired,-0.5,0.5,0.5,-0.0001897539083418609,542222
CASE_T2B_005_VARIANT_2_BENIGN,RNA_SEQ,16,CL:0002545 total RNA-seq,paired,-0.21875,0.21875,0.21875,-0.00015549310651927217,542145
CASE_T2B_005_VARIANT_2_BENIGN,RNA_SEQ,17,CL:0002618 polyA plus RNA-seq,paired,-0.6875,0.6875,0.6875,-0.00015384710148418627,497280
CASE_T2B_005_VARIANT_2_BENIGN,RNA_SEQ,18,CL:0002618 total RNA-seq,paired,-0.1875,0.1875,0.1875,-0.00017915148199101547,497009
CASE_T2B_005_VARIANT_2_BENIGN,RNA_SEQ,19,CL:1001568 total RNA-seq,paired,-0.5,0.5,0.5,-0.00014789088029689042,539929
CASE_T2B_005_VARIANT_2_BENIGN,RNA_SEQ,20,CL:2000010 total RNA-seq,paired,-0.625,0.625,0.625,-0.00023237247385125316,542187
CASE_T2B_005_VARIANT_2_BENIGN,RNA_SEQ,21,CL:2000011 total RNA-seq,paired,-0.625,0.625,0.625,-0.0001460709278557487,542044
CASE_T2B_005_VARIANT_2_BENIGN,RNA_SEQ,22,CL:2000016 total RNA-seq,paired,-0.625,0.4375,0.625,-0.00010681315245210637,658464
CASE_T2B_005_VARIANT_2_BENIGN,RNA_SEQ,23,CL:2000018 total RNA-seq,paired,-0.4375,0.4375,0.4375,-0.00017381458428299135,515650
CASE_T2B_005_VARIANT_2_BENIGN,RNA_SEQ,24,CL:2000040 total RNA-seq,paired,-0.5,0.5,0.5,-0.00019573404038818708,524273
CASE_T2B_005_VARIANT_2_BENIGN,RNA_SEQ,25,CL:2000041 total RNA-seq,paired,-0.625,0.625,0.625,-0.00012789379255993567,542069
CASE_T2B_005_VARIANT_2_BENIGN,RNA_SEQ,26,CL:0002618 polyA plus RNA-seq,paired,-0.75,0.75,0.75,-0.00016183968496725522,783601
CASE_T2B_005_VARIANT_2_BENIGN,SPLICE_SITE_USAGE,0,usage_CL:0000115 total RNA-seq,paired,-0.00390625,0.00390625,0.00390625,1.4237195838928685e-08,860448
CASE_T2B_005_VARIANT_2_BENIGN,SPLICE_SITE_USAGE,1,usage_CL:0002188 total RNA-seq,paired,-0.00390625,0.00390625,0.00390625,1.1494742407913705e-08,864339
CASE_T2B_005_VARIANT_2_BENIGN,SPLICE_SITE_USAGE,2,usage_CL:0002543 total RNA-seq,paired,-0.00390625,0.00390625,0.00390625,1.68984293225094e-09,784276
CASE_T2B_005_VARIANT_2_BENIGN,SPLICE_SITE_USAGE,3,usage_CL:0002545 total RNA-seq,paired,-0.00390625,0.00390625,0.00390625,1.8708100069098066e-08,783560
CASE_T2B_005_VARIANT_2_BENIGN,SPLICE_SITE_USAGE,4,usage_CL:0002618 polyA plus RNA-seq,paired,-0.00390625,0.00390625,0.00390625,2.4235654483284463e-08,42278
CASE_T2B_005_VARIANT_2_BENIGN,SPLICE_SITE_USAGE,5,usage_CL:0002618 total RNA-seq,paired,-0.00390625,0.00390625,0.00390625,3.2626893964327053e-09,781496
CASE_T2B_005_VARIANT_2_BENIGN,SPLICE_SITE_USAGE,6,usage_CL:1001568 total RNA-seq,paired,-0.00390625,0.00390625,0.00390625,1.7629486315229315e-08,864339
CASE_T2B_005_VARIANT_2_BENIGN,SPLICE_SITE_USAGE,7,usage_CL:2000010 total RNA-seq,paired,-0.00390625,0.00390625,0.00390625,2.0720098137250176e-08,864339
CASE_T2B_005_VARIANT_2_BENIGN,SPLICE_SITE_USAGE,8,usage_CL:2000011 total RNA-seq,paired,-0.00390625,0.00390625,0.00390625,1.9982401289198037e-09,863953
CASE_T2B_005_VARIANT_2_BENIGN,SPLICE_SITE_USAGE,9,usage_CL:2000016 total RNA-seq,paired,-0.00390625,0.00390625,0.00390625,6.267416613470189e-09,867077
CASE_T2B_005_VARIANT_2_BENIGN,SPLICE_SITE_USAGE,10,usage_CL:2000018 total RNA-seq,paired,-0.00390625,0.00390625,0.00390625,2.3332056564573378e-08,42278
CASE_T2B_005_VARIANT_2_BENIGN,SPLICE_SITE_USAGE,11,usage_CL:2000040 total RNA-seq,paired,-0.00390625,0.00390625,0.00390625,1.7384349404458987e-08,781570
CASE_T2B_005_VARIANT_2_BENIGN,SPLICE_SITE_USAGE,12,usage_CL:2000041 total RNA-seq,paired,-0.00390625,0.00390625,0.00390625,2.5685117310825234e-08,42278
CASE_T2B_005_VARIANT_2_BENIGN,SPLICE_SITE_USAGE,13,usage_CL:0000115 total RNA-seq,paired,-0.005859375,0.0078125,0.0078125,3.664609931133822e-08,592535
CASE_T2B_005_VARIANT_2_BENIGN,SPLICE_SITE_USAGE,14,usage_CL:0002188 total RNA-seq,paired,-0.005859375,0.0078125,0.0078125,1.0517068729787304e-08,111652
CASE_T2B_005_VARIANT_2_BENIGN,SPLICE_SITE_USAGE,15,usage_CL:0002543 total RNA-seq,paired,-0.0078125,0.0078125,0.0078125,-3.649861207710714e-08,375853
CASE_T2B_005_VARIANT_2_BENIGN,SPLICE_SITE_USAGE,16,usage_CL:0002545 total RNA-seq,paired,-0.0078125,0.0078125,0.0078125,-2.232665020918123e-08,378573
CASE_T2B_005_VARIANT_2_BENIGN,SPLICE_SITE_USAGE,17,usage_CL:0002618 polyA plus RNA-seq,paired,-0.0078125,0.0078125,0.0078125,3.252611625176316e-08,111652
CASE_T2B_005_VARIANT_2_BENIGN,SPLICE_SITE_USAGE,18,usage_CL:0002618 total RNA-seq,paired,-0.0078125,0.0078125,0.0078125,-5.620473822465222e-09,111652
CASE_T2B_005_VARIANT_2_BENIGN,SPLICE_SITE_USAGE,19,usage_CL:1001568 total RNA-seq,paired,-0.0078125,0.0078125,0.0078125,-8.337362231158885e-09,292401
CASE_T2B_005_VARIANT_2_BENIGN,SPLICE_SITE_USAGE,20,usage_CL:2000010 total RNA-seq,paired,-0.005859375,0.0078125,0.0078125,5.099434027822092e-09,592535
CASE_T2B_005_VARIANT_2_BENIGN,SPLICE_SITE_USAGE,21,usage_CL:2000011 total RNA-seq,paired,-0.00390625,0.0078125,0.0078125,3.495624653626628e-08,592535
CASE_T2B_005_VARIANT_2_BENIGN,SPLICE_SITE_USAGE,22,usage_CL:2000016 total RNA-seq,paired,-0.0078125,0.0078125,0.0078125,-3.2619853485016392e-09,902639
CASE_T2B_005_VARIANT_2_BENIGN,SPLICE_SITE_USAGE,23,usage_CL:2000018 total RNA-seq,paired,-0.005859375,0.0078125,0.0078125,3.395407361522773e-08,902639
CASE_T2B_005_VARIANT_2_BENIGN,SPLICE_SITE_USAGE,24,usage_CL:2000040 total RNA-seq,paired,-0.0078125,0.00390625,0.0078125,6.233661226096032e-10,292401
CASE_T2B_005_VARIANT_2_BENIGN,SPLICE_SITE_USAGE,25,usage_CL:2000041 total RNA-seq,paired,-0.0078125,0.0078125,0.0078125,-1.4018327221254623e-08,902639
CASE_T2B_005_VARIANT_2_BENIGN,SPLICE_JUNCTIONS,0,junction_CL:0000115 total RNA-seq,paired,-0.028924226760864258,0.015135765075683594,0.028924226760864258,-2.266016843855883e-05,45
CASE_T2B_005_VARIANT_2_BENIGN,SPLICE_JUNCTIONS,1,junction_CL:0002188 total RNA-seq,paired,-0.05104660987854004,0.020586490631103516,0.05104660987854004,-4.511987701965343e-05,45
CASE_T2B_005_VARIANT_2_BENIGN,SPLICE_JUNCTIONS,2,junction_CL:0002543 total RNA-seq,paired,-0.054282188415527344,0.0243682861328125,0.054282188415527344,-9.476713780831056e-05,45
CASE_T2B_005_VARIANT_2_BENIGN,SPLICE_JUNCTIONS,3,junction_CL:0002545 total RNA-seq,paired,-0.05377483367919922,0.029908180236816406,0.05377483367919922,-5.7331752185895964e-05,45
CASE_T2B_005_VARIANT_2_BENIGN,SPLICE_JUNCTIONS,4,junction_CL:0002618 polyA plus RNA-seq,paired,-0.04752993583679199,0.02506113052368164,0.04752993583679199,-3.771703103986573e-05,45
CASE_T2B_005_VARIANT_2_BENIGN,SPLICE_JUNCTIONS,5,junction_CL:0002618 total RNA-seq,paired,-0.042551517486572266,0.022099971771240234,0.042551517486572266,-4.757018751518527e-05,45
CASE_T2B_005_VARIANT_2_BENIGN,SPLICE_JUNCTIONS,6,junction_CL:1001568 total RNA-seq,paired,-0.054621219635009766,0.030920028686523438,0.054621219635009766,-7.457114341712861e-05,45
CASE_T2B_005_VARIANT_2_BENIGN,SPLICE_JUNCTIONS,7,junction_CL:2000010 total RNA-seq,paired,-0.05515432357788086,0.03101027011871338,0.05515432357788086,-8.978392098774652e-05,45
CASE_T2B_005_VARIANT_2_BENIGN,SPLICE_JUNCTIONS,8,junction_CL:2000011 total RNA-seq,paired,-0.056874752044677734,0.03619670867919922,0.056874752044677734,-0.00010263958808616928,45
CASE_T2B_005_VARIANT_2_BENIGN,SPLICE_JUNCTIONS,9,junction_CL:2000016 total RNA-seq,paired,-0.06338119506835938,0.033679962158203125,0.06338119506835938,-0.00011470102082269852,45
CASE_T2B_005_VARIANT_2_BENIGN,SPLICE_JUNCTIONS,10,junction_CL:2000018 total RNA-seq,paired,-0.05134415626525879,0.026330947875976562,0.05134415626525879,-5.599026530206296e-05,45
CASE_T2B_005_VARIANT_2_BENIGN,SPLICE_JUNCTIONS,11,junction_CL:2000040 total RNA-seq,paired,-0.05622291564941406,0.03240966796875,0.05622291564941406,-7.901088692108926e-05,45
CASE_T2B_005_VARIANT_2_BENIGN,SPLICE_JUNCTIONS,12,junction_CL:2000041 total RNA-seq,paired,-0.06052589416503906,0.032874107360839844,0.06052589416503906,-0.00011141106303798185,5513
CASE_T2B_005_VARIANT_2_BENIGN,DNASE,0,CL:0000115 DNase-seq,paired,-0.4375,0.375,0.4375,-4.367720062958824e-06,1042027
CASE_T2B_005_VARIANT_2_BENIGN,DNASE,1,CL:0002618 DNase-seq,paired,-0.375,0.25,0.375,-1.5951576089819156e-05,1041483
CASE_T2B_005_VARIANT_2_BENIGN,DNASE,2,CL:1000892 DNase-seq,paired,-0.046875,0.0625,0.0625,-1.0414365760880173e-05,871553
CASE_T2B_005_VARIANT_2_BENIGN,DNASE,3,CL:1001568 DNase-seq,paired,-0.25,0.25,0.25,-1.6733583007399014e-05,716092
CASE_T2B_005_VARIANT_2_BENIGN,DNASE,4,CL:2000010 DNase-seq,paired,-0.5,0.5,0.5,-2.3267442777360742e-05,664903
CASE_T2B_005_VARIANT_2_BENIGN,DNASE,5,CL:2000016 DNase-seq,paired,-0.625,0.625,0.625,-1.4297872866109174e-05,764262
CASE_T2B_005_VARIANT_2_BENIGN,DNASE,6,CL:2000041 DNase-seq,paired,-0.5,0.75,0.75,-1.5518052219627442e-05,293563
CASE_T2B_005_VARIANT_2_BENIGN,DNASE,7,CL:2000044 DNase-seq,paired,-0.25,0.75,0.75,3.69359274962882e-06,1018792
CASE_T2B_005_VARIANT_2_BENIGN,CHIP_TF,0,CL:0000115 TF ChIP-seq CTCF,paired,-16.0,4.0,16.0,0.004550933837890625,4017
CASE_T2B_005_VARIANT_2_BENIGN,CHIP_TF,1,CL:0002618 TF ChIP-seq CTCF,paired,-16.0,64.0,64.0,-0.00131988525390625,4775
CASE_T2B_005_VARIANT_2_BENIGN,CHIP_TF,2,CL:0002618 TF ChIP-seq FOS,paired,-12.0,32.0,32.0,-0.00530242919921875,7195
CASE_T2B_005_VARIANT_2_BENIGN,CHIP_TF,3,CL:0002618 TF ChIP-seq GATA2,paired,-32.0,40.0,40.0,-0.0049800872802734375,5594
CASE_T2B_005_VARIANT_2_BENIGN,CHIP_TF,4,CL:0002618 TF ChIP-seq JUN,paired,-4.0,12.0,12.0,-0.00165557861328125,5192
CASE_T2B_005_VARIANT_2_BENIGN,CHIP_TF,5,CL:0002618 TF ChIP-seq MAX,paired,-8.0,16.0,16.0,0.0007953643798828125,4869
CASE_T2B_005_VARIANT_2_BENIGN,CHIP_TF,6,CL:0002618 TF ChIP-seq MYC,paired,-24.0,24.0,24.0,-0.017776012420654297,4580
CASE_T2B_005_VARIANT_2_BENIGN,CHIP_TF,7,CL:0002618 TF ChIP-seq POLR2A,paired,-6.0,12.0,12.0,-0.03716278076171875,5228
CASE_T2B_005_VARIANT_2_BENIGN,CHIP_TF,8,CL:0002618 TF ChIP-seq POLR2AphosphoS5,paired,-16.0,8.0,16.0,-0.09738540649414062,5256
CASE_T2B_005_VARIANT_2_BENIGN,CHIP_TF,9,CL:2000044 TF ChIP-seq CTCF,paired,-160.0,320.0,320.0,0.00310516357421875,5812
CASE_T2B_005_VARIANT_2_BENIGN,CAGE,0,hCAGE CL:0002138,paired,-6.0,12.0,12.0,-3.141526140693074e-05,932252
CASE_T2B_005_VARIANT_2_BENIGN,CAGE,1,hCAGE CL:0002144,paired,-6.0,20.0,20.0,-5.533999422957514e-05,748488
CASE_T2B_005_VARIANT_2_BENIGN,CAGE,2,hCAGE CL:0002188,paired,-16.0,8.0,16.0,-5.913030729465252e-05,748482
CASE_T2B_005_VARIANT_2_BENIGN,CAGE,3,hCAGE CL:0002543,paired,-6.0,4.0,6.0,-6.690274730480894e-05,748419
CASE_T2B_005_VARIANT_2_BENIGN,CAGE,4,hCAGE CL:0002544,paired,-32.0,8.0,32.0,-0.0001018832901125144,748482
CASE_T2B_005_VARIANT_2_BENIGN,CAGE,5,hCAGE CL:0002545,paired,-16.0,8.0,16.0,-7.710851824338505e-05,748482
CASE_T2B_005_VARIANT_2_BENIGN,CAGE,6,hCAGE CL:0002588,paired,-12.0,8.0,12.0,-4.443536434786677e-05,748482
CASE_T2B_005_VARIANT_2_BENIGN,CAGE,7,hCAGE CL:0002618,paired,-10.0,8.0,10.0,-5.9255489342102674e-05,748459
CASE_T2B_005_VARIANT_2_BENIGN,CAGE,8,hCAGE CL:1000413,paired,-16.0,20.0,20.0,-5.8535494387390585e-05,748488
CASE_T2B_005_VARIANT_2_BENIGN,CAGE,9,hCAGE CL:0002138,paired,-16.0,12.0,16.0,-6.242983910242916e-05,1041346
CASE_T2B_005_VARIANT_2_BENIGN,CAGE,10,hCAGE CL:0002144,paired,-16.0,4.0,16.0,-2.7154998426537347e-06,1041344
CASE_T2B_005_VARIANT_2_BENIGN,CAGE,11,hCAGE CL:0002188,paired,-16.0,12.0,16.0,-1.5145662686455452e-05,672667
CASE_T2B_005_VARIANT_2_BENIGN,CAGE,12,hCAGE CL:0002543,paired,-16.0,12.0,16.0,-2.7252065734728603e-05,672667
CASE_T2B_005_VARIANT_2_BENIGN,CAGE,13,hCAGE CL:0002544,paired,-20.0,12.0,20.0,-5.392092243439173e-05,672667
CASE_T2B_005_VARIANT_2_BENIGN,CAGE,14,hCAGE CL:0002545,paired,-16.0,16.0,16.0,-4.4253018197437655e-05,672668
CASE_T2B_005_VARIANT_2_BENIGN,CAGE,15,hCAGE CL:0002588,paired,-24.0,8.0,24.0,2.1511850415045775e-05,1041346
CASE_T2B_005_VARIANT_2_BENIGN,CAGE,16,hCAGE CL:0002618,paired,-40.0,4.0,40.0,-8.877672737772624e-05,1041346
CASE_T2B_005_VARIANT_2_BENIGN,CAGE,17,hCAGE CL:1000413,paired,-12.0,20.0,20.0,1.7744987375056809e-06,672624
CASE_T2B_005_VARIANT_2_BENIGN,PROCAP,0,ENCSR801ECP,paired,-2.0,4.0,4.0,-4.196724218030745e-06,932252
CASE_T2B_005_VARIANT_2_BENIGN,PROCAP,1,ENCSR801ECP,paired,-4.0,24.0,24.0,-1.5690672053148003e-05,1018758
CASE_T2B_005_VARIANT_2_BENIGN,CHIP_HISTONE,0,CL:0002618 Histone ChIP-seq H2AFZ,paired,-8.0,16.0,16.0,0.00984954833984375,6457
CASE_T2B_005_VARIANT_2_BENIGN,CHIP_HISTONE,1,CL:0002618 Histone ChIP-seq H3K27ac,paired,-48.0,64.0,64.0,-0.10488700866699219,5198
CASE_T2B_005_VARIANT_2_BENIGN,CHIP_HISTONE,2,CL:0002618 Histone ChIP-seq H3K27me3,paired,-2.0,3.0,3.0,0.010179519653320312,8007
CASE_T2B_005_VARIANT_2_BENIGN,CHIP_HISTONE,3,CL:0002618 Histone ChIP-seq H3K36me3,paired,-12.0,12.0,12.0,-0.0771636962890625,4095
CASE_T2B_005_VARIANT_2_BENIGN,CHIP_HISTONE,4,CL:0002618 Histone ChIP-seq H3K4me1,paired,-12.0,16.0,16.0,-0.023273468017578125,5186
CASE_T2B_005_VARIANT_2_BENIGN,CHIP_HISTONE,5,CL:0002618 Histone ChIP-seq H3K4me2,paired,-16.0,32.0,32.0,-0.04291820526123047,8131
CASE_T2B_005_VARIANT_2_BENIGN,CHIP_HISTONE,6,CL:0002618 Histone ChIP-seq H3K4me3,paired,-16.0,24.0,24.0,-0.025737762451171875,5248
CASE_T2B_005_VARIANT_2_BENIGN,CHIP_HISTONE,7,CL:0002618 Histone ChIP-seq H3K79me2,paired,-16.0,16.0,16.0,-0.10908699035644531,5241
CASE_T2B_005_VARIANT_2_BENIGN,CHIP_HISTONE,8,CL:0002618 Histone ChIP-seq H3K9ac,paired,-32.0,24.0,32.0,-0.06380462646484375,5189
CASE_T2B_005_VARIANT_2_BENIGN,CHIP_HISTONE,9,CL:2000044 Histone ChIP-seq H3K27ac,paired,-32.0,24.0,32.0,0.005023002624511719,6915
CASE_T2B_005_VARIANT_2_BENIGN,CHIP_HISTONE,10,CL:2000044 Histone ChIP-seq H3K36me3,paired,-4.0,4.0,4.0,-0.015714645385742188,6139
CASE_T2B_005_VARIANT_2_BENIGN,CHIP_HISTONE,11,CL:2000044 Histone ChIP-seq H3K4me3,paired,-128.0,64.0,128.0,-0.022953033447265625,5851
CASE_T2B_005_VARIANT_2_BENIGN,SPLICE_SITES,0,donor,paired,-0.01171875,0.0078125,0.01171875,2.156645195934559e-08,69715
CASE_T2B_005_VARIANT_2_BENIGN,SPLICE_SITES,1,acceptor,paired,-0.0078125,0.0078125,0.0078125,4.360127669328362e-08,867081
CASE_T2B_005_VARIANT_2_BENIGN,SPLICE_SITES,2,donor,paired,-0.013671875,0.0078125,0.013671875,-3.5269731080145306e-08,524756
CASE_T2B_005_VARIANT_2_BENIGN,SPLICE_SITES,3,acceptor,paired,-0.005859375,0.005859375,0.005859375,-4.4758232481401095e-08,530068
CASE_T2B_006,RNA_SEQ,0,CL:0000115 total RNA-seq,paired,-2.5,1.0,2.5,-0.0001070145136210926,1042687
CASE_T2B_006,RNA_SEQ,1,CL:0002188 total RNA-seq,paired,-4.0,4.0,4.0,-0.000127285055663934,1039741
CASE_T2B_006,RNA_SEQ,2,CL:0002543 total RNA-seq,paired,-3.5,3.5,3.5,-9.1067219064646e-05,1041423
CASE_T2B_006,RNA_SEQ,3,CL:0002545 total RNA-seq,paired,-2.5,2.5,2.5,-6.576502437201977e-05,1041471
CASE_T2B_006,RNA_SEQ,4,CL:0002618 polyA plus RNA-seq,paired,-8.0,8.0,8.0,-0.0001755408504680291,1042525
CASE_T2B_006,RNA_SEQ,5,CL:0002618 total RNA-seq,paired,-4.5,4.5,4.5,-9.3736682480009e-05,1042693
CASE_T2B_006,RNA_SEQ,6,CL:1001568 total RNA-seq,paired,-5.0,5.0,5.0,-0.00012128797204022661,1041410
CASE_T2B_006,RNA_SEQ,7,CL:2000010 total RNA-seq,paired,-4.0,4.0,4.0,-8.043385792577023e-05,1042052
CASE_T2B_006,RNA_SEQ,8,CL:2000011 total RNA-seq,paired,-4.0,4.0,4.0,-0.00013178175774254328,1041847
CASE_T2B_006,RNA_SEQ,9,CL:2000016 total RNA-seq,paired,-3.5,3.5,3.5,-0.00011648530159531997,1041640
CASE_T2B_006,RNA_SEQ,10,CL:2000018 total RNA-seq,paired,-6.0,4.0,6.0,-0.00015893496076461728,1042023
CASE_T2B_006,RNA_SEQ,11,CL:2000040 total RNA-seq,paired,-4.5,4.5,4.5,-9.648512542271355e-05,1041596
CASE_T2B_006,RNA_SEQ,12,CL:2000041 total RNA-seq,paired,-4.0,4.0,4.0,-6.669095610739763e-05,1039740
CASE_T2B_006,RNA_SEQ,13,CL:0000115 total RNA-seq,paired,-0.28125,0.3125,0.3125,3.7707961910694865e-05,524183
CASE_T2B_006,RNA_SEQ,14,CL:0002188 total RNA-seq,paired,-0.75,0.625,0.75,-0.00012444086138782375,524272
CASE_T2B_006,RNA_SEQ,15,CL:0002543 total RNA-seq,paired,-0.625,0.5,0.625,-6.491981044992601e-05,524272
CASE_T2B_006,RNA_SEQ,16,CL:0002545 total RNA-seq,paired,-0.34375,0.21875,0.34375,-1.3934216486599649e-05,524275
CASE_T2B_006,RNA_SEQ,17,CL:0002618 polyA plus RNA-seq,paired,-0.6875,0.6875,0.6875,-3.0289468019611802e-05,481146
CASE_T2B_006,RNA_SEQ,18,CL:0002618 total RNA-seq,paired,-0.4375,0.3125,0.4375,-2.0824667696412932e-05,524290
CASE_T2B_006,RNA_SEQ,19,CL:1001568 total RNA-seq,paired,-0.5625,0.5,0.5625,-2.9917492022294616e-05,524290
CASE_T2B_006,RNA_SEQ,20,CL:2000010 total RNA-seq,paired,-0.625,0.625,0.625,-0.0001303308272184398,523967
CASE_T2B_006,RNA_SEQ,21,CL:2000011 total RNA-seq,paired,-0.625,0.625,0.625,-4.8487922808847835e-05,496894
CASE_T2B_006,RNA_SEQ,22,CL:2000016 total RNA-seq,paired,-0.4375,0.4375,0.4375,-5.289858395823074e-05,523920
CASE_T2B_006,RNA_SEQ,23,CL:2000018 total RNA-seq,paired,-0.4375,0.5,0.5,-2.065471973751974e-05,524237
CASE_T2B_006,RNA_SEQ,24,CL:2000040 total RNA-seq,paired,-0.5625,0.625,0.625,-8.647661861961489e-05,524234
CASE_T2B_006,RNA_SEQ,25,CL:2000041 total RNA-seq,paired,-0.625,0.625,0.625,-7.188304089789305e-05,498867
CASE_T2B_006,RNA_SEQ,26,CL:0002618 polyA plus RNA-seq,paired,-10.0,8.0,10.0,-0.0001797611472931885,1041677
CASE_T2B_006,SPLICE_SITE_USAGE,0,usage_CL:0000115 total RNA-seq,paired,-0.009765625,0.00390625,0.009765625,4.0136703363289564e-09,999006
CASE_T2B_006,SPLICE_SITE_USAGE,1,usage_CL:0002188 total RNA-seq,paired,-0.009765625,0.00390625,0.009765625,3.027440344195633e-08,999006
CASE_T2B_006,SPLICE_SITE_USAGE,2,usage_CL:0002543 total RNA-seq,paired,-0.009765625,0.00390625,0.009765625,2.9447446391051013e-10,999006
CASE_T2B_006,SPLICE_SITE_USAGE,3,usage_CL:0002545 total RNA-seq,paired,-0.009765625,0.00390625,0.009765625,4.521382454851161e-09,999006
CASE_T2B_006,SPLICE_SITE_USAGE,4,usage_CL:0002618 polyA plus RNA-seq,paired,-0.0078125,0.00390625,0.0078125,-4.686772444749063e-09,999006
CASE_T2B_006,SPLICE_SITE_USAGE,5,usage_CL:0002618 total RNA-seq,paired,-0.0078125,0.00390625,0.0078125,1.9036320488691194e-08,999006
CASE_T2B_006,SPLICE_SITE_USAGE,6,usage_CL:1001568 total RNA-seq,paired,-0.009765625,0.00390625,0.009765625,-2.668768352143136e-09,999006
CASE_T2B_006,SPLICE_SITE_USAGE,7,usage_CL:2000010 total RNA-seq,paired,-0.009765625,0.00390625,0.009765625,9.755160582943607e-09,999006
CASE_T2B_006,SPLICE_SITE_USAGE,8,usage_CL:2000011 total RNA-seq,paired,-0.009765625,0.00390625,0.009765625,1.3002912427340085e-09,999006
CASE_T2B_006,SPLICE_SITE_USAGE,9,usage_CL:2000016 total RNA-seq,paired,-0.009765625,0.00390625,0.009765625,3.6649495660512343e-09,999006
CASE_T2B_006,SPLICE_SITE_USAGE,10,usage_CL:2000018 total RNA-seq,paired,-0.009765625,0.00390625,0.009765625,1.5642345722855465e-08,999006
CASE_T2B_006,SPLICE_SITE_USAGE,11,usage_CL:2000040 total RNA-seq,paired,-0.009765625,0.00390625,0.009765625,1.1907104453465212e-08,999006
CASE_T2B_006,SPLICE_SITE_USAGE,12,usage_CL:2000041 total RNA-seq,paired,-0.009765625,0.00390625,0.009765625,5.937616357842932e-09,999006
CASE_T2B_006,SPLICE_SITE_USAGE,13,usage_CL:0000115 total RNA-seq,paired,-0.0078125,0.005859375,0.0078125,5.2984136695927574e-08,879258
CASE_T2B_006,SPLICE_SITE_USAGE,14,usage_CL:0002188 total RNA-seq,paired,-0.0078125,0.0078125,0.0078125,3.790613915089344e-08,335379
CASE_T2B_006,SPLICE_SITE_USAGE,15,usage_CL:0002543 total RNA-seq,paired,-0.0078125,0.0078125,0.0078125,3.263892404899627e-08,152691
CASE_T2B_006,SPLICE_SITE_USAGE,16,usage_CL:0002545 total RNA-seq,paired,-0.0078125,0.005859375,0.0078125,7.131593587378178e-08,549341
CASE_T2B_006,SPLICE_SITE_USAGE,17,usage_CL:0002618 polyA plus RNA-seq,paired,-0.0078125,0.0078125,0.0078125,4.751203784775664e-08,335379
CASE_T2B_006,SPLICE_SITE_USAGE,18,usage_CL:0002618 total RNA-seq,paired,-0.0078125,0.0078125,0.0078125,5.141759164469119e-08,458386
CASE_T2B_006,SPLICE_SITE_USAGE,19,usage_CL:1001568 total RNA-seq,paired,-0.0078125,0.0078125,0.0078125,3.837930304978385e-08,359031
CASE_T2B_006,SPLICE_SITE_USAGE,20,usage_CL:2000010 total RNA-seq,paired,-0.0078125,0.0078125,0.0078125,3.8078574909337405e-08,335379
CASE_T2B_006,SPLICE_SITE_USAGE,21,usage_CL:2000011 total RNA-seq,paired,-0.0078125,0.0078125,0.0078125,3.35418681443086e-08,359031
CASE_T2B_006,SPLICE_SITE_USAGE,22,usage_CL:2000016 total RNA-seq,paired,-0.0078125,0.0078125,0.0078125,6.431835687947055e-09,879258
CASE_T2B_006,SPLICE_SITE_USAGE,23,usage_CL:2000018 total RNA-seq,paired,-0.0078125,0.005859375,0.0078125,9.044637134466849e-08,879258
CASE_T2B_006,SPLICE_SITE_USAGE,24,usage_CL:2000040 total RNA-seq,paired,-0.0078125,0.0078125,0.0078125,4.752999114718301e-08,359031
CASE_T2B_006,SPLICE_SITE_USAGE,25,usage_CL:2000041 total RNA-seq,paired,-0.0078125,0.0078125,0.0078125,2.5958417758970403e-08,879258
CASE_T2B_006,SPLICE_JUNCTIONS,0,junction_CL:0000115 total RNA-seq,paired,-0.02257680892944336,0.03973710536956787,0.03973710536956787,1.1754850313998632e-05,10588
CASE_T2B_006,SPLICE_JUNCTIONS,1,junction_CL:0002188 total RNA-seq,paired,-0.03488779067993164,0.053179383277893066,0.053179383277893066,4.8855390621626546e-06,10588
CASE_T2B_006,SPLICE_JUNCTIONS,2,junction_CL:0002543 total RNA-seq,paired,-0.03216266632080078,0.07649612426757812,0.07649612426757812,2.8746512989096476e-05,10588
CASE_T2B_006,SPLICE_JUNCTIONS,3,junction_CL:0002545 total RNA-seq,paired,-0.025144577026367188,0.06152081489562988,0.06152081489562988,2.3205812796081557e-05,10588
CASE_T2B_006,SPLICE_JUNCTIONS,4,junction_CL:0002618 polyA plus RNA-seq,paired,-0.027668476104736328,0.052013516426086426,0.052013516426086426,1.1429190214407495e-05,10588
CASE_T2B_006,SPLICE_JUNCTIONS,5,junction_CL:0002618 total RNA-seq,paired,-0.0285186767578125,0.04681050777435303,0.04681050777435303,1.476327687085836e-05,10588
CASE_T2B_006,SPLICE_JUNCTIONS,6,junction_CL:1001568 total RNA-seq,paired,-0.02575993537902832,0.07032966613769531,0.07032966613769531,2.433288111858614e-05,10588
CASE_T2B_006,SPLICE_JUNCTIONS,7,junction_CL:2000010 total RNA-seq,paired,-0.039217233657836914,0.08392333984375,0.08392333984375,2.9334467457385006e-05,10588
CASE_T2B_006,SPLICE_JUNCTIONS,8,junction_CL:2000011 total RNA-seq,paired,-0.03935885429382324,0.08594512939453125,0.08594512939453125,4.056737774876907e-05,10588
CASE_T2B_006,SPLICE_JUNCTIONS,9,junction_CL:2000016 total RNA-seq,paired,-0.035202741622924805,0.08319807052612305,0.08319807052612305,5.7074639906005486e-05,10588
CASE_T2B_006,SPLICE_JUNCTIONS,10,junction_CL:2000018 total RNA-seq,paired,-0.02562999725341797,0.07382369041442871,0.07382369041442871,2.099251551959833e-05,10588
CASE_T2B_006,SPLICE_JUNCTIONS,11,junction_CL:2000040 total RNA-seq,paired,-0.03334379196166992,0.08144426345825195,0.08144426345825195,3.2600113861102715e-05,10588
CASE_T2B_006,SPLICE_JUNCTIONS,12,junction_CL:2000041 total RNA-seq,paired,-0.04573965072631836,0.08222675323486328,0.08222675323486328,2.2599106598079493e-05,10588
CASE_T2B_006,DNASE,0,CL:0000115 DNase-seq,paired,-0.375,0.25,0.375,1.7886752097240333e-06,975707
CASE_T2B_006,DNASE,1,CL:0002618 DNase-seq,paired,-0.375,0.25,0.375,6.162286630464101e-06,672927
CASE_T2B_006,DNASE,2,CL:1000892 DNase-seq,paired,-0.0625,0.03125,0.0625,-9.53399080572126e-07,493633
CASE_T2B_006,DNASE,3,CL:1001568 DNase-seq,paired,-0.25,0.25,0.25,1.3787759314287216e-05,841282
CASE_T2B_006,DNASE,4,CL:2000010 DNase-seq,paired,-0.5,0.5,0.5,1.2688231546081587e-05,928597
CASE_T2B_006,DNASE,5,CL:2000016 DNase-seq,paired,-0.75,0.625,0.75,9.614898401011374e-06,975631
CASE_T2B_006,DNASE,6,CL:2000041 DNase-seq,paired,-0.5,0.75,0.75,9.62286890241528e-06,841282
CASE_T2B_006,DNASE,7,CL:2000044 DNase-seq,paired,-0.75,0.75,0.75,-6.416708813557518e-06,998217
CASE_T2B_006,CHIP_TF,0,CL:0000115 TF ChIP-seq CTCF,paired,-32.0,24.0,32.0,-0.000133514404296875,4244
CASE_T2B_006,CHIP_TF,1,CL:0002618 TF ChIP-seq CTCF,paired,-16.0,48.0,48.0,0.0045623779296875,4386
CASE_T2B_006,CHIP_TF,2,CL:0002618 TF ChIP-seq FOS,paired,-6.0,32.0,32.0,0.01305389404296875,6644
CASE_T2B_006,CHIP_TF,3,CL:0002618 TF ChIP-seq GATA2,paired,-8.0,24.0,24.0,0.00406646728515625,6469
CASE_T2B_006,CHIP_TF,4,CL:0002618 TF ChIP-seq JUN,paired,-6.0,12.0,12.0,0.0072479248046875,5286
CASE_T2B_006,CHIP_TF,5,CL:0002618 TF ChIP-seq MAX,paired,-8.0,8.0,8.0,-0.001064300537109375,8125
CASE_T2B_006,CHIP_TF,6,CL:0002618 TF ChIP-seq MYC,paired,-32.0,16.0,32.0,-0.009455680847167969,5285
CASE_T2B_006,CHIP_TF,7,CL:0002618 TF ChIP-seq POLR2A,paired,-24.0,16.0,24.0,0.007991790771484375,8154
CASE_T2B_006,CHIP_TF,8,CL:0002618 TF ChIP-seq POLR2AphosphoS5,paired,-12.0,32.0,32.0,0.01132965087890625,5354
CASE_T2B_006,CHIP_TF,9,CL:2000044 TF ChIP-seq CTCF,paired,-48.0,64.0,64.0,0.0028839111328125,4244
CASE_T2B_006,CAGE,0,hCAGE CL:0002138,paired,-256.0,96.0,256.0,-0.00023102322917750717,1039406
CASE_T2B_006,CAGE,1,hCAGE CL:0002144,paired,-48.0,96.0,96.0,1.4791489737930874e-05,1039411
CASE_T2B_006,CAGE,2,hCAGE CL:0002188,paired,-128.0,256.0,256.0,7.528417716096136e-05,1039410
CASE_T2B_006,CAGE,3,hCAGE CL:0002543,paired,-192.0,192.0,192.0,-0.00016124402678885374,1039406
CASE_T2B_006,CAGE,4,hCAGE CL:0002544,paired,-48.0,256.0,256.0,0.0003277022297083487,1039410
CASE_T2B_006,CAGE,5,hCAGE CL:0002545,paired,-384.0,16.0,384.0,-0.0005472933423386062,1039408
CASE_T2B_006,CAGE,6,hCAGE CL:0002588,paired,-512.0,128.0,512.0,-0.00034017777758767187,1039407
CASE_T2B_006,CAGE,7,hCAGE CL:0002618,paired,-384.0,64.0,384.0,-0.0003231369853066296,1039407
CASE_T2B_006,CAGE,8,hCAGE CL:1000413,paired,-16.0,96.0,96.0,3.537327430125359e-05,1039411
CASE_T2B_006,CAGE,9,hCAGE CL:0002138,paired,-12.0,4.0,12.0,-6.073888817448303e-05,629560
CASE_T2B_006,CAGE,10,hCAGE CL:0002144,paired,-16.0,8.0,16.0,-4.527987699581848e-05,975567
CASE_T2B_006,CAGE,11,hCAGE CL:0002188,paired,-16.0,16.0,16.0,-2.490117826825511e-05,629430
CASE_T2B_006,CAGE,12,hCAGE CL:0002543,paired,-8.0,6.0,8.0,-2.7472106791659456e-05,629433
CASE_T2B_006,CAGE,13,hCAGE CL:0002544,paired,-12.0,20.0,20.0,-1.681604051873009e-05,998150
CASE_T2B_006,CAGE,14,hCAGE CL:0002545,paired,-8.0,8.0,8.0,-4.6371538528044987e-05,629430
CASE_T2B_006,CAGE,15,hCAGE CL:0002588,paired,-10.0,8.0,10.0,2.6351670796204152e-05,846920
CASE_T2B_006,CAGE,16,hCAGE CL:0002618,paired,-8.0,6.0,8.0,-3.434563991366879e-05,629430
CASE_T2B_006,CAGE,17,hCAGE CL:1000413,paired,-12.0,16.0,16.0,-1.8986992360303656e-05,998152
CASE_T2B_006,PROCAP,0,ENCSR801ECP,paired,-16.0,8.0,16.0,1.0418513453763767e-05,1039407
CASE_T2B_006,PROCAP,1,ENCSR801ECP,paired,-4.0,5.0,5.0,-1.2747378379140972e-05,975569
CASE_T2B_006,CHIP_HISTONE,0,CL:0002618 Histone ChIP-seq H2AFZ,paired,-16.0,12.0,16.0,-0.008189201354980469,7470
CASE_T2B_006,CHIP_HISTONE,1,CL:0002618 Histone ChIP-seq H3K27ac,paired,-48.0,56.0,56.0,-0.026866912841796875,5290
CASE_T2B_006,CHIP_HISTONE,2,CL:0002618 Histone ChIP-seq H3K27me3,paired,-2.0,6.0,6.0,-0.00809478759765625,5900
CASE_T2B_006,CHIP_HISTONE,3,CL:0002618 Histone ChIP-seq H3K36me3,paired,-12.0,12.0,12.0,0.000278472900390625,4034
CASE_T2B_006,CHIP_HISTONE,4,CL:0002618 Histone ChIP-seq H3K4me1,paired,-12.0,16.0,16.0,-0.0009441375732421875,5045
CASE_T2B_006,CHIP_HISTONE,5,CL:0002618 Histone ChIP-seq H3K4me2,paired,-32.0,24.0,32.0,0.0005588531494140625,6601
CASE_T2B_006,CHIP_HISTONE,6,CL:0002618 Histone ChIP-seq H3K4me3,paired,-32.0,80.0,80.0,0.01636505126953125,5514
CASE_T2B_006,CHIP_HISTONE,7,CL:0002618 Histone ChIP-seq H3K79me2,paired,-24.0,12.0,24.0,-0.013095855712890625,6587
CASE_T2B_006,CHIP_HISTONE,8,CL:0002618 Histone ChIP-seq H3K9ac,paired,-48.0,64.0,64.0,0.00505828857421875,6614
CASE_T2B_006,CHIP_HISTONE,9,CL:2000044 Histone ChIP-seq H3K27ac,paired,-32.0,24.0,32.0,-0.002817869186401367,7311
CASE_T2B_006,CHIP_HISTONE,10,CL:2000044 Histone ChIP-seq H3K36me3,paired,-8.0,4.0,8.0,0.007598876953125,8150
CASE_T2B_006,CHIP_HISTONE,11,CL:2000044 Histone ChIP-seq H3K4me3,paired,-192.0,384.0,384.0,0.0049495697021484375,7620
CASE_T2B_006,SPLICE_SITES,0,donor,paired,-0.0078125,0.0078125,0.0078125,4.3579024847084646e-08,14722
CASE_T2B_006,SPLICE_SITES,1,acceptor,paired,-0.0078125,0.005859375,0.0078125,-1.2602883840695522e-08,921887
CASE_T2B_006,SPLICE_SITES,2,donor,paired,-0.0263671875,0.0078125,0.0263671875,-8.024329754136028e-08,524270
CASE_T2B_006,SPLICE_SITES,3,acceptor,paired,-0.01171875,0.0078125,0.01171875,-5.289295026966734e-08,1045474
