{
    "confidence_score": 0.5270625352859497,
    "ptm": 0.3396594226360321,
    "iptm": 0.0,
    "ligand_iptm": 0.0,
    "protein_iptm": 0.0,
    "complex_plddt": 0.5739132761955261,
    "complex_iplddt": 0.5739132761955261,
    "complex_pde": 3.1214663982391357,
    "complex_ipde": 0.0,
    "chains_ptm": {
        "0": 0.3396594226360321
    },
    "pair_chains_iptm": {
        "0": {
            "0": 0.3396594226360321
        }
    }
}