{
    "confidence_score": 0.49789315462112427,
    "ptm": 0.3107334077358246,
    "iptm": 0.0,
    "ligand_iptm": 0.0,
    "protein_iptm": 0.0,
    "complex_plddt": 0.5446830987930298,
    "complex_iplddt": 0.5446830987930298,
    "complex_pde": 3.3272385597229004,
    "complex_ipde": 0.0,
    "chains_ptm": {
        "0": 0.3107334077358246
    },
    "pair_chains_iptm": {
        "0": {
            "0": 0.3107334077358246
        }
    }
}