{
    "confidence_score": 0.500304639339447,
    "ptm": 0.3011024594306946,
    "iptm": 0.0,
    "ligand_iptm": 0.0,
    "protein_iptm": 0.0,
    "complex_plddt": 0.5501052141189575,
    "complex_iplddt": 0.5501052141189575,
    "complex_pde": 3.2681641578674316,
    "complex_ipde": 0.0,
    "chains_ptm": {
        "0": 0.3011024594306946
    },
    "pair_chains_iptm": {
        "0": {
            "0": 0.3011024594306946
        }
    }
}