{
    "confidence_score": 0.49595028162002563,
    "ptm": 0.31404992938041687,
    "iptm": 0.0,
    "ligand_iptm": 0.0,
    "protein_iptm": 0.0,
    "complex_plddt": 0.541425347328186,
    "complex_iplddt": 0.541425347328186,
    "complex_pde": 3.284944772720337,
    "complex_ipde": 0.0,
    "chains_ptm": {
        "0": 0.31404992938041687
    },
    "pair_chains_iptm": {
        "0": {
            "0": 0.31404992938041687
        }
    }
}